20260612-000522	INFO	COMMON	[Tr­îng KiÕm Thiªn Nhai] [NhiÖm vô biÕn hãa] [Nh©n vËt: SdachSM, tµi kho¶n: thuong] [Sè vßng: 0, vÞ trÝ: 0, biÕn l­îng: 0]
20260612-000522	INFO	COMMON	[AWARD_TEMPLATE] onKsgPlayerLogin received card, type = player	thuong	SdachSM	tbProp	 [Vâ L©m 2 Shiina] Thªm thµnh c«ng 1 c¸i, thªm thÊt b¹i 0 c¸i, r¬i ®Êt 0 c¸i.
20260612-000522	INFO	COMMON	[kuafu share data(KF_SdachSM,0,2) not exist]	thuong	SdachSM										0	1	0	0		192.168.70.1
20260612-000522	INFO	COMMON	[kuafu share data(KF_SdachSM,0,3) not exist]	thuong	SdachSM										0	1	0	0		192.168.70.1
20260612-000522	INFO	COMMON	[kuafu share data(KF_SdachSM,0,5) not exist]	thuong	SdachSM										0	1	0	0		192.168.70.1
20260612-000522	INFO	COMMON	[kuafu share data(KF_SdachSM,0,6) not exist]	thuong	SdachSM										0	1	0	0		192.168.70.1
20260612-000522	INFO	COMMON	[kuafu share data(KF_SdachSM,0,7) not exist]	thuong	SdachSM										0	1	0	0		192.168.70.1
20260612-000522	INFO	COMMON	[kuafu share data(KF_SdachSM,0,8) not exist]	thuong	SdachSM										0	1	0	0		192.168.70.1
20260612-000522	INFO	COMMON	[kuafu share data(KF_SdachSM,0,9) not exist]	thuong	SdachSM										0	1	0	0		192.168.70.1
20260612-000522	INFO	COMMON	[kuafu share data(KF_SdachSM,0,10) not exist]	thuong	SdachSM										0	1	0	0		192.168.70.1
20260612-000522	INFO	COMMON	[kuafu share data(KF_SdachSM,0,11) not exist]	thuong	SdachSM										0	1	0	0		192.168.70.1
20260612-000522	INFO	COMMON	[kuafu share data(KF_SdachSM,0,12) not exist]	thuong	SdachSM										0	1	0	0		192.168.70.1
20260612-000522	INFO	COMMON	[kuafu share data(KF_SdachSM,0,13) not exist]	thuong	SdachSM										0	1	0	0		192.168.70.1
20260612-000522	INFO	COMMON	[kuafu share data(KF_SdachSM,0,14) not exist]	thuong	SdachSM										0	1	0	0		192.168.70.1
20260612-000522	INFO	COMMON	[kuafu share data(KF_SdachSM,0,15) not exist]	thuong	SdachSM										0	1	0	0		192.168.70.1
20260612-000543	INFO	COMMON	[AWARD_TEMPLATE] NhËn Tói Quµ T©n Thñ	thuong	SdachSM	tbProp	 [Tói quµ t©n thñ] Thªm thµnh c«ng 1 c¸i, thªm thÊt b¹i 0 c¸i, r¬i ®Êt 0 c¸i.
20260612-000550	INFO	COMMON	[AWARD_TEMPLATE] NhËn Bé Tµng KiÕm	thuong	SdachSM	tbProp	 [Tµng KiÕm Tö Kim m·o] Thªm thµnh c«ng 1 c¸i, thªm thÊt b¹i 0 c¸i, r¬i ®Êt 0 c¸i.
20260612-000550	INFO	COMMON	[AWARD_TEMPLATE] NhËn Bé Tµng KiÕm	thuong	SdachSM	tbProp	 [Kim Lò Th­êng] Thªm thµnh c«ng 1 c¸i, thªm thÊt b¹i 0 c¸i, r¬i ®Êt 0 c¸i.
20260612-000550	INFO	COMMON	[AWARD_TEMPLATE] NhËn Bé Tµng KiÕm	thuong	SdachSM	tbProp	 [Tµng KiÕm ¤ kim phôc] Thªm thµnh c«ng 1 c¸i, thªm thÊt b¹i 0 c¸i, r¬i ®Êt 0 c¸i.
20260612-000550	INFO	COMMON	[AWARD_TEMPLATE] NhËn Bé Tµng KiÕm_Trang Søc	thuong	SdachSM	tbProp	 [TiÓu Th­ Giíi ChØ] Thªm thµnh c«ng 1 c¸i, thªm thÊt b¹i 0 c¸i, r¬i ®Êt 0 c¸i.
20260612-000550	INFO	COMMON	[AWARD_TEMPLATE] NhËn Bé Tµng KiÕm_Trang Søc	thuong	SdachSM	tbProp	 [Tr­ëng L·o ChØ Hoµn] Thªm thµnh c«ng 1 c¸i, thªm thÊt b¹i 0 c¸i, r¬i ®Êt 0 c¸i.
20260612-000550	INFO	COMMON	[AWARD_TEMPLATE] NhËn Bé Tµng KiÕm_Trang Søc	thuong	SdachSM	tbProp	 [Tµng KiÕm B¶o Ch©u] Thªm thµnh c«ng 1 c¸i, thªm thÊt b¹i 0 c¸i, r¬i ®Êt 0 c¸i.
20260612-000550	INFO	COMMON	[AWARD_TEMPLATE] NhËn Bé Tµng KiÕm_Trang Søc	thuong	SdachSM	tbProp	 [Tµng KiÕm Kú Th¹ch] Thªm thµnh c«ng 1 c¸i, thªm thÊt b¹i 0 c¸i, r¬i ®Êt 0 c¸i.
20260612-000550	INFO	COMMON	[AWARD_TEMPLATE] NhËn Bé Tµng KiÕm_Trang Søc	thuong	SdachSM	tbProp	 [Tµng KiÕm Kim Ên] Thªm thµnh c«ng 1 c¸i, thªm thÊt b¹i 0 c¸i, r¬i ®Êt 0 c¸i.
20260612-000553	INFO	COMMON	[AWARD_TEMPLATE] NhËn bé diÖu d­¬ng	thuong	SdachSM	tbProp	 [DiÖu D­¬ng-§é ¸ch T«n G] Thªm thµnh c«ng 1 c¸i, thªm thÊt b¹i 0 c¸i, r¬i ®Êt 0 c¸i.
20260612-000553	INFO	COMMON	[AWARD_TEMPLATE] NhËn bé diÖu d­¬ng	thuong	SdachSM	tbProp	 [DiÖu D­¬ng-§é ¸ch T«n G] Thªm thµnh c«ng 1 c¸i, thªm thÊt b¹i 0 c¸i, r¬i ®Êt 0 c¸i.
20260612-000553	INFO	COMMON	[AWARD_TEMPLATE] NhËn bé diÖu d­¬ng	thuong	SdachSM	tbProp	 [DiÖu D­¬ng-§é ¸ch T«n G] Thªm thµnh c«ng 1 c¸i, thªm thÊt b¹i 0 c¸i, r¬i ®Êt 0 c¸i.
20260612-000553	INFO	COMMON	[AWARD_TEMPLATE] NhËn bé diÖu d­¬ng	thuong	SdachSM	tbProp	 [DiÖu D­¬ng-§é ¸ch T«n G] Thªm thµnh c«ng 1 c¸i, thªm thÊt b¹i 0 c¸i, r¬i ®Êt 0 c¸i.
20260612-000553	INFO	COMMON	[AWARD_TEMPLATE] NhËn bé diÖu d­¬ng	thuong	SdachSM	tbProp	 [DiÖu D­¬ng Thiªn Cung-¤] Thªm thµnh c«ng 1 c¸i, thªm thÊt b¹i 0 c¸i, r¬i ®Êt 0 c¸i.
20260612-000553	INFO	COMMON	[AWARD_TEMPLATE] NhËn bé diÖu d­¬ng	thuong	SdachSM	tbProp	 [DiÖu D­¬ng Thiªn Cung-T] Thªm thµnh c«ng 1 c¸i, thªm thÊt b¹i 0 c¸i, r¬i ®Êt 0 c¸i.
20260612-000553	INFO	COMMON	[AWARD_TEMPLATE] NhËn bé diÖu d­¬ng	thuong	SdachSM	tbProp	 [DiÖu D­¬ng Thiªn Cung-V] Thªm thµnh c«ng 1 c¸i, thªm thÊt b¹i 0 c¸i, r¬i ®Êt 0 c¸i.
20260612-000553	INFO	COMMON	[AWARD_TEMPLATE] NhËn bé diÖu d­¬ng	thuong	SdachSM	tbProp	 [DiÖu D­¬ng Thiªn Cung-X] Thªm thµnh c«ng 1 c¸i, thªm thÊt b¹i 0 c¸i, r¬i ®Êt 0 c¸i.
20260612-000553	INFO	COMMON	[AWARD_TEMPLATE] NhËn bé diÖu d­¬ng	thuong	SdachSM	tbProp	 [DiÖu D­¬ng Thiªn Cung-B] Thªm thµnh c«ng 1 c¸i, thªm thÊt b¹i 0 c¸i, r¬i ®Êt 0 c¸i.
20260612-000553	INFO	COMMON	[AWARD_TEMPLATE] Quµ T©n Thñ	thuong	SdachSM	nFunc Amount: 1
20260612-000553	INFO	COMMON	[AWARD_TEMPLATE] Quµ T©n Thñ	thuong	SdachSM	nFunc Amount: 1
20260612-000553	INFO	COMMON	[AWARD_TEMPLATE] Quµ T©n Thñ	thuong	SdachSM	tbProp	 [Cöu Thiªn V« Cùc §¬n] Thªm thµnh c«ng 1 c¸i, thªm thÊt b¹i 0 c¸i, r¬i ®Êt 0 c¸i.
20260612-000553	INFO	COMMON	[AWARD_TEMPLATE] Quµ T©n Thñ	thuong	SdachSM	tbProp	 [Tói Quµ Vâ L©m] Thªm thµnh c«ng 1 c¸i, thªm thÊt b¹i 0 c¸i, r¬i ®Êt 0 c¸i.
20260612-000553	INFO	COMMON	[AWARD_TEMPLATE] Quµ T©n Thñ	thuong	SdachSM	tbProp	 [R­¬ng YÕu QuyÕt_S¬] Thªm thµnh c«ng 1 c¸i, thªm thÊt b¹i 0 c¸i, r¬i ®Êt 0 c¸i.
20260612-000553	INFO	COMMON	[AWARD_TEMPLATE] Quµ T©n Thñ	thuong	SdachSM	tbProp	 [TuyÖt §Þa] Thªm thµnh c«ng 1 c¸i, thªm thÊt b¹i 0 c¸i, r¬i ®Êt 0 c¸i.
20260612-000553	INFO	COMMON	[AWARD_TEMPLATE] Thó c­ìi chuyÓn sinh 7	thuong	SdachSM	tbProp	 [ThiÕu D­¬ng ThÊt Tinh K] Thªm thµnh c«ng 1 c¸i, thªm thÊt b¹i 0 c¸i, r¬i ®Êt 0 c¸i.Thêi gian tån t¹i vËt phÈm ®­îc ®Æt thµnh 2592000 gi©y
20260612-000553	INFO	COMMON	[AWARD_TEMPLATE] NhËn Ên Long Tö Ên	thuong	SdachSM	tbProp	 [Long Tö Ên] Thªm thµnh c«ng 1 c¸i, thªm thÊt b¹i 0 c¸i, r¬i ®Êt 0 c¸i.
20260612-000553	INFO	COMMON	[AWARD_TEMPLATE] NhËn ngo¹i trang chuyÓn sinh 7	thuong	SdachSM	tbProp	 [ThÊt TÞch-ngo¹i trang ®] Thªm thµnh c«ng 1 c¸i, thªm thÊt b¹i 0 c¸i, r¬i ®Êt 0 c¸i.
20260612-000553	INFO	COMMON	[AWARD_TEMPLATE] NhËn ngo¹i trang chuyÓn sinh 7	thuong	SdachSM	tbProp	 [ThÊt TÞch-ngo¹i trang y] Thªm thµnh c«ng 1 c¸i, thªm thÊt b¹i 0 c¸i, r¬i ®Êt 0 c¸i.
20260612-000553	INFO	COMMON	[AWARD_TEMPLATE] NhËn ngo¹i trang chuyÓn sinh 7	thuong	SdachSM	tbProp	 [ThÊt TÞch-ngo¹i trang k] Thªm thµnh c«ng 1 c¸i, thªm thÊt b¹i 0 c¸i, r¬i ®Êt 0 c¸i.
20260612-000553	INFO	COMMON	[AWARD_TEMPLATE] Quµ T©n Thñ	thuong	SdachSM	nReborn Amount: 790
20260612-000553	INFO	COMMON	[AWARD_TEMPLATE] Quµ T©n Thñ	thuong	SdachSM	nGold Amount: 1
20260612-000727	INFO	COMMON	[AWARD_TEMPLATE] NhËn phiÕu vµ vÐ ®æi ngo¹i trang	thuong	SdachSM	tbProp	 [VËt phÈm Xu] Thªm thµnh c«ng 1 c¸i, thªm thÊt b¹i 0 c¸i, r¬i ®Êt 0 c¸i.
20260612-000748	INFO	COMMON	[AWARD_TEMPLATE] NhËn bé chiÕn cuång	thuong	SdachSM	tbProp	 [ChiÕn Cuång Phæ TÕ M¹o] Thªm thµnh c«ng 1 c¸i, thªm thÊt b¹i 0 c¸i, r¬i ®Êt 0 c¸i.
20260612-000748	INFO	COMMON	[AWARD_TEMPLATE] NhËn bé chiÕn cuång	thuong	SdachSM	tbProp	 [ChiÕn Cuång Phæ TÕ Bµo] Thªm thµnh c«ng 1 c¸i, thªm thÊt b¹i 0 c¸i, r¬i ®Êt 0 c¸i.
20260612-000748	INFO	COMMON	[AWARD_TEMPLATE] NhËn bé chiÕn cuång	thuong	SdachSM	tbProp	 [ChiÕn Cuång Phæ TÕ Tran] Thªm thµnh c«ng 1 c¸i, thªm thÊt b¹i 0 c¸i, r¬i ®Êt 0 c¸i.
20260612-000748	INFO	COMMON	[AWARD_TEMPLATE] NhËn bé chiÕn cuång	thuong	SdachSM	tbProp	 [ChiÕn Cuång ThiÒn §Þnh ] Thªm thµnh c«ng 1 c¸i, thªm thÊt b¹i 0 c¸i, r¬i ®Êt 0 c¸i.
20260612-000810	INFO	COMMON	[AWARD_TEMPLATE] NhËn bé diÖu d­¬ng	thuong	SdachSM	tbProp	 [DiÖu D­¬ng-§é ¸ch T«n G] Thªm thµnh c«ng 1 c¸i, thªm thÊt b¹i 0 c¸i, r¬i ®Êt 0 c¸i.
20260612-000810	INFO	COMMON	[AWARD_TEMPLATE] NhËn bé diÖu d­¬ng	thuong	SdachSM	tbProp	 [DiÖu D­¬ng-§é ¸ch T«n G] Thªm thµnh c«ng 1 c¸i, thªm thÊt b¹i 0 c¸i, r¬i ®Êt 0 c¸i.
20260612-000810	INFO	COMMON	[AWARD_TEMPLATE] NhËn bé diÖu d­¬ng	thuong	SdachSM	tbProp	 [DiÖu D­¬ng-§é ¸ch T«n G] Thªm thµnh c«ng 1 c¸i, thªm thÊt b¹i 0 c¸i, r¬i ®Êt 0 c¸i.
20260612-000810	INFO	COMMON	[AWARD_TEMPLATE] NhËn bé diÖu d­¬ng	thuong	SdachSM	tbProp	 [DiÖu D­¬ng-§é ¸ch T«n G] Thªm thµnh c«ng 1 c¸i, thªm thÊt b¹i 0 c¸i, r¬i ®Êt 0 c¸i.
20260612-000810	INFO	COMMON	[AWARD_TEMPLATE] NhËn bé diÖu d­¬ng	thuong	SdachSM	tbProp	 [DiÖu D­¬ng Thiªn Cung-¤] Thªm thµnh c«ng 1 c¸i, thªm thÊt b¹i 0 c¸i, r¬i ®Êt 0 c¸i.
20260612-000810	INFO	COMMON	[AWARD_TEMPLATE] NhËn bé diÖu d­¬ng	thuong	SdachSM	tbProp	 [DiÖu D­¬ng Thiªn Cung-T] Thªm thµnh c«ng 1 c¸i, thªm thÊt b¹i 0 c¸i, r¬i ®Êt 0 c¸i.
20260612-000810	INFO	COMMON	[AWARD_TEMPLATE] NhËn bé diÖu d­¬ng	thuong	SdachSM	tbProp	 [DiÖu D­¬ng Thiªn Cung-V] Thªm thµnh c«ng 1 c¸i, thªm thÊt b¹i 0 c¸i, r¬i ®Êt 0 c¸i.
20260612-000810	INFO	COMMON	[AWARD_TEMPLATE] NhËn bé diÖu d­¬ng	thuong	SdachSM	tbProp	 [DiÖu D­¬ng Thiªn Cung-X] Thªm thµnh c«ng 1 c¸i, thªm thÊt b¹i 0 c¸i, r¬i ®Êt 0 c¸i.
20260612-000810	INFO	COMMON	[AWARD_TEMPLATE] NhËn bé diÖu d­¬ng	thuong	SdachSM	tbProp	 [DiÖu D­¬ng Thiªn Cung-B] Thªm thµnh c«ng 1 c¸i, thªm thÊt b¹i 0 c¸i, r¬i ®Êt 0 c¸i.
20260612-001142	INFO	COMMON	[AWARD_TEMPLATE] NhËn Th­¬ng H¶i Di Ch©u Lv7	thuong	SdachSM	tbProp	 [Th­¬ng H¶i Ch©u CÊp 7 (] Thªm thµnh c«ng 1 c¸i, thªm thÊt b¹i 0 c¸i, r¬i ®Êt 0 c¸i.
20260612-001200	INFO	COMMON	[AWARD_TEMPLATE] onKsgPlayerLogin received card, type = player	thuong	SdachSM	tbProp	 [Vâ L©m 2 Shiina] Thªm thµnh c«ng 1 c¸i, thªm thÊt b¹i 0 c¸i, r¬i ®Êt 0 c¸i.
20260612-001205	INFO	COMMON	[[LeftPearl][IdentifyLeftPearl]][gf_DelItem:Th­¬ng H¶i Ch©u CÊp 7 (*1 (2,102,214,bBind=1), Success][Role:SdachSM (acc:thuong)]
20260612-001205	INFO	COMMON	[[LeftPearl][IdentifyLeftPearl]] [AddItemEx:NhËn ®­îc vËt phÈm] [Role:SdachSM (acc:thuong)] [Item:NguyÖt-Ngù K×nh(cÊp 7) (0,122,77,1,4)]
20260612-001205	INFO	COMMON	[acc:thuong role:SdachSM][left_pearl][IdentifyLeftPearl][ItemName:NguyÖt-Ngù K×nh][idx:1 attrid:4 values:{800,0,0,} probability:{10000,0,0,} frame:-1][idx:2 attrid:73 values:{20,0,0,} probability:{10000,0,0,} frame:-1][idx:3 attrid:70 values:{50,0,0,} probability:{10000,0,0,} frame:-1][idx:4 attrid:74 values:{10,0,0,} probability:{10000,0,0,} frame:-1][idx:5 attrid:66 values:{1000,0,0,} probability:{10000,0,0,} frame:-1][quench times:0]
20260612-001206	INFO	COMMON	[[LeftPearl][IdentifyLeftPearl]][gf_DelItem:Th­¬ng H¶i Ch©u CÊp 7 (*1 (2,102,214,bBind=1), Success][Role:SdachSM (acc:thuong)]
20260612-001206	INFO	COMMON	[[LeftPearl][IdentifyLeftPearl]] [AddItemEx:NhËn ®­îc vËt phÈm] [Role:SdachSM (acc:thuong)] [Item:V¹n T­îng-NguyÖt-Hµn BÝch(cÊp 7) (0,122,578,1,4)]
20260612-001207	INFO	COMMON	[[LeftPearl][IdentifyLeftPearl]][gf_DelItem:Th­¬ng H¶i Ch©u CÊp 7 (*1 (2,102,214,bBind=1), Success][Role:SdachSM (acc:thuong)]
20260612-001207	INFO	COMMON	[[LeftPearl][IdentifyLeftPearl]] [AddItemEx:NhËn ®­îc vËt phÈm] [Role:SdachSM (acc:thuong)] [Item:V¹n T­îng-H¶i-Th­¬ng Minh(cÊp 7) (0,122,620,1,4)]
20260612-001208	INFO	COMMON	[[LeftPearl][IdentifyLeftPearl]][gf_DelItem:Th­¬ng H¶i Ch©u CÊp 7 (*1 (2,102,214,bBind=1), Success][Role:SdachSM (acc:thuong)]
20260612-001208	INFO	COMMON	[[LeftPearl][IdentifyLeftPearl]] [AddItemEx:NhËn ®­îc vËt phÈm] [Role:SdachSM (acc:thuong)] [Item:V¹n T­îng-Tinh-Ngù K×nh(cÊp 7) (0,122,590,1,4)]
20260612-001209	INFO	COMMON	[[LeftPearl][IdentifyLeftPearl]][gf_DelItem:Th­¬ng H¶i Ch©u CÊp 7 (*1 (2,102,214,bBind=1), Success][Role:SdachSM (acc:thuong)]
20260612-001209	INFO	COMMON	[[LeftPearl][IdentifyLeftPearl]] [AddItemEx:NhËn ®­îc vËt phÈm] [Role:SdachSM (acc:thuong)] [Item:V¹n T­îng-§Þa-Ngù K×nh(cÊp 7) (0,122,610,1,4)]
20260612-001209	INFO	COMMON	[[LeftPearl][IdentifyLeftPearl]][gf_DelItem:Th­¬ng H¶i Ch©u CÊp 7 (*1 (2,102,214,bBind=1), Success][Role:SdachSM (acc:thuong)]
20260612-001209	INFO	COMMON	[[LeftPearl][IdentifyLeftPearl]] [AddItemEx:NhËn ®­îc vËt phÈm] [Role:SdachSM (acc:thuong)] [Item:S­¬ng-S­¬ng Tù(cÊp 7) (0,122,559,1,4)]
20260612-001209	INFO	COMMON	[acc:thuong role:SdachSM][left_pearl][IdentifyLeftPearl][ItemName:S­¬ng-S­¬ng Tù][idx:1 attrid:15 values:{300,0,0,} probability:{10000,0,0,} frame:-1][idx:2 attrid:69 values:{50,0,0,} probability:{10000,0,0,} frame:-1][idx:3 attrid:74 values:{10,0,0,} probability:{10000,0,0,} frame:-1][idx:4 attrid:94 values:{10,0,0,} probability:{10000,0,0,} frame:-1][idx:5 attrid:67 values:{10,0,0,} probability:{10000,0,0,} frame:-1][quench times:0]
20260612-001209	INFO	COMMON	[[LeftPearl][IdentifyLeftPearl]][gf_DelItem:Th­¬ng H¶i Ch©u CÊp 7 (*1 (2,102,214,bBind=1), Success][Role:SdachSM (acc:thuong)]
20260612-001209	INFO	COMMON	[[LeftPearl][IdentifyLeftPearl]] [AddItemEx:NhËn ®­îc vËt phÈm] [Role:SdachSM (acc:thuong)] [Item:V¹n T­îng-§«ng-Ngù K×nh(cÊp 7) (0,122,664,1,4)]
20260612-001210	INFO	COMMON	[[LeftPearl][IdentifyLeftPearl]][gf_DelItem:Th­¬ng H¶i Ch©u CÊp 7 (*1 (2,102,214,bBind=1), Success][Role:SdachSM (acc:thuong)]
20260612-001210	INFO	COMMON	[[LeftPearl][IdentifyLeftPearl]] [AddItemEx:NhËn ®­îc vËt phÈm] [Role:SdachSM (acc:thuong)] [Item:V¹n T­îng-TuyÕt-Ngù K×nh(cÊp 7) (0,122,712,1,4)]
20260612-001210	INFO	COMMON	[[LeftPearl][IdentifyLeftPearl]][gf_DelItem:Th­¬ng H¶i Ch©u CÊp 7 (*1 (2,102,214,bBind=1), Success][Role:SdachSM (acc:thuong)]
20260612-001210	INFO	COMMON	[[LeftPearl][IdentifyLeftPearl]] [AddItemEx:NhËn ®­îc vËt phÈm] [Role:SdachSM (acc:thuong)] [Item:H¶i-Th­¬ng Minh(cÊp 7) (0,122,215,1,4)]
20260612-001210	INFO	COMMON	[acc:thuong role:SdachSM][left_pearl][IdentifyLeftPearl][ItemName:H¶i-Th­¬ng Minh][idx:1 attrid:23 values:{700,0,0,} probability:{10000,0,0,} frame:-1][idx:2 attrid:88 values:{400,0,0,} probability:{10000,0,0,} frame:-1][idx:3 attrid:90 values:{10,0,0,} probability:{10000,0,0,} frame:-1][idx:4 attrid:69 values:{50,0,0,} probability:{10000,0,0,} frame:-1][idx:5 attrid:91 values:{1000,0,0,} probability:{10000,0,0,} frame:-1][quench times:0]
20260612-001210	INFO	COMMON	[[LeftPearl][IdentifyLeftPearl]][gf_DelItem:Th­¬ng H¶i Ch©u CÊp 7 (*1 (2,102,214,bBind=1), Success][Role:SdachSM (acc:thuong)]
20260612-001210	INFO	COMMON	[[LeftPearl][IdentifyLeftPearl]] [AddItemEx:NhËn ®­îc vËt phÈm] [Role:SdachSM (acc:thuong)] [Item:V¹n T­îng-Th¹ch-LiÖt B¹ch(cÊp 7) (0,122,683,1,4)]
20260612-001210	INFO	COMMON	[[LeftPearl][IdentifyLeftPearl]][gf_DelItem:Th­¬ng H¶i Ch©u CÊp 7 (*1 (2,102,214,bBind=1), Success][Role:SdachSM (acc:thuong)]
20260612-001210	INFO	COMMON	[[LeftPearl][IdentifyLeftPearl]] [AddItemEx:NhËn ®­îc vËt phÈm] [Role:SdachSM (acc:thuong)] [Item:V¹n T­îng-H¹-Ngù K×nh(cÊp 7) (0,122,650,1,4)]
20260612-001211	INFO	COMMON	[[LeftPearl][IdentifyLeftPearl]][gf_DelItem:Th­¬ng H¶i Ch©u CÊp 7 (*1 (2,102,214,bBind=1), Success][Role:SdachSM (acc:thuong)]
20260612-001211	INFO	COMMON	[[LeftPearl][IdentifyLeftPearl]] [AddItemEx:NhËn ®­îc vËt phÈm] [Role:SdachSM (acc:thuong)] [Item:V¹n T­îng-Tinh-Quúnh TiÕt(cÊp 7) (0,122,588,1,4)]
20260612-001211	INFO	COMMON	[[LeftPearl][IdentifyLeftPearl]][gf_DelItem:Th­¬ng H¶i Ch©u CÊp 7 (*1 (2,102,214,bBind=1), Success][Role:SdachSM (acc:thuong)]
20260612-001211	INFO	COMMON	[[LeftPearl][IdentifyLeftPearl]] [AddItemEx:NhËn ®­îc vËt phÈm] [Role:SdachSM (acc:thuong)] [Item:ThÇn-Ngù K×nh(cÊp 7) (0,122,133,1,4)]
20260612-001211	INFO	COMMON	[acc:thuong role:SdachSM][left_pearl][IdentifyLeftPearl][ItemName:ThÇn-Ngù K×nh][idx:1 attrid:4 values:{800,0,0,} probability:{10000,0,0,} frame:-1][idx:2 attrid:70 values:{50,0,0,} probability:{10000,0,0,} frame:-1][idx:3 attrid:66 values:{1000,0,0,} probability:{10000,0,0,} frame:-1][idx:4 attrid:82 values:{100,0,0,} probability:{10000,0,0,} frame:-1][idx:5 attrid:85 values:{100,0,0,} probability:{10000,0,0,} frame:-1][quench times:0]
20260612-001211	INFO	COMMON	[[LeftPearl][IdentifyLeftPearl]][gf_DelItem:Th­¬ng H¶i Ch©u CÊp 7 (*1 (2,102,214,bBind=1), Success][Role:SdachSM (acc:thuong)]
20260612-001211	INFO	COMMON	[[LeftPearl][IdentifyLeftPearl]] [AddItemEx:NhËn ®­îc vËt phÈm] [Role:SdachSM (acc:thuong)] [Item:TuyÕt-Ng­ng Vò(cÊp 7) (0,122,530,1,4)]
20260612-001211	INFO	COMMON	[acc:thuong role:SdachSM][left_pearl][IdentifyLeftPearl][ItemName:TuyÕt-Ng­ng Vò][idx:1 attrid:56 values:{1400,0,0,} probability:{10000,0,0,} frame:-1][idx:2 attrid:86 values:{100,0,0,} probability:{10000,0,0,} frame:-1][idx:3 attrid:66 values:{1000,0,0,} probability:{10000,0,0,} frame:-1][idx:4 attrid:83 values:{100,0,0,} probability:{10000,0,0,} frame:-1][idx:5 attrid:82 values:{100,0,0,} probability:{10000,0,0,} frame:-1][quench times:0]
20260612-001211	INFO	COMMON	[[LeftPearl][IdentifyLeftPearl]][gf_DelItem:Th­¬ng H¶i Ch©u CÊp 7 (*1 (2,102,214,bBind=1), Success][Role:SdachSM (acc:thuong)]
20260612-001211	INFO	COMMON	[[LeftPearl][IdentifyLeftPearl]] [AddItemEx:NhËn ®­îc vËt phÈm] [Role:SdachSM (acc:thuong)] [Item:§«ng-Hµn ThÇn(cÊp 7) (0,122,362,1,4)]
20260612-001211	INFO	COMMON	[acc:thuong role:SdachSM][left_pearl][IdentifyLeftPearl][ItemName:§«ng-Hµn ThÇn][idx:1 attrid:38 values:{15000,0,0,} probability:{10000,0,0,} frame:-1][idx:2 attrid:71 values:{20,0,0,} probability:{10000,0,0,} frame:-1][idx:3 attrid:91 values:{1000,0,0,} probability:{10000,0,0,} frame:-1][idx:4 attrid:72 values:{20,0,0,} probability:{10000,0,0,} frame:-1][idx:5 attrid:93 values:{500,0,0,} probability:{10000,0,0,} frame:-1][quench times:0]
20260612-001211	INFO	COMMON	[[LeftPearl][IdentifyLeftPearl]][gf_DelItem:Th­¬ng H¶i Ch©u CÊp 7 (*1 (2,102,214,bBind=1), Success][Role:SdachSM (acc:thuong)]
20260612-001211	INFO	COMMON	[[LeftPearl][IdentifyLeftPearl]] [AddItemEx:NhËn ®­îc vËt phÈm] [Role:SdachSM (acc:thuong)] [Item:V¹n T­îng-§«ng-TuÕ D­(cÊp 7) (0,122,663,1,4)]
20260612-001211	INFO	COMMON	[[LeftPearl][IdentifyLeftPearl]][gf_DelItem:Th­¬ng H¶i Ch©u CÊp 7 (*1 (2,102,214,bBind=1), Success][Role:SdachSM (acc:thuong)]
20260612-001211	INFO	COMMON	[[LeftPearl][IdentifyLeftPearl]] [AddItemEx:NhËn ®­îc vËt phÈm] [Role:SdachSM (acc:thuong)] [Item:§«ng-Ngù K×nh(cÊp 7) (0,122,364,1,4)]
20260612-001211	INFO	COMMON	[acc:thuong role:SdachSM][left_pearl][IdentifyLeftPearl][ItemName:§«ng-Ngù K×nh][idx:1 attrid:4 values:{800,0,0,} probability:{10000,0,0,} frame:-1][idx:2 attrid:68 values:{1000,0,0,} probability:{10000,0,0,} frame:18][idx:3 attrid:61 values:{10,0,0,} probability:{2000,0,0,} frame:180][idx:4 attrid:91 values:{1000,0,0,} probability:{10000,0,0,} frame:-1][idx:5 attrid:72 values:{20,0,0,} probability:{10000,0,0,} frame:-1][quench times:0]
20260612-001212	INFO	COMMON	[[LeftPearl][IdentifyLeftPearl]][gf_DelItem:Th­¬ng H¶i Ch©u CÊp 7 (*1 (2,102,214,bBind=1), Success][Role:SdachSM (acc:thuong)]
20260612-001212	INFO	COMMON	[[LeftPearl][IdentifyLeftPearl]] [AddItemEx:NhËn ®­îc vËt phÈm] [Role:SdachSM (acc:thuong)] [Item:V¹n T­îng-Thiªn-H¹o Th­¬ng(cÊp 7) (0,122,603,1,4)]
20260612-001212	INFO	COMMON	[[LeftPearl][IdentifyLeftPearl]][gf_DelItem:Th­¬ng H¶i Ch©u CÊp 7 (*1 (2,102,214,bBind=1), Success][Role:SdachSM (acc:thuong)]
20260612-001212	INFO	COMMON	[[LeftPearl][IdentifyLeftPearl]] [AddItemEx:NhËn ®­îc vËt phÈm] [Role:SdachSM (acc:thuong)] [Item:V¹n T­îng-H¶i-Th­¬ng Minh(cÊp 7) (0,122,620,1,4)]
20260612-001212	INFO	COMMON	[[LeftPearl][IdentifyLeftPearl]][gf_DelItem:Th­¬ng H¶i Ch©u CÊp 7 (*1 (2,102,214,bBind=1), Success][Role:SdachSM (acc:thuong)]
20260612-001212	INFO	COMMON	[[LeftPearl][IdentifyLeftPearl]] [AddItemEx:NhËn ®­îc vËt phÈm] [Role:SdachSM (acc:thuong)] [Item:ThÇn-Ngù K×nh(cÊp 7) (0,122,133,1,4)]
20260612-001212	INFO	COMMON	[acc:thuong role:SdachSM][left_pearl][IdentifyLeftPearl][ItemName:ThÇn-Ngù K×nh][idx:1 attrid:4 values:{800,0,0,} probability:{10000,0,0,} frame:-1][idx:2 attrid:85 values:{100,0,0,} probability:{10000,0,0,} frame:-1][idx:3 attrid:81 values:{50,0,0,} probability:{10000,0,0,} frame:-1][idx:4 attrid:83 values:{100,0,0,} probability:{10000,0,0,} frame:-1][idx:5 attrid:70 values:{50,0,0,} probability:{10000,0,0,} frame:-1][quench times:0]
20260612-001212	INFO	COMMON	[[LeftPearl][IdentifyLeftPearl]][gf_DelItem:Th­¬ng H¶i Ch©u CÊp 7 (*1 (2,102,214,bBind=1), Success][Role:SdachSM (acc:thuong)]
20260612-001212	INFO	COMMON	[[LeftPearl][IdentifyLeftPearl]] [AddItemEx:NhËn ®­îc vËt phÈm] [Role:SdachSM (acc:thuong)] [Item:ThÇn-§¬n KhuyÕt(cÊp 7) (0,122,131,1,4)]
20260612-001212	INFO	COMMON	[acc:thuong role:SdachSM][left_pearl][IdentifyLeftPearl][ItemName:ThÇn-§¬n KhuyÕt][idx:1 attrid:15 values:{300,0,0,} probability:{10000,0,0,} frame:-1][idx:2 attrid:70 values:{50,0,0,} probability:{10000,0,0,} frame:-1][idx:3 attrid:85 values:{100,0,0,} probability:{10000,0,0,} frame:-1][idx:4 attrid:65 values:{50000,0,0,} probability:{10000,0,0,} frame:-1][idx:5 attrid:66 values:{1000,0,0,} probability:{10000,0,0,} frame:-1][quench times:0]
20260612-001212	INFO	COMMON	[[LeftPearl][IdentifyLeftPearl]][gf_DelItem:Th­¬ng H¶i Ch©u CÊp 7 (*1 (2,102,214,bBind=1), Success][Role:SdachSM (acc:thuong)]
20260612-001212	INFO	COMMON	[[LeftPearl][IdentifyLeftPearl]] [AddItemEx:NhËn ®­îc vËt phÈm] [Role:SdachSM (acc:thuong)] [Item:V¹n T­îng-Thiªn-Ngù K×nh(cÊp 7) (0,122,604,1,4)]
20260612-001212	INFO	COMMON	[[LeftPearl][IdentifyLeftPearl]][gf_DelItem:Th­¬ng H¶i Ch©u CÊp 7 (*1 (2,102,214,bBind=1), Success][Role:SdachSM (acc:thuong)]
20260612-001212	INFO	COMMON	[[LeftPearl][IdentifyLeftPearl]] [AddItemEx:NhËn ®­îc vËt phÈm] [Role:SdachSM (acc:thuong)] [Item:Tinh-Ngù K×nh(cÊp 7) (0,122,105,1,4)]
20260612-001212	INFO	COMMON	[acc:thuong role:SdachSM][left_pearl][IdentifyLeftPearl][ItemName:Tinh-Ngù K×nh][idx:1 attrid:4 values:{800,0,0,} probability:{10000,0,0,} frame:-1][idx:2 attrid:65 values:{50000,0,0,} probability:{10000,0,0,} frame:-1][idx:3 attrid:70 values:{50,0,0,} probability:{10000,0,0,} frame:-1][idx:4 attrid:79 values:{20,0,0,} probability:{10000,0,0,} frame:-1][idx:5 attrid:66 values:{1000,0,0,} probability:{10000,0,0,} frame:-1][quench times:0]
20260612-001213	INFO	COMMON	[[LeftPearl][IdentifyLeftPearl]][gf_DelItem:Th­¬ng H¶i Ch©u CÊp 7 (*1 (2,102,214,bBind=1), Success][Role:SdachSM (acc:thuong)]
20260612-001213	INFO	COMMON	[[LeftPearl][IdentifyLeftPearl]] [AddItemEx:NhËn ®­îc vËt phÈm] [Role:SdachSM (acc:thuong)] [Item:V¹n T­îng-H¹-Ngù K×nh(cÊp 7) (0,122,650,1,4)]
20260612-001213	INFO	COMMON	[[LeftPearl][IdentifyLeftPearl]][gf_DelItem:Th­¬ng H¶i Ch©u CÊp 7 (*1 (2,102,214,bBind=1), Success][Role:SdachSM (acc:thuong)]
20260612-001213	INFO	COMMON	[[LeftPearl][IdentifyLeftPearl]] [AddItemEx:NhËn ®­îc vËt phÈm] [Role:SdachSM (acc:thuong)] [Item:V¹n T­îng-Tinh-Quúnh TiÕt(cÊp 7) (0,122,588,1,4)]
20260612-001213	INFO	COMMON	[[LeftPearl][IdentifyLeftPearl]][gf_DelItem:Th­¬ng H¶i Ch©u CÊp 7 (*1 (2,102,214,bBind=1), Success][Role:SdachSM (acc:thuong)]
20260612-001213	INFO	COMMON	[[LeftPearl][IdentifyLeftPearl]] [AddItemEx:NhËn ®­îc vËt phÈm] [Role:SdachSM (acc:thuong)] [Item:V¹n T­îng-TuyÕt-To¸i Ngäc(cÊp 7) (0,122,711,1,4)]
20260612-001213	INFO	COMMON	[[LeftPearl][IdentifyLeftPearl]][gf_DelItem:Th­¬ng H¶i Ch©u CÊp 7 (*1 (2,102,214,bBind=1), Success][Role:SdachSM (acc:thuong)]
20260612-001213	INFO	COMMON	[[LeftPearl][IdentifyLeftPearl]] [AddItemEx:NhËn ®­îc vËt phÈm] [Role:SdachSM (acc:thuong)] [Item:Thñy-Ngù K×nh(cÊp 7) (0,122,392,1,4)]
20260612-001213	INFO	COMMON	[acc:thuong role:SdachSM][left_pearl][IdentifyLeftPearl][ItemName:Thñy-Ngù K×nh][idx:1 attrid:4 values:{800,0,0,} probability:{10000,0,0,} frame:-1][idx:2 attrid:88 values:{400,0,0,} probability:{10000,0,0,} frame:-1][idx:3 attrid:70 values:{50,0,0,} probability:{10000,0,0,} frame:-1][idx:4 attrid:89 values:{400,0,0,} probability:{10000,0,0,} frame:-1][idx:5 attrid:91 values:{1000,0,0,} probability:{10000,0,0,} frame:-1][quench times:0]
20260612-001213	INFO	COMMON	[[LeftPearl][IdentifyLeftPearl]][gf_DelItem:Th­¬ng H¶i Ch©u CÊp 7 (*1 (2,102,214,bBind=1), Success][Role:SdachSM (acc:thuong)]
20260612-001213	INFO	COMMON	[[LeftPearl][IdentifyLeftPearl]] [AddItemEx:NhËn ®­îc vËt phÈm] [Role:SdachSM (acc:thuong)] [Item:V¹n T­îng-S­¬ng-S­¬ng Tù(cÊp 7) (0,122,719,1,4)]
20260612-001214	INFO	COMMON	[[LeftPearl][IdentifyLeftPearl]][gf_DelItem:Th­¬ng H¶i Ch©u CÊp 7 (*1 (2,102,214,bBind=1), Success][Role:SdachSM (acc:thuong)]
20260612-001214	INFO	COMMON	[[LeftPearl][IdentifyLeftPearl]] [AddItemEx:NhËn ®­îc vËt phÈm] [Role:SdachSM (acc:thuong)] [Item:TuyÕt-Ngù K×nh(cÊp 7) (0,122,532,1,4)]
20260612-001214	INFO	COMMON	[acc:thuong role:SdachSM][left_pearl][IdentifyLeftPearl][ItemName:TuyÕt-Ngù K×nh][idx:1 attrid:4 values:{800,0,0,} probability:{10000,0,0,} frame:-1][idx:2 attrid:66 values:{1000,0,0,} probability:{10000,0,0,} frame:-1][idx:3 attrid:85 values:{100,0,0,} probability:{10000,0,0,} frame:-1][idx:4 attrid:87 values:{100,0,0,} probability:{10000,0,0,} frame:-1][idx:5 attrid:84 values:{100,0,0,} probability:{10000,0,0,} frame:-1][quench times:0]
20260612-001214	INFO	COMMON	[[LeftPearl][IdentifyLeftPearl]][gf_DelItem:Th­¬ng H¶i Ch©u CÊp 7 (*1 (2,102,214,bBind=1), Success][Role:SdachSM (acc:thuong)]
20260612-001214	INFO	COMMON	[[LeftPearl][IdentifyLeftPearl]] [AddItemEx:NhËn ®­îc vËt phÈm] [Role:SdachSM (acc:thuong)] [Item:V¹n T­îng-§Þa-Ngù K×nh(cÊp 7) (0,122,610,1,4)]
20260612-001214	INFO	COMMON	[[LeftPearl][IdentifyLeftPearl]][gf_DelItem:Th­¬ng H¶i Ch©u CÊp 7 (*1 (2,102,214,bBind=1), Success][Role:SdachSM (acc:thuong)]
20260612-001214	INFO	COMMON	[[LeftPearl][IdentifyLeftPearl]] [AddItemEx:NhËn ®­îc vËt phÈm] [Role:SdachSM (acc:thuong)] [Item:V¹n T­îng-H¹-Chu Minh(cÊp 7) (0,122,648,1,4)]
20260612-001214	INFO	COMMON	[[LeftPearl][IdentifyLeftPearl]][gf_DelItem:Th­¬ng H¶i Ch©u CÊp 7 (*1 (2,102,214,bBind=1), Success][Role:SdachSM (acc:thuong)]
20260612-001214	INFO	COMMON	[[LeftPearl][IdentifyLeftPearl]] [AddItemEx:NhËn ®­îc vËt phÈm] [Role:SdachSM (acc:thuong)] [Item:V¹n T­îng-Vô-Thñy V©n(cÊp 7) (0,122,635,1,4)]
20260612-001214	INFO	COMMON	[[LeftPearl][IdentifyLeftPearl]][gf_DelItem:Th­¬ng H¶i Ch©u CÊp 7 (*1 (2,102,214,bBind=1), Success][Role:SdachSM (acc:thuong)]
20260612-001214	INFO	COMMON	[[LeftPearl][IdentifyLeftPearl]] [AddItemEx:NhËn ®­îc vËt phÈm] [Role:SdachSM (acc:thuong)] [Item:V¹n T­îng-Tinh-Thiªn Du(cÊp 7) (0,122,587,1,4)]
20260612-001216	INFO	COMMON	[[LeftPearl][IdentifyLeftPearl]][gf_DelItem:Th­¬ng H¶i Ch©u CÊp 7 (*1 (2,102,214,bBind=1), Success][Role:SdachSM (acc:thuong)]
20260612-001216	INFO	COMMON	[[LeftPearl][IdentifyLeftPearl]] [AddItemEx:NhËn ®­îc vËt phÈm] [Role:SdachSM (acc:thuong)] [Item:V¹n T­îng-H¹-Chu Minh(cÊp 7) (0,122,648,1,4)]
20260612-001217	INFO	COMMON	[[LeftPearl][IdentifyLeftPearl]][gf_DelItem:Th­¬ng H¶i Ch©u CÊp 7 (*1 (2,102,214,bBind=1), Success][Role:SdachSM (acc:thuong)]
20260612-001217	INFO	COMMON	[[LeftPearl][IdentifyLeftPearl]] [AddItemEx:NhËn ®­îc vËt phÈm] [Role:SdachSM (acc:thuong)] [Item:V¹n T­îng-Thiªn-Ngù K×nh(cÊp 7) (0,122,604,1,4)]
20260612-001217	INFO	COMMON	[[LeftPearl][IdentifyLeftPearl]][gf_DelItem:Th­¬ng H¶i Ch©u CÊp 7 (*1 (2,102,214,bBind=1), Success][Role:SdachSM (acc:thuong)]
20260612-001217	INFO	COMMON	[[LeftPearl][IdentifyLeftPearl]] [AddItemEx:NhËn ®­îc vËt phÈm] [Role:SdachSM (acc:thuong)] [Item:§«ng-TuÕ D­(cÊp 7) (0,122,363,1,4)]
20260612-001217	INFO	COMMON	[acc:thuong role:SdachSM][left_pearl][IdentifyLeftPearl][ItemName:§«ng-Linh Tr¹ch][idx:1 attrid:16 values:{400,0,0,} probability:{10000,0,0,} frame:-1][idx:2 attrid:69 values:{50,0,0,} probability:{10000,0,0,} frame:-1][idx:3 attrid:91 values:{1000,0,0,} probability:{10000,0,0,} frame:-1][idx:4 attrid:93 values:{500,0,0,} probability:{10000,0,0,} frame:-1][idx:5 attrid:68 values:{1000,0,0,} probability:{10000,0,0,} frame:18][quench times:0]
20260612-001217	INFO	COMMON	[[LeftPearl][IdentifyLeftPearl]][gf_DelItem:Th­¬ng H¶i Ch©u CÊp 7 (*1 (2,102,214,bBind=1), Success][Role:SdachSM (acc:thuong)]
20260612-001217	INFO	COMMON	[[LeftPearl][IdentifyLeftPearl]] [AddItemEx:NhËn ®­îc vËt phÈm] [Role:SdachSM (acc:thuong)] [Item:V¹n T­îng-Xu©n-D­¬ng Trung(cÊp 7) (0,122,643,1,4)]
20260612-001217	INFO	COMMON	[[LeftPearl][IdentifyLeftPearl]][gf_DelItem:Th­¬ng H¶i Ch©u CÊp 7 (*1 (2,102,214,bBind=1), Success][Role:SdachSM (acc:thuong)]
20260612-001217	INFO	COMMON	[[LeftPearl][IdentifyLeftPearl]] [AddItemEx:NhËn ®­îc vËt phÈm] [Role:SdachSM (acc:thuong)] [Item:V¹n T­îng-Thu-Ngù K×nh(cÊp 7) (0,122,656,1,4)]
20260612-001217	INFO	COMMON	[[LeftPearl][IdentifyLeftPearl]][gf_DelItem:Th­¬ng H¶i Ch©u CÊp 7 (*1 (2,102,214,bBind=1), Success][Role:SdachSM (acc:thuong)]
20260612-001217	INFO	COMMON	[[LeftPearl][IdentifyLeftPearl]] [AddItemEx:NhËn ®­îc vËt phÈm] [Role:SdachSM (acc:thuong)] [Item:V¹n T­îng-S­¬ng-S­¬ng Tù(cÊp 7) (0,122,719,1,4)]
20260612-001218	INFO	COMMON	[[LeftPearl][IdentifyLeftPearl]][gf_DelItem:Th­¬ng H¶i Ch©u CÊp 7 (*1 (2,102,214,bBind=1), Success][Role:SdachSM (acc:thuong)]
20260612-001218	INFO	COMMON	[[LeftPearl][IdentifyLeftPearl]] [AddItemEx:NhËn ®­îc vËt phÈm] [Role:SdachSM (acc:thuong)] [Item:Thu-Ngù K×nh(cÊp 7) (0,122,336,1,4)]
20260612-001218	INFO	COMMON	[acc:thuong role:SdachSM][left_pearl][IdentifyLeftPearl][ItemName:Thu-Ngù K×nh][idx:1 attrid:4 values:{800,0,0,} probability:{10000,0,0,} frame:-1][idx:2 attrid:70 values:{50,0,0,} probability:{10000,0,0,} frame:-1][idx:3 attrid:88 values:{400,0,0,} probability:{10000,0,0,} frame:-1][idx:4 attrid:69 values:{50,0,0,} probability:{10000,0,0,} frame:-1][idx:5 attrid:89 values:{400,0,0,} probability:{10000,0,0,} frame:-1][quench times:0]
20260612-001218	INFO	COMMON	[[LeftPearl][IdentifyLeftPearl]][gf_DelItem:Th­¬ng H¶i Ch©u CÊp 7 (*1 (2,102,214,bBind=1), Success][Role:SdachSM (acc:thuong)]
20260612-001218	INFO	COMMON	[[LeftPearl][IdentifyLeftPearl]] [AddItemEx:NhËn ®­îc vËt phÈm] [Role:SdachSM (acc:thuong)] [Item:Xu©n-Ngù K×nh(cÊp 7) (0,122,294,1,4)]
20260612-001218	INFO	COMMON	[acc:thuong role:SdachSM][left_pearl][IdentifyLeftPearl][ItemName:Xu©n-Ngù K×nh][idx:1 attrid:4 values:{800,0,0,} probability:{10000,0,0,} frame:-1][idx:2 attrid:66 values:{1000,0,0,} probability:{10000,0,0,} frame:-1][idx:3 attrid:70 values:{50,0,0,} probability:{10000,0,0,} frame:-1][idx:4 attrid:60 values:{10,0,0,} probability:{2000,0,0,} frame:180][idx:5 attrid:69 values:{50,0,0,} probability:{10000,0,0,} frame:-1][quench times:0]
20260612-001218	INFO	COMMON	[[LeftPearl][IdentifyLeftPearl]][gf_DelItem:Th­¬ng H¶i Ch©u CÊp 7 (*1 (2,102,214,bBind=1), Success][Role:SdachSM (acc:thuong)]
20260612-001218	INFO	COMMON	[[LeftPearl][IdentifyLeftPearl]] [AddItemEx:NhËn ®­îc vËt phÈm] [Role:SdachSM (acc:thuong)] [Item:V¹n T­îng-Tinh-Ngù K×nh(cÊp 7) (0,122,590,1,4)]
20260612-001218	INFO	COMMON	[[LeftPearl][IdentifyLeftPearl]][gf_DelItem:Th­¬ng H¶i Ch©u CÊp 7 (*1 (2,102,214,bBind=1), Success][Role:SdachSM (acc:thuong)]
20260612-001218	INFO	COMMON	[[LeftPearl][IdentifyLeftPearl]] [AddItemEx:NhËn ®­îc vËt phÈm] [Role:SdachSM (acc:thuong)] [Item:V¹n T­îng-Thiªn-Ngù K×nh(cÊp 7) (0,122,604,1,4)]
20260612-001218	INFO	COMMON	[[LeftPearl][IdentifyLeftPearl]][gf_DelItem:Th­¬ng H¶i Ch©u CÊp 7 (*1 (2,102,214,bBind=1), Success][Role:SdachSM (acc:thuong)]
20260612-001218	INFO	COMMON	[[LeftPearl][IdentifyLeftPearl]] [AddItemEx:NhËn ®­îc vËt phÈm] [Role:SdachSM (acc:thuong)] [Item:V¹n T­îng-§Þa-Ngù K×nh(cÊp 7) (0,122,610,1,4)]
20260612-001218	INFO	COMMON	[[LeftPearl][IdentifyLeftPearl]][gf_DelItem:Th­¬ng H¶i Ch©u CÊp 7 (*1 (2,102,214,bBind=1), Success][Role:SdachSM (acc:thuong)]
20260612-001218	INFO	COMMON	[[LeftPearl][IdentifyLeftPearl]] [AddItemEx:NhËn ®­îc vËt phÈm] [Role:SdachSM (acc:thuong)] [Item:Xu©n-Ngù K×nh(cÊp 7) (0,122,294,1,4)]
20260612-001218	INFO	COMMON	[acc:thuong role:SdachSM][left_pearl][IdentifyLeftPearl][ItemName:Xu©n-Ngù K×nh][idx:1 attrid:4 values:{800,0,0,} probability:{10000,0,0,} frame:-1][idx:2 attrid:66 values:{1000,0,0,} probability:{10000,0,0,} frame:-1][idx:3 attrid:93 values:{500,0,0,} probability:{10000,0,0,} frame:-1][idx:4 attrid:70 values:{50,0,0,} probability:{10000,0,0,} frame:-1][idx:5 attrid:65 values:{50000,0,0,} probability:{10000,0,0,} frame:-1][quench times:0]
20260612-001219	INFO	COMMON	[[LeftPearl][IdentifyLeftPearl]][gf_DelItem:Th­¬ng H¶i Ch©u CÊp 7 (*1 (2,102,214,bBind=1), Success][Role:SdachSM (acc:thuong)]
20260612-001219	INFO	COMMON	[[LeftPearl][IdentifyLeftPearl]] [AddItemEx:NhËn ®­îc vËt phÈm] [Role:SdachSM (acc:thuong)] [Item:Thiªn-Ngù K×nh(cÊp 7) (0,122,154,1,4)]
20260612-001219	INFO	COMMON	[acc:thuong role:SdachSM][left_pearl][IdentifyLeftPearl][ItemName:Thiªn-Ngù K×nh][idx:1 attrid:4 values:{800,0,0,} probability:{10000,0,0,} frame:-1][idx:2 attrid:87 values:{100,0,0,} probability:{10000,0,0,} frame:-1][idx:3 attrid:65 values:{50000,0,0,} probability:{10000,0,0,} frame:-1][idx:4 attrid:66 values:{1000,0,0,} probability:{10000,0,0,} frame:-1][idx:5 attrid:88 values:{400,0,0,} probability:{10000,0,0,} frame:-1][quench times:0]
20260612-001219	INFO	COMMON	[[LeftPearl][IdentifyLeftPearl]][gf_DelItem:Th­¬ng H¶i Ch©u CÊp 7 (*1 (2,102,214,bBind=1), Success][Role:SdachSM (acc:thuong)]
20260612-001219	INFO	COMMON	[[LeftPearl][IdentifyLeftPearl]] [AddItemEx:NhËn ®­îc vËt phÈm] [Role:SdachSM (acc:thuong)] [Item:V¹n T­îng-Th¹ch-V©n C¨n(cÊp 7) (0,122,680,1,4)]
20260612-001219	INFO	COMMON	[[LeftPearl][IdentifyLeftPearl]][gf_DelItem:Th­¬ng H¶i Ch©u CÊp 7 (*1 (2,102,214,bBind=1), Success][Role:SdachSM (acc:thuong)]
20260612-001219	INFO	COMMON	[[LeftPearl][IdentifyLeftPearl]] [AddItemEx:NhËn ®­îc vËt phÈm] [Role:SdachSM (acc:thuong)] [Item:V¹n T­îng-NguyÖt-Ngù K×nh(cÊp 7) (0,122,582,1,4)]
20260612-001219	INFO	COMMON	[[LeftPearl][IdentifyLeftPearl]][gf_DelItem:Th­¬ng H¶i Ch©u CÊp 7 (*1 (2,102,214,bBind=1), Success][Role:SdachSM (acc:thuong)]
20260612-001219	INFO	COMMON	[[LeftPearl][IdentifyLeftPearl]] [AddItemEx:NhËn ®­îc vËt phÈm] [Role:SdachSM (acc:thuong)] [Item:S¬n-Ngäc Ch­íng(cÊp 7) (0,122,195,1,4)]
20260612-001219	INFO	COMMON	[acc:thuong role:SdachSM][left_pearl][IdentifyLeftPearl][ItemName:S¬n-Ngäc Ch­íng][idx:1 attrid:22 values:{700,0,0,} probability:{10000,0,0,} frame:-1][idx:2 attrid:62 values:{10,0,0,} probability:{10000,0,0,} frame:-1][idx:3 attrid:64 values:{10,0,0,} probability:{10000,0,0,} frame:-1][idx:4 attrid:63 values:{10,0,0,} probability:{10000,0,0,} frame:-1][idx:5 attrid:65 values:{50000,0,0,} probability:{10000,0,0,} frame:-1][quench times:0]
20260612-001219	INFO	COMMON	[[LeftPearl][IdentifyLeftPearl]][gf_DelItem:Th­¬ng H¶i Ch©u CÊp 7 (*1 (2,102,214,bBind=1), Success][Role:SdachSM (acc:thuong)]
20260612-001219	INFO	COMMON	[[LeftPearl][IdentifyLeftPearl]] [AddItemEx:NhËn ®­îc vËt phÈm] [Role:SdachSM (acc:thuong)] [Item:V¹n T­îng-NguyÖt-Väng Th­(cÊp 7) (0,122,576,1,4)]
20260612-001220	INFO	COMMON	[[LeftPearl][IdentifyLeftPearl]][gf_DelItem:Th­¬ng H¶i Ch©u CÊp 7 (*1 (2,102,214,bBind=1), Success][Role:SdachSM (acc:thuong)]
20260612-001220	INFO	COMMON	[[LeftPearl][IdentifyLeftPearl]] [AddItemEx:NhËn ®­îc vËt phÈm] [Role:SdachSM (acc:thuong)] [Item:TuyÕt-Hµn T«(cÊp 7) (0,122,529,1,4)]
20260612-001220	INFO	COMMON	[acc:thuong role:SdachSM][left_pearl][IdentifyLeftPearl][ItemName:TuyÕt-Hµn T«][idx:1 attrid:55 values:{1400,0,0,} probability:{10000,0,0,} frame:-1][idx:2 attrid:70 values:{50,0,0,} probability:{10000,0,0,} frame:-1][idx:3 attrid:86 values:{100,0,0,} probability:{10000,0,0,} frame:-1][idx:4 attrid:65 values:{50000,0,0,} probability:{10000,0,0,} frame:-1][idx:5 attrid:85 values:{100,0,0,} probability:{10000,0,0,} frame:-1][quench times:0]
20260612-001330	INFO	COMMON	[AWARD_TEMPLATE] onKsgPlayerLogin received card, type = player	thuong	SdachSM	tbProp	 [Vâ L©m 2 Shiina] Thªm thµnh c«ng 1 c¸i, thªm thÊt b¹i 0 c¸i, r¬i ®Êt 0 c¸i.
20260612-001336	INFO	COMMON	[AWARD_TEMPLATE] NhËn Bé Tµng KiÕm	thuong	SdachSM	tbProp	 [Tµng KiÕm Tö Kim m·o] Thªm thµnh c«ng 1 c¸i, thªm thÊt b¹i 0 c¸i, r¬i ®Êt 0 c¸i.
20260612-001336	INFO	COMMON	[AWARD_TEMPLATE] NhËn Bé Tµng KiÕm	thuong	SdachSM	tbProp	 [Kim Lò Th­êng] Thªm thµnh c«ng 1 c¸i, thªm thÊt b¹i 0 c¸i, r¬i ®Êt 0 c¸i.
20260612-001336	INFO	COMMON	[AWARD_TEMPLATE] NhËn Bé Tµng KiÕm	thuong	SdachSM	tbProp	 [Tµng KiÕm ¤ kim phôc] Thªm thµnh c«ng 1 c¸i, thªm thÊt b¹i 0 c¸i, r¬i ®Êt 0 c¸i.
20260612-001336	INFO	COMMON	[AWARD_TEMPLATE] NhËn Bé Tµng KiÕm_Trang Søc	thuong	SdachSM	tbProp	 [TiÓu Th­ Giíi ChØ] Thªm thµnh c«ng 1 c¸i, thªm thÊt b¹i 0 c¸i, r¬i ®Êt 0 c¸i.
20260612-001336	INFO	COMMON	[AWARD_TEMPLATE] NhËn Bé Tµng KiÕm_Trang Søc	thuong	SdachSM	tbProp	 [Tr­ëng L·o ChØ Hoµn] Thªm thµnh c«ng 1 c¸i, thªm thÊt b¹i 0 c¸i, r¬i ®Êt 0 c¸i.
20260612-001336	INFO	COMMON	[AWARD_TEMPLATE] NhËn Bé Tµng KiÕm_Trang Søc	thuong	SdachSM	tbProp	 [Tµng KiÕm B¶o Ch©u] Thªm thµnh c«ng 1 c¸i, thªm thÊt b¹i 0 c¸i, r¬i ®Êt 0 c¸i.
20260612-001336	INFO	COMMON	[AWARD_TEMPLATE] NhËn Bé Tµng KiÕm_Trang Søc	thuong	SdachSM	tbProp	 [Tµng KiÕm Kú Th¹ch] Thªm thµnh c«ng 1 c¸i, thªm thÊt b¹i 0 c¸i, r¬i ®Êt 0 c¸i.
20260612-001336	INFO	COMMON	[AWARD_TEMPLATE] NhËn Bé Tµng KiÕm_Trang Søc	thuong	SdachSM	tbProp	 [Tµng KiÕm Kim Ên] Thªm thµnh c«ng 1 c¸i, thªm thÊt b¹i 0 c¸i, r¬i ®Êt 0 c¸i.
20260612-001340	INFO	COMMON	[AWARD_TEMPLATE] NhËn bé diÖu d­¬ng	thuong	SdachSM	tbProp	 [DiÖu D­¬ng-§é ¸ch T«n G] Thªm thµnh c«ng 1 c¸i, thªm thÊt b¹i 0 c¸i, r¬i ®Êt 0 c¸i.
20260612-001340	INFO	COMMON	[AWARD_TEMPLATE] NhËn bé diÖu d­¬ng	thuong	SdachSM	tbProp	 [DiÖu D­¬ng-§é ¸ch T«n G] Thªm thµnh c«ng 1 c¸i, thªm thÊt b¹i 0 c¸i, r¬i ®Êt 0 c¸i.
20260612-001340	INFO	COMMON	[AWARD_TEMPLATE] NhËn bé diÖu d­¬ng	thuong	SdachSM	tbProp	 [DiÖu D­¬ng-§é ¸ch T«n G] Thªm thµnh c«ng 1 c¸i, thªm thÊt b¹i 0 c¸i, r¬i ®Êt 0 c¸i.
20260612-001340	INFO	COMMON	[AWARD_TEMPLATE] NhËn bé diÖu d­¬ng	thuong	SdachSM	tbProp	 [DiÖu D­¬ng-§é ¸ch T«n G] Thªm thµnh c«ng 1 c¸i, thªm thÊt b¹i 0 c¸i, r¬i ®Êt 0 c¸i.
20260612-001340	INFO	COMMON	[AWARD_TEMPLATE] NhËn bé diÖu d­¬ng	thuong	SdachSM	tbProp	 [DiÖu D­¬ng Thiªn Cung-¤] Thªm thµnh c«ng 1 c¸i, thªm thÊt b¹i 0 c¸i, r¬i ®Êt 0 c¸i.
20260612-001340	INFO	COMMON	[AWARD_TEMPLATE] NhËn bé diÖu d­¬ng	thuong	SdachSM	tbProp	 [DiÖu D­¬ng Thiªn Cung-T] Thªm thµnh c«ng 1 c¸i, thªm thÊt b¹i 0 c¸i, r¬i ®Êt 0 c¸i.
20260612-001340	INFO	COMMON	[AWARD_TEMPLATE] NhËn bé diÖu d­¬ng	thuong	SdachSM	tbProp	 [DiÖu D­¬ng Thiªn Cung-V] Thªm thµnh c«ng 1 c¸i, thªm thÊt b¹i 0 c¸i, r¬i ®Êt 0 c¸i.
20260612-001340	INFO	COMMON	[AWARD_TEMPLATE] NhËn bé diÖu d­¬ng	thuong	SdachSM	tbProp	 [DiÖu D­¬ng Thiªn Cung-X] Thªm thµnh c«ng 1 c¸i, thªm thÊt b¹i 0 c¸i, r¬i ®Êt 0 c¸i.
20260612-001340	INFO	COMMON	[AWARD_TEMPLATE] NhËn bé diÖu d­¬ng	thuong	SdachSM	tbProp	 [DiÖu D­¬ng Thiªn Cung-B] Thªm thµnh c«ng 1 c¸i, thªm thÊt b¹i 0 c¸i, r¬i ®Êt 0 c¸i.
20260612-001344	INFO	COMMON	[AWARD_TEMPLATE] NhËn Bé Thiªn Chi Tµng KiÕm	thuong	SdachSM	tbProp	 [Thiªn Chi Tµng KiÕm Tö ] Thªm thµnh c«ng 1 c¸i, thªm thÊt b¹i 0 c¸i, r¬i ®Êt 0 c¸i.
20260612-001344	INFO	COMMON	[AWARD_TEMPLATE] NhËn Bé Thiªn Chi Tµng KiÕm	thuong	SdachSM	tbProp	 [Thiªn Chi Tµng KiÕm Kim] Thªm thµnh c«ng 1 c¸i, thªm thÊt b¹i 0 c¸i, r¬i ®Êt 0 c¸i.
20260612-001344	INFO	COMMON	[AWARD_TEMPLATE] NhËn Bé Thiªn Chi Tµng KiÕm	thuong	SdachSM	tbProp	 [Thiªn Chi Tµng KiÕm ¤ K] Thªm thµnh c«ng 1 c¸i, thªm thÊt b¹i 0 c¸i, r¬i ®Êt 0 c¸i.
20260612-001344	INFO	COMMON	[AWARD_TEMPLATE] NhËn Bé Thiªn Chi Tµng KiÕm_Trang Søc	thuong	SdachSM	tbProp	 [Thiªn Chi Tµng KiÕm B¶o] Thªm thµnh c«ng 1 c¸i, thªm thÊt b¹i 0 c¸i, r¬i ®Êt 0 c¸i.
20260612-001344	INFO	COMMON	[AWARD_TEMPLATE] NhËn Bé Thiªn Chi Tµng KiÕm_Trang Søc	thuong	SdachSM	tbProp	 [Thiªn Chi Tµng KiÕm Kú ] Thªm thµnh c«ng 1 c¸i, thªm thÊt b¹i 0 c¸i, r¬i ®Êt 0 c¸i.
20260612-001344	INFO	COMMON	[AWARD_TEMPLATE] NhËn Bé Thiªn Chi Tµng KiÕm_Trang Søc	thuong	SdachSM	tbProp	 [Thiªn Chi Tµng KiÕm Kim] Thªm thµnh c«ng 1 c¸i, thªm thÊt b¹i 0 c¸i, r¬i ®Êt 0 c¸i.
20260612-001407	INFO	COMMON	[AWARD_TEMPLATE] NhËn bé diÖu d­¬ng	thuong	SdachSM	tbProp	 [DiÖu D­¬ng-§é ¸ch T«n G] Thªm thµnh c«ng 1 c¸i, thªm thÊt b¹i 0 c¸i, r¬i ®Êt 0 c¸i.
20260612-001407	INFO	COMMON	[AWARD_TEMPLATE] NhËn bé diÖu d­¬ng	thuong	SdachSM	tbProp	 [DiÖu D­¬ng-§é ¸ch T«n G] Thªm thµnh c«ng 1 c¸i, thªm thÊt b¹i 0 c¸i, r¬i ®Êt 0 c¸i.
20260612-001407	INFO	COMMON	[AWARD_TEMPLATE] NhËn bé diÖu d­¬ng	thuong	SdachSM	tbProp	 [DiÖu D­¬ng-§é ¸ch T«n G] Thªm thµnh c«ng 1 c¸i, thªm thÊt b¹i 0 c¸i, r¬i ®Êt 0 c¸i.
20260612-001407	INFO	COMMON	[AWARD_TEMPLATE] NhËn bé diÖu d­¬ng	thuong	SdachSM	tbProp	 [DiÖu D­¬ng-§é ¸ch T«n G] Thªm thµnh c«ng 1 c¸i, thªm thÊt b¹i 0 c¸i, r¬i ®Êt 0 c¸i.
20260612-001407	INFO	COMMON	[AWARD_TEMPLATE] NhËn bé diÖu d­¬ng	thuong	SdachSM	tbProp	 [DiÖu D­¬ng Thiªn Cung-¤] Thªm thµnh c«ng 1 c¸i, thªm thÊt b¹i 0 c¸i, r¬i ®Êt 0 c¸i.
20260612-001407	INFO	COMMON	[AWARD_TEMPLATE] NhËn bé diÖu d­¬ng	thuong	SdachSM	tbProp	 [DiÖu D­¬ng Thiªn Cung-T] Thªm thµnh c«ng 1 c¸i, thªm thÊt b¹i 0 c¸i, r¬i ®Êt 0 c¸i.
20260612-001407	INFO	COMMON	[AWARD_TEMPLATE] NhËn bé diÖu d­¬ng	thuong	SdachSM	tbProp	 [DiÖu D­¬ng Thiªn Cung-V] Thªm thµnh c«ng 1 c¸i, thªm thÊt b¹i 0 c¸i, r¬i ®Êt 0 c¸i.
20260612-001407	INFO	COMMON	[AWARD_TEMPLATE] NhËn bé diÖu d­¬ng	thuong	SdachSM	tbProp	 [DiÖu D­¬ng Thiªn Cung-X] Thªm thµnh c«ng 1 c¸i, thªm thÊt b¹i 0 c¸i, r¬i ®Êt 0 c¸i.
20260612-001407	INFO	COMMON	[AWARD_TEMPLATE] NhËn bé diÖu d­¬ng	thuong	SdachSM	tbProp	 [DiÖu D­¬ng Thiªn Cung-B] Thªm thµnh c«ng 1 c¸i, thªm thÊt b¹i 0 c¸i, r¬i ®Êt 0 c¸i.
20260612-001415	INFO	COMMON	[AWARD_TEMPLATE] onKsgPlayerLogin received card, type = player	thuong	SdachSM	tbProp	 [Vâ L©m 2 Shiina] Thªm thµnh c«ng 1 c¸i, thªm thÊt b¹i 0 c¸i, r¬i ®Êt 0 c¸i.
20260612-001418	INFO	COMMON	[AWARD_TEMPLATE] NhËn bé chiÕn cuång	thuong	SdachSM	tbProp	 [ChiÕn Cuång Phæ TÕ M¹o] Thªm thµnh c«ng 1 c¸i, thªm thÊt b¹i 0 c¸i, r¬i ®Êt 0 c¸i.
20260612-001418	INFO	COMMON	[AWARD_TEMPLATE] NhËn bé chiÕn cuång	thuong	SdachSM	tbProp	 [ChiÕn Cuång Phæ TÕ Bµo] Thªm thµnh c«ng 1 c¸i, thªm thÊt b¹i 0 c¸i, r¬i ®Êt 0 c¸i.
20260612-001418	INFO	COMMON	[AWARD_TEMPLATE] NhËn bé chiÕn cuång	thuong	SdachSM	tbProp	 [ChiÕn Cuång Phæ TÕ Tran] Thªm thµnh c«ng 1 c¸i, thªm thÊt b¹i 0 c¸i, r¬i ®Êt 0 c¸i.
20260612-001418	INFO	COMMON	[AWARD_TEMPLATE] NhËn bé chiÕn cuång	thuong	SdachSM	tbProp	 [ChiÕn Cuång ThiÒn §Þnh ] Thªm thµnh c«ng 1 c¸i, thªm thÊt b¹i 0 c¸i, r¬i ®Êt 0 c¸i.
20260612-001431	INFO	COMMON	[AWARD_TEMPLATE] NhËn TrÊn Ph¸i	thuong	SdachSM	tbProp	 [TÈy Tñy Kinh] Thªm thµnh c«ng 1 c¸i, thªm thÊt b¹i 0 c¸i, r¬i ®Êt 0 c¸i.
20260612-001502	INFO	COMMON	[AWARD_TEMPLATE] Tói Cæ Phæ Tµn QuyÓn	thuong	SdachSM	tbProp	 [[Tµn quyÓn] D­¬ng Gia B] Thªm thµnh c«ng 1 c¸i, thªm thÊt b¹i 0 c¸i, r¬i ®Êt 0 c¸i.
20260612-001503	INFO	COMMON	[AWARD_TEMPLATE] Tói Cæ Phæ Tµn QuyÓn	thuong	SdachSM	tbProp	 [[Tµn quyÓn] M·n Thiªn H] Thªm thµnh c«ng 1 c¸i, thªm thÊt b¹i 0 c¸i, r¬i ®Êt 0 c¸i.
20260612-001503	INFO	COMMON	[AWARD_TEMPLATE] Tói Cæ Phæ Tµn QuyÓn	thuong	SdachSM	tbProp	 [[Tµn quyÓn] D­¬ng Gia B] Thªm thµnh c«ng 1 c¸i, thªm thÊt b¹i 0 c¸i, r¬i ®Êt 0 c¸i.
20260612-001512	INFO	COMMON	[AWARD_TEMPLATE] NhËn Trang Søc HH	thuong	SdachSM	tbProp	 [Hµo HiÖp Giíi] Thªm thµnh c«ng 1 c¸i, thªm thÊt b¹i 0 c¸i, r¬i ®Êt 0 c¸i.
20260612-001512	INFO	COMMON	[AWARD_TEMPLATE] NhËn Trang Søc HH	thuong	SdachSM	tbProp	 [Hµo HiÖp Béi] Thªm thµnh c«ng 1 c¸i, thªm thÊt b¹i 0 c¸i, r¬i ®Êt 0 c¸i.
20260612-001512	INFO	COMMON	[AWARD_TEMPLATE] NhËn Vò KhÝ HH	thuong	SdachSM	tbProp	 [Hµo HiÖp Tr­îng] Thªm thµnh c«ng 1 c¸i, thªm thÊt b¹i 0 c¸i, r¬i ®Êt 0 c¸i.
20260612-001525	INFO	COMMON	[AWARD_TEMPLATE] NhËn bé HHVH	thuong	SdachSM	tbProp	 [V« H¹ Hµo HiÖp LÖnh (Nã] Thªm thµnh c«ng 1 c¸i, thªm thÊt b¹i 0 c¸i, r¬i ®Êt 0 c¸i.
20260612-001525	INFO	COMMON	[AWARD_TEMPLATE] NhËn bé HHVH	thuong	SdachSM	tbProp	 [V« H¹ Hµo HiÖp LÖnh (¸o] Thªm thµnh c«ng 1 c¸i, thªm thÊt b¹i 0 c¸i, r¬i ®Êt 0 c¸i.
20260612-001525	INFO	COMMON	[AWARD_TEMPLATE] NhËn bé HHVH	thuong	SdachSM	tbProp	 [V« H¹ Hµo HiÖp LÖnh (Qu] Thªm thµnh c«ng 1 c¸i, thªm thÊt b¹i 0 c¸i, r¬i ®Êt 0 c¸i.
20260612-001525	INFO	COMMON	[AWARD_TEMPLATE] NhËn bé HHVH	thuong	SdachSM	tbProp	 [V« H¹ Hµo HiÖp LÖnh (Vò] Thªm thµnh c«ng 1 c¸i, thªm thÊt b¹i 0 c¸i, r¬i ®Êt 0 c¸i.
20260612-001525	INFO	COMMON	[AWARD_TEMPLATE] NhËn bé HHVH	thuong	SdachSM	tbProp	 [V« H¹ Hµo HiÖp LÖnh (Tr] Thªm thµnh c«ng 1 c¸i, thªm thÊt b¹i 0 c¸i, r¬i ®Êt 0 c¸i.
20260612-001533	INFO	COMMON	[V« H¹ Hµo HiÖp LÖnh (¸o]	thuong	SdachSM	¸o Hµo HiÖp-V« H¹	1	¸o Hµo HiÖp-V« H¹				Thªm thµnh c«ng 1 c¸i, thªm thÊt b¹i 0 c¸i, r¬i ®Êt 0 c¸i			0	90	3	0		192.168.70.1
20260612-001533	INFO	COMMON	[V« H¹ Hµo HiÖp LÖnh (¸o]	thuong	SdachSM	¸o Hµo HiÖp-V« H¹	Index:2 LineID:1571|1575|1579|1740|1765|1785								0	90	3	0		192.168.70.1
20260612-001620	INFO	COMMON	[AWARD_TEMPLATE] onKsgPlayerLogin received card, type = player	thuong	SdachSM	tbProp	 [Vâ L©m 2 Shiina] Thªm thµnh c«ng 1 c¸i, thªm thÊt b¹i 0 c¸i, r¬i ®Êt 0 c¸i.
20260612-001625	INFO	COMMON	[AWARD_TEMPLATE] AddJewelry	thuong	SdachSM	tbProp	 [NhÉn V« Cùc] Thªm thµnh c«ng 1 c¸i, thªm thÊt b¹i 0 c¸i, r¬i ®Êt 0 c¸i.
20260612-001625	INFO	COMMON	[AWARD_TEMPLATE] AddJewelry	thuong	SdachSM	tbProp	 [Minh Tinh Chi Giíi] Thªm thµnh c«ng 1 c¸i, thªm thÊt b¹i 0 c¸i, r¬i ®Êt 0 c¸i.
20260612-001649	INFO	COMMON	[AWARD_TEMPLATE] NhËn V¨n Søc Lv4	thuong	SdachSM	tbProp	 [Kh¾c B¶n Hoµn Mü CÊp 4 ] Thªm thµnh c«ng 1 c¸i, thªm thÊt b¹i 0 c¸i, r¬i ®Êt 0 c¸i.
20260612-001649	INFO	COMMON	[AWARD_TEMPLATE] NhËn V¨n Søc Lv4	thuong	SdachSM	tbProp	 [Kh¾c B¶n Hoµn Mü CÊp 4 ] Thªm thµnh c«ng 1 c¸i, thªm thÊt b¹i 0 c¸i, r¬i ®Êt 0 c¸i.
20260612-001649	INFO	COMMON	[AWARD_TEMPLATE] NhËn V¨n Søc Lv4	thuong	SdachSM	tbProp	 [Kh¾c B¶n Hoµn Mü CÊp 4 ] Thªm thµnh c«ng 1 c¸i, thªm thÊt b¹i 0 c¸i, r¬i ®Êt 0 c¸i.
20260612-001649	INFO	COMMON	[AWARD_TEMPLATE] NhËn V¨n Søc Lv4	thuong	SdachSM	tbProp	 [Kh¾c B¶n Hoµn Mü CÊp 4 ] Thªm thµnh c«ng 1 c¸i, thªm thÊt b¹i 0 c¸i, r¬i ®Êt 0 c¸i.
20260612-001649	INFO	COMMON	[AWARD_TEMPLATE] NhËn V¨n Søc Lv4	thuong	SdachSM	tbProp	 [Kh¾c B¶n Hoµn Mü CÊp 4 ] Thªm thµnh c«ng 1 c¸i, thªm thÊt b¹i 0 c¸i, r¬i ®Êt 0 c¸i.
20260612-001700	INFO	COMMON	[ArmoryBoxNbLv4] [AddItemEx:NhËn ®­îc vËt phÈm] [Role:SdachSM (acc:thuong)] [Item:TrÇm Sa Thiªn V¨n (0,116,35,1,4)]
20260612-001713	INFO	COMMON	[ArmoryBoxNbLv4] [AddItemEx:NhËn ®­îc vËt phÈm] [Role:SdachSM (acc:thuong)] [Item:ChÝch Viªm ChiÕn V¨n (0,113,34,1,4)]
20260612-001718	INFO	COMMON	[ArmoryBoxNbLv4] [AddItemEx:NhËn ®­îc vËt phÈm] [Role:SdachSM (acc:thuong)] [Item:L¹c Thñy HuyÒn V¨n (0,114,33,1,4)]
20260612-001725	INFO	COMMON	[ArmoryBoxNbLv4] [AddItemEx:NhËn ®­îc vËt phÈm] [Role:SdachSM (acc:thuong)] [Item:Xu©n Huy §iªu V¨n (0,115,32,1,4)]
20260612-001730	INFO	COMMON	[ArmoryBoxNbLv4] [AddItemEx:NhËn ®­îc vËt phÈm] [Role:SdachSM (acc:thuong)] [Item:Hóc D­¬ng Béi V¨n (0,117,31,1,4)]
20260612-001755	INFO	COMMON	[AWARD_TEMPLATE] NhËn NL C­êng Hãa V¨n Søc	thuong	SdachSM	tbProp	 [L­u Kim] Thªm thµnh c«ng 1 c¸i, thªm thÊt b¹i 0 c¸i, r¬i ®Êt 0 c¸i.
20260612-001755	INFO	COMMON	[AWARD_TEMPLATE] NhËn NL C­êng Hãa V¨n Søc	thuong	SdachSM	tbProp	 [Thiªn V¨n Th¹ch] Thªm thµnh c«ng 1 c¸i, thªm thÊt b¹i 0 c¸i, r¬i ®Êt 0 c¸i.
20260612-001755	INFO	COMMON	[AWARD_TEMPLATE] NhËn NL C­êng Hãa V¨n Søc	thuong	SdachSM	tbProp	 [Cæ Kim Th¹ch] Thªm thµnh c«ng 1 c¸i, thªm thÊt b¹i 0 c¸i, r¬i ®Êt 0 c¸i.
20260612-001755	INFO	COMMON	[AWARD_TEMPLATE] NhËn NL C­êng Hãa V¨n Søc	thuong	SdachSM	tbProp	 [§iÓm Tinh Ngäc-Nhá] Thªm thµnh c«ng 1 c¸i, thªm thÊt b¹i 0 c¸i, r¬i ®Êt 0 c¸i.
20260612-001901	INFO	COMMON	[AWARD_TEMPLATE] NhËn Kim Xµ cÊp 8	thuong	SdachSM	tbProp	 [Phi Phong Tinh Huy] Thªm thµnh c«ng 1 c¸i, thªm thÊt b¹i 0 c¸i, r¬i ®Êt 0 c¸i.
20260612-001901	INFO	COMMON	[AWARD_TEMPLATE] NhËn Kim Xµ cÊp 8	thuong	SdachSM	tbProp	 [Huy Ch­¬ng Tinh Huy] Thªm thµnh c«ng 1 c¸i, thªm thÊt b¹i 0 c¸i, r¬i ®Êt 0 c¸i.
20260612-001901	INFO	COMMON	[AWARD_TEMPLATE] NhËn Kim Xµ cÊp 8	thuong	SdachSM	tbProp	 [Giµy Tinh Huy] Thªm thµnh c«ng 1 c¸i, thªm thÊt b¹i 0 c¸i, r¬i ®Êt 0 c¸i.
20260612-001901	INFO	COMMON	[AWARD_TEMPLATE] NhËn Kim Xµ cÊp 8	thuong	SdachSM	tbProp	 [Phi Phong NguyÖt KhuyÕt] Thªm thµnh c«ng 1 c¸i, thªm thÊt b¹i 0 c¸i, r¬i ®Êt 0 c¸i.
20260612-001901	INFO	COMMON	[AWARD_TEMPLATE] NhËn Kim Xµ cÊp 8	thuong	SdachSM	tbProp	 [Huy Ch­¬ng NguyÖt KhuyÕ] Thªm thµnh c«ng 1 c¸i, thªm thÊt b¹i 0 c¸i, r¬i ®Êt 0 c¸i.
20260612-001901	INFO	COMMON	[AWARD_TEMPLATE] NhËn Kim Xµ cÊp 8	thuong	SdachSM	tbProp	 [Giµy NguyÖt KhuyÕt] Thªm thµnh c«ng 1 c¸i, thªm thÊt b¹i 0 c¸i, r¬i ®Êt 0 c¸i.
20260612-001901	INFO	COMMON	[AWARD_TEMPLATE] NhËn Kim Xµ cÊp 8	thuong	SdachSM	tbProp	 [Phi Phong Háa S¸t] Thªm thµnh c«ng 1 c¸i, thªm thÊt b¹i 0 c¸i, r¬i ®Êt 0 c¸i.
20260612-001901	INFO	COMMON	[AWARD_TEMPLATE] NhËn Kim Xµ cÊp 8	thuong	SdachSM	tbProp	 [Huy Ch­¬ng Háa S¸t] Thªm thµnh c«ng 1 c¸i, thªm thÊt b¹i 0 c¸i, r¬i ®Êt 0 c¸i.
20260612-001901	INFO	COMMON	[AWARD_TEMPLATE] NhËn Kim Xµ cÊp 8	thuong	SdachSM	tbProp	 [Giµy Háa S¸t] Thªm thµnh c«ng 1 c¸i, thªm thÊt b¹i 0 c¸i, r¬i ®Êt 0 c¸i.
20260612-001904	INFO	COMMON	[_tjl_player_syn_record]PlayerLogout	thuong	SdachSM	0	0
20260612-001911	INFO	COMMON	[kuafu share data(KF_SdachSM,0,2) not exist]	thuong	SdachSM										0	90	3	0		192.168.70.1
20260612-001911	INFO	COMMON	[kuafu share data(KF_SdachSM,0,3) not exist]	thuong	SdachSM										0	90	3	0		192.168.70.1
20260612-001911	INFO	COMMON	[kuafu share data(KF_SdachSM,0,5) not exist]	thuong	SdachSM										0	90	3	0		192.168.70.1
20260612-001911	INFO	COMMON	[kuafu share data(KF_SdachSM,0,6) not exist]	thuong	SdachSM										0	90	3	0		192.168.70.1
20260612-001911	INFO	COMMON	[kuafu share data(KF_SdachSM,0,7) not exist]	thuong	SdachSM										0	90	3	0		192.168.70.1
20260612-001911	INFO	COMMON	[kuafu share data(KF_SdachSM,0,8) not exist]	thuong	SdachSM										0	90	3	0		192.168.70.1
20260612-001911	INFO	COMMON	[kuafu share data(KF_SdachSM,0,9) not exist]	thuong	SdachSM										0	90	3	0		192.168.70.1
20260612-001911	INFO	COMMON	[kuafu share data(KF_SdachSM,0,10) not exist]	thuong	SdachSM										0	90	3	0		192.168.70.1
20260612-001911	INFO	COMMON	[kuafu share data(KF_SdachSM,0,11) not exist]	thuong	SdachSM										0	90	3	0		192.168.70.1
20260612-001911	INFO	COMMON	[kuafu share data(KF_SdachSM,0,12) not exist]	thuong	SdachSM										0	90	3	0		192.168.70.1
20260612-001911	INFO	COMMON	[kuafu share data(KF_SdachSM,0,13) not exist]	thuong	SdachSM										0	90	3	0		192.168.70.1
20260612-001911	INFO	COMMON	[kuafu share data(KF_SdachSM,0,14) not exist]	thuong	SdachSM										0	90	3	0		192.168.70.1
20260612-001911	INFO	COMMON	[kuafu share data(KF_SdachSM,0,15) not exist]	thuong	SdachSM										0	90	3	0		192.168.70.1
20260612-001942	INFO	COMMON	[AWARD_TEMPLATE] NhËn Kim Xµ cÊp 7	thuong	SdachSM	tbProp	 [Phi Phong S¸t Lang] Thªm thµnh c«ng 1 c¸i, thªm thÊt b¹i 0 c¸i, r¬i ®Êt 0 c¸i.
20260612-001942	INFO	COMMON	[AWARD_TEMPLATE] NhËn Kim Xµ cÊp 7	thuong	SdachSM	tbProp	 [Huy Ch­¬ng S¸t Lang] Thªm thµnh c«ng 1 c¸i, thªm thÊt b¹i 0 c¸i, r¬i ®Êt 0 c¸i.
20260612-001942	INFO	COMMON	[AWARD_TEMPLATE] NhËn Kim Xµ cÊp 7	thuong	SdachSM	tbProp	 [Giµy S¸t Lang] Thªm thµnh c«ng 1 c¸i, thªm thÊt b¹i 0 c¸i, r¬i ®Êt 0 c¸i.
20260612-001942	INFO	COMMON	[AWARD_TEMPLATE] NhËn Kim Xµ cÊp 7	thuong	SdachSM	tbProp	 [Phi Phong Méng S¸t] Thªm thµnh c«ng 1 c¸i, thªm thÊt b¹i 0 c¸i, r¬i ®Êt 0 c¸i.
20260612-001942	INFO	COMMON	[AWARD_TEMPLATE] NhËn Kim Xµ cÊp 7	thuong	SdachSM	tbProp	 [Huy Ch­¬ng Méng S¸t] Thªm thµnh c«ng 1 c¸i, thªm thÊt b¹i 0 c¸i, r¬i ®Êt 0 c¸i.
20260612-001942	INFO	COMMON	[AWARD_TEMPLATE] NhËn Kim Xµ cÊp 7	thuong	SdachSM	tbProp	 [Giµy Méng S¸t] Thªm thµnh c«ng 1 c¸i, thªm thÊt b¹i 0 c¸i, r¬i ®Êt 0 c¸i.
20260612-001942	INFO	COMMON	[AWARD_TEMPLATE] NhËn Kim Xµ cÊp 7	thuong	SdachSM	tbProp	 [Phi Phong NhuÖ Nha] Thªm thµnh c«ng 1 c¸i, thªm thÊt b¹i 0 c¸i, r¬i ®Êt 0 c¸i.
20260612-001942	INFO	COMMON	[AWARD_TEMPLATE] NhËn Kim Xµ cÊp 7	thuong	SdachSM	tbProp	 [Huy Ch­¬ng NhuÖ Nha] Thªm thµnh c«ng 1 c¸i, thªm thÊt b¹i 0 c¸i, r¬i ®Êt 0 c¸i.
20260612-001942	INFO	COMMON	[AWARD_TEMPLATE] NhËn Kim Xµ cÊp 7	thuong	SdachSM	tbProp	 [Giµy NhuÖ Nha] Thªm thµnh c«ng 1 c¸i, thªm thÊt b¹i 0 c¸i, r¬i ®Êt 0 c¸i.
20260612-002001	INFO	COMMON	[AWARD_TEMPLATE] AddJewelry	thuong	SdachSM	tbProp	 [Tèng-Chu T­íc T­íng LÖn] Thªm thµnh c«ng 1 c¸i, thªm thÊt b¹i 0 c¸i, r¬i ®Êt 0 c¸i.
20260612-002001	INFO	COMMON	[AWARD_TEMPLATE] AddJewelry	thuong	SdachSM	tbProp	 [Tèng-Chu T­íc T­íng LÖn] Thªm thµnh c«ng 1 c¸i, thªm thÊt b¹i 0 c¸i, r¬i ®Êt 0 c¸i.
20260612-002001	INFO	COMMON	[AWARD_TEMPLATE] AddJewelry	thuong	SdachSM	tbProp	 [Tèng-Chu T­íc T­íng LÖn] Thªm thµnh c«ng 1 c¸i, thªm thÊt b¹i 0 c¸i, r¬i ®Êt 0 c¸i.
20260612-002108	INFO	COMMON	[AWARD_TEMPLATE] NhËn Kim Xµ cÊp 8	thuong	SdachSM	tbProp	 [Phi Phong Tinh Huy] Thªm thµnh c«ng 1 c¸i, thªm thÊt b¹i 0 c¸i, r¬i ®Êt 0 c¸i.
20260612-002108	INFO	COMMON	[AWARD_TEMPLATE] NhËn Kim Xµ cÊp 8	thuong	SdachSM	tbProp	 [Huy Ch­¬ng Tinh Huy] Thªm thµnh c«ng 1 c¸i, thªm thÊt b¹i 0 c¸i, r¬i ®Êt 0 c¸i.
20260612-002108	INFO	COMMON	[AWARD_TEMPLATE] NhËn Kim Xµ cÊp 8	thuong	SdachSM	tbProp	 [Giµy Tinh Huy] Thªm thµnh c«ng 1 c¸i, thªm thÊt b¹i 0 c¸i, r¬i ®Êt 0 c¸i.
20260612-002108	INFO	COMMON	[AWARD_TEMPLATE] NhËn Kim Xµ cÊp 8	thuong	SdachSM	tbProp	 [Phi Phong NguyÖt KhuyÕt] Thªm thµnh c«ng 1 c¸i, thªm thÊt b¹i 0 c¸i, r¬i ®Êt 0 c¸i.
20260612-002108	INFO	COMMON	[AWARD_TEMPLATE] NhËn Kim Xµ cÊp 8	thuong	SdachSM	tbProp	 [Huy Ch­¬ng NguyÖt KhuyÕ] Thªm thµnh c«ng 1 c¸i, thªm thÊt b¹i 0 c¸i, r¬i ®Êt 0 c¸i.
20260612-002108	INFO	COMMON	[AWARD_TEMPLATE] NhËn Kim Xµ cÊp 8	thuong	SdachSM	tbProp	 [Giµy NguyÖt KhuyÕt] Thªm thµnh c«ng 1 c¸i, thªm thÊt b¹i 0 c¸i, r¬i ®Êt 0 c¸i.
20260612-002108	INFO	COMMON	[AWARD_TEMPLATE] NhËn Kim Xµ cÊp 8	thuong	SdachSM	tbProp	 [Phi Phong Háa S¸t] Thªm thµnh c«ng 1 c¸i, thªm thÊt b¹i 0 c¸i, r¬i ®Êt 0 c¸i.
20260612-002108	INFO	COMMON	[AWARD_TEMPLATE] NhËn Kim Xµ cÊp 8	thuong	SdachSM	tbProp	 [Huy Ch­¬ng Háa S¸t] Thªm thµnh c«ng 1 c¸i, thªm thÊt b¹i 0 c¸i, r¬i ®Êt 0 c¸i.
20260612-002108	INFO	COMMON	[AWARD_TEMPLATE] NhËn Kim Xµ cÊp 8	thuong	SdachSM	tbProp	 [Giµy Háa S¸t] Thªm thµnh c«ng 1 c¸i, thªm thÊt b¹i 0 c¸i, r¬i ®Êt 0 c¸i.
20260612-002112	INFO	COMMON	[AWARD_TEMPLATE] onKsgPlayerLogin received card, type = player	thuong	SdachSM	tbProp	 [Vâ L©m 2 Shiina] Thªm thµnh c«ng 1 c¸i, thªm thÊt b¹i 0 c¸i, r¬i ®Êt 0 c¸i.
20260612-002120	INFO	COMMON	[AWARD_TEMPLATE] AddJewelry	thuong	SdachSM	tbProp	 [Tèng-Uy Hæ T­íng Qu©n L] Thªm thµnh c«ng 1 c¸i, thªm thÊt b¹i 0 c¸i, r¬i ®Êt 0 c¸i.
20260612-002120	INFO	COMMON	[AWARD_TEMPLATE] AddJewelry	thuong	SdachSM	tbProp	 [Tèng-Uy Hæ T­íng Qu©n L] Thªm thµnh c«ng 1 c¸i, thªm thÊt b¹i 0 c¸i, r¬i ®Êt 0 c¸i.
20260612-002120	INFO	COMMON	[AWARD_TEMPLATE] AddJewelry	thuong	SdachSM	tbProp	 [Tèng-Uy Hæ T­íng Qu©n L] Thªm thµnh c«ng 1 c¸i, thªm thÊt b¹i 0 c¸i, r¬i ®Êt 0 c¸i.
20260612-002128	INFO	COMMON	[AWARD_TEMPLATE] NhËn bé Ph¸ Hån	thuong	SdachSM	tbProp	 [Ph¸ Hån LÖnh (§Çu)] Thªm thµnh c«ng 1 c¸i, thªm thÊt b¹i 0 c¸i, r¬i ®Êt 0 c¸i.
20260612-002128	INFO	COMMON	[AWARD_TEMPLATE] NhËn bé Ph¸ Hån	thuong	SdachSM	tbProp	 [Ph¸ Hån LÖnh (¸o)] Thªm thµnh c«ng 1 c¸i, thªm thÊt b¹i 0 c¸i, r¬i ®Êt 0 c¸i.
20260612-002128	INFO	COMMON	[AWARD_TEMPLATE] NhËn bé Ph¸ Hån	thuong	SdachSM	tbProp	 [Ph¸ Hån LÖnh (QuÇn)] Thªm thµnh c«ng 1 c¸i, thªm thÊt b¹i 0 c¸i, r¬i ®Êt 0 c¸i.
20260612-002128	INFO	COMMON	[AWARD_TEMPLATE] NhËn bé Ph¸ Hån	thuong	SdachSM	tbProp	 [Ph¸ Hån LÖnh (Vò KhÝ)] Thªm thµnh c«ng 1 c¸i, thªm thÊt b¹i 0 c¸i, r¬i ®Êt 0 c¸i.
20260612-002128	INFO	COMMON	[AWARD_TEMPLATE] NhËn bé Ph¸ Hån	thuong	SdachSM	tbProp	 [Ph¸ Hån LÖnh (Trang Søc] Thªm thµnh c«ng 1 c¸i, thªm thÊt b¹i 0 c¸i, r¬i ®Êt 0 c¸i.
20260612-002134	INFO	COMMON	[Ph¸ Hån LÖnh (QuÇn)]	thuong	SdachSM	QuÇn Ph¸ Hån	1	QuÇn Ph¸ Hån				Thªm thµnh c«ng 1 c¸i, thªm thÊt b¹i 0 c¸i, r¬i ®Êt 0 c¸i			0	90	3	0		192.168.70.1
20260612-002134	INFO	COMMON	[Ph¸ Hån LÖnh (QuÇn)]	thuong	SdachSM	QuÇn Ph¸ Hån	Index:43 LineID:3213|10000|0|3215|3225|3232								0	90	3	0		192.168.70.1
20260612-002141	INFO	COMMON	[AWARD_TEMPLATE] NhËn bé Ph¸ Hån	thuong	SdachSM	tbProp	 [Ph¸ Hån LÖnh (§Çu)] Thªm thµnh c«ng 1 c¸i, thªm thÊt b¹i 0 c¸i, r¬i ®Êt 0 c¸i.
20260612-002141	INFO	COMMON	[AWARD_TEMPLATE] NhËn bé Ph¸ Hån	thuong	SdachSM	tbProp	 [Ph¸ Hån LÖnh (¸o)] Thªm thµnh c«ng 1 c¸i, thªm thÊt b¹i 0 c¸i, r¬i ®Êt 0 c¸i.
20260612-002141	INFO	COMMON	[AWARD_TEMPLATE] NhËn bé Ph¸ Hån	thuong	SdachSM	tbProp	 [Ph¸ Hån LÖnh (QuÇn)] Thªm thµnh c«ng 1 c¸i, thªm thÊt b¹i 0 c¸i, r¬i ®Êt 0 c¸i.
20260612-002141	INFO	COMMON	[AWARD_TEMPLATE] NhËn bé Ph¸ Hån	thuong	SdachSM	tbProp	 [Ph¸ Hån LÖnh (Vò KhÝ)] Thªm thµnh c«ng 1 c¸i, thªm thÊt b¹i 0 c¸i, r¬i ®Êt 0 c¸i.
20260612-002141	INFO	COMMON	[AWARD_TEMPLATE] NhËn bé Ph¸ Hån	thuong	SdachSM	tbProp	 [Ph¸ Hån LÖnh (Trang Søc] Thªm thµnh c«ng 1 c¸i, thªm thÊt b¹i 0 c¸i, r¬i ®Êt 0 c¸i.
20260612-002145	INFO	COMMON	[AWARD_TEMPLATE] onKsgPlayerLogin received card, type = player	thuong	SdachSM	tbProp	 [Vâ L©m 2 Shiina] Thªm thµnh c«ng 1 c¸i, thªm thÊt b¹i 0 c¸i, r¬i ®Êt 0 c¸i.
20260612-002153	INFO	COMMON	[AWARD_TEMPLATE] NhËn bé Ph¸ Hån	thuong	SdachSM	tbProp	 [Ph¸ Hån LÖnh (§Çu)] Thªm thµnh c«ng 1 c¸i, thªm thÊt b¹i 0 c¸i, r¬i ®Êt 0 c¸i.
20260612-002153	INFO	COMMON	[AWARD_TEMPLATE] NhËn bé Ph¸ Hån	thuong	SdachSM	tbProp	 [Ph¸ Hån LÖnh (¸o)] Thªm thµnh c«ng 1 c¸i, thªm thÊt b¹i 0 c¸i, r¬i ®Êt 0 c¸i.
20260612-002153	INFO	COMMON	[AWARD_TEMPLATE] NhËn bé Ph¸ Hån	thuong	SdachSM	tbProp	 [Ph¸ Hån LÖnh (QuÇn)] Thªm thµnh c«ng 1 c¸i, thªm thÊt b¹i 0 c¸i, r¬i ®Êt 0 c¸i.
20260612-002153	INFO	COMMON	[AWARD_TEMPLATE] NhËn bé Ph¸ Hån	thuong	SdachSM	tbProp	 [Ph¸ Hån LÖnh (Vò KhÝ)] Thªm thµnh c«ng 1 c¸i, thªm thÊt b¹i 0 c¸i, r¬i ®Êt 0 c¸i.
20260612-002153	INFO	COMMON	[AWARD_TEMPLATE] NhËn bé Ph¸ Hån	thuong	SdachSM	tbProp	 [Ph¸ Hån LÖnh (Trang Søc] Thªm thµnh c«ng 1 c¸i, thªm thÊt b¹i 0 c¸i, r¬i ®Êt 0 c¸i.
20260612-002156	INFO	COMMON	[AWARD_TEMPLATE] NhËn bé S¸t Tinh	thuong	SdachSM	tbProp	 [S¸t Tinh LÖnh Bµi (§Çu)] Thªm thµnh c«ng 1 c¸i, thªm thÊt b¹i 0 c¸i, r¬i ®Êt 0 c¸i.
20260612-002156	INFO	COMMON	[AWARD_TEMPLATE] NhËn bé S¸t Tinh	thuong	SdachSM	tbProp	 [S¸t Tinh LÖnh Bµi (¸o)] Thªm thµnh c«ng 1 c¸i, thªm thÊt b¹i 0 c¸i, r¬i ®Êt 0 c¸i.
20260612-002156	INFO	COMMON	[AWARD_TEMPLATE] NhËn bé S¸t Tinh	thuong	SdachSM	tbProp	 [S¸t Tinh LÖnh Bµi (QuÇn] Thªm thµnh c«ng 1 c¸i, thªm thÊt b¹i 0 c¸i, r¬i ®Êt 0 c¸i.
20260612-002156	INFO	COMMON	[AWARD_TEMPLATE] NhËn bé S¸t Tinh	thuong	SdachSM	tbProp	 [S¸t Tinh LÖnh Bµi (Vò K] Thªm thµnh c«ng 1 c¸i, thªm thÊt b¹i 0 c¸i, r¬i ®Êt 0 c¸i.
20260612-002156	INFO	COMMON	[AWARD_TEMPLATE] NhËn bé S¸t Tinh	thuong	SdachSM	tbProp	 [S¸t Tinh LÖnh Bµi (Tran] Thªm thµnh c«ng 1 c¸i, thªm thÊt b¹i 0 c¸i, r¬i ®Êt 0 c¸i.
20260612-002201	INFO	COMMON	[AWARD_TEMPLATE] NhËn bé HHVH	thuong	SdachSM	tbProp	 [V« H¹ Hµo HiÖp LÖnh (Nã] Thªm thµnh c«ng 1 c¸i, thªm thÊt b¹i 0 c¸i, r¬i ®Êt 0 c¸i.
20260612-002201	INFO	COMMON	[AWARD_TEMPLATE] NhËn bé HHVH	thuong	SdachSM	tbProp	 [V« H¹ Hµo HiÖp LÖnh (¸o] Thªm thµnh c«ng 1 c¸i, thªm thÊt b¹i 0 c¸i, r¬i ®Êt 0 c¸i.
20260612-002201	INFO	COMMON	[AWARD_TEMPLATE] NhËn bé HHVH	thuong	SdachSM	tbProp	 [V« H¹ Hµo HiÖp LÖnh (Qu] Thªm thµnh c«ng 1 c¸i, thªm thÊt b¹i 0 c¸i, r¬i ®Êt 0 c¸i.
20260612-002201	INFO	COMMON	[AWARD_TEMPLATE] NhËn bé HHVH	thuong	SdachSM	tbProp	 [V« H¹ Hµo HiÖp LÖnh (Vò] Thªm thµnh c«ng 1 c¸i, thªm thÊt b¹i 0 c¸i, r¬i ®Êt 0 c¸i.
20260612-002201	INFO	COMMON	[AWARD_TEMPLATE] NhËn bé HHVH	thuong	SdachSM	tbProp	 [V« H¹ Hµo HiÖp LÖnh (Tr] Thªm thµnh c«ng 1 c¸i, thªm thÊt b¹i 0 c¸i, r¬i ®Êt 0 c¸i.
20260612-002205	INFO	COMMON	[AWARD_TEMPLATE] NhËn phiÕu vµ vÐ ®æi ngo¹i trang	thuong	SdachSM	tbProp	 [VËt phÈm Xu] Thªm thµnh c«ng 1 c¸i, thªm thÊt b¹i 0 c¸i, r¬i ®Êt 0 c¸i.
20260612-002214	INFO	COMMON	[AWARD_TEMPLATE] NhËn phiÕu vµ vÐ ®æi ngo¹i trang	thuong	SdachSM	tbProp	 [VËt phÈm Xu] Thªm thµnh c«ng 1 c¸i, thªm thÊt b¹i 0 c¸i, r¬i ®Êt 0 c¸i.
20260612-002219	INFO	COMMON	[AWARD_TEMPLATE] Thó c­ìi chuyÓn sinh 10	thuong	SdachSM	tbProp	 [Cöu VÜ TuyÕt Hå] Thªm thµnh c«ng 1 c¸i, thªm thÊt b¹i 0 c¸i, r¬i ®Êt 0 c¸i.Thêi gian tån t¹i vËt phÈm ®­îc ®Æt thµnh 2592000 gi©y
20260612-002219	INFO	COMMON	[AWARD_TEMPLATE] NhËn Ên Long Tö Ên	thuong	SdachSM	tbProp	 [Long Tö Ên] Thªm thµnh c«ng 1 c¸i, thªm thÊt b¹i 0 c¸i, r¬i ®Êt 0 c¸i.
20260612-002219	INFO	COMMON	[AWARD_TEMPLATE] NhËn ngo¹i trang chuyÓn sinh 10	thuong	SdachSM	tbProp	 [Thanh S­¬ng tr©m] Thªm thµnh c«ng 1 c¸i, thªm thÊt b¹i 0 c¸i, r¬i ®Êt 0 c¸i.
20260612-002219	INFO	COMMON	[AWARD_TEMPLATE] NhËn ngo¹i trang chuyÓn sinh 10	thuong	SdachSM	tbProp	 [Thanh S­¬ng ¸o] Thªm thµnh c«ng 1 c¸i, thªm thÊt b¹i 0 c¸i, r¬i ®Êt 0 c¸i.
20260612-002219	INFO	COMMON	[AWARD_TEMPLATE] NhËn ngo¹i trang chuyÓn sinh 10	thuong	SdachSM	tbProp	 [Thanh S­¬ng trang] Thªm thµnh c«ng 1 c¸i, thªm thÊt b¹i 0 c¸i, r¬i ®Êt 0 c¸i.
20260612-002219	INFO	COMMON	[AWARD_TEMPLATE] NhËn ngo¹i trang chuyÓn sinh 10	thuong	SdachSM	tbProp	 [Long 10-H] Thªm thµnh c«ng 1 c¸i, thªm thÊt b¹i 0 c¸i, r¬i ®Êt 0 c¸i.
20260612-002219	INFO	COMMON	[AWARD_TEMPLATE] NhËn ngo¹i trang chuyÓn sinh 10	thuong	SdachSM	tbProp	 [Long 10-C] Thªm thµnh c«ng 1 c¸i, thªm thÊt b¹i 0 c¸i, r¬i ®Êt 0 c¸i.
20260612-002219	INFO	COMMON	[AWARD_TEMPLATE] NhËn ngo¹i trang chuyÓn sinh 10	thuong	SdachSM	tbProp	 [Long 10-T] Thªm thµnh c«ng 1 c¸i, thªm thÊt b¹i 0 c¸i, r¬i ®Êt 0 c¸i.
20260612-002316	INFO	COMMON	[AWARD_TEMPLATE] NhËn Ên Phông Tö Ên	thuong	SdachSM	tbProp	 [Phông Tö Ên] Thªm thµnh c«ng 1 c¸i, thªm thÊt b¹i 0 c¸i, r¬i ®Êt 0 c¸i.
20260612-002316	INFO	COMMON	[AWARD_TEMPLATE] NhËn ngo¹i trang chuyÓn sinh 10	thuong	SdachSM	tbProp	 [Thanh S­¬ng tr©m] Thªm thµnh c«ng 1 c¸i, thªm thÊt b¹i 0 c¸i, r¬i ®Êt 0 c¸i.
20260612-002316	INFO	COMMON	[AWARD_TEMPLATE] NhËn ngo¹i trang chuyÓn sinh 10	thuong	SdachSM	tbProp	 [Thanh S­¬ng ¸o] Thªm thµnh c«ng 1 c¸i, thªm thÊt b¹i 0 c¸i, r¬i ®Êt 0 c¸i.
20260612-002316	INFO	COMMON	[AWARD_TEMPLATE] NhËn ngo¹i trang chuyÓn sinh 10	thuong	SdachSM	tbProp	 [Thanh S­¬ng trang] Thªm thµnh c«ng 1 c¸i, thªm thÊt b¹i 0 c¸i, r¬i ®Êt 0 c¸i.
20260612-002316	INFO	COMMON	[AWARD_TEMPLATE] NhËn ngo¹i trang chuyÓn sinh 10	thuong	SdachSM	tbProp	 [Phông 10-H] Thªm thµnh c«ng 1 c¸i, thªm thÊt b¹i 0 c¸i, r¬i ®Êt 0 c¸i.
20260612-002316	INFO	COMMON	[AWARD_TEMPLATE] NhËn ngo¹i trang chuyÓn sinh 10	thuong	SdachSM	tbProp	 [Phông 10-C] Thªm thµnh c«ng 1 c¸i, thªm thÊt b¹i 0 c¸i, r¬i ®Êt 0 c¸i.
20260612-002316	INFO	COMMON	[AWARD_TEMPLATE] NhËn ngo¹i trang chuyÓn sinh 10	thuong	SdachSM	tbProp	 [Phông 10-T] Thªm thµnh c«ng 1 c¸i, thªm thÊt b¹i 0 c¸i, r¬i ®Êt 0 c¸i.
20260612-002337	INFO	COMMON	Hãa C¶nh Tinh Hån kÝch ho¹t Name=SdachSM PreLevel=0 CurLevel=1
20260612-002337	INFO	COMMON	Hãa C¶nh Tinh Hån kÝch ho¹t Name=SdachSM PreLevel=1 CurLevel=2
20260612-002337	INFO	COMMON	Hãa C¶nh Tinh Hån kÝch ho¹t Name=SdachSM PreLevel=2 CurLevel=3
20260612-002337	INFO	COMMON	Hãa C¶nh Tinh Hån kÝch ho¹t Name=SdachSM PreLevel=3 CurLevel=4
20260612-002337	INFO	COMMON	Hãa C¶nh Tinh Hån kÝch ho¹t Name=SdachSM PreLevel=4 CurLevel=5
20260612-002337	INFO	COMMON	Hãa C¶nh Tinh Hån kÝch ho¹t Name=SdachSM PreLevel=5 CurLevel=6
20260612-002337	INFO	COMMON	Hãa C¶nh Tinh Hån kÝch ho¹t Name=SdachSM PreLevel=6 CurLevel=7
20260612-002337	INFO	COMMON	Hãa C¶nh Tinh Hån kÝch ho¹t Name=SdachSM PreLevel=7 CurLevel=8
20260612-002337	INFO	COMMON	Hãa C¶nh Tinh Hån kÝch ho¹t Name=SdachSM PreLevel=8 CurLevel=9
20260612-002337	INFO	COMMON	Hãa C¶nh Tinh Hån kÝch ho¹t Name=SdachSM PreLevel=9 CurLevel=10
20260612-002337	INFO	COMMON	Hãa C¶nh Tinh Hån kÝch ho¹t Name=SdachSM PreLevel=10 CurLevel=11
20260612-002337	INFO	COMMON	Hãa C¶nh Tinh Hån kÝch ho¹t Name=SdachSM PreLevel=11 CurLevel=12
20260612-002337	INFO	COMMON	Hãa C¶nh Tinh Hån kÝch ho¹t Name=SdachSM PreLevel=12 CurLevel=13
20260612-002337	INFO	COMMON	Hãa C¶nh Tinh Hån kÝch ho¹t Name=SdachSM PreLevel=13 CurLevel=14
20260612-002337	INFO	COMMON	Hãa C¶nh Tinh Hån kÝch ho¹t Name=SdachSM PreLevel=14 CurLevel=15
20260612-002337	INFO	COMMON	Hãa C¶nh Tinh Hån kÝch ho¹t Name=SdachSM PreLevel=15 CurLevel=16
20260612-002337	INFO	COMMON	Hãa C¶nh Tinh Hån kÝch ho¹t Name=SdachSM PreLevel=16 CurLevel=17
20260612-002337	INFO	COMMON	Hãa C¶nh Tinh Hån kÝch ho¹t Name=SdachSM PreLevel=17 CurLevel=18
20260612-002337	INFO	COMMON	Hãa C¶nh Tinh Hån kÝch ho¹t Name=SdachSM PreLevel=18 CurLevel=19
20260612-002337	INFO	COMMON	Hãa C¶nh Tinh Hån kÝch ho¹t Name=SdachSM PreLevel=19 CurLevel=20
20260612-002337	INFO	COMMON	Hãa C¶nh Tinh Hån kÝch ho¹t Name=SdachSM PreLevel=20 CurLevel=21
20260612-002337	INFO	COMMON	Hãa C¶nh Tinh Hån kÝch ho¹t Name=SdachSM PreLevel=21 CurLevel=22
20260612-002337	INFO	COMMON	Hãa C¶nh Tinh Hån kÝch ho¹t Name=SdachSM PreLevel=22 CurLevel=23
20260612-002337	INFO	COMMON	Hãa C¶nh Tinh Hån kÝch ho¹t Name=SdachSM PreLevel=23 CurLevel=24
20260612-002337	INFO	COMMON	Hãa C¶nh Tinh Hån kÝch ho¹t Name=SdachSM PreLevel=24 CurLevel=25
20260612-002337	INFO	COMMON	Hãa C¶nh Tinh Hån kÝch ho¹t Name=SdachSM PreLevel=25 CurLevel=26
20260612-002337	INFO	COMMON	Hãa C¶nh Tinh Hån kÝch ho¹t Name=SdachSM PreLevel=26 CurLevel=27
20260612-002337	INFO	COMMON	Hãa C¶nh Tinh Hån kÝch ho¹t Name=SdachSM PreLevel=27 CurLevel=28
20260612-002337	INFO	COMMON	Hãa C¶nh Tinh Hån kÝch ho¹t Name=SdachSM PreLevel=28 CurLevel=29
20260612-002337	INFO	COMMON	Hãa C¶nh Tinh Hån kÝch ho¹t Name=SdachSM PreLevel=29 CurLevel=30
20260612-002337	INFO	COMMON	Hãa C¶nh Tinh Hån kÝch ho¹t Name=SdachSM PreLevel=30 CurLevel=31
20260612-002337	INFO	COMMON	Hãa C¶nh Tinh Hån kÝch ho¹t Name=SdachSM PreLevel=31 CurLevel=32
20260612-002337	INFO	COMMON	Hãa C¶nh Tinh Hån kÝch ho¹t Name=SdachSM PreLevel=32 CurLevel=33
20260612-002337	INFO	COMMON	Hãa C¶nh Tinh Hån kÝch ho¹t Name=SdachSM PreLevel=33 CurLevel=34
20260612-002337	INFO	COMMON	Hãa C¶nh Tinh Hån kÝch ho¹t Name=SdachSM PreLevel=34 CurLevel=35
20260612-002337	INFO	COMMON	Hãa C¶nh Tinh Hån kÝch ho¹t Name=SdachSM PreLevel=35 CurLevel=36
20260612-002337	INFO	COMMON	Hãa C¶nh Tinh Hån kÝch ho¹t Name=SdachSM PreLevel=36 CurLevel=37
20260612-002337	INFO	COMMON	Hãa C¶nh Tinh Hån kÝch ho¹t Name=SdachSM PreLevel=37 CurLevel=38
20260612-002337	INFO	COMMON	Hãa C¶nh Tinh Hån kÝch ho¹t Name=SdachSM PreLevel=38 CurLevel=39
20260612-002337	INFO	COMMON	Hãa C¶nh Tinh Hån kÝch ho¹t Name=SdachSM PreLevel=39 CurLevel=40
20260612-002337	INFO	COMMON	Hãa C¶nh Tinh Hån kÝch ho¹t Name=SdachSM PreLevel=40 CurLevel=41
20260612-002337	INFO	COMMON	Hãa C¶nh Tinh Hån kÝch ho¹t Name=SdachSM PreLevel=41 CurLevel=42
20260612-002337	INFO	COMMON	Hãa C¶nh Tinh Hån kÝch ho¹t Name=SdachSM PreLevel=42 CurLevel=43
20260612-002337	INFO	COMMON	Hãa C¶nh Tinh Hån kÝch ho¹t Name=SdachSM PreLevel=43 CurLevel=44
20260612-002337	INFO	COMMON	Hãa C¶nh Tinh Hån kÝch ho¹t Name=SdachSM PreLevel=44 CurLevel=45
20260612-002337	INFO	COMMON	Hãa C¶nh Tinh Hån kÝch ho¹t Name=SdachSM PreLevel=45 CurLevel=46
20260612-002337	INFO	COMMON	Hãa C¶nh Tinh Hån kÝch ho¹t Name=SdachSM PreLevel=46 CurLevel=47
20260612-002337	INFO	COMMON	Hãa C¶nh Tinh Hån kÝch ho¹t Name=SdachSM PreLevel=47 CurLevel=48
20260612-002337	INFO	COMMON	Hãa C¶nh Tinh Hån kÝch ho¹t Name=SdachSM PreLevel=48 CurLevel=49
20260612-002337	INFO	COMMON	Hãa C¶nh Tinh Hån kÝch ho¹t Name=SdachSM PreLevel=49 CurLevel=50
20260612-002337	INFO	COMMON	Hãa C¶nh Tinh Hån kÝch ho¹t Name=SdachSM PreLevel=50 CurLevel=51
20260612-002337	INFO	COMMON	Hãa C¶nh Tinh Hån kÝch ho¹t Name=SdachSM PreLevel=51 CurLevel=52
20260612-002337	INFO	COMMON	Hãa C¶nh Tinh Hån kÝch ho¹t Name=SdachSM PreLevel=52 CurLevel=53
20260612-002337	INFO	COMMON	Hãa C¶nh Tinh Hån kÝch ho¹t Name=SdachSM PreLevel=53 CurLevel=54
20260612-002337	INFO	COMMON	Hãa C¶nh Tinh Hån kÝch ho¹t Name=SdachSM PreLevel=54 CurLevel=55
20260612-002337	INFO	COMMON	Hãa C¶nh Tinh Hån kÝch ho¹t Name=SdachSM PreLevel=55 CurLevel=56
20260612-002337	INFO	COMMON	Hãa C¶nh Tinh Hån kÝch ho¹t Name=SdachSM PreLevel=56 CurLevel=57
20260612-002337	INFO	COMMON	Hãa C¶nh Tinh Hån kÝch ho¹t Name=SdachSM PreLevel=57 CurLevel=58
20260612-002337	INFO	COMMON	Hãa C¶nh Tinh Hån kÝch ho¹t Name=SdachSM PreLevel=58 CurLevel=59
20260612-002337	INFO	COMMON	Hãa C¶nh Tinh Hån kÝch ho¹t Name=SdachSM PreLevel=59 CurLevel=60
20260612-002337	INFO	COMMON	Hãa C¶nh Tinh Hån kÝch ho¹t Name=SdachSM PreLevel=60 CurLevel=61
20260612-002337	INFO	COMMON	Hãa C¶nh Tinh Hån kÝch ho¹t Name=SdachSM PreLevel=61 CurLevel=62
20260612-002337	INFO	COMMON	Hãa C¶nh Tinh Hån kÝch ho¹t Name=SdachSM PreLevel=62 CurLevel=63
20260612-002337	INFO	COMMON	Hãa C¶nh Tinh Hån kÝch ho¹t Name=SdachSM PreLevel=63 CurLevel=64
20260612-002337	INFO	COMMON	Hãa C¶nh Tinh Hån kÝch ho¹t Name=SdachSM PreLevel=64 CurLevel=65
20260612-002337	INFO	COMMON	Hãa C¶nh Tinh Hån kÝch ho¹t Name=SdachSM PreLevel=65 CurLevel=66
20260612-002337	INFO	COMMON	Hãa C¶nh Tinh Hån kÝch ho¹t Name=SdachSM PreLevel=66 CurLevel=67
20260612-002337	INFO	COMMON	Hãa C¶nh Tinh Hån kÝch ho¹t Name=SdachSM PreLevel=67 CurLevel=68
20260612-002337	INFO	COMMON	Hãa C¶nh Tinh Hån kÝch ho¹t Name=SdachSM PreLevel=68 CurLevel=69
20260612-002337	INFO	COMMON	Hãa C¶nh Tinh Hån kÝch ho¹t Name=SdachSM PreLevel=69 CurLevel=70
20260612-002337	INFO	COMMON	Hãa C¶nh Tinh Hån kÝch ho¹t Name=SdachSM PreLevel=70 CurLevel=71
20260612-002337	INFO	COMMON	Hãa C¶nh Tinh Hån kÝch ho¹t Name=SdachSM PreLevel=71 CurLevel=72
20260612-002337	INFO	COMMON	Hãa C¶nh Tinh Hån kÝch ho¹t Name=SdachSM PreLevel=72 CurLevel=73
20260612-002337	INFO	COMMON	Hãa C¶nh Tinh Hån kÝch ho¹t Name=SdachSM PreLevel=73 CurLevel=74
20260612-002337	INFO	COMMON	Hãa C¶nh Tinh Hån kÝch ho¹t Name=SdachSM PreLevel=74 CurLevel=75
20260612-002337	INFO	COMMON	Hãa C¶nh Tinh Hån kÝch ho¹t Name=SdachSM PreLevel=75 CurLevel=76
20260612-002337	INFO	COMMON	Hãa C¶nh Tinh Hån kÝch ho¹t Name=SdachSM PreLevel=76 CurLevel=77
20260612-002337	INFO	COMMON	Hãa C¶nh Tinh Hån kÝch ho¹t Name=SdachSM PreLevel=77 CurLevel=78
20260612-002337	INFO	COMMON	Hãa C¶nh Tinh Hån kÝch ho¹t Name=SdachSM PreLevel=78 CurLevel=79
20260612-002337	INFO	COMMON	Hãa C¶nh Tinh Hån kÝch ho¹t Name=SdachSM PreLevel=79 CurLevel=80
20260612-002337	INFO	COMMON	Hãa C¶nh Tinh Hån kÝch ho¹t Name=SdachSM PreLevel=80 CurLevel=81
20260612-002337	INFO	COMMON	Hãa C¶nh Tinh Hån kÝch ho¹t Name=SdachSM PreLevel=81 CurLevel=82
20260612-002337	INFO	COMMON	Hãa C¶nh Tinh Hån kÝch ho¹t Name=SdachSM PreLevel=82 CurLevel=83
20260612-002337	INFO	COMMON	Hãa C¶nh Tinh Hån kÝch ho¹t Name=SdachSM PreLevel=83 CurLevel=84
20260612-002337	INFO	COMMON	Hãa C¶nh Tinh Hån kÝch ho¹t Name=SdachSM PreLevel=84 CurLevel=85
20260612-002337	INFO	COMMON	Hãa C¶nh Tinh Hån kÝch ho¹t Name=SdachSM PreLevel=85 CurLevel=86
20260612-002337	INFO	COMMON	Hãa C¶nh Tinh Hån kÝch ho¹t Name=SdachSM PreLevel=86 CurLevel=87
20260612-002337	INFO	COMMON	Hãa C¶nh Tinh Hån kÝch ho¹t Name=SdachSM PreLevel=87 CurLevel=88
20260612-002337	INFO	COMMON	Hãa C¶nh Tinh Hån kÝch ho¹t Name=SdachSM PreLevel=88 CurLevel=89
20260612-002337	INFO	COMMON	Hãa C¶nh Tinh Hån kÝch ho¹t Name=SdachSM PreLevel=89 CurLevel=90
20260612-002337	INFO	COMMON	Hãa C¶nh Tinh Hån kÝch ho¹t Name=SdachSM PreLevel=90 CurLevel=91
20260612-002337	INFO	COMMON	Hãa C¶nh Tinh Hån kÝch ho¹t Name=SdachSM PreLevel=91 CurLevel=92
20260612-002337	INFO	COMMON	Hãa C¶nh Tinh Hån kÝch ho¹t Name=SdachSM PreLevel=92 CurLevel=93
20260612-002337	INFO	COMMON	Hãa C¶nh Tinh Hån kÝch ho¹t Name=SdachSM PreLevel=93 CurLevel=94
20260612-002337	INFO	COMMON	Hãa C¶nh Tinh Hån kÝch ho¹t Name=SdachSM PreLevel=94 CurLevel=95
20260612-002337	INFO	COMMON	Hãa C¶nh Tinh Hån kÝch ho¹t Name=SdachSM PreLevel=95 CurLevel=96
20260612-002337	INFO	COMMON	Hãa C¶nh Tinh Hån kÝch ho¹t Name=SdachSM PreLevel=96 CurLevel=97
20260612-002337	INFO	COMMON	Hãa C¶nh Tinh Hån kÝch ho¹t Name=SdachSM PreLevel=97 CurLevel=98
20260612-002337	INFO	COMMON	Hãa C¶nh Tinh Hån kÝch ho¹t Name=SdachSM PreLevel=98 CurLevel=99
20260612-002337	INFO	COMMON	Hãa C¶nh Tinh Hån kÝch ho¹t Name=SdachSM PreLevel=99 CurLevel=100
20260612-002355	INFO	COMMON	Hãa C¶nh Tinh Hån kÝch ho¹t Name=SdachSM PreLevel=100 CurLevel=101
20260612-002516	INFO	COMMON	[AWARD_TEMPLATE] NhËn Th­¬ng H¶i Di Ch©u Lv7	thuong	SdachSM	tbProp	 [Th­¬ng H¶i Ch©u CÊp 7 (] Thªm thµnh c«ng 1 c¸i, thªm thÊt b¹i 0 c¸i, r¬i ®Êt 0 c¸i.
20260612-002532	INFO	COMMON	[AWARD_TEMPLATE] onKsgPlayerLogin received card, type = player	thuong	SdachSM	tbProp	 [Vâ L©m 2 Shiina] Thªm thµnh c«ng 1 c¸i, thªm thÊt b¹i 0 c¸i, r¬i ®Êt 0 c¸i.
20260612-003023	INFO	COMMON	[Account:thuong Role:SdachSM]Use pet skill book (2,150,123) ItemIdx=46, PayMoney=100000, RetValue=1(2=success)
20260612-003133	INFO	COMMON	[_tjl_player_syn_record]PlayerLogout	thuong	SdachSM	0	0
20260612-003141	INFO	COMMON	[AWARD_TEMPLATE] NhËn Tu LuyÖn Ch©u	thuong	SdachSM	tbProp	 [Tu LuyÖn Ch©u] Thªm thµnh c«ng 1 c¸i, thªm thÊt b¹i 0 c¸i, r¬i ®Êt 0 c¸i.
20260612-003141	INFO	COMMON	[kuafu share data(KF_SdachSM,0,2) not exist]	thuong	SdachSM										0	90	3	0		192.168.70.1
20260612-003141	INFO	COMMON	[kuafu share data(KF_SdachSM,0,3) not exist]	thuong	SdachSM										0	90	3	0		192.168.70.1
20260612-003141	INFO	COMMON	[kuafu share data(KF_SdachSM,0,5) not exist]	thuong	SdachSM										0	90	3	0		192.168.70.1
20260612-003141	INFO	COMMON	[kuafu share data(KF_SdachSM,0,6) not exist]	thuong	SdachSM										0	90	3	0		192.168.70.1
20260612-003141	INFO	COMMON	[kuafu share data(KF_SdachSM,0,7) not exist]	thuong	SdachSM										0	90	3	0		192.168.70.1
20260612-003141	INFO	COMMON	[kuafu share data(KF_SdachSM,0,8) not exist]	thuong	SdachSM										0	90	3	0		192.168.70.1
20260612-003141	INFO	COMMON	[kuafu share data(KF_SdachSM,0,9) not exist]	thuong	SdachSM										0	90	3	0		192.168.70.1
20260612-003141	INFO	COMMON	[kuafu share data(KF_SdachSM,0,10) not exist]	thuong	SdachSM										0	90	3	0		192.168.70.1
20260612-003141	INFO	COMMON	[kuafu share data(KF_SdachSM,0,11) not exist]	thuong	SdachSM										0	90	3	0		192.168.70.1
20260612-003141	INFO	COMMON	[kuafu share data(KF_SdachSM,0,12) not exist]	thuong	SdachSM										0	90	3	0		192.168.70.1
20260612-003141	INFO	COMMON	[kuafu share data(KF_SdachSM,0,13) not exist]	thuong	SdachSM										0	90	3	0		192.168.70.1
20260612-003141	INFO	COMMON	[kuafu share data(KF_SdachSM,0,14) not exist]	thuong	SdachSM										0	90	3	0		192.168.70.1
20260612-003141	INFO	COMMON	[kuafu share data(KF_SdachSM,0,15) not exist]	thuong	SdachSM										0	90	3	0		192.168.70.1
20260612-003316	INFO	COMMON	[AWARD_TEMPLATE] NhËn NL C­êng Hãa	thuong	SdachSM	tbProp	 [§Þnh Hån Thiªn Th¹ch Th] Thªm thµnh c«ng 1 c¸i, thªm thÊt b¹i 0 c¸i, r¬i ®Êt 0 c¸i.
20260612-003316	INFO	COMMON	[AWARD_TEMPLATE] NhËn NL C­êng Hãa	thuong	SdachSM	tbProp	 [§¹i §Þnh Hån ] Thªm thµnh c«ng 1 c¸i, thªm thÊt b¹i 0 c¸i, r¬i ®Êt 0 c¸i.
20260612-003316	INFO	COMMON	[AWARD_TEMPLATE] NhËn NL C­êng Hãa	thuong	SdachSM	tbProp	 [Thiªn Th¹ch linh th¹ch] Thªm thµnh c«ng 1 c¸i, thªm thÊt b¹i 0 c¸i, r¬i ®Êt 0 c¸i.
20260612-003316	INFO	COMMON	[AWARD_TEMPLATE] NhËn NL C­êng Hãa	thuong	SdachSM	tbProp	 [Thiªn Th¹ch Tinh Th¹ch] Thªm thµnh c«ng 1 c¸i, thªm thÊt b¹i 0 c¸i, r¬i ®Êt 0 c¸i.
20260612-003316	INFO	COMMON	[AWARD_TEMPLATE] NhËn NL C­êng Hãa	thuong	SdachSM	tbProp	 [C­êng hãa quyÓn 12] Thªm thµnh c«ng 1 c¸i, thªm thÊt b¹i 0 c¸i, r¬i ®Êt 0 c¸i.
20260612-003316	INFO	COMMON	[AWARD_TEMPLATE] NhËn NL C­êng Hãa	thuong	SdachSM	tbProp	 [C­êng hãa quyÓn 13] Thªm thµnh c«ng 1 c¸i, thªm thÊt b¹i 0 c¸i, r¬i ®Êt 0 c¸i.
20260612-003316	INFO	COMMON	[AWARD_TEMPLATE] NhËn NL C­êng Hãa	thuong	SdachSM	tbProp	 [C­êng hãa quyÓn 14] Thªm thµnh c«ng 1 c¸i, thªm thÊt b¹i 0 c¸i, r¬i ®Êt 0 c¸i.
20260612-003316	INFO	COMMON	[AWARD_TEMPLATE] NhËn NL C­êng Hãa	thuong	SdachSM	tbProp	 [C­êng hãa quyÓn 15] Thªm thµnh c«ng 1 c¸i, thªm thÊt b¹i 0 c¸i, r¬i ®Êt 0 c¸i.
20260612-003316	INFO	COMMON	[AWARD_TEMPLATE] NhËn NL C­êng Hãa	thuong	SdachSM	tbProp	 [Ma §ao Th¹ch cÊp 1] Thªm thµnh c«ng 1 c¸i, thªm thÊt b¹i 0 c¸i, r¬i ®Êt 0 c¸i.
20260612-003316	INFO	COMMON	[AWARD_TEMPLATE] NhËn NL C­êng Hãa	thuong	SdachSM	tbProp	 [Ma §¹o Th¹ch cÊp 2] Thªm thµnh c«ng 1 c¸i, thªm thÊt b¹i 0 c¸i, r¬i ®Êt 0 c¸i.
20260612-003316	INFO	COMMON	[AWARD_TEMPLATE] NhËn NL C­êng Hãa	thuong	SdachSM	tbProp	 [Ma §ao Th¹ch cÊp 3] Thªm thµnh c«ng 1 c¸i, thªm thÊt b¹i 0 c¸i, r¬i ®Êt 0 c¸i.
20260612-003341	INFO	COMMON	[AWARD_TEMPLATE] onKsgPlayerLogin received card, type = player	thuong	SdachSM	tbProp	 [Vâ L©m 2 Shiina] Thªm thµnh c«ng 1 c¸i, thªm thÊt b¹i 0 c¸i, r¬i ®Êt 0 c¸i.
20260612-003347	INFO	COMMON	[AWARD_TEMPLATE] NhËn §¸ Kh¶m	thuong	SdachSM	tbProp	 [HuyÕtTrÝchTh¹ch Lv1] Thªm thµnh c«ng 1 c¸i, thªm thÊt b¹i 0 c¸i, r¬i ®Êt 0 c¸i.
20260612-003347	INFO	COMMON	[AWARD_TEMPLATE] NhËn §¸ Kh¶m	thuong	SdachSM	tbProp	 [NguyÖtB¹chTh¹ch Lv1] Thªm thµnh c«ng 1 c¸i, thªm thÊt b¹i 0 c¸i, r¬i ®Êt 0 c¸i.
20260612-003347	INFO	COMMON	[AWARD_TEMPLATE] NhËn §¸ Kh¶m	thuong	SdachSM	tbProp	 [Hæ Ph¸ch Th¹ch CÊp 1] Thªm thµnh c«ng 1 c¸i, thªm thÊt b¹i 0 c¸i, r¬i ®Êt 0 c¸i.
20260612-003347	INFO	COMMON	[AWARD_TEMPLATE] NhËn §¸ Kh¶m	thuong	SdachSM	tbProp	 [H¾c DiÖu Th¹ch CÊp 1] Thªm thµnh c«ng 1 c¸i, thªm thÊt b¹i 0 c¸i, r¬i ®Êt 0 c¸i.
20260612-003347	INFO	COMMON	[AWARD_TEMPLATE] NhËn §¸ Kh¶m	thuong	SdachSM	tbProp	 [HuyÕtTrÝchTh¹ch Lv2] Thªm thµnh c«ng 1 c¸i, thªm thÊt b¹i 0 c¸i, r¬i ®Êt 0 c¸i.
20260612-003347	INFO	COMMON	[AWARD_TEMPLATE] NhËn §¸ Kh¶m	thuong	SdachSM	tbProp	 [NguyÖtB¹chTh¹ch Lv2] Thªm thµnh c«ng 1 c¸i, thªm thÊt b¹i 0 c¸i, r¬i ®Êt 0 c¸i.
20260612-003347	INFO	COMMON	[AWARD_TEMPLATE] NhËn §¸ Kh¶m	thuong	SdachSM	tbProp	 [Hæ Ph¸ch Th¹ch CÊp 2] Thªm thµnh c«ng 1 c¸i, thªm thÊt b¹i 0 c¸i, r¬i ®Êt 0 c¸i.
20260612-003347	INFO	COMMON	[AWARD_TEMPLATE] NhËn §¸ Kh¶m	thuong	SdachSM	tbProp	 [H¾c DiÖu Th¹ch CÊp 2] Thªm thµnh c«ng 1 c¸i, thªm thÊt b¹i 0 c¸i, r¬i ®Êt 0 c¸i.
20260612-003347	INFO	COMMON	[AWARD_TEMPLATE] NhËn §¸ Kh¶m	thuong	SdachSM	tbProp	 [HuyÕtTrÝchTh¹ch Lv3] Thªm thµnh c«ng 1 c¸i, thªm thÊt b¹i 0 c¸i, r¬i ®Êt 0 c¸i.
20260612-003347	INFO	COMMON	[AWARD_TEMPLATE] NhËn §¸ Kh¶m	thuong	SdachSM	tbProp	 [NguyÖtB¹chTh¹ch Lv3] Thªm thµnh c«ng 1 c¸i, thªm thÊt b¹i 0 c¸i, r¬i ®Êt 0 c¸i.
20260612-003347	INFO	COMMON	[AWARD_TEMPLATE] NhËn §¸ Kh¶m	thuong	SdachSM	tbProp	 [Hæ Ph¸ch Th¹ch CÊp 3] Thªm thµnh c«ng 1 c¸i, thªm thÊt b¹i 0 c¸i, r¬i ®Êt 0 c¸i.
20260612-003347	INFO	COMMON	[AWARD_TEMPLATE] NhËn §¸ Kh¶m	thuong	SdachSM	tbProp	 [H¾c DiÖu Th¹ch CÊp 3] Thªm thµnh c«ng 1 c¸i, thªm thÊt b¹i 0 c¸i, r¬i ®Êt 0 c¸i.
20260612-003347	INFO	COMMON	[AWARD_TEMPLATE] NhËn §¸ Kh¶m	thuong	SdachSM	tbProp	 [HuyÕtTrÝchTh¹ch Lv4] Thªm thµnh c«ng 1 c¸i, thªm thÊt b¹i 0 c¸i, r¬i ®Êt 0 c¸i.
20260612-003347	INFO	COMMON	[AWARD_TEMPLATE] NhËn §¸ Kh¶m	thuong	SdachSM	tbProp	 [NguyÖtB¹chTh¹ch Lv4] Thªm thµnh c«ng 1 c¸i, thªm thÊt b¹i 0 c¸i, r¬i ®Êt 0 c¸i.
20260612-003347	INFO	COMMON	[AWARD_TEMPLATE] NhËn §¸ Kh¶m	thuong	SdachSM	tbProp	 [Hæ Ph¸ch Th¹ch CÊp 4] Thªm thµnh c«ng 1 c¸i, thªm thÊt b¹i 0 c¸i, r¬i ®Êt 0 c¸i.
20260612-003347	INFO	COMMON	[AWARD_TEMPLATE] NhËn §¸ Kh¶m	thuong	SdachSM	tbProp	 [H¾c DiÖu Th¹ch CÊp 4] Thªm thµnh c«ng 1 c¸i, thªm thÊt b¹i 0 c¸i, r¬i ®Êt 0 c¸i.
20260612-003347	INFO	COMMON	[AWARD_TEMPLATE] NhËn §¸ Kh¶m	thuong	SdachSM	tbProp	 [HuyÕtTrÝchTh¹ch Lv5] Thªm thµnh c«ng 1 c¸i, thªm thÊt b¹i 0 c¸i, r¬i ®Êt 0 c¸i.
20260612-003347	INFO	COMMON	[AWARD_TEMPLATE] NhËn §¸ Kh¶m	thuong	SdachSM	tbProp	 [NguyÖtB¹chTh¹ch Lv5] Thªm thµnh c«ng 1 c¸i, thªm thÊt b¹i 0 c¸i, r¬i ®Êt 0 c¸i.
20260612-003347	INFO	COMMON	[AWARD_TEMPLATE] NhËn §¸ Kh¶m	thuong	SdachSM	tbProp	 [Hæ Ph¸ch Th¹ch CÊp 5] Thªm thµnh c«ng 1 c¸i, thªm thÊt b¹i 0 c¸i, r¬i ®Êt 0 c¸i.
20260612-003347	INFO	COMMON	[AWARD_TEMPLATE] NhËn §¸ Kh¶m	thuong	SdachSM	tbProp	 [H¾c DiÖu Th¹ch CÊp 5] Thªm thµnh c«ng 1 c¸i, thªm thÊt b¹i 0 c¸i, r¬i ®Êt 0 c¸i.
20260612-003347	INFO	COMMON	[AWARD_TEMPLATE] NhËn §¸ Kh¶m	thuong	SdachSM	tbProp	 [HuyÕtTrÝchTh¹ch Lv6] Thªm thµnh c«ng 1 c¸i, thªm thÊt b¹i 0 c¸i, r¬i ®Êt 0 c¸i.
20260612-003347	INFO	COMMON	[AWARD_TEMPLATE] NhËn §¸ Kh¶m	thuong	SdachSM	tbProp	 [NguyÖtB¹chTh¹ch Lv6] Thªm thµnh c«ng 1 c¸i, thªm thÊt b¹i 0 c¸i, r¬i ®Êt 0 c¸i.
20260612-003347	INFO	COMMON	[AWARD_TEMPLATE] NhËn §¸ Kh¶m	thuong	SdachSM	tbProp	 [Hæ Ph¸ch Th¹ch CÊp 6] Thªm thµnh c«ng 1 c¸i, thªm thÊt b¹i 0 c¸i, r¬i ®Êt 0 c¸i.
20260612-003347	INFO	COMMON	[AWARD_TEMPLATE] NhËn §¸ Kh¶m	thuong	SdachSM	tbProp	 [H¾c DiÖu Th¹ch CÊp 6] Thªm thµnh c«ng 1 c¸i, thªm thÊt b¹i 0 c¸i, r¬i ®Êt 0 c¸i.
20260612-003347	INFO	COMMON	[AWARD_TEMPLATE] NhËn §¸ Kh¶m	thuong	SdachSM	tbProp	 [HuyÕt TrÝch Th¹ch cÊp 7] Thªm thµnh c«ng 1 c¸i, thªm thÊt b¹i 0 c¸i, r¬i ®Êt 0 c¸i.
20260612-003347	INFO	COMMON	[AWARD_TEMPLATE] NhËn §¸ Kh¶m	thuong	SdachSM	tbProp	 [NguyÖt B¹ch Th¹ch cÊp 7] Thªm thµnh c«ng 1 c¸i, thªm thÊt b¹i 0 c¸i, r¬i ®Êt 0 c¸i.
20260612-003347	INFO	COMMON	[AWARD_TEMPLATE] NhËn §¸ Kh¶m	thuong	SdachSM	tbProp	 [Hæ Ph¸ch Th¹ch cÊp 7] Thªm thµnh c«ng 1 c¸i, thªm thÊt b¹i 0 c¸i, r¬i ®Êt 0 c¸i.
20260612-003347	INFO	COMMON	[AWARD_TEMPLATE] NhËn §¸ Kh¶m	thuong	SdachSM	tbProp	 [H¾c DiÖu Th¹ch cÊp 7] Thªm thµnh c«ng 1 c¸i, thªm thÊt b¹i 0 c¸i, r¬i ®Êt 0 c¸i.
20260612-003347	INFO	COMMON	[AWARD_TEMPLATE] NhËn §¸ Kh¶m	thuong	SdachSM	tbProp	 [HuyÕt TrÝch Th¹ch CÊp 8] Thªm thµnh c«ng 1 c¸i, thªm thÊt b¹i 0 c¸i, r¬i ®Êt 0 c¸i.
20260612-003347	INFO	COMMON	[AWARD_TEMPLATE] NhËn §¸ Kh¶m	thuong	SdachSM	tbProp	 [NguyÖt B¹ch Th¹ch CÊp 8] Thªm thµnh c«ng 1 c¸i, thªm thÊt b¹i 0 c¸i, r¬i ®Êt 0 c¸i.
20260612-003347	INFO	COMMON	[AWARD_TEMPLATE] NhËn §¸ Kh¶m	thuong	SdachSM	tbProp	 [Hæ Ph¸ch Th¹ch CÊp 8] Thªm thµnh c«ng 1 c¸i, thªm thÊt b¹i 0 c¸i, r¬i ®Êt 0 c¸i.
20260612-003347	INFO	COMMON	[AWARD_TEMPLATE] NhËn §¸ Kh¶m	thuong	SdachSM	tbProp	 [H¾c DiÖu Th¹ch CÊp 8] Thªm thµnh c«ng 1 c¸i, thªm thÊt b¹i 0 c¸i, r¬i ®Êt 0 c¸i.
20260612-003453	INFO	COMMON	[AWARD_TEMPLATE] NhËn ThiÕt Tinh 4	thuong	SdachSM	tbProp	 [ThiÕt tinh cÊp 4] Thªm thµnh c«ng 1 c¸i, thªm thÊt b¹i 0 c¸i, r¬i ®Êt 0 c¸i.
20260612-003500	INFO	COMMON	[AWARD_TEMPLATE] NhËn §¸ TÈy KX	thuong	SdachSM	tbProp	 [TÈy T©m Th¹ch cÊp 1] Thªm thµnh c«ng 1 c¸i, thªm thÊt b¹i 0 c¸i, r¬i ®Êt 0 c¸i.
20260612-003500	INFO	COMMON	[AWARD_TEMPLATE] NhËn §¸ TÈy KX	thuong	SdachSM	tbProp	 [TÈy T©m Th¹ch cÊp 2] Thªm thµnh c«ng 1 c¸i, thªm thÊt b¹i 0 c¸i, r¬i ®Êt 0 c¸i.
20260612-003500	INFO	COMMON	[AWARD_TEMPLATE] NhËn §¸ TÈy KX	thuong	SdachSM	tbProp	 [TÈy T©m Th¹ch cÊp 3] Thªm thµnh c«ng 1 c¸i, thªm thÊt b¹i 0 c¸i, r¬i ®Êt 0 c¸i.
20260612-003500	INFO	COMMON	[AWARD_TEMPLATE] NhËn §¸ TÈy KX	thuong	SdachSM	tbProp	 [TÈy T©m Th¹ch cÊp 4] Thªm thµnh c«ng 1 c¸i, thªm thÊt b¹i 0 c¸i, r¬i ®Êt 0 c¸i.
20260612-003500	INFO	COMMON	[AWARD_TEMPLATE] NhËn §¸ TÈy KX	thuong	SdachSM	tbProp	 [TÈy T©m Th¹ch cÊp 5] Thªm thµnh c«ng 1 c¸i, thªm thÊt b¹i 0 c¸i, r¬i ®Êt 0 c¸i.
20260612-003500	INFO	COMMON	[AWARD_TEMPLATE] NhËn §¸ TÈy KX	thuong	SdachSM	tbProp	 [TÈy T©m Th¹ch cÊp 6] Thªm thµnh c«ng 1 c¸i, thªm thÊt b¹i 0 c¸i, r¬i ®Êt 0 c¸i.
20260612-003500	INFO	COMMON	[AWARD_TEMPLATE] NhËn §¸ TÈy KX	thuong	SdachSM	tbProp	 [LuyÖn L« ThiÕt CÊp 1] Thªm thµnh c«ng 1 c¸i, thªm thÊt b¹i 0 c¸i, r¬i ®Êt 0 c¸i.
20260612-003500	INFO	COMMON	[AWARD_TEMPLATE] NhËn §¸ TÈy KX	thuong	SdachSM	tbProp	 [LuyÖn L« ThiÕt CÊp 2] Thªm thµnh c«ng 1 c¸i, thªm thÊt b¹i 0 c¸i, r¬i ®Êt 0 c¸i.
20260612-003500	INFO	COMMON	[AWARD_TEMPLATE] NhËn §¸ TÈy KX	thuong	SdachSM	tbProp	 [LuyÖn L« ThiÕt CÊp 3] Thªm thµnh c«ng 1 c¸i, thªm thÊt b¹i 0 c¸i, r¬i ®Êt 0 c¸i.
20260612-003500	INFO	COMMON	[AWARD_TEMPLATE] NhËn §¸ TÈy KX	thuong	SdachSM	tbProp	 [LuyÖn L« ThiÕt cÊp 4] Thªm thµnh c«ng 1 c¸i, thªm thÊt b¹i 0 c¸i, r¬i ®Êt 0 c¸i.
20260612-003500	INFO	COMMON	[AWARD_TEMPLATE] NhËn §¸ TÈy KX	thuong	SdachSM	tbProp	 [LuyÖn L« ThiÕt cÊp 5] Thªm thµnh c«ng 1 c¸i, thªm thÊt b¹i 0 c¸i, r¬i ®Êt 0 c¸i.
20260612-003500	INFO	COMMON	[AWARD_TEMPLATE] NhËn §¸ TÈy KX	thuong	SdachSM	tbProp	 [LuyÖn L« ThiÕt cÊp 6] Thªm thµnh c«ng 1 c¸i, thªm thÊt b¹i 0 c¸i, r¬i ®Êt 0 c¸i.
20260612-003500	INFO	COMMON	[AWARD_TEMPLATE] NhËn §¸ TÈy KX	thuong	SdachSM	tbProp	 [LuyÖn L« ThiÕt CÊp 7] Thªm thµnh c«ng 1 c¸i, thªm thÊt b¹i 0 c¸i, r¬i ®Êt 0 c¸i.
20260612-003500	INFO	COMMON	[AWARD_TEMPLATE] NhËn §¸ TÈy KX	thuong	SdachSM	tbProp	 [TÈy T©m Th¹ch CÊp 7] Thªm thµnh c«ng 1 c¸i, thªm thÊt b¹i 0 c¸i, r¬i ®Êt 0 c¸i.
20260612-003500	INFO	COMMON	[AWARD_TEMPLATE] NhËn §¸ TÈy KX	thuong	SdachSM	tbProp	 [LuyÖn L« ThiÕt Lv8] Thªm thµnh c«ng 1 c¸i, thªm thÊt b¹i 0 c¸i, r¬i ®Êt 0 c¸i.
20260612-003500	INFO	COMMON	[AWARD_TEMPLATE] NhËn §¸ TÈy KX	thuong	SdachSM	tbProp	 [TÈy T©m Th¹ch Lv8] Thªm thµnh c«ng 1 c¸i, thªm thÊt b¹i 0 c¸i, r¬i ®Êt 0 c¸i.
20260612-003509	INFO	COMMON	[CÈm Nang §¸ Quý][modify_gem_num][thuong][SdachSM][Type:2][Level:1][num:100->100]
20260612-003509	INFO	COMMON	[CÈm Nang §¸ Quý][modify_gem_num][thuong][SdachSM][Type:2][Level:2][num:100->100]
20260612-003509	INFO	COMMON	[CÈm Nang §¸ Quý][modify_gem_num][thuong][SdachSM][Type:2][Level:3][num:100->100]
20260612-003509	INFO	COMMON	[CÈm Nang §¸ Quý][modify_gem_num][thuong][SdachSM][Type:2][Level:4][num:100->100]
20260612-003509	INFO	COMMON	[CÈm Nang §¸ Quý][modify_gem_num][thuong][SdachSM][Type:2][Level:5][num:100->100]
20260612-003509	INFO	COMMON	[CÈm Nang §¸ Quý][modify_gem_num][thuong][SdachSM][Type:2][Level:6][num:100->100]
20260612-003509	INFO	COMMON	[CÈm Nang §¸ Quý][modify_gem_num][thuong][SdachSM][Type:4][Level:1][num:100->100]
20260612-003509	INFO	COMMON	[CÈm Nang §¸ Quý][modify_gem_num][thuong][SdachSM][Type:4][Level:2][num:100->100]
20260612-003509	INFO	COMMON	[CÈm Nang §¸ Quý][modify_gem_num][thuong][SdachSM][Type:4][Level:3][num:100->100]
20260612-003509	INFO	COMMON	[CÈm Nang §¸ Quý][modify_gem_num][thuong][SdachSM][Type:4][Level:4][num:100->100]
20260612-003509	INFO	COMMON	[CÈm Nang §¸ Quý][modify_gem_num][thuong][SdachSM][Type:4][Level:5][num:100->100]
20260612-003509	INFO	COMMON	[CÈm Nang §¸ Quý][modify_gem_num][thuong][SdachSM][Type:4][Level:6][num:100->100]
20260612-003509	INFO	COMMON	[CÈm Nang §¸ Quý][modify_gem_num][thuong][SdachSM][Type:1][Level:1][num:100->100]
20260612-003509	INFO	COMMON	[CÈm Nang §¸ Quý][modify_gem_num][thuong][SdachSM][Type:1][Level:2][num:100->100]
20260612-003509	INFO	COMMON	[CÈm Nang §¸ Quý][modify_gem_num][thuong][SdachSM][Type:1][Level:3][num:100->100]
20260612-003509	INFO	COMMON	[CÈm Nang §¸ Quý][modify_gem_num][thuong][SdachSM][Type:1][Level:4][num:100->100]
20260612-003509	INFO	COMMON	[CÈm Nang §¸ Quý][modify_gem_num][thuong][SdachSM][Type:1][Level:5][num:100->100]
20260612-003509	INFO	COMMON	[CÈm Nang §¸ Quý][modify_gem_num][thuong][SdachSM][Type:1][Level:6][num:100->100]
20260612-003509	INFO	COMMON	[CÈm Nang §¸ Quý][modify_gem_num][thuong][SdachSM][Type:3][Level:1][num:100->100]
20260612-003509	INFO	COMMON	[CÈm Nang §¸ Quý][modify_gem_num][thuong][SdachSM][Type:3][Level:2][num:100->100]
20260612-003509	INFO	COMMON	[CÈm Nang §¸ Quý][modify_gem_num][thuong][SdachSM][Type:3][Level:3][num:100->100]
20260612-003509	INFO	COMMON	[CÈm Nang §¸ Quý][modify_gem_num][thuong][SdachSM][Type:3][Level:4][num:100->100]
20260612-003509	INFO	COMMON	[CÈm Nang §¸ Quý][modify_gem_num][thuong][SdachSM][Type:3][Level:5][num:100->100]
20260612-003509	INFO	COMMON	[CÈm Nang §¸ Quý][modify_gem_num][thuong][SdachSM][Type:3][Level:6][num:100->100]
20260612-003524	INFO	COMMON	[AWARD_TEMPLATE] onKsgPlayerLogin received card, type = player	thuong	SdachSM	tbProp	 [Vâ L©m 2 Shiina] Thªm thµnh c«ng 1 c¸i, thªm thÊt b¹i 0 c¸i, r¬i ®Êt 0 c¸i.
20260612-003529	INFO	COMMON	[AWARD_TEMPLATE] NhËn NL C­êng Hãa	thuong	SdachSM	tbProp	 [§Þnh Hån Thiªn Th¹ch Th] Thªm thµnh c«ng 1 c¸i, thªm thÊt b¹i 0 c¸i, r¬i ®Êt 0 c¸i.
20260612-003529	INFO	COMMON	[AWARD_TEMPLATE] NhËn NL C­êng Hãa	thuong	SdachSM	tbProp	 [§¹i §Þnh Hån ] Thªm thµnh c«ng 1 c¸i, thªm thÊt b¹i 0 c¸i, r¬i ®Êt 0 c¸i.
20260612-003529	INFO	COMMON	[AWARD_TEMPLATE] NhËn NL C­êng Hãa	thuong	SdachSM	tbProp	 [Thiªn Th¹ch linh th¹ch] Thªm thµnh c«ng 1 c¸i, thªm thÊt b¹i 0 c¸i, r¬i ®Êt 0 c¸i.
20260612-003529	INFO	COMMON	[AWARD_TEMPLATE] NhËn NL C­êng Hãa	thuong	SdachSM	tbProp	 [Thiªn Th¹ch Tinh Th¹ch] Thªm thµnh c«ng 1 c¸i, thªm thÊt b¹i 0 c¸i, r¬i ®Êt 0 c¸i.
20260612-003529	INFO	COMMON	[AWARD_TEMPLATE] NhËn NL C­êng Hãa	thuong	SdachSM	tbProp	 [C­êng hãa quyÓn 12] Thªm thµnh c«ng 1 c¸i, thªm thÊt b¹i 0 c¸i, r¬i ®Êt 0 c¸i.
20260612-003529	INFO	COMMON	[AWARD_TEMPLATE] NhËn NL C­êng Hãa	thuong	SdachSM	tbProp	 [C­êng hãa quyÓn 13] Thªm thµnh c«ng 1 c¸i, thªm thÊt b¹i 0 c¸i, r¬i ®Êt 0 c¸i.
20260612-003529	INFO	COMMON	[AWARD_TEMPLATE] NhËn NL C­êng Hãa	thuong	SdachSM	tbProp	 [C­êng hãa quyÓn 14] Thªm thµnh c«ng 1 c¸i, thªm thÊt b¹i 0 c¸i, r¬i ®Êt 0 c¸i.
20260612-003529	INFO	COMMON	[AWARD_TEMPLATE] NhËn NL C­êng Hãa	thuong	SdachSM	tbProp	 [C­êng hãa quyÓn 15] Thªm thµnh c«ng 1 c¸i, thªm thÊt b¹i 0 c¸i, r¬i ®Êt 0 c¸i.
20260612-003529	INFO	COMMON	[AWARD_TEMPLATE] NhËn NL C­êng Hãa	thuong	SdachSM	tbProp	 [Ma §ao Th¹ch cÊp 1] Thªm thµnh c«ng 1 c¸i, thªm thÊt b¹i 0 c¸i, r¬i ®Êt 0 c¸i.
20260612-003529	INFO	COMMON	[AWARD_TEMPLATE] NhËn NL C­êng Hãa	thuong	SdachSM	tbProp	 [Ma §¹o Th¹ch cÊp 2] Thªm thµnh c«ng 1 c¸i, thªm thÊt b¹i 0 c¸i, r¬i ®Êt 0 c¸i.
20260612-003529	INFO	COMMON	[AWARD_TEMPLATE] NhËn NL C­êng Hãa	thuong	SdachSM	tbProp	 [Ma §ao Th¹ch cÊp 3] Thªm thµnh c«ng 1 c¸i, thªm thÊt b¹i 0 c¸i, r¬i ®Êt 0 c¸i.
20260612-003534	INFO	COMMON	[AWARD_TEMPLATE] NhËn §¸ Kh¶m	thuong	SdachSM	tbProp	 [HuyÕtTrÝchTh¹ch Lv1] Thªm thµnh c«ng 1 c¸i, thªm thÊt b¹i 0 c¸i, r¬i ®Êt 0 c¸i.
20260612-003534	INFO	COMMON	[AWARD_TEMPLATE] NhËn §¸ Kh¶m	thuong	SdachSM	tbProp	 [NguyÖtB¹chTh¹ch Lv1] Thªm thµnh c«ng 1 c¸i, thªm thÊt b¹i 0 c¸i, r¬i ®Êt 0 c¸i.
20260612-003534	INFO	COMMON	[AWARD_TEMPLATE] NhËn §¸ Kh¶m	thuong	SdachSM	tbProp	 [Hæ Ph¸ch Th¹ch CÊp 1] Thªm thµnh c«ng 1 c¸i, thªm thÊt b¹i 0 c¸i, r¬i ®Êt 0 c¸i.
20260612-003534	INFO	COMMON	[AWARD_TEMPLATE] NhËn §¸ Kh¶m	thuong	SdachSM	tbProp	 [H¾c DiÖu Th¹ch CÊp 1] Thªm thµnh c«ng 1 c¸i, thªm thÊt b¹i 0 c¸i, r¬i ®Êt 0 c¸i.
20260612-003534	INFO	COMMON	[AWARD_TEMPLATE] NhËn §¸ Kh¶m	thuong	SdachSM	tbProp	 [HuyÕtTrÝchTh¹ch Lv2] Thªm thµnh c«ng 1 c¸i, thªm thÊt b¹i 0 c¸i, r¬i ®Êt 0 c¸i.
20260612-003534	INFO	COMMON	[AWARD_TEMPLATE] NhËn §¸ Kh¶m	thuong	SdachSM	tbProp	 [NguyÖtB¹chTh¹ch Lv2] Thªm thµnh c«ng 1 c¸i, thªm thÊt b¹i 0 c¸i, r¬i ®Êt 0 c¸i.
20260612-003534	INFO	COMMON	[AWARD_TEMPLATE] NhËn §¸ Kh¶m	thuong	SdachSM	tbProp	 [Hæ Ph¸ch Th¹ch CÊp 2] Thªm thµnh c«ng 1 c¸i, thªm thÊt b¹i 0 c¸i, r¬i ®Êt 0 c¸i.
20260612-003534	INFO	COMMON	[AWARD_TEMPLATE] NhËn §¸ Kh¶m	thuong	SdachSM	tbProp	 [H¾c DiÖu Th¹ch CÊp 2] Thªm thµnh c«ng 1 c¸i, thªm thÊt b¹i 0 c¸i, r¬i ®Êt 0 c¸i.
20260612-003534	INFO	COMMON	[AWARD_TEMPLATE] NhËn §¸ Kh¶m	thuong	SdachSM	tbProp	 [HuyÕtTrÝchTh¹ch Lv3] Thªm thµnh c«ng 1 c¸i, thªm thÊt b¹i 0 c¸i, r¬i ®Êt 0 c¸i.
20260612-003534	INFO	COMMON	[AWARD_TEMPLATE] NhËn §¸ Kh¶m	thuong	SdachSM	tbProp	 [NguyÖtB¹chTh¹ch Lv3] Thªm thµnh c«ng 1 c¸i, thªm thÊt b¹i 0 c¸i, r¬i ®Êt 0 c¸i.
20260612-003534	INFO	COMMON	[AWARD_TEMPLATE] NhËn §¸ Kh¶m	thuong	SdachSM	tbProp	 [Hæ Ph¸ch Th¹ch CÊp 3] Thªm thµnh c«ng 1 c¸i, thªm thÊt b¹i 0 c¸i, r¬i ®Êt 0 c¸i.
20260612-003534	INFO	COMMON	[AWARD_TEMPLATE] NhËn §¸ Kh¶m	thuong	SdachSM	tbProp	 [H¾c DiÖu Th¹ch CÊp 3] Thªm thµnh c«ng 1 c¸i, thªm thÊt b¹i 0 c¸i, r¬i ®Êt 0 c¸i.
20260612-003534	INFO	COMMON	[AWARD_TEMPLATE] NhËn §¸ Kh¶m	thuong	SdachSM	tbProp	 [HuyÕtTrÝchTh¹ch Lv4] Thªm thµnh c«ng 1 c¸i, thªm thÊt b¹i 0 c¸i, r¬i ®Êt 0 c¸i.
20260612-003534	INFO	COMMON	[AWARD_TEMPLATE] NhËn §¸ Kh¶m	thuong	SdachSM	tbProp	 [NguyÖtB¹chTh¹ch Lv4] Thªm thµnh c«ng 1 c¸i, thªm thÊt b¹i 0 c¸i, r¬i ®Êt 0 c¸i.
20260612-003534	INFO	COMMON	[AWARD_TEMPLATE] NhËn §¸ Kh¶m	thuong	SdachSM	tbProp	 [Hæ Ph¸ch Th¹ch CÊp 4] Thªm thµnh c«ng 1 c¸i, thªm thÊt b¹i 0 c¸i, r¬i ®Êt 0 c¸i.
20260612-003534	INFO	COMMON	[AWARD_TEMPLATE] NhËn §¸ Kh¶m	thuong	SdachSM	tbProp	 [H¾c DiÖu Th¹ch CÊp 4] Thªm thµnh c«ng 1 c¸i, thªm thÊt b¹i 0 c¸i, r¬i ®Êt 0 c¸i.
20260612-003534	INFO	COMMON	[AWARD_TEMPLATE] NhËn §¸ Kh¶m	thuong	SdachSM	tbProp	 [HuyÕtTrÝchTh¹ch Lv5] Thªm thµnh c«ng 1 c¸i, thªm thÊt b¹i 0 c¸i, r¬i ®Êt 0 c¸i.
20260612-003534	INFO	COMMON	[AWARD_TEMPLATE] NhËn §¸ Kh¶m	thuong	SdachSM	tbProp	 [NguyÖtB¹chTh¹ch Lv5] Thªm thµnh c«ng 1 c¸i, thªm thÊt b¹i 0 c¸i, r¬i ®Êt 0 c¸i.
20260612-003534	INFO	COMMON	[AWARD_TEMPLATE] NhËn §¸ Kh¶m	thuong	SdachSM	tbProp	 [Hæ Ph¸ch Th¹ch CÊp 5] Thªm thµnh c«ng 1 c¸i, thªm thÊt b¹i 0 c¸i, r¬i ®Êt 0 c¸i.
20260612-003534	INFO	COMMON	[AWARD_TEMPLATE] NhËn §¸ Kh¶m	thuong	SdachSM	tbProp	 [H¾c DiÖu Th¹ch CÊp 5] Thªm thµnh c«ng 1 c¸i, thªm thÊt b¹i 0 c¸i, r¬i ®Êt 0 c¸i.
20260612-003534	INFO	COMMON	[AWARD_TEMPLATE] NhËn §¸ Kh¶m	thuong	SdachSM	tbProp	 [HuyÕtTrÝchTh¹ch Lv6] Thªm thµnh c«ng 1 c¸i, thªm thÊt b¹i 0 c¸i, r¬i ®Êt 0 c¸i.
20260612-003534	INFO	COMMON	[AWARD_TEMPLATE] NhËn §¸ Kh¶m	thuong	SdachSM	tbProp	 [NguyÖtB¹chTh¹ch Lv6] Thªm thµnh c«ng 1 c¸i, thªm thÊt b¹i 0 c¸i, r¬i ®Êt 0 c¸i.
20260612-003534	INFO	COMMON	[AWARD_TEMPLATE] NhËn §¸ Kh¶m	thuong	SdachSM	tbProp	 [Hæ Ph¸ch Th¹ch CÊp 6] Thªm thµnh c«ng 1 c¸i, thªm thÊt b¹i 0 c¸i, r¬i ®Êt 0 c¸i.
20260612-003534	INFO	COMMON	[AWARD_TEMPLATE] NhËn §¸ Kh¶m	thuong	SdachSM	tbProp	 [H¾c DiÖu Th¹ch CÊp 6] Thªm thµnh c«ng 1 c¸i, thªm thÊt b¹i 0 c¸i, r¬i ®Êt 0 c¸i.
20260612-003534	INFO	COMMON	[AWARD_TEMPLATE] NhËn §¸ Kh¶m	thuong	SdachSM	tbProp	 [HuyÕt TrÝch Th¹ch cÊp 7] Thªm thµnh c«ng 1 c¸i, thªm thÊt b¹i 0 c¸i, r¬i ®Êt 0 c¸i.
20260612-003534	INFO	COMMON	[AWARD_TEMPLATE] NhËn §¸ Kh¶m	thuong	SdachSM	tbProp	 [NguyÖt B¹ch Th¹ch cÊp 7] Thªm thµnh c«ng 1 c¸i, thªm thÊt b¹i 0 c¸i, r¬i ®Êt 0 c¸i.
20260612-003534	INFO	COMMON	[AWARD_TEMPLATE] NhËn §¸ Kh¶m	thuong	SdachSM	tbProp	 [Hæ Ph¸ch Th¹ch cÊp 7] Thªm thµnh c«ng 1 c¸i, thªm thÊt b¹i 0 c¸i, r¬i ®Êt 0 c¸i.
20260612-003534	INFO	COMMON	[AWARD_TEMPLATE] NhËn §¸ Kh¶m	thuong	SdachSM	tbProp	 [H¾c DiÖu Th¹ch cÊp 7] Thªm thµnh c«ng 1 c¸i, thªm thÊt b¹i 0 c¸i, r¬i ®Êt 0 c¸i.
20260612-003534	INFO	COMMON	[AWARD_TEMPLATE] NhËn §¸ Kh¶m	thuong	SdachSM	tbProp	 [HuyÕt TrÝch Th¹ch CÊp 8] Thªm thµnh c«ng 1 c¸i, thªm thÊt b¹i 0 c¸i, r¬i ®Êt 0 c¸i.
20260612-003534	INFO	COMMON	[AWARD_TEMPLATE] NhËn §¸ Kh¶m	thuong	SdachSM	tbProp	 [NguyÖt B¹ch Th¹ch CÊp 8] Thªm thµnh c«ng 1 c¸i, thªm thÊt b¹i 0 c¸i, r¬i ®Êt 0 c¸i.
20260612-003534	INFO	COMMON	[AWARD_TEMPLATE] NhËn §¸ Kh¶m	thuong	SdachSM	tbProp	 [Hæ Ph¸ch Th¹ch CÊp 8] Thªm thµnh c«ng 1 c¸i, thªm thÊt b¹i 0 c¸i, r¬i ®Êt 0 c¸i.
20260612-003534	INFO	COMMON	[AWARD_TEMPLATE] NhËn §¸ Kh¶m	thuong	SdachSM	tbProp	 [H¾c DiÖu Th¹ch CÊp 8] Thªm thµnh c«ng 1 c¸i, thªm thÊt b¹i 0 c¸i, r¬i ®Êt 0 c¸i.
20260612-003645	INFO	COMMON	[AWARD_TEMPLATE] NhËn Linh §¬n	thuong	SdachSM	tbProp	 [Tinh Hån] Thªm thµnh c«ng 1 c¸i, thªm thÊt b¹i 0 c¸i, r¬i ®Êt 0 c¸i.
20260612-003645	INFO	COMMON	[AWARD_TEMPLATE] NhËn Linh §¬n	thuong	SdachSM	tbProp	 [NguyÖt Ph¸ch] Thªm thµnh c«ng 1 c¸i, thªm thÊt b¹i 0 c¸i, r¬i ®Êt 0 c¸i.
20260612-003652	INFO	COMMON	[AWARD_TEMPLATE] NhËn Linh §¬n	thuong	SdachSM	tbProp	 [Håi Tiªn §¬n] Thªm thµnh c«ng 1 c¸i, thªm thÊt b¹i 0 c¸i, r¬i ®Êt 0 c¸i.
20260612-003652	INFO	COMMON	[AWARD_TEMPLATE] NhËn Linh §¬n	thuong	SdachSM	tbProp	 [Linh Ph¸ch §¬n] Thªm thµnh c«ng 1 c¸i, thªm thÊt b¹i 0 c¸i, r¬i ®Êt 0 c¸i.
20260612-003726	INFO	COMMON	[AWARD_TEMPLATE] onKsgPlayerLogin received card, type = player	thuong	SdachSM	tbProp	 [Vâ L©m 2 Shiina] Thªm thµnh c«ng 1 c¸i, thªm thÊt b¹i 0 c¸i, r¬i ®Êt 0 c¸i.
20260612-003730	INFO	COMMON	[AWARD_TEMPLATE] NhËn §¸ Khãa KX	thuong	SdachSM	tbProp	 [Linh Th¹ch khãa (1)] Thªm thµnh c«ng 1 c¸i, thªm thÊt b¹i 0 c¸i, r¬i ®Êt 0 c¸i.
20260612-003730	INFO	COMMON	[AWARD_TEMPLATE] NhËn §¸ Khãa KX	thuong	SdachSM	tbProp	 [Linh Th¹ch khãa (2)] Thªm thµnh c«ng 1 c¸i, thªm thÊt b¹i 0 c¸i, r¬i ®Êt 0 c¸i.
20260612-003730	INFO	COMMON	[AWARD_TEMPLATE] NhËn §¸ Khãa KX	thuong	SdachSM	tbProp	 [Linh Th¹ch khãa (3)] Thªm thµnh c«ng 1 c¸i, thªm thÊt b¹i 0 c¸i, r¬i ®Êt 0 c¸i.
20260612-003730	INFO	COMMON	[AWARD_TEMPLATE] NhËn §¸ Khãa KX	thuong	SdachSM	tbProp	 [Linh Th¹ch khãa (4)] Thªm thµnh c«ng 1 c¸i, thªm thÊt b¹i 0 c¸i, r¬i ®Êt 0 c¸i.
20260612-003730	INFO	COMMON	[AWARD_TEMPLATE] NhËn §¸ Khãa KX	thuong	SdachSM	tbProp	 [Linh Th¹ch khãa (5)] Thªm thµnh c«ng 1 c¸i, thªm thÊt b¹i 0 c¸i, r¬i ®Êt 0 c¸i.
20260612-003730	INFO	COMMON	[AWARD_TEMPLATE] NhËn §¸ Khãa KX	thuong	SdachSM	tbProp	 [Linh Th¹ch khãa (6)] Thªm thµnh c«ng 1 c¸i, thªm thÊt b¹i 0 c¸i, r¬i ®Êt 0 c¸i.
20260612-003730	INFO	COMMON	[AWARD_TEMPLATE] NhËn §¸ Khãa KX	thuong	SdachSM	tbProp	 [§æi Linh Th¹ch-Cao 1] Thªm thµnh c«ng 1 c¸i, thªm thÊt b¹i 0 c¸i, r¬i ®Êt 0 c¸i.
20260612-003730	INFO	COMMON	[AWARD_TEMPLATE] NhËn §¸ Khãa KX	thuong	SdachSM	tbProp	 [§æi Linh Th¹ch-Cao 2] Thªm thµnh c«ng 1 c¸i, thªm thÊt b¹i 0 c¸i, r¬i ®Êt 0 c¸i.
20260612-003730	INFO	COMMON	[AWARD_TEMPLATE] NhËn §¸ Khãa KX	thuong	SdachSM	tbProp	 [§æi Linh Th¹ch-Cao 3] Thªm thµnh c«ng 1 c¸i, thªm thÊt b¹i 0 c¸i, r¬i ®Êt 0 c¸i.
20260612-003730	INFO	COMMON	[AWARD_TEMPLATE] NhËn §¸ Khãa KX	thuong	SdachSM	tbProp	 [§æi Linh Th¹ch-Cao 4] Thªm thµnh c«ng 1 c¸i, thªm thÊt b¹i 0 c¸i, r¬i ®Êt 0 c¸i.
20260612-003730	INFO	COMMON	[AWARD_TEMPLATE] NhËn §¸ Khãa KX	thuong	SdachSM	tbProp	 [§æi Linh Th¹ch-Cao 5] Thªm thµnh c«ng 1 c¸i, thªm thÊt b¹i 0 c¸i, r¬i ®Êt 0 c¸i.
20260612-003730	INFO	COMMON	[AWARD_TEMPLATE] NhËn §¸ Khãa KX	thuong	SdachSM	tbProp	 [§æi Linh Th¹ch-Cao 6] Thªm thµnh c«ng 1 c¸i, thªm thÊt b¹i 0 c¸i, r¬i ®Êt 0 c¸i.
20260612-003730	INFO	COMMON	[AWARD_TEMPLATE] NhËn §¸ Khãa KX	thuong	SdachSM	tbProp	 [X· Qu©n Táa Linh Th¹ch ] Thªm thµnh c«ng 1 c¸i, thªm thÊt b¹i 0 c¸i, r¬i ®Êt 0 c¸i.
20260612-003730	INFO	COMMON	[AWARD_TEMPLATE] NhËn §¸ Khãa KX	thuong	SdachSM	tbProp	 [X· Qu©n Táa Linh Th¹ch ] Thªm thµnh c«ng 1 c¸i, thªm thÊt b¹i 0 c¸i, r¬i ®Êt 0 c¸i.
20260612-003730	INFO	COMMON	[AWARD_TEMPLATE] NhËn §¸ Khãa KX	thuong	SdachSM	tbProp	 [X· Qu©n Táa Linh Th¹ch ] Thªm thµnh c«ng 1 c¸i, thªm thÊt b¹i 0 c¸i, r¬i ®Êt 0 c¸i.
20260612-003730	INFO	COMMON	[AWARD_TEMPLATE] NhËn §¸ Khãa KX	thuong	SdachSM	tbProp	 [X· Qu©n Táa Linh Th¹ch ] Thªm thµnh c«ng 1 c¸i, thªm thÊt b¹i 0 c¸i, r¬i ®Êt 0 c¸i.
20260612-003730	INFO	COMMON	[AWARD_TEMPLATE] NhËn §¸ Khãa KX	thuong	SdachSM	tbProp	 [X· Qu©n Táa Linh Th¹ch ] Thªm thµnh c«ng 1 c¸i, thªm thÊt b¹i 0 c¸i, r¬i ®Êt 0 c¸i.
20260612-003730	INFO	COMMON	[AWARD_TEMPLATE] NhËn §¸ Khãa KX	thuong	SdachSM	tbProp	 [X· Qu©n Táa Linh Th¹ch ] Thªm thµnh c«ng 1 c¸i, thªm thÊt b¹i 0 c¸i, r¬i ®Êt 0 c¸i.
20260612-003730	INFO	COMMON	[AWARD_TEMPLATE] NhËn §¸ Khãa KX	thuong	SdachSM	tbProp	 [Tinh VÉn Táa Linh Th¹ch] Thªm thµnh c«ng 1 c¸i, thªm thÊt b¹i 0 c¸i, r¬i ®Êt 0 c¸i.
20260612-003730	INFO	COMMON	[AWARD_TEMPLATE] NhËn §¸ Khãa KX	thuong	SdachSM	tbProp	 [Tinh VÉn Táa Linh Th¹ch] Thªm thµnh c«ng 1 c¸i, thªm thÊt b¹i 0 c¸i, r¬i ®Êt 0 c¸i.
20260612-003730	INFO	COMMON	[AWARD_TEMPLATE] NhËn §¸ Khãa KX	thuong	SdachSM	tbProp	 [Tinh VÉn Táa Linh Th¹ch] Thªm thµnh c«ng 1 c¸i, thªm thÊt b¹i 0 c¸i, r¬i ®Êt 0 c¸i.
20260612-003730	INFO	COMMON	[AWARD_TEMPLATE] NhËn §¸ Khãa KX	thuong	SdachSM	tbProp	 [Tinh VÉn Táa Linh Th¹ch] Thªm thµnh c«ng 1 c¸i, thªm thÊt b¹i 0 c¸i, r¬i ®Êt 0 c¸i.
20260612-003730	INFO	COMMON	[AWARD_TEMPLATE] NhËn §¸ Khãa KX	thuong	SdachSM	tbProp	 [Tinh VÉn Táa Linh Th¹ch] Thªm thµnh c«ng 1 c¸i, thªm thÊt b¹i 0 c¸i, r¬i ®Êt 0 c¸i.
20260612-003730	INFO	COMMON	[AWARD_TEMPLATE] NhËn §¸ Khãa KX	thuong	SdachSM	tbProp	 [Tinh VÉn Táa Linh Th¹ch] Thªm thµnh c«ng 1 c¸i, thªm thÊt b¹i 0 c¸i, r¬i ®Êt 0 c¸i.
20260612-003749	INFO	COMMON	[AWARD_TEMPLATE] NhËn §¸ TÈy KX	thuong	SdachSM	tbProp	 [TÈy T©m Th¹ch cÊp 1] Thªm thµnh c«ng 1 c¸i, thªm thÊt b¹i 0 c¸i, r¬i ®Êt 0 c¸i.
20260612-003749	INFO	COMMON	[AWARD_TEMPLATE] NhËn §¸ TÈy KX	thuong	SdachSM	tbProp	 [TÈy T©m Th¹ch cÊp 2] Thªm thµnh c«ng 1 c¸i, thªm thÊt b¹i 0 c¸i, r¬i ®Êt 0 c¸i.
20260612-003749	INFO	COMMON	[AWARD_TEMPLATE] NhËn §¸ TÈy KX	thuong	SdachSM	tbProp	 [TÈy T©m Th¹ch cÊp 3] Thªm thµnh c«ng 1 c¸i, thªm thÊt b¹i 0 c¸i, r¬i ®Êt 0 c¸i.
20260612-003749	INFO	COMMON	[AWARD_TEMPLATE] NhËn §¸ TÈy KX	thuong	SdachSM	tbProp	 [TÈy T©m Th¹ch cÊp 4] Thªm thµnh c«ng 1 c¸i, thªm thÊt b¹i 0 c¸i, r¬i ®Êt 0 c¸i.
20260612-003749	INFO	COMMON	[AWARD_TEMPLATE] NhËn §¸ TÈy KX	thuong	SdachSM	tbProp	 [TÈy T©m Th¹ch cÊp 5] Thªm thµnh c«ng 1 c¸i, thªm thÊt b¹i 0 c¸i, r¬i ®Êt 0 c¸i.
20260612-003749	INFO	COMMON	[AWARD_TEMPLATE] NhËn §¸ TÈy KX	thuong	SdachSM	tbProp	 [TÈy T©m Th¹ch cÊp 6] Thªm thµnh c«ng 1 c¸i, thªm thÊt b¹i 0 c¸i, r¬i ®Êt 0 c¸i.
20260612-003749	INFO	COMMON	[AWARD_TEMPLATE] NhËn §¸ TÈy KX	thuong	SdachSM	tbProp	 [LuyÖn L« ThiÕt CÊp 1] Thªm thµnh c«ng 1 c¸i, thªm thÊt b¹i 0 c¸i, r¬i ®Êt 0 c¸i.
20260612-003749	INFO	COMMON	[AWARD_TEMPLATE] NhËn §¸ TÈy KX	thuong	SdachSM	tbProp	 [LuyÖn L« ThiÕt CÊp 2] Thªm thµnh c«ng 1 c¸i, thªm thÊt b¹i 0 c¸i, r¬i ®Êt 0 c¸i.
20260612-003749	INFO	COMMON	[AWARD_TEMPLATE] NhËn §¸ TÈy KX	thuong	SdachSM	tbProp	 [LuyÖn L« ThiÕt CÊp 3] Thªm thµnh c«ng 1 c¸i, thªm thÊt b¹i 0 c¸i, r¬i ®Êt 0 c¸i.
20260612-003749	INFO	COMMON	[AWARD_TEMPLATE] NhËn §¸ TÈy KX	thuong	SdachSM	tbProp	 [LuyÖn L« ThiÕt cÊp 4] Thªm thµnh c«ng 1 c¸i, thªm thÊt b¹i 0 c¸i, r¬i ®Êt 0 c¸i.
20260612-003749	INFO	COMMON	[AWARD_TEMPLATE] NhËn §¸ TÈy KX	thuong	SdachSM	tbProp	 [LuyÖn L« ThiÕt cÊp 5] Thªm thµnh c«ng 1 c¸i, thªm thÊt b¹i 0 c¸i, r¬i ®Êt 0 c¸i.
20260612-003749	INFO	COMMON	[AWARD_TEMPLATE] NhËn §¸ TÈy KX	thuong	SdachSM	tbProp	 [LuyÖn L« ThiÕt cÊp 6] Thªm thµnh c«ng 1 c¸i, thªm thÊt b¹i 0 c¸i, r¬i ®Êt 0 c¸i.
20260612-003749	INFO	COMMON	[AWARD_TEMPLATE] NhËn §¸ TÈy KX	thuong	SdachSM	tbProp	 [LuyÖn L« ThiÕt CÊp 7] Thªm thµnh c«ng 1 c¸i, thªm thÊt b¹i 0 c¸i, r¬i ®Êt 0 c¸i.
20260612-003749	INFO	COMMON	[AWARD_TEMPLATE] NhËn §¸ TÈy KX	thuong	SdachSM	tbProp	 [TÈy T©m Th¹ch CÊp 7] Thªm thµnh c«ng 1 c¸i, thªm thÊt b¹i 0 c¸i, r¬i ®Êt 0 c¸i.
20260612-003749	INFO	COMMON	[AWARD_TEMPLATE] NhËn §¸ TÈy KX	thuong	SdachSM	tbProp	 [LuyÖn L« ThiÕt Lv8] Thªm thµnh c«ng 1 c¸i, thªm thÊt b¹i 0 c¸i, r¬i ®Êt 0 c¸i.
20260612-003749	INFO	COMMON	[AWARD_TEMPLATE] NhËn §¸ TÈy KX	thuong	SdachSM	tbProp	 [TÈy T©m Th¹ch Lv8] Thªm thµnh c«ng 1 c¸i, thªm thÊt b¹i 0 c¸i, r¬i ®Êt 0 c¸i.
20260612-003758	INFO	COMMON	[AWARD_TEMPLATE] onKsgPlayerLogin received card, type = player	thuong	SdachSM	tbProp	 [Vâ L©m 2 Shiina] Thªm thµnh c«ng 1 c¸i, thªm thÊt b¹i 0 c¸i, r¬i ®Êt 0 c¸i.
20260612-003804	INFO	COMMON	[AWARD_TEMPLATE] NhËn ThiÕt Tinh 4	thuong	SdachSM	tbProp	 [ThiÕt tinh cÊp 4] Thªm thµnh c«ng 1 c¸i, thªm thÊt b¹i 0 c¸i, r¬i ®Êt 0 c¸i.
20260612-003828	INFO	COMMON	[Account:thuong Role:SdachSM]Use pet skill book (2,150,104) ItemIdx=23, PayMoney=40000, RetValue=2(2=success)
20260612-003844	INFO	COMMON	[AWARD_TEMPLATE] NhËn phiÕu vµ vÐ ®æi ngo¹i trang	thuong	SdachSM	tbProp	 [VËt phÈm Xu] Thªm thµnh c«ng 1 c¸i, thªm thÊt b¹i 0 c¸i, r¬i ®Êt 0 c¸i.
20260612-003849	INFO	COMMON	[AWARD_TEMPLATE] NhËn Ên Phông Tö Ên	thuong	SdachSM	tbProp	 [Phông Tö Ên] Thªm thµnh c«ng 1 c¸i, thªm thÊt b¹i 0 c¸i, r¬i ®Êt 0 c¸i.
20260612-003849	INFO	COMMON	[AWARD_TEMPLATE] NhËn ngo¹i trang chuyÓn sinh 10	thuong	SdachSM	tbProp	 [Thanh S­¬ng tr©m] Thªm thµnh c«ng 1 c¸i, thªm thÊt b¹i 0 c¸i, r¬i ®Êt 0 c¸i.
20260612-003849	INFO	COMMON	[AWARD_TEMPLATE] NhËn ngo¹i trang chuyÓn sinh 10	thuong	SdachSM	tbProp	 [Thanh S­¬ng ¸o] Thªm thµnh c«ng 1 c¸i, thªm thÊt b¹i 0 c¸i, r¬i ®Êt 0 c¸i.
20260612-003849	INFO	COMMON	[AWARD_TEMPLATE] NhËn ngo¹i trang chuyÓn sinh 10	thuong	SdachSM	tbProp	 [Thanh S­¬ng trang] Thªm thµnh c«ng 1 c¸i, thªm thÊt b¹i 0 c¸i, r¬i ®Êt 0 c¸i.
20260612-003849	INFO	COMMON	[AWARD_TEMPLATE] NhËn ngo¹i trang chuyÓn sinh 10	thuong	SdachSM	tbProp	 [Phông 10-H] Thªm thµnh c«ng 1 c¸i, thªm thÊt b¹i 0 c¸i, r¬i ®Êt 0 c¸i.
20260612-003849	INFO	COMMON	[AWARD_TEMPLATE] NhËn ngo¹i trang chuyÓn sinh 10	thuong	SdachSM	tbProp	 [Phông 10-C] Thªm thµnh c«ng 1 c¸i, thªm thÊt b¹i 0 c¸i, r¬i ®Êt 0 c¸i.
20260612-003849	INFO	COMMON	[AWARD_TEMPLATE] NhËn ngo¹i trang chuyÓn sinh 10	thuong	SdachSM	tbProp	 [Phông 10-T] Thªm thµnh c«ng 1 c¸i, thªm thÊt b¹i 0 c¸i, r¬i ®Êt 0 c¸i.
20260612-004223	INFO	COMMON	[Tr­îng KiÕm Thiªn Nhai] [NhiÖm vô biÕn hãa] [Nh©n vËt: KingSM, tµi kho¶n: rage01] [Sè vßng: 0, vÞ trÝ: 0, biÕn l­îng: 0]
20260612-004223	INFO	COMMON	[AWARD_TEMPLATE] onKsgPlayerLogin received card, type = player	rage01	KingSM	tbProp	 [Vâ L©m 2 Shiina] Thªm thµnh c«ng 1 c¸i, thªm thÊt b¹i 0 c¸i, r¬i ®Êt 0 c¸i.
20260612-004223	INFO	COMMON	[kuafu share data(KF_KingSM,0,2) not exist]	rage01	KingSM										0	1	0	0		192.168.70.1
20260612-004223	INFO	COMMON	[kuafu share data(KF_KingSM,0,3) not exist]	rage01	KingSM										0	1	0	0		192.168.70.1
20260612-004223	INFO	COMMON	[kuafu share data(KF_KingSM,0,5) not exist]	rage01	KingSM										0	1	0	0		192.168.70.1
20260612-004223	INFO	COMMON	[kuafu share data(KF_KingSM,0,6) not exist]	rage01	KingSM										0	1	0	0		192.168.70.1
20260612-004223	INFO	COMMON	[kuafu share data(KF_KingSM,0,7) not exist]	rage01	KingSM										0	1	0	0		192.168.70.1
20260612-004223	INFO	COMMON	[kuafu share data(KF_KingSM,0,8) not exist]	rage01	KingSM										0	1	0	0		192.168.70.1
20260612-004223	INFO	COMMON	[kuafu share data(KF_KingSM,0,9) not exist]	rage01	KingSM										0	1	0	0		192.168.70.1
20260612-004223	INFO	COMMON	[kuafu share data(KF_KingSM,0,10) not exist]	rage01	KingSM										0	1	0	0		192.168.70.1
20260612-004223	INFO	COMMON	[kuafu share data(KF_KingSM,0,11) not exist]	rage01	KingSM										0	1	0	0		192.168.70.1
20260612-004223	INFO	COMMON	[kuafu share data(KF_KingSM,0,12) not exist]	rage01	KingSM										0	1	0	0		192.168.70.1
20260612-004223	INFO	COMMON	[kuafu share data(KF_KingSM,0,13) not exist]	rage01	KingSM										0	1	0	0		192.168.70.1
20260612-004223	INFO	COMMON	[kuafu share data(KF_KingSM,0,14) not exist]	rage01	KingSM										0	1	0	0		192.168.70.1
20260612-004223	INFO	COMMON	[kuafu share data(KF_KingSM,0,15) not exist]	rage01	KingSM										0	1	0	0		192.168.70.1
20260612-004302	INFO	COMMON	[AWARD_TEMPLATE] NhËn Tói Quµ T©n Thñ	rage01	KingSM	tbProp	 [Tói quµ t©n thñ] Thªm thµnh c«ng 1 c¸i, thªm thÊt b¹i 0 c¸i, r¬i ®Êt 0 c¸i.
20260612-004305	INFO	COMMON	[AWARD_TEMPLATE] NhËn bé diÖu d­¬ng	rage01	KingSM	tbProp	 [DiÖu D­¬ng-§é ¸ch T«n G] Thªm thµnh c«ng 1 c¸i, thªm thÊt b¹i 0 c¸i, r¬i ®Êt 0 c¸i.
20260612-004305	INFO	COMMON	[AWARD_TEMPLATE] NhËn bé diÖu d­¬ng	rage01	KingSM	tbProp	 [DiÖu D­¬ng-§é ¸ch T«n G] Thªm thµnh c«ng 1 c¸i, thªm thÊt b¹i 0 c¸i, r¬i ®Êt 0 c¸i.
20260612-004305	INFO	COMMON	[AWARD_TEMPLATE] NhËn bé diÖu d­¬ng	rage01	KingSM	tbProp	 [DiÖu D­¬ng-§é ¸ch T«n G] Thªm thµnh c«ng 1 c¸i, thªm thÊt b¹i 0 c¸i, r¬i ®Êt 0 c¸i.
20260612-004305	INFO	COMMON	[AWARD_TEMPLATE] NhËn bé diÖu d­¬ng	rage01	KingSM	tbProp	 [DiÖu D­¬ng-§é ¸ch T«n G] Thªm thµnh c«ng 1 c¸i, thªm thÊt b¹i 0 c¸i, r¬i ®Êt 0 c¸i.
20260612-004305	INFO	COMMON	[AWARD_TEMPLATE] NhËn bé diÖu d­¬ng	rage01	KingSM	tbProp	 [DiÖu D­¬ng Thiªn Cung-¤] Thªm thµnh c«ng 1 c¸i, thªm thÊt b¹i 0 c¸i, r¬i ®Êt 0 c¸i.
20260612-004305	INFO	COMMON	[AWARD_TEMPLATE] NhËn bé diÖu d­¬ng	rage01	KingSM	tbProp	 [DiÖu D­¬ng Thiªn Cung-T] Thªm thµnh c«ng 1 c¸i, thªm thÊt b¹i 0 c¸i, r¬i ®Êt 0 c¸i.
20260612-004305	INFO	COMMON	[AWARD_TEMPLATE] NhËn bé diÖu d­¬ng	rage01	KingSM	tbProp	 [DiÖu D­¬ng Thiªn Cung-V] Thªm thµnh c«ng 1 c¸i, thªm thÊt b¹i 0 c¸i, r¬i ®Êt 0 c¸i.
20260612-004305	INFO	COMMON	[AWARD_TEMPLATE] NhËn bé diÖu d­¬ng	rage01	KingSM	tbProp	 [DiÖu D­¬ng Thiªn Cung-X] Thªm thµnh c«ng 1 c¸i, thªm thÊt b¹i 0 c¸i, r¬i ®Êt 0 c¸i.
20260612-004305	INFO	COMMON	[AWARD_TEMPLATE] NhËn bé diÖu d­¬ng	rage01	KingSM	tbProp	 [DiÖu D­¬ng Thiªn Cung-B] Thªm thµnh c«ng 1 c¸i, thªm thÊt b¹i 0 c¸i, r¬i ®Êt 0 c¸i.
20260612-004305	INFO	COMMON	[AWARD_TEMPLATE] Quµ T©n Thñ	rage01	KingSM	nFunc Amount: 1
20260612-004305	INFO	COMMON	[AWARD_TEMPLATE] Quµ T©n Thñ	rage01	KingSM	nFunc Amount: 1
20260612-004305	INFO	COMMON	[AWARD_TEMPLATE] Quµ T©n Thñ	rage01	KingSM	tbProp	 [Cöu Thiªn V« Cùc §¬n] Thªm thµnh c«ng 1 c¸i, thªm thÊt b¹i 0 c¸i, r¬i ®Êt 0 c¸i.
20260612-004305	INFO	COMMON	[AWARD_TEMPLATE] Quµ T©n Thñ	rage01	KingSM	tbProp	 [Tói Quµ Vâ L©m] Thªm thµnh c«ng 1 c¸i, thªm thÊt b¹i 0 c¸i, r¬i ®Êt 0 c¸i.
20260612-004305	INFO	COMMON	[AWARD_TEMPLATE] Quµ T©n Thñ	rage01	KingSM	tbProp	 [R­¬ng YÕu QuyÕt_S¬] Thªm thµnh c«ng 1 c¸i, thªm thÊt b¹i 0 c¸i, r¬i ®Êt 0 c¸i.
20260612-004305	INFO	COMMON	[AWARD_TEMPLATE] Quµ T©n Thñ	rage01	KingSM	tbProp	 [TuyÖt §Þa] Thªm thµnh c«ng 1 c¸i, thªm thÊt b¹i 0 c¸i, r¬i ®Êt 0 c¸i.
20260612-004305	INFO	COMMON	[AWARD_TEMPLATE] Thó c­ìi chuyÓn sinh 7	rage01	KingSM	tbProp	 [ThiÕu D­¬ng ThÊt Tinh K] Thªm thµnh c«ng 1 c¸i, thªm thÊt b¹i 0 c¸i, r¬i ®Êt 0 c¸i.Thêi gian tån t¹i vËt phÈm ®­îc ®Æt thµnh 2592000 gi©y
20260612-004305	INFO	COMMON	[AWARD_TEMPLATE] NhËn Ên Long Tö Ên	rage01	KingSM	tbProp	 [Long Tö Ên] Thªm thµnh c«ng 1 c¸i, thªm thÊt b¹i 0 c¸i, r¬i ®Êt 0 c¸i.
20260612-004305	INFO	COMMON	[AWARD_TEMPLATE] NhËn ngo¹i trang chuyÓn sinh 7	rage01	KingSM	tbProp	 [ThÊt TÞch-ngo¹i trang ®] Thªm thµnh c«ng 1 c¸i, thªm thÊt b¹i 0 c¸i, r¬i ®Êt 0 c¸i.
20260612-004305	INFO	COMMON	[AWARD_TEMPLATE] NhËn ngo¹i trang chuyÓn sinh 7	rage01	KingSM	tbProp	 [ThÊt TÞch-ngo¹i trang y] Thªm thµnh c«ng 1 c¸i, thªm thÊt b¹i 0 c¸i, r¬i ®Êt 0 c¸i.
20260612-004305	INFO	COMMON	[AWARD_TEMPLATE] NhËn ngo¹i trang chuyÓn sinh 7	rage01	KingSM	tbProp	 [ThÊt TÞch-ngo¹i trang k] Thªm thµnh c«ng 1 c¸i, thªm thÊt b¹i 0 c¸i, r¬i ®Êt 0 c¸i.
20260612-004305	INFO	COMMON	[AWARD_TEMPLATE] Quµ T©n Thñ	rage01	KingSM	nReborn Amount: 790
20260612-004305	INFO	COMMON	[AWARD_TEMPLATE] Quµ T©n Thñ	rage01	KingSM	nGold Amount: 1
20260612-004309	INFO	COMMON	[_tjl_player_syn_record]PlayerLogout	rage01	KingSM	0	0
20260612-004332	INFO	COMMON	[Tr­îng KiÕm Thiªn Nhai] [NhiÖm vô biÕn hãa] [Nh©n vËt: GodOfSM, tµi kho¶n: rage01] [Sè vßng: 0, vÞ trÝ: 0, biÕn l­îng: 0]
20260612-004332	INFO	COMMON	[AWARD_TEMPLATE] onKsgPlayerLogin received card, type = player	rage01	GodOfSM	tbProp	 [Vâ L©m 2 Shiina] Thªm thµnh c«ng 1 c¸i, thªm thÊt b¹i 0 c¸i, r¬i ®Êt 0 c¸i.
20260612-004332	INFO	COMMON	[kuafu share data(KF_GodOfSM,0,2) not exist]	rage01	GodOfSM										0	1	0	0		192.168.70.1
20260612-004332	INFO	COMMON	[kuafu share data(KF_GodOfSM,0,3) not exist]	rage01	GodOfSM										0	1	0	0		192.168.70.1
20260612-004332	INFO	COMMON	[kuafu share data(KF_GodOfSM,0,5) not exist]	rage01	GodOfSM										0	1	0	0		192.168.70.1
20260612-004332	INFO	COMMON	[kuafu share data(KF_GodOfSM,0,6) not exist]	rage01	GodOfSM										0	1	0	0		192.168.70.1
20260612-004332	INFO	COMMON	[kuafu share data(KF_GodOfSM,0,7) not exist]	rage01	GodOfSM										0	1	0	0		192.168.70.1
20260612-004332	INFO	COMMON	[kuafu share data(KF_GodOfSM,0,8) not exist]	rage01	GodOfSM										0	1	0	0		192.168.70.1
20260612-004332	INFO	COMMON	[kuafu share data(KF_GodOfSM,0,9) not exist]	rage01	GodOfSM										0	1	0	0		192.168.70.1
20260612-004332	INFO	COMMON	[kuafu share data(KF_GodOfSM,0,10) not exist]	rage01	GodOfSM										0	1	0	0		192.168.70.1
20260612-004332	INFO	COMMON	[kuafu share data(KF_GodOfSM,0,11) not exist]	rage01	GodOfSM										0	1	0	0		192.168.70.1
20260612-004332	INFO	COMMON	[kuafu share data(KF_GodOfSM,0,12) not exist]	rage01	GodOfSM										0	1	0	0		192.168.70.1
20260612-004332	INFO	COMMON	[kuafu share data(KF_GodOfSM,0,13) not exist]	rage01	GodOfSM										0	1	0	0		192.168.70.1
20260612-004332	INFO	COMMON	[kuafu share data(KF_GodOfSM,0,14) not exist]	rage01	GodOfSM										0	1	0	0		192.168.70.1
20260612-004332	INFO	COMMON	[kuafu share data(KF_GodOfSM,0,15) not exist]	rage01	GodOfSM										0	1	0	0		192.168.70.1
20260612-004338	INFO	COMMON	[AWARD_TEMPLATE] NhËn Tói Quµ T©n Thñ	rage01	GodOfSM	tbProp	 [Tói quµ t©n thñ] Thªm thµnh c«ng 1 c¸i, thªm thÊt b¹i 0 c¸i, r¬i ®Êt 0 c¸i.
20260612-004339	INFO	COMMON	[AWARD_TEMPLATE] NhËn bé diÖu d­¬ng	rage01	GodOfSM	tbProp	 [DiÖu D­¬ng-§é N¹n T«n G] Thªm thµnh c«ng 1 c¸i, thªm thÊt b¹i 0 c¸i, r¬i ®Êt 0 c¸i.
20260612-004339	INFO	COMMON	[AWARD_TEMPLATE] NhËn bé diÖu d­¬ng	rage01	GodOfSM	tbProp	 [DiÖu D­¬ng-§é N¹n T«n G] Thªm thµnh c«ng 1 c¸i, thªm thÊt b¹i 0 c¸i, r¬i ®Êt 0 c¸i.
20260612-004339	INFO	COMMON	[AWARD_TEMPLATE] NhËn bé diÖu d­¬ng	rage01	GodOfSM	tbProp	 [DiÖu D­¬ng-§é N¹n T«n G] Thªm thµnh c«ng 1 c¸i, thªm thÊt b¹i 0 c¸i, r¬i ®Êt 0 c¸i.
20260612-004339	INFO	COMMON	[AWARD_TEMPLATE] NhËn bé diÖu d­¬ng	rage01	GodOfSM	tbProp	 [DiÖu D­¬ng-§é N¹n T«n G] Thªm thµnh c«ng 1 c¸i, thªm thÊt b¹i 0 c¸i, r¬i ®Êt 0 c¸i.
20260612-004339	INFO	COMMON	[AWARD_TEMPLATE] NhËn bé diÖu d­¬ng	rage01	GodOfSM	tbProp	 [DiÖu D­¬ng Thiªn Cung-¤] Thªm thµnh c«ng 1 c¸i, thªm thÊt b¹i 0 c¸i, r¬i ®Êt 0 c¸i.
20260612-004339	INFO	COMMON	[AWARD_TEMPLATE] NhËn bé diÖu d­¬ng	rage01	GodOfSM	tbProp	 [DiÖu D­¬ng Thiªn Cung-T] Thªm thµnh c«ng 1 c¸i, thªm thÊt b¹i 0 c¸i, r¬i ®Êt 0 c¸i.
20260612-004339	INFO	COMMON	[AWARD_TEMPLATE] NhËn bé diÖu d­¬ng	rage01	GodOfSM	tbProp	 [DiÖu D­¬ng Thiªn Cung-V] Thªm thµnh c«ng 1 c¸i, thªm thÊt b¹i 0 c¸i, r¬i ®Êt 0 c¸i.
20260612-004339	INFO	COMMON	[AWARD_TEMPLATE] NhËn bé diÖu d­¬ng	rage01	GodOfSM	tbProp	 [DiÖu D­¬ng Thiªn Cung-X] Thªm thµnh c«ng 1 c¸i, thªm thÊt b¹i 0 c¸i, r¬i ®Êt 0 c¸i.
20260612-004339	INFO	COMMON	[AWARD_TEMPLATE] NhËn bé diÖu d­¬ng	rage01	GodOfSM	tbProp	 [DiÖu D­¬ng Thiªn Cung-B] Thªm thµnh c«ng 1 c¸i, thªm thÊt b¹i 0 c¸i, r¬i ®Êt 0 c¸i.
20260612-004339	INFO	COMMON	[AWARD_TEMPLATE] Quµ T©n Thñ	rage01	GodOfSM	nFunc Amount: 1
20260612-004339	INFO	COMMON	[AWARD_TEMPLATE] Quµ T©n Thñ	rage01	GodOfSM	nFunc Amount: 1
20260612-004339	INFO	COMMON	[AWARD_TEMPLATE] Quµ T©n Thñ	rage01	GodOfSM	tbProp	 [Cöu Thiªn V« Cùc §¬n] Thªm thµnh c«ng 1 c¸i, thªm thÊt b¹i 0 c¸i, r¬i ®Êt 0 c¸i.
20260612-004339	INFO	COMMON	[AWARD_TEMPLATE] Quµ T©n Thñ	rage01	GodOfSM	tbProp	 [Tói Quµ Vâ L©m] Thªm thµnh c«ng 1 c¸i, thªm thÊt b¹i 0 c¸i, r¬i ®Êt 0 c¸i.
20260612-004339	INFO	COMMON	[AWARD_TEMPLATE] Quµ T©n Thñ	rage01	GodOfSM	tbProp	 [R­¬ng YÕu QuyÕt_S¬] Thªm thµnh c«ng 1 c¸i, thªm thÊt b¹i 0 c¸i, r¬i ®Êt 0 c¸i.
20260612-004339	INFO	COMMON	[AWARD_TEMPLATE] Quµ T©n Thñ	rage01	GodOfSM	tbProp	 [TuyÖt §Þa] Thªm thµnh c«ng 1 c¸i, thªm thÊt b¹i 0 c¸i, r¬i ®Êt 0 c¸i.
20260612-004339	INFO	COMMON	[AWARD_TEMPLATE] Thó c­ìi chuyÓn sinh 7	rage01	GodOfSM	tbProp	 [ThiÕu D­¬ng ThÊt Tinh K] Thªm thµnh c«ng 1 c¸i, thªm thÊt b¹i 0 c¸i, r¬i ®Êt 0 c¸i.Thêi gian tån t¹i vËt phÈm ®­îc ®Æt thµnh 2592000 gi©y
20260612-004339	INFO	COMMON	[AWARD_TEMPLATE] NhËn Ên Long Tö Ên	rage01	GodOfSM	tbProp	 [Long Tö Ên] Thªm thµnh c«ng 1 c¸i, thªm thÊt b¹i 0 c¸i, r¬i ®Êt 0 c¸i.
20260612-004339	INFO	COMMON	[AWARD_TEMPLATE] NhËn ngo¹i trang chuyÓn sinh 7	rage01	GodOfSM	tbProp	 [ThÊt TÞch-ngo¹i trang ®] Thªm thµnh c«ng 1 c¸i, thªm thÊt b¹i 0 c¸i, r¬i ®Êt 0 c¸i.
20260612-004339	INFO	COMMON	[AWARD_TEMPLATE] NhËn ngo¹i trang chuyÓn sinh 7	rage01	GodOfSM	tbProp	 [ThÊt TÞch-ngo¹i trang y] Thªm thµnh c«ng 1 c¸i, thªm thÊt b¹i 0 c¸i, r¬i ®Êt 0 c¸i.
20260612-004339	INFO	COMMON	[AWARD_TEMPLATE] NhËn ngo¹i trang chuyÓn sinh 7	rage01	GodOfSM	tbProp	 [ThÊt TÞch-ngo¹i trang k] Thªm thµnh c«ng 1 c¸i, thªm thÊt b¹i 0 c¸i, r¬i ®Êt 0 c¸i.
20260612-004339	INFO	COMMON	[AWARD_TEMPLATE] Quµ T©n Thñ	rage01	GodOfSM	nReborn Amount: 790
20260612-004339	INFO	COMMON	[AWARD_TEMPLATE] Quµ T©n Thñ	rage01	GodOfSM	nGold Amount: 1
20260612-004342	INFO	COMMON	[_tjl_player_syn_record]PlayerLogout	rage01	GodOfSM	0	0
20260612-004416	INFO	COMMON	[Tr­îng KiÕm Thiªn Nhai] [NhiÖm vô biÕn hãa] [Nh©n vËt: MaJas_ServeR, tµi kho¶n: rage01] [Sè vßng: 0, vÞ trÝ: 0, biÕn l­îng: 0]
20260612-004416	INFO	COMMON	[AWARD_TEMPLATE] onKsgPlayerLogin received card, type = player	rage01	MaJas_ServeR	tbProp	 [Vâ L©m 2 Shiina] Thªm thµnh c«ng 1 c¸i, thªm thÊt b¹i 0 c¸i, r¬i ®Êt 0 c¸i.
20260612-004416	INFO	COMMON	[kuafu share data(KF_MaJas_ServeR,0,2) not exist]	rage01	MaJas_ServeR										0	1	0	0		192.168.70.1
20260612-004416	INFO	COMMON	[kuafu share data(KF_MaJas_ServeR,0,3) not exist]	rage01	MaJas_ServeR										0	1	0	0		192.168.70.1
20260612-004416	INFO	COMMON	[kuafu share data(KF_MaJas_ServeR,0,5) not exist]	rage01	MaJas_ServeR										0	1	0	0		192.168.70.1
20260612-004416	INFO	COMMON	[kuafu share data(KF_MaJas_ServeR,0,6) not exist]	rage01	MaJas_ServeR										0	1	0	0		192.168.70.1
20260612-004416	INFO	COMMON	[kuafu share data(KF_MaJas_ServeR,0,7) not exist]	rage01	MaJas_ServeR										0	1	0	0		192.168.70.1
20260612-004416	INFO	COMMON	[kuafu share data(KF_MaJas_ServeR,0,8) not exist]	rage01	MaJas_ServeR										0	1	0	0		192.168.70.1
20260612-004416	INFO	COMMON	[kuafu share data(KF_MaJas_ServeR,0,9) not exist]	rage01	MaJas_ServeR										0	1	0	0		192.168.70.1
20260612-004416	INFO	COMMON	[kuafu share data(KF_MaJas_ServeR,0,10) not exist]	rage01	MaJas_ServeR										0	1	0	0		192.168.70.1
20260612-004416	INFO	COMMON	[kuafu share data(KF_MaJas_ServeR,0,11) not exist]	rage01	MaJas_ServeR										0	1	0	0		192.168.70.1
20260612-004416	INFO	COMMON	[kuafu share data(KF_MaJas_ServeR,0,12) not exist]	rage01	MaJas_ServeR										0	1	0	0		192.168.70.1
20260612-004416	INFO	COMMON	[kuafu share data(KF_MaJas_ServeR,0,13) not exist]	rage01	MaJas_ServeR										0	1	0	0		192.168.70.1
20260612-004416	INFO	COMMON	[kuafu share data(KF_MaJas_ServeR,0,14) not exist]	rage01	MaJas_ServeR										0	1	0	0		192.168.70.1
20260612-004416	INFO	COMMON	[kuafu share data(KF_MaJas_ServeR,0,15) not exist]	rage01	MaJas_ServeR										0	1	0	0		192.168.70.1
20260612-004422	INFO	COMMON	[AWARD_TEMPLATE] NhËn Tói Quµ T©n Thñ	rage01	MaJas_ServeR	tbProp	 [Tói quµ t©n thñ] Thªm thµnh c«ng 1 c¸i, thªm thÊt b¹i 0 c¸i, r¬i ®Êt 0 c¸i.
20260612-004423	INFO	COMMON	[AWARD_TEMPLATE] NhËn bé diÖu d­¬ng	rage01	MaJas_ServeR	tbProp	 [DiÖu D­¬ng-§é KiÕp T«n ] Thªm thµnh c«ng 1 c¸i, thªm thÊt b¹i 0 c¸i, r¬i ®Êt 0 c¸i.
20260612-004423	INFO	COMMON	[AWARD_TEMPLATE] NhËn bé diÖu d­¬ng	rage01	MaJas_ServeR	tbProp	 [DiÖu D­¬ng-§é KiÕp T«n ] Thªm thµnh c«ng 1 c¸i, thªm thÊt b¹i 0 c¸i, r¬i ®Êt 0 c¸i.
20260612-004423	INFO	COMMON	[AWARD_TEMPLATE] NhËn bé diÖu d­¬ng	rage01	MaJas_ServeR	tbProp	 [DiÖu D­¬ng-§é KiÕp T«n ] Thªm thµnh c«ng 1 c¸i, thªm thÊt b¹i 0 c¸i, r¬i ®Êt 0 c¸i.
20260612-004423	INFO	COMMON	[AWARD_TEMPLATE] NhËn bé diÖu d­¬ng	rage01	MaJas_ServeR	tbProp	 [DiÖu D­¬ng-§é KiÕp T«n ] Thªm thµnh c«ng 1 c¸i, thªm thÊt b¹i 0 c¸i, r¬i ®Êt 0 c¸i.
20260612-004423	INFO	COMMON	[AWARD_TEMPLATE] NhËn bé diÖu d­¬ng	rage01	MaJas_ServeR	tbProp	 [DiÖu D­¬ng Thiªn Cung-¤] Thªm thµnh c«ng 1 c¸i, thªm thÊt b¹i 0 c¸i, r¬i ®Êt 0 c¸i.
20260612-004423	INFO	COMMON	[AWARD_TEMPLATE] NhËn bé diÖu d­¬ng	rage01	MaJas_ServeR	tbProp	 [DiÖu D­¬ng Thiªn Cung-T] Thªm thµnh c«ng 1 c¸i, thªm thÊt b¹i 0 c¸i, r¬i ®Êt 0 c¸i.
20260612-004423	INFO	COMMON	[AWARD_TEMPLATE] NhËn bé diÖu d­¬ng	rage01	MaJas_ServeR	tbProp	 [DiÖu D­¬ng Thiªn Cung-V] Thªm thµnh c«ng 1 c¸i, thªm thÊt b¹i 0 c¸i, r¬i ®Êt 0 c¸i.
20260612-004423	INFO	COMMON	[AWARD_TEMPLATE] NhËn bé diÖu d­¬ng	rage01	MaJas_ServeR	tbProp	 [DiÖu D­¬ng Thiªn Cung-X] Thªm thµnh c«ng 1 c¸i, thªm thÊt b¹i 0 c¸i, r¬i ®Êt 0 c¸i.
20260612-004423	INFO	COMMON	[AWARD_TEMPLATE] NhËn bé diÖu d­¬ng	rage01	MaJas_ServeR	tbProp	 [DiÖu D­¬ng Thiªn Cung-B] Thªm thµnh c«ng 1 c¸i, thªm thÊt b¹i 0 c¸i, r¬i ®Êt 0 c¸i.
20260612-004423	INFO	COMMON	[AWARD_TEMPLATE] Quµ T©n Thñ	rage01	MaJas_ServeR	nFunc Amount: 1
20260612-004423	INFO	COMMON	[AWARD_TEMPLATE] Quµ T©n Thñ	rage01	MaJas_ServeR	nFunc Amount: 1
20260612-004423	INFO	COMMON	[AWARD_TEMPLATE] Quµ T©n Thñ	rage01	MaJas_ServeR	tbProp	 [Cöu Thiªn V« Cùc §¬n] Thªm thµnh c«ng 1 c¸i, thªm thÊt b¹i 0 c¸i, r¬i ®Êt 0 c¸i.
20260612-004423	INFO	COMMON	[AWARD_TEMPLATE] Quµ T©n Thñ	rage01	MaJas_ServeR	tbProp	 [Tói Quµ Vâ L©m] Thªm thµnh c«ng 1 c¸i, thªm thÊt b¹i 0 c¸i, r¬i ®Êt 0 c¸i.
20260612-004423	INFO	COMMON	[AWARD_TEMPLATE] Quµ T©n Thñ	rage01	MaJas_ServeR	tbProp	 [R­¬ng YÕu QuyÕt_S¬] Thªm thµnh c«ng 1 c¸i, thªm thÊt b¹i 0 c¸i, r¬i ®Êt 0 c¸i.
20260612-004423	INFO	COMMON	[AWARD_TEMPLATE] Quµ T©n Thñ	rage01	MaJas_ServeR	tbProp	 [TuyÖt §Þa] Thªm thµnh c«ng 1 c¸i, thªm thÊt b¹i 0 c¸i, r¬i ®Êt 0 c¸i.
20260612-004423	INFO	COMMON	[AWARD_TEMPLATE] Thó c­ìi chuyÓn sinh 7	rage01	MaJas_ServeR	tbProp	 [ThiÕu D­¬ng ThÊt Tinh K] Thªm thµnh c«ng 1 c¸i, thªm thÊt b¹i 0 c¸i, r¬i ®Êt 0 c¸i.Thêi gian tån t¹i vËt phÈm ®­îc ®Æt thµnh 2592000 gi©y
20260612-004423	INFO	COMMON	[AWARD_TEMPLATE] NhËn Ên ¦ng Tö Ên	rage01	MaJas_ServeR	tbProp	 [¦ng Tö Ên] Thªm thµnh c«ng 1 c¸i, thªm thÊt b¹i 0 c¸i, r¬i ®Êt 0 c¸i.
20260612-004423	INFO	COMMON	[AWARD_TEMPLATE] NhËn ngo¹i trang chuyÓn sinh 7	rage01	MaJas_ServeR	tbProp	 [ThÊt TÞch-ngo¹i trang ®] Thªm thµnh c«ng 1 c¸i, thªm thÊt b¹i 0 c¸i, r¬i ®Êt 0 c¸i.
20260612-004423	INFO	COMMON	[AWARD_TEMPLATE] NhËn ngo¹i trang chuyÓn sinh 7	rage01	MaJas_ServeR	tbProp	 [ThÊt TÞch-ngo¹i trang y] Thªm thµnh c«ng 1 c¸i, thªm thÊt b¹i 0 c¸i, r¬i ®Êt 0 c¸i.
20260612-004423	INFO	COMMON	[AWARD_TEMPLATE] NhËn ngo¹i trang chuyÓn sinh 7	rage01	MaJas_ServeR	tbProp	 [ThÊt TÞch-ngo¹i trang k] Thªm thµnh c«ng 1 c¸i, thªm thÊt b¹i 0 c¸i, r¬i ®Êt 0 c¸i.
20260612-004423	INFO	COMMON	[AWARD_TEMPLATE] Quµ T©n Thñ	rage01	MaJas_ServeR	nReborn Amount: 790
20260612-004423	INFO	COMMON	[AWARD_TEMPLATE] Quµ T©n Thñ	rage01	MaJas_ServeR	nGold Amount: 1
20260612-004502	INFO	COMMON	[AWARD_TEMPLATE] Tói Cæ Phæ Tµn QuyÓn	rage01	MaJas_ServeR	tbProp	 [[Tµn quyÓn] V« ¶nh C­íc] Thªm thµnh c«ng 1 c¸i, thªm thÊt b¹i 0 c¸i, r¬i ®Êt 0 c¸i.
20260612-004503	INFO	COMMON	[AWARD_TEMPLATE] Tói Cæ Phæ Tµn QuyÓn	rage01	MaJas_ServeR	tbProp	 [[Tµn quyÓn] Tóy §iÖp] Thªm thµnh c«ng 1 c¸i, thªm thÊt b¹i 0 c¸i, r¬i ®Êt 0 c¸i.
20260612-004503	INFO	COMMON	[AWARD_TEMPLATE] Tói Cæ Phæ Tµn QuyÓn	rage01	MaJas_ServeR	tbProp	 [[Tµn quyÓn] V« ¶nh C­íc] Thªm thµnh c«ng 1 c¸i, thªm thÊt b¹i 0 c¸i, r¬i ®Êt 0 c¸i.
20260612-004546	INFO	COMMON	[AWARD_TEMPLATE] Tói Cæ Phæ Tµn QuyÓn	rage01	MaJas_ServeR	tbProp	 [[Tµn quyÓn] §¹i Lùc Kim] Thªm thµnh c«ng 1 c¸i, thªm thÊt b¹i 0 c¸i, r¬i ®Êt 0 c¸i.
20260612-004547	INFO	COMMON	[AWARD_TEMPLATE] Tói Cæ Phæ Tµn QuyÓn	rage01	MaJas_ServeR	tbProp	 [[Tµn quyÓn] Th¸i Êt T©m] Thªm thµnh c«ng 1 c¸i, thªm thÊt b¹i 0 c¸i, r¬i ®Êt 0 c¸i.
20260612-004547	INFO	COMMON	[AWARD_TEMPLATE] Tói Cæ Phæ Tµn QuyÓn	rage01	MaJas_ServeR	tbProp	 [[Tµn quyÓn] M·n Thiªn H] Thªm thµnh c«ng 1 c¸i, thªm thÊt b¹i 0 c¸i, r¬i ®Êt 0 c¸i.
20260612-004547	INFO	COMMON	[AWARD_TEMPLATE] Tói Cæ Phæ Tµn QuyÓn	rage01	MaJas_ServeR	tbProp	 [[Tµn quyÓn] MÞ ¶nh t©m ] Thªm thµnh c«ng 1 c¸i, thªm thÊt b¹i 0 c¸i, r¬i ®Êt 0 c¸i.
20260612-004547	INFO	COMMON	[AWARD_TEMPLATE] Tói Cæ Phæ Tµn QuyÓn	rage01	MaJas_ServeR	tbProp	 [[Tµn quyÓn] TuyÖt ¶nh T] Thªm thµnh c«ng 1 c¸i, thªm thÊt b¹i 0 c¸i, r¬i ®Êt 0 c¸i.
20260612-004547	INFO	COMMON	[AWARD_TEMPLATE] Tói Cæ Phæ Tµn QuyÓn	rage01	MaJas_ServeR	tbProp	 [[Tµn quyÓn] V« ¶nh C­íc] Thªm thµnh c«ng 1 c¸i, thªm thÊt b¹i 0 c¸i, r¬i ®Êt 0 c¸i.
20260612-004548	INFO	COMMON	[AWARD_TEMPLATE] Tói Cæ Phæ Tµn QuyÓn	rage01	MaJas_ServeR	tbProp	 [[Tµn quyÓn] D­¬ng Gia B] Thªm thµnh c«ng 1 c¸i, thªm thÊt b¹i 0 c¸i, r¬i ®Êt 0 c¸i.
20260612-004611	INFO	COMMON	[AWARD_TEMPLATE] AddJewelry	rage01	MaJas_ServeR	tbProp	 [NhÉn V« Cùc] Thªm thµnh c«ng 1 c¸i, thªm thÊt b¹i 0 c¸i, r¬i ®Êt 0 c¸i.
20260612-004611	INFO	COMMON	[AWARD_TEMPLATE] AddJewelry	rage01	MaJas_ServeR	tbProp	 [Minh Tinh Chi Giíi] Thªm thµnh c«ng 1 c¸i, thªm thÊt b¹i 0 c¸i, r¬i ®Êt 0 c¸i.
20260612-004622	INFO	COMMON	[AWARD_TEMPLATE] Tói quµ Vâ L©m 2-May m¾n	rage01	MaJas_ServeR	nPhongHoa Amount: 5
20260612-004622	INFO	COMMON	[AWARD_TEMPLATE] Tói quµ Vâ L©m 2-Th­ëng Thªm	rage01	MaJas_ServeR	nRepute Amount: 10
20260612-004623	INFO	COMMON	[AWARD_TEMPLATE] Tói quµ Vâ L©m 2-Th­ëng Thªm	rage01	MaJas_ServeR	nFactionPoint Amount: 10
20260612-004624	INFO	COMMON	[AWARD_TEMPLATE] Tói quµ Vâ L©m 2-May m¾n	rage01	MaJas_ServeR	nPhongHoa Amount: 1
20260612-004624	INFO	COMMON	[AWARD_TEMPLATE] Tói quµ Vâ L©m 2-Th­ëng Thªm	rage01	MaJas_ServeR	nRepute Amount: 10
20260612-004625	INFO	COMMON	[AWARD_TEMPLATE] Tói quµ Vâ L©m 2-May m¾n	rage01	MaJas_ServeR	nPhongHoa Amount: 4
20260612-004625	INFO	COMMON	[AWARD_TEMPLATE] Tói quµ Vâ L©m 2-Th­ëng Thªm	rage01	MaJas_ServeR	nFactionPoint Amount: 10
20260612-004625	INFO	COMMON	[AWARD_TEMPLATE] Tói quµ Vâ L©m 2-May m¾n	rage01	MaJas_ServeR	nPhongHoa Amount: 1
20260612-004625	INFO	COMMON	[AWARD_TEMPLATE] Tói quµ Vâ L©m 2-Th­ëng Thªm	rage01	MaJas_ServeR	nRepute Amount: 10
20260612-004625	INFO	COMMON	[AWARD_TEMPLATE] Tói quµ Vâ L©m 2-May m¾n	rage01	MaJas_ServeR	nPhongHoa Amount: 1
20260612-004625	INFO	COMMON	[AWARD_TEMPLATE] Tói quµ Vâ L©m 2-Th­ëng Thªm	rage01	MaJas_ServeR	nRepute Amount: 10
20260612-004625	INFO	COMMON	[AWARD_TEMPLATE] Tói quµ Vâ L©m 2-Th­ëng Thªm	rage01	MaJas_ServeR	nFactionPoint Amount: 10
20260612-004626	INFO	COMMON	[AWARD_TEMPLATE] Tói quµ Vâ L©m 2-May m¾n	rage01	MaJas_ServeR	tbProp	 [Bµn Long bÝch] Thªm thµnh c«ng 1 c¸i, thªm thÊt b¹i 0 c¸i, r¬i ®Êt 0 c¸i.Thêi gian tån t¹i vËt phÈm ®­îc ®Æt thµnh 604800 gi©y
20260612-004626	INFO	COMMON	[AWARD_TEMPLATE] Tói quµ Vâ L©m 2-Th­ëng Thªm	rage01	MaJas_ServeR	nFactionPoint Amount: 10
20260612-004626	INFO	COMMON	[AWARD_TEMPLATE] Tói quµ Vâ L©m 2-May m¾n	rage01	MaJas_ServeR	nPhongHoa Amount: 1
20260612-004626	INFO	COMMON	[AWARD_TEMPLATE] Tói quµ Vâ L©m 2-Th­ëng Thªm	rage01	MaJas_ServeR	nFactionPoint Amount: 10
20260612-004626	INFO	COMMON	[AWARD_TEMPLATE] Tói quµ Vâ L©m 2-May m¾n	rage01	MaJas_ServeR	nPhongHoa Amount: 1
20260612-004626	INFO	COMMON	[AWARD_TEMPLATE] Tói quµ Vâ L©m 2-Th­ëng Thªm	rage01	MaJas_ServeR	nFactionPoint Amount: 10
20260612-004654	INFO	COMMON	[_tjl_player_syn_record]PlayerLogout	rage01	MaJas_ServeR	0	0
20260612-004658	INFO	COMMON	[_tjl_player_syn_record]PlayerLogout	thuong	SdachSM	0	0
20260612-004720	INFO	COMMON	[kuafu share data(KF_MaJas_ServeR,0,2) not exist]	rage01	MaJas_ServeR										0	90	3	0		192.168.70.1
20260612-004720	INFO	COMMON	[kuafu share data(KF_MaJas_ServeR,0,3) not exist]	rage01	MaJas_ServeR										0	90	3	0		192.168.70.1
20260612-004720	INFO	COMMON	[kuafu share data(KF_MaJas_ServeR,0,5) not exist]	rage01	MaJas_ServeR										0	90	3	0		192.168.70.1
20260612-004720	INFO	COMMON	[kuafu share data(KF_MaJas_ServeR,0,6) not exist]	rage01	MaJas_ServeR										0	90	3	0		192.168.70.1
20260612-004720	INFO	COMMON	[kuafu share data(KF_MaJas_ServeR,0,7) not exist]	rage01	MaJas_ServeR										0	90	3	0		192.168.70.1
20260612-004720	INFO	COMMON	[kuafu share data(KF_MaJas_ServeR,0,8) not exist]	rage01	MaJas_ServeR										0	90	3	0		192.168.70.1
20260612-004720	INFO	COMMON	[kuafu share data(KF_MaJas_ServeR,0,9) not exist]	rage01	MaJas_ServeR										0	90	3	0		192.168.70.1
20260612-004720	INFO	COMMON	[kuafu share data(KF_MaJas_ServeR,0,10) not exist]	rage01	MaJas_ServeR										0	90	3	0		192.168.70.1
20260612-004720	INFO	COMMON	[kuafu share data(KF_MaJas_ServeR,0,11) not exist]	rage01	MaJas_ServeR										0	90	3	0		192.168.70.1
20260612-004720	INFO	COMMON	[kuafu share data(KF_MaJas_ServeR,0,12) not exist]	rage01	MaJas_ServeR										0	90	3	0		192.168.70.1
20260612-004720	INFO	COMMON	[kuafu share data(KF_MaJas_ServeR,0,13) not exist]	rage01	MaJas_ServeR										0	90	3	0		192.168.70.1
20260612-004720	INFO	COMMON	[kuafu share data(KF_MaJas_ServeR,0,14) not exist]	rage01	MaJas_ServeR										0	90	3	0		192.168.70.1
20260612-004720	INFO	COMMON	[kuafu share data(KF_MaJas_ServeR,0,15) not exist]	rage01	MaJas_ServeR										0	90	3	0		192.168.70.1
20260612-004736	INFO	COMMON	[Tr­îng KiÕm Thiªn Nhai] [NhiÖm vô biÕn hãa] [Nh©n vËt: ServeR_Anh, tµi kho¶n: rage02] [Sè vßng: 0, vÞ trÝ: 0, biÕn l­îng: 0]
20260612-004736	INFO	COMMON	[AWARD_TEMPLATE] onKsgPlayerLogin received card, type = player	rage02	ServeR_Anh	tbProp	 [Vâ L©m 2 Shiina] Thªm thµnh c«ng 1 c¸i, thªm thÊt b¹i 0 c¸i, r¬i ®Êt 0 c¸i.
20260612-004736	INFO	COMMON	[kuafu share data(KF_ServeR_Anh,0,2) not exist]	rage02	ServeR_Anh										0	1	0	0		192.168.70.1
20260612-004736	INFO	COMMON	[kuafu share data(KF_ServeR_Anh,0,3) not exist]	rage02	ServeR_Anh										0	1	0	0		192.168.70.1
20260612-004736	INFO	COMMON	[kuafu share data(KF_ServeR_Anh,0,5) not exist]	rage02	ServeR_Anh										0	1	0	0		192.168.70.1
20260612-004736	INFO	COMMON	[kuafu share data(KF_ServeR_Anh,0,6) not exist]	rage02	ServeR_Anh										0	1	0	0		192.168.70.1
20260612-004736	INFO	COMMON	[kuafu share data(KF_ServeR_Anh,0,7) not exist]	rage02	ServeR_Anh										0	1	0	0		192.168.70.1
20260612-004736	INFO	COMMON	[kuafu share data(KF_ServeR_Anh,0,8) not exist]	rage02	ServeR_Anh										0	1	0	0		192.168.70.1
20260612-004736	INFO	COMMON	[kuafu share data(KF_ServeR_Anh,0,9) not exist]	rage02	ServeR_Anh										0	1	0	0		192.168.70.1
20260612-004736	INFO	COMMON	[kuafu share data(KF_ServeR_Anh,0,10) not exist]	rage02	ServeR_Anh										0	1	0	0		192.168.70.1
20260612-004736	INFO	COMMON	[kuafu share data(KF_ServeR_Anh,0,11) not exist]	rage02	ServeR_Anh										0	1	0	0		192.168.70.1
20260612-004736	INFO	COMMON	[kuafu share data(KF_ServeR_Anh,0,12) not exist]	rage02	ServeR_Anh										0	1	0	0		192.168.70.1
20260612-004736	INFO	COMMON	[kuafu share data(KF_ServeR_Anh,0,13) not exist]	rage02	ServeR_Anh										0	1	0	0		192.168.70.1
20260612-004736	INFO	COMMON	[kuafu share data(KF_ServeR_Anh,0,14) not exist]	rage02	ServeR_Anh										0	1	0	0		192.168.70.1
20260612-004736	INFO	COMMON	[kuafu share data(KF_ServeR_Anh,0,15) not exist]	rage02	ServeR_Anh										0	1	0	0		192.168.70.1
20260612-004744	INFO	COMMON	[AWARD_TEMPLATE] onKsgPlayerLogin received card, type = player	rage01	MaJas_ServeR	tbProp	 [Vâ L©m 2 Shiina] Thªm thµnh c«ng 1 c¸i, thªm thÊt b¹i 0 c¸i, r¬i ®Êt 0 c¸i.
20260612-004800	INFO	COMMON	[AWARD_TEMPLATE] NhËn V¨n Søc Lv4	rage01	MaJas_ServeR	tbProp	 [Kh¾c B¶n Hoµn Mü CÊp 4 ] Thªm thµnh c«ng 1 c¸i, thªm thÊt b¹i 0 c¸i, r¬i ®Êt 0 c¸i.
20260612-004800	INFO	COMMON	[AWARD_TEMPLATE] NhËn V¨n Søc Lv4	rage01	MaJas_ServeR	tbProp	 [Kh¾c B¶n Hoµn Mü CÊp 4 ] Thªm thµnh c«ng 1 c¸i, thªm thÊt b¹i 0 c¸i, r¬i ®Êt 0 c¸i.
20260612-004800	INFO	COMMON	[AWARD_TEMPLATE] NhËn V¨n Søc Lv4	rage01	MaJas_ServeR	tbProp	 [Kh¾c B¶n Hoµn Mü CÊp 4 ] Thªm thµnh c«ng 1 c¸i, thªm thÊt b¹i 0 c¸i, r¬i ®Êt 0 c¸i.
20260612-004800	INFO	COMMON	[AWARD_TEMPLATE] NhËn V¨n Søc Lv4	rage01	MaJas_ServeR	tbProp	 [Kh¾c B¶n Hoµn Mü CÊp 4 ] Thªm thµnh c«ng 1 c¸i, thªm thÊt b¹i 0 c¸i, r¬i ®Êt 0 c¸i.
20260612-004800	INFO	COMMON	[AWARD_TEMPLATE] NhËn V¨n Søc Lv4	rage01	MaJas_ServeR	tbProp	 [Kh¾c B¶n Hoµn Mü CÊp 4 ] Thªm thµnh c«ng 1 c¸i, thªm thÊt b¹i 0 c¸i, r¬i ®Êt 0 c¸i.
20260612-004809	INFO	COMMON	[ArmoryBoxNbLv4] [AddItemEx:NhËn ®­îc vËt phÈm] [Role:MaJas_ServeR (acc:rage01)] [Item:TrÇm Sa Thiªn V¨n (0,116,35,1,4)]
20260612-004813	INFO	COMMON	[ArmoryBoxNbLv4] [AddItemEx:NhËn ®­îc vËt phÈm] [Role:MaJas_ServeR (acc:rage01)] [Item:ChÝch Viªm ChiÕn V¨n (0,113,34,1,4)]
20260612-004819	INFO	COMMON	[ArmoryBoxNbLv4] [AddItemEx:NhËn ®­îc vËt phÈm] [Role:MaJas_ServeR (acc:rage01)] [Item:L¹c Thñy HuyÒn V¨n (0,114,33,1,4)]
20260612-004824	INFO	COMMON	[ArmoryBoxNbLv4] [AddItemEx:NhËn ®­îc vËt phÈm] [Role:MaJas_ServeR (acc:rage01)] [Item:Xu©n Huy Béi V¨n (0,117,32,1,4)]
20260612-004830	INFO	COMMON	[ArmoryBoxNbLv4] [AddItemEx:NhËn ®­îc vËt phÈm] [Role:MaJas_ServeR (acc:rage01)] [Item:Hóc D­¬ng §iªu V¨n (0,115,31,1,4)]
20260612-004835	INFO	COMMON	[AWARD_TEMPLATE] NhËn NL C­êng Hãa V¨n Søc	rage01	MaJas_ServeR	tbProp	 [L­u Kim] Thªm thµnh c«ng 1 c¸i, thªm thÊt b¹i 0 c¸i, r¬i ®Êt 0 c¸i.
20260612-004835	INFO	COMMON	[AWARD_TEMPLATE] NhËn NL C­êng Hãa V¨n Søc	rage01	MaJas_ServeR	tbProp	 [Thiªn V¨n Th¹ch] Thªm thµnh c«ng 1 c¸i, thªm thÊt b¹i 0 c¸i, r¬i ®Êt 0 c¸i.
20260612-004835	INFO	COMMON	[AWARD_TEMPLATE] NhËn NL C­êng Hãa V¨n Søc	rage01	MaJas_ServeR	tbProp	 [Cæ Kim Th¹ch] Thªm thµnh c«ng 1 c¸i, thªm thÊt b¹i 0 c¸i, r¬i ®Êt 0 c¸i.
20260612-004835	INFO	COMMON	[AWARD_TEMPLATE] NhËn NL C­êng Hãa V¨n Søc	rage01	MaJas_ServeR	tbProp	 [§iÓm Tinh Ngäc-Nhá] Thªm thµnh c«ng 1 c¸i, thªm thÊt b¹i 0 c¸i, r¬i ®Êt 0 c¸i.
20260612-004930	INFO	COMMON	[AWARD_TEMPLATE] NhËn Tói Quµ T©n Thñ	rage02	ServeR_Anh	tbProp	 [Tói quµ t©n thñ] Thªm thµnh c«ng 1 c¸i, thªm thÊt b¹i 0 c¸i, r¬i ®Êt 0 c¸i.
20260612-004932	INFO	COMMON	[AWARD_TEMPLATE] NhËn bé diÖu d­¬ng	rage02	ServeR_Anh	tbProp	 [DiÖu D­¬ng-PhËt V©n Th¸] Thªm thµnh c«ng 1 c¸i, thªm thÊt b¹i 0 c¸i, r¬i ®Êt 0 c¸i.
20260612-004932	INFO	COMMON	[AWARD_TEMPLATE] NhËn bé diÖu d­¬ng	rage02	ServeR_Anh	tbProp	 [DiÖu D­¬ng-PhËt V©n Th¸] Thªm thµnh c«ng 1 c¸i, thªm thÊt b¹i 0 c¸i, r¬i ®Êt 0 c¸i.
20260612-004932	INFO	COMMON	[AWARD_TEMPLATE] NhËn bé diÖu d­¬ng	rage02	ServeR_Anh	tbProp	 [DiÖu D­¬ng-PhËt V©n Th¸] Thªm thµnh c«ng 1 c¸i, thªm thÊt b¹i 0 c¸i, r¬i ®Êt 0 c¸i.
20260612-004932	INFO	COMMON	[AWARD_TEMPLATE] NhËn bé diÖu d­¬ng	rage02	ServeR_Anh	tbProp	 [DiÖu D­¬ng-PhËt V©n Th¸] Thªm thµnh c«ng 1 c¸i, thªm thÊt b¹i 0 c¸i, r¬i ®Êt 0 c¸i.
20260612-004932	INFO	COMMON	[AWARD_TEMPLATE] NhËn bé diÖu d­¬ng	rage02	ServeR_Anh	tbProp	 [DiÖu D­¬ng Thiªn Cung-¤] Thªm thµnh c«ng 1 c¸i, thªm thÊt b¹i 0 c¸i, r¬i ®Êt 0 c¸i.
20260612-004932	INFO	COMMON	[AWARD_TEMPLATE] NhËn bé diÖu d­¬ng	rage02	ServeR_Anh	tbProp	 [DiÖu D­¬ng Thiªn Cung-T] Thªm thµnh c«ng 1 c¸i, thªm thÊt b¹i 0 c¸i, r¬i ®Êt 0 c¸i.
20260612-004932	INFO	COMMON	[AWARD_TEMPLATE] NhËn bé diÖu d­¬ng	rage02	ServeR_Anh	tbProp	 [DiÖu D­¬ng Thiªn Cung-V] Thªm thµnh c«ng 1 c¸i, thªm thÊt b¹i 0 c¸i, r¬i ®Êt 0 c¸i.
20260612-004932	INFO	COMMON	[AWARD_TEMPLATE] NhËn bé diÖu d­¬ng	rage02	ServeR_Anh	tbProp	 [DiÖu D­¬ng Thiªn Cung-X] Thªm thµnh c«ng 1 c¸i, thªm thÊt b¹i 0 c¸i, r¬i ®Êt 0 c¸i.
20260612-004932	INFO	COMMON	[AWARD_TEMPLATE] NhËn bé diÖu d­¬ng	rage02	ServeR_Anh	tbProp	 [DiÖu D­¬ng Thiªn Cung-B] Thªm thµnh c«ng 1 c¸i, thªm thÊt b¹i 0 c¸i, r¬i ®Êt 0 c¸i.
20260612-004932	INFO	COMMON	[AWARD_TEMPLATE] Quµ T©n Thñ	rage02	ServeR_Anh	nFunc Amount: 1
20260612-004932	INFO	COMMON	[AWARD_TEMPLATE] Quµ T©n Thñ	rage02	ServeR_Anh	nFunc Amount: 1
20260612-004932	INFO	COMMON	[AWARD_TEMPLATE] Quµ T©n Thñ	rage02	ServeR_Anh	tbProp	 [Cöu Thiªn V« Cùc §¬n] Thªm thµnh c«ng 1 c¸i, thªm thÊt b¹i 0 c¸i, r¬i ®Êt 0 c¸i.
20260612-004932	INFO	COMMON	[AWARD_TEMPLATE] Quµ T©n Thñ	rage02	ServeR_Anh	tbProp	 [Tói Quµ Vâ L©m] Thªm thµnh c«ng 1 c¸i, thªm thÊt b¹i 0 c¸i, r¬i ®Êt 0 c¸i.
20260612-004932	INFO	COMMON	[AWARD_TEMPLATE] Quµ T©n Thñ	rage02	ServeR_Anh	tbProp	 [R­¬ng YÕu QuyÕt_S¬] Thªm thµnh c«ng 1 c¸i, thªm thÊt b¹i 0 c¸i, r¬i ®Êt 0 c¸i.
20260612-004932	INFO	COMMON	[AWARD_TEMPLATE] Quµ T©n Thñ	rage02	ServeR_Anh	tbProp	 [TuyÖt §Þa] Thªm thµnh c«ng 1 c¸i, thªm thÊt b¹i 0 c¸i, r¬i ®Êt 0 c¸i.
20260612-004932	INFO	COMMON	[AWARD_TEMPLATE] Thó c­ìi chuyÓn sinh 7	rage02	ServeR_Anh	tbProp	 [ThiÕu D­¬ng ThÊt Tinh K] Thªm thµnh c«ng 1 c¸i, thªm thÊt b¹i 0 c¸i, r¬i ®Êt 0 c¸i.Thêi gian tån t¹i vËt phÈm ®­îc ®Æt thµnh 2592000 gi©y
20260612-004932	INFO	COMMON	[AWARD_TEMPLATE] NhËn Ên Hæ Tö Ên	rage02	ServeR_Anh	tbProp	 [Hæ Tö Ên] Thªm thµnh c«ng 1 c¸i, thªm thÊt b¹i 0 c¸i, r¬i ®Êt 0 c¸i.
20260612-004932	INFO	COMMON	[AWARD_TEMPLATE] NhËn ngo¹i trang chuyÓn sinh 7	rage02	ServeR_Anh	tbProp	 [ThÊt TÞch-ngo¹i trang ®] Thªm thµnh c«ng 1 c¸i, thªm thÊt b¹i 0 c¸i, r¬i ®Êt 0 c¸i.
20260612-004932	INFO	COMMON	[AWARD_TEMPLATE] NhËn ngo¹i trang chuyÓn sinh 7	rage02	ServeR_Anh	tbProp	 [ThÊt TÞch-ngo¹i trang y] Thªm thµnh c«ng 1 c¸i, thªm thÊt b¹i 0 c¸i, r¬i ®Êt 0 c¸i.
20260612-004932	INFO	COMMON	[AWARD_TEMPLATE] NhËn ngo¹i trang chuyÓn sinh 7	rage02	ServeR_Anh	tbProp	 [ThÊt TÞch-ngo¹i trang k] Thªm thµnh c«ng 1 c¸i, thªm thÊt b¹i 0 c¸i, r¬i ®Êt 0 c¸i.
20260612-004932	INFO	COMMON	[AWARD_TEMPLATE] Quµ T©n Thñ	rage02	ServeR_Anh	nReborn Amount: 790
20260612-004932	INFO	COMMON	[AWARD_TEMPLATE] Quµ T©n Thñ	rage02	ServeR_Anh	nGold Amount: 1
20260612-004940	INFO	COMMON	[AWARD_TEMPLATE] Thó c­ìi chuyÓn sinh 10	rage02	ServeR_Anh	tbProp	 [Cöu VÜ TuyÕt Hå] Thªm thµnh c«ng 1 c¸i, thªm thÊt b¹i 0 c¸i, r¬i ®Êt 0 c¸i.Thêi gian tån t¹i vËt phÈm ®­îc ®Æt thµnh 2592000 gi©y
20260612-004940	INFO	COMMON	[AWARD_TEMPLATE] NhËn Ên Long Tö Ên	rage02	ServeR_Anh	tbProp	 [Long Tö Ên] Thªm thµnh c«ng 1 c¸i, thªm thÊt b¹i 0 c¸i, r¬i ®Êt 0 c¸i.
20260612-004940	INFO	COMMON	[AWARD_TEMPLATE] NhËn ngo¹i trang chuyÓn sinh 10	rage02	ServeR_Anh	tbProp	 [Thanh S­¬ng tr©m] Thªm thµnh c«ng 1 c¸i, thªm thÊt b¹i 0 c¸i, r¬i ®Êt 0 c¸i.
20260612-004940	INFO	COMMON	[AWARD_TEMPLATE] NhËn ngo¹i trang chuyÓn sinh 10	rage02	ServeR_Anh	tbProp	 [Thanh S­¬ng ¸o] Thªm thµnh c«ng 1 c¸i, thªm thÊt b¹i 0 c¸i, r¬i ®Êt 0 c¸i.
20260612-004940	INFO	COMMON	[AWARD_TEMPLATE] NhËn ngo¹i trang chuyÓn sinh 10	rage02	ServeR_Anh	tbProp	 [Thanh S­¬ng trang] Thªm thµnh c«ng 1 c¸i, thªm thÊt b¹i 0 c¸i, r¬i ®Êt 0 c¸i.
20260612-004940	INFO	COMMON	[AWARD_TEMPLATE] NhËn ngo¹i trang chuyÓn sinh 10	rage02	ServeR_Anh	tbProp	 [Long 10-H] Thªm thµnh c«ng 1 c¸i, thªm thÊt b¹i 0 c¸i, r¬i ®Êt 0 c¸i.
20260612-004940	INFO	COMMON	[AWARD_TEMPLATE] NhËn ngo¹i trang chuyÓn sinh 10	rage02	ServeR_Anh	tbProp	 [Long 10-C] Thªm thµnh c«ng 1 c¸i, thªm thÊt b¹i 0 c¸i, r¬i ®Êt 0 c¸i.
20260612-004940	INFO	COMMON	[AWARD_TEMPLATE] NhËn ngo¹i trang chuyÓn sinh 10	rage02	ServeR_Anh	tbProp	 [Long 10-T] Thªm thµnh c«ng 1 c¸i, thªm thÊt b¹i 0 c¸i, r¬i ®Êt 0 c¸i.
20260612-004948	INFO	COMMON	[AWARD_TEMPLATE] NhËn phiÕu vµ vÐ ®æi ngo¹i trang	rage02	ServeR_Anh	tbProp	 [VËt phÈm Xu] Thªm thµnh c«ng 1 c¸i, thªm thÊt b¹i 0 c¸i, r¬i ®Êt 0 c¸i.
20260612-004953	INFO	COMMON	[AWARD_TEMPLATE] NhËn Th­¬ng H¶i Di Ch©u Lv7	rage02	ServeR_Anh	tbProp	 [Th­¬ng H¶i Ch©u CÊp 7 (] Thªm thµnh c«ng 1 c¸i, thªm thÊt b¹i 0 c¸i, r¬i ®Êt 0 c¸i.
20260612-005000	INFO	COMMON	Hãa C¶nh Tinh Hån kÝch ho¹t Name=ServeR_Anh PreLevel=0 CurLevel=1
20260612-005000	INFO	COMMON	Hãa C¶nh Tinh Hån kÝch ho¹t Name=ServeR_Anh PreLevel=1 CurLevel=2
20260612-005000	INFO	COMMON	Hãa C¶nh Tinh Hån kÝch ho¹t Name=ServeR_Anh PreLevel=2 CurLevel=3
20260612-005000	INFO	COMMON	Hãa C¶nh Tinh Hån kÝch ho¹t Name=ServeR_Anh PreLevel=3 CurLevel=4
20260612-005000	INFO	COMMON	Hãa C¶nh Tinh Hån kÝch ho¹t Name=ServeR_Anh PreLevel=4 CurLevel=5
20260612-005000	INFO	COMMON	Hãa C¶nh Tinh Hån kÝch ho¹t Name=ServeR_Anh PreLevel=5 CurLevel=6
20260612-005000	INFO	COMMON	Hãa C¶nh Tinh Hån kÝch ho¹t Name=ServeR_Anh PreLevel=6 CurLevel=7
20260612-005000	INFO	COMMON	Hãa C¶nh Tinh Hån kÝch ho¹t Name=ServeR_Anh PreLevel=7 CurLevel=8
20260612-005000	INFO	COMMON	Hãa C¶nh Tinh Hån kÝch ho¹t Name=ServeR_Anh PreLevel=8 CurLevel=9
20260612-005000	INFO	COMMON	Hãa C¶nh Tinh Hån kÝch ho¹t Name=ServeR_Anh PreLevel=9 CurLevel=10
20260612-005000	INFO	COMMON	Hãa C¶nh Tinh Hån kÝch ho¹t Name=ServeR_Anh PreLevel=10 CurLevel=11
20260612-005000	INFO	COMMON	Hãa C¶nh Tinh Hån kÝch ho¹t Name=ServeR_Anh PreLevel=11 CurLevel=12
20260612-005000	INFO	COMMON	Hãa C¶nh Tinh Hån kÝch ho¹t Name=ServeR_Anh PreLevel=12 CurLevel=13
20260612-005000	INFO	COMMON	Hãa C¶nh Tinh Hån kÝch ho¹t Name=ServeR_Anh PreLevel=13 CurLevel=14
20260612-005000	INFO	COMMON	Hãa C¶nh Tinh Hån kÝch ho¹t Name=ServeR_Anh PreLevel=14 CurLevel=15
20260612-005000	INFO	COMMON	Hãa C¶nh Tinh Hån kÝch ho¹t Name=ServeR_Anh PreLevel=15 CurLevel=16
20260612-005000	INFO	COMMON	Hãa C¶nh Tinh Hån kÝch ho¹t Name=ServeR_Anh PreLevel=16 CurLevel=17
20260612-005000	INFO	COMMON	Hãa C¶nh Tinh Hån kÝch ho¹t Name=ServeR_Anh PreLevel=17 CurLevel=18
20260612-005000	INFO	COMMON	Hãa C¶nh Tinh Hån kÝch ho¹t Name=ServeR_Anh PreLevel=18 CurLevel=19
20260612-005000	INFO	COMMON	Hãa C¶nh Tinh Hån kÝch ho¹t Name=ServeR_Anh PreLevel=19 CurLevel=20
20260612-005000	INFO	COMMON	Hãa C¶nh Tinh Hån kÝch ho¹t Name=ServeR_Anh PreLevel=20 CurLevel=21
20260612-005000	INFO	COMMON	Hãa C¶nh Tinh Hån kÝch ho¹t Name=ServeR_Anh PreLevel=21 CurLevel=22
20260612-005000	INFO	COMMON	Hãa C¶nh Tinh Hån kÝch ho¹t Name=ServeR_Anh PreLevel=22 CurLevel=23
20260612-005000	INFO	COMMON	Hãa C¶nh Tinh Hån kÝch ho¹t Name=ServeR_Anh PreLevel=23 CurLevel=24
20260612-005000	INFO	COMMON	Hãa C¶nh Tinh Hån kÝch ho¹t Name=ServeR_Anh PreLevel=24 CurLevel=25
20260612-005000	INFO	COMMON	Hãa C¶nh Tinh Hån kÝch ho¹t Name=ServeR_Anh PreLevel=25 CurLevel=26
20260612-005000	INFO	COMMON	Hãa C¶nh Tinh Hån kÝch ho¹t Name=ServeR_Anh PreLevel=26 CurLevel=27
20260612-005000	INFO	COMMON	Hãa C¶nh Tinh Hån kÝch ho¹t Name=ServeR_Anh PreLevel=27 CurLevel=28
20260612-005000	INFO	COMMON	Hãa C¶nh Tinh Hån kÝch ho¹t Name=ServeR_Anh PreLevel=28 CurLevel=29
20260612-005000	INFO	COMMON	Hãa C¶nh Tinh Hån kÝch ho¹t Name=ServeR_Anh PreLevel=29 CurLevel=30
20260612-005000	INFO	COMMON	Hãa C¶nh Tinh Hån kÝch ho¹t Name=ServeR_Anh PreLevel=30 CurLevel=31
20260612-005000	INFO	COMMON	Hãa C¶nh Tinh Hån kÝch ho¹t Name=ServeR_Anh PreLevel=31 CurLevel=32
20260612-005000	INFO	COMMON	Hãa C¶nh Tinh Hån kÝch ho¹t Name=ServeR_Anh PreLevel=32 CurLevel=33
20260612-005000	INFO	COMMON	Hãa C¶nh Tinh Hån kÝch ho¹t Name=ServeR_Anh PreLevel=33 CurLevel=34
20260612-005000	INFO	COMMON	Hãa C¶nh Tinh Hån kÝch ho¹t Name=ServeR_Anh PreLevel=34 CurLevel=35
20260612-005000	INFO	COMMON	Hãa C¶nh Tinh Hån kÝch ho¹t Name=ServeR_Anh PreLevel=35 CurLevel=36
20260612-005000	INFO	COMMON	Hãa C¶nh Tinh Hån kÝch ho¹t Name=ServeR_Anh PreLevel=36 CurLevel=37
20260612-005000	INFO	COMMON	Hãa C¶nh Tinh Hån kÝch ho¹t Name=ServeR_Anh PreLevel=37 CurLevel=38
20260612-005000	INFO	COMMON	Hãa C¶nh Tinh Hån kÝch ho¹t Name=ServeR_Anh PreLevel=38 CurLevel=39
20260612-005000	INFO	COMMON	Hãa C¶nh Tinh Hån kÝch ho¹t Name=ServeR_Anh PreLevel=39 CurLevel=40
20260612-005000	INFO	COMMON	Hãa C¶nh Tinh Hån kÝch ho¹t Name=ServeR_Anh PreLevel=40 CurLevel=41
20260612-005000	INFO	COMMON	Hãa C¶nh Tinh Hån kÝch ho¹t Name=ServeR_Anh PreLevel=41 CurLevel=42
20260612-005000	INFO	COMMON	Hãa C¶nh Tinh Hån kÝch ho¹t Name=ServeR_Anh PreLevel=42 CurLevel=43
20260612-005000	INFO	COMMON	Hãa C¶nh Tinh Hån kÝch ho¹t Name=ServeR_Anh PreLevel=43 CurLevel=44
20260612-005000	INFO	COMMON	Hãa C¶nh Tinh Hån kÝch ho¹t Name=ServeR_Anh PreLevel=44 CurLevel=45
20260612-005000	INFO	COMMON	Hãa C¶nh Tinh Hån kÝch ho¹t Name=ServeR_Anh PreLevel=45 CurLevel=46
20260612-005000	INFO	COMMON	Hãa C¶nh Tinh Hån kÝch ho¹t Name=ServeR_Anh PreLevel=46 CurLevel=47
20260612-005000	INFO	COMMON	Hãa C¶nh Tinh Hån kÝch ho¹t Name=ServeR_Anh PreLevel=47 CurLevel=48
20260612-005000	INFO	COMMON	Hãa C¶nh Tinh Hån kÝch ho¹t Name=ServeR_Anh PreLevel=48 CurLevel=49
20260612-005000	INFO	COMMON	Hãa C¶nh Tinh Hån kÝch ho¹t Name=ServeR_Anh PreLevel=49 CurLevel=50
20260612-005000	INFO	COMMON	Hãa C¶nh Tinh Hån kÝch ho¹t Name=ServeR_Anh PreLevel=50 CurLevel=51
20260612-005000	INFO	COMMON	Hãa C¶nh Tinh Hån kÝch ho¹t Name=ServeR_Anh PreLevel=51 CurLevel=52
20260612-005000	INFO	COMMON	Hãa C¶nh Tinh Hån kÝch ho¹t Name=ServeR_Anh PreLevel=52 CurLevel=53
20260612-005000	INFO	COMMON	Hãa C¶nh Tinh Hån kÝch ho¹t Name=ServeR_Anh PreLevel=53 CurLevel=54
20260612-005000	INFO	COMMON	Hãa C¶nh Tinh Hån kÝch ho¹t Name=ServeR_Anh PreLevel=54 CurLevel=55
20260612-005000	INFO	COMMON	Hãa C¶nh Tinh Hån kÝch ho¹t Name=ServeR_Anh PreLevel=55 CurLevel=56
20260612-005000	INFO	COMMON	Hãa C¶nh Tinh Hån kÝch ho¹t Name=ServeR_Anh PreLevel=56 CurLevel=57
20260612-005000	INFO	COMMON	Hãa C¶nh Tinh Hån kÝch ho¹t Name=ServeR_Anh PreLevel=57 CurLevel=58
20260612-005000	INFO	COMMON	Hãa C¶nh Tinh Hån kÝch ho¹t Name=ServeR_Anh PreLevel=58 CurLevel=59
20260612-005000	INFO	COMMON	Hãa C¶nh Tinh Hån kÝch ho¹t Name=ServeR_Anh PreLevel=59 CurLevel=60
20260612-005000	INFO	COMMON	Hãa C¶nh Tinh Hån kÝch ho¹t Name=ServeR_Anh PreLevel=60 CurLevel=61
20260612-005000	INFO	COMMON	Hãa C¶nh Tinh Hån kÝch ho¹t Name=ServeR_Anh PreLevel=61 CurLevel=62
20260612-005000	INFO	COMMON	Hãa C¶nh Tinh Hån kÝch ho¹t Name=ServeR_Anh PreLevel=62 CurLevel=63
20260612-005000	INFO	COMMON	Hãa C¶nh Tinh Hån kÝch ho¹t Name=ServeR_Anh PreLevel=63 CurLevel=64
20260612-005000	INFO	COMMON	Hãa C¶nh Tinh Hån kÝch ho¹t Name=ServeR_Anh PreLevel=64 CurLevel=65
20260612-005000	INFO	COMMON	Hãa C¶nh Tinh Hån kÝch ho¹t Name=ServeR_Anh PreLevel=65 CurLevel=66
20260612-005000	INFO	COMMON	Hãa C¶nh Tinh Hån kÝch ho¹t Name=ServeR_Anh PreLevel=66 CurLevel=67
20260612-005000	INFO	COMMON	Hãa C¶nh Tinh Hån kÝch ho¹t Name=ServeR_Anh PreLevel=67 CurLevel=68
20260612-005000	INFO	COMMON	Hãa C¶nh Tinh Hån kÝch ho¹t Name=ServeR_Anh PreLevel=68 CurLevel=69
20260612-005000	INFO	COMMON	Hãa C¶nh Tinh Hån kÝch ho¹t Name=ServeR_Anh PreLevel=69 CurLevel=70
20260612-005000	INFO	COMMON	Hãa C¶nh Tinh Hån kÝch ho¹t Name=ServeR_Anh PreLevel=70 CurLevel=71
20260612-005000	INFO	COMMON	Hãa C¶nh Tinh Hån kÝch ho¹t Name=ServeR_Anh PreLevel=71 CurLevel=72
20260612-005000	INFO	COMMON	Hãa C¶nh Tinh Hån kÝch ho¹t Name=ServeR_Anh PreLevel=72 CurLevel=73
20260612-005000	INFO	COMMON	Hãa C¶nh Tinh Hån kÝch ho¹t Name=ServeR_Anh PreLevel=73 CurLevel=74
20260612-005000	INFO	COMMON	Hãa C¶nh Tinh Hån kÝch ho¹t Name=ServeR_Anh PreLevel=74 CurLevel=75
20260612-005000	INFO	COMMON	Hãa C¶nh Tinh Hån kÝch ho¹t Name=ServeR_Anh PreLevel=75 CurLevel=76
20260612-005000	INFO	COMMON	Hãa C¶nh Tinh Hån kÝch ho¹t Name=ServeR_Anh PreLevel=76 CurLevel=77
20260612-005000	INFO	COMMON	Hãa C¶nh Tinh Hån kÝch ho¹t Name=ServeR_Anh PreLevel=77 CurLevel=78
20260612-005000	INFO	COMMON	Hãa C¶nh Tinh Hån kÝch ho¹t Name=ServeR_Anh PreLevel=78 CurLevel=79
20260612-005000	INFO	COMMON	Hãa C¶nh Tinh Hån kÝch ho¹t Name=ServeR_Anh PreLevel=79 CurLevel=80
20260612-005000	INFO	COMMON	Hãa C¶nh Tinh Hån kÝch ho¹t Name=ServeR_Anh PreLevel=80 CurLevel=81
20260612-005000	INFO	COMMON	Hãa C¶nh Tinh Hån kÝch ho¹t Name=ServeR_Anh PreLevel=81 CurLevel=82
20260612-005000	INFO	COMMON	Hãa C¶nh Tinh Hån kÝch ho¹t Name=ServeR_Anh PreLevel=82 CurLevel=83
20260612-005000	INFO	COMMON	Hãa C¶nh Tinh Hån kÝch ho¹t Name=ServeR_Anh PreLevel=83 CurLevel=84
20260612-005000	INFO	COMMON	Hãa C¶nh Tinh Hån kÝch ho¹t Name=ServeR_Anh PreLevel=84 CurLevel=85
20260612-005000	INFO	COMMON	Hãa C¶nh Tinh Hån kÝch ho¹t Name=ServeR_Anh PreLevel=85 CurLevel=86
20260612-005000	INFO	COMMON	Hãa C¶nh Tinh Hån kÝch ho¹t Name=ServeR_Anh PreLevel=86 CurLevel=87
20260612-005000	INFO	COMMON	Hãa C¶nh Tinh Hån kÝch ho¹t Name=ServeR_Anh PreLevel=87 CurLevel=88
20260612-005000	INFO	COMMON	Hãa C¶nh Tinh Hån kÝch ho¹t Name=ServeR_Anh PreLevel=88 CurLevel=89
20260612-005000	INFO	COMMON	Hãa C¶nh Tinh Hån kÝch ho¹t Name=ServeR_Anh PreLevel=89 CurLevel=90
20260612-005000	INFO	COMMON	Hãa C¶nh Tinh Hån kÝch ho¹t Name=ServeR_Anh PreLevel=90 CurLevel=91
20260612-005000	INFO	COMMON	Hãa C¶nh Tinh Hån kÝch ho¹t Name=ServeR_Anh PreLevel=91 CurLevel=92
20260612-005000	INFO	COMMON	Hãa C¶nh Tinh Hån kÝch ho¹t Name=ServeR_Anh PreLevel=92 CurLevel=93
20260612-005000	INFO	COMMON	Hãa C¶nh Tinh Hån kÝch ho¹t Name=ServeR_Anh PreLevel=93 CurLevel=94
20260612-005000	INFO	COMMON	Hãa C¶nh Tinh Hån kÝch ho¹t Name=ServeR_Anh PreLevel=94 CurLevel=95
20260612-005000	INFO	COMMON	Hãa C¶nh Tinh Hån kÝch ho¹t Name=ServeR_Anh PreLevel=95 CurLevel=96
20260612-005000	INFO	COMMON	Hãa C¶nh Tinh Hån kÝch ho¹t Name=ServeR_Anh PreLevel=96 CurLevel=97
20260612-005000	INFO	COMMON	Hãa C¶nh Tinh Hån kÝch ho¹t Name=ServeR_Anh PreLevel=97 CurLevel=98
20260612-005000	INFO	COMMON	Hãa C¶nh Tinh Hån kÝch ho¹t Name=ServeR_Anh PreLevel=98 CurLevel=99
20260612-005000	INFO	COMMON	Hãa C¶nh Tinh Hån kÝch ho¹t Name=ServeR_Anh PreLevel=99 CurLevel=100
20260612-005014	INFO	COMMON	[AWARD_TEMPLATE] NhËn Kim Xµ cÊp 8	rage02	ServeR_Anh	tbProp	 [Phi Phong Tinh Huy] Thªm thµnh c«ng 1 c¸i, thªm thÊt b¹i 0 c¸i, r¬i ®Êt 0 c¸i.
20260612-005014	INFO	COMMON	[AWARD_TEMPLATE] NhËn Kim Xµ cÊp 8	rage02	ServeR_Anh	tbProp	 [Huy Ch­¬ng Tinh Huy] Thªm thµnh c«ng 1 c¸i, thªm thÊt b¹i 0 c¸i, r¬i ®Êt 0 c¸i.
20260612-005014	INFO	COMMON	[AWARD_TEMPLATE] NhËn Kim Xµ cÊp 8	rage02	ServeR_Anh	tbProp	 [Giµy Tinh Huy] Thªm thµnh c«ng 1 c¸i, thªm thÊt b¹i 0 c¸i, r¬i ®Êt 0 c¸i.
20260612-005014	INFO	COMMON	[AWARD_TEMPLATE] NhËn Kim Xµ cÊp 8	rage02	ServeR_Anh	tbProp	 [Phi Phong NguyÖt KhuyÕt] Thªm thµnh c«ng 1 c¸i, thªm thÊt b¹i 0 c¸i, r¬i ®Êt 0 c¸i.
20260612-005014	INFO	COMMON	[AWARD_TEMPLATE] NhËn Kim Xµ cÊp 8	rage02	ServeR_Anh	tbProp	 [Huy Ch­¬ng NguyÖt KhuyÕ] Thªm thµnh c«ng 1 c¸i, thªm thÊt b¹i 0 c¸i, r¬i ®Êt 0 c¸i.
20260612-005014	INFO	COMMON	[AWARD_TEMPLATE] NhËn Kim Xµ cÊp 8	rage02	ServeR_Anh	tbProp	 [Giµy NguyÖt KhuyÕt] Thªm thµnh c«ng 1 c¸i, thªm thÊt b¹i 0 c¸i, r¬i ®Êt 0 c¸i.
20260612-005014	INFO	COMMON	[AWARD_TEMPLATE] NhËn Kim Xµ cÊp 8	rage02	ServeR_Anh	tbProp	 [Phi Phong Háa S¸t] Thªm thµnh c«ng 1 c¸i, thªm thÊt b¹i 0 c¸i, r¬i ®Êt 0 c¸i.
20260612-005014	INFO	COMMON	[AWARD_TEMPLATE] NhËn Kim Xµ cÊp 8	rage02	ServeR_Anh	tbProp	 [Huy Ch­¬ng Háa S¸t] Thªm thµnh c«ng 1 c¸i, thªm thÊt b¹i 0 c¸i, r¬i ®Êt 0 c¸i.
20260612-005014	INFO	COMMON	[AWARD_TEMPLATE] NhËn Kim Xµ cÊp 8	rage02	ServeR_Anh	tbProp	 [Giµy Háa S¸t] Thªm thµnh c«ng 1 c¸i, thªm thÊt b¹i 0 c¸i, r¬i ®Êt 0 c¸i.
20260612-005113	INFO	COMMON	[AWARD_TEMPLATE] AddJewelry	rage02	ServeR_Anh	tbProp	 [NhÉn V« Cùc] Thªm thµnh c«ng 1 c¸i, thªm thÊt b¹i 0 c¸i, r¬i ®Êt 0 c¸i.
20260612-005113	INFO	COMMON	[AWARD_TEMPLATE] AddJewelry	rage02	ServeR_Anh	tbProp	 [Minh Tinh Chi Giíi] Thªm thµnh c«ng 1 c¸i, thªm thÊt b¹i 0 c¸i, r¬i ®Êt 0 c¸i.
20260612-005228	INFO	COMMON	[AWARD_TEMPLATE] Thó c­ìi chuyÓn sinh 10	rage01	MaJas_ServeR	tbProp	 [Cöu VÜ TuyÕt Hå] Thªm thµnh c«ng 1 c¸i, thªm thÊt b¹i 0 c¸i, r¬i ®Êt 0 c¸i.Thêi gian tån t¹i vËt phÈm ®­îc ®Æt thµnh 2592000 gi©y
20260612-005228	INFO	COMMON	[AWARD_TEMPLATE] NhËn Ên Phông Tö Ên	rage01	MaJas_ServeR	tbProp	 [Phông Tö Ên] Thªm thµnh c«ng 1 c¸i, thªm thÊt b¹i 0 c¸i, r¬i ®Êt 0 c¸i.
20260612-005228	INFO	COMMON	[AWARD_TEMPLATE] NhËn ngo¹i trang chuyÓn sinh 10	rage01	MaJas_ServeR	tbProp	 [Thanh S­¬ng tr©m] Thªm thµnh c«ng 1 c¸i, thªm thÊt b¹i 0 c¸i, r¬i ®Êt 0 c¸i.
20260612-005228	INFO	COMMON	[AWARD_TEMPLATE] NhËn ngo¹i trang chuyÓn sinh 10	rage01	MaJas_ServeR	tbProp	 [Thanh S­¬ng ¸o] Thªm thµnh c«ng 1 c¸i, thªm thÊt b¹i 0 c¸i, r¬i ®Êt 0 c¸i.
20260612-005228	INFO	COMMON	[AWARD_TEMPLATE] NhËn ngo¹i trang chuyÓn sinh 10	rage01	MaJas_ServeR	tbProp	 [Thanh S­¬ng trang] Thªm thµnh c«ng 1 c¸i, thªm thÊt b¹i 0 c¸i, r¬i ®Êt 0 c¸i.
20260612-005228	INFO	COMMON	[AWARD_TEMPLATE] NhËn ngo¹i trang chuyÓn sinh 10	rage01	MaJas_ServeR	tbProp	 [Phông 10-H] Thªm thµnh c«ng 1 c¸i, thªm thÊt b¹i 0 c¸i, r¬i ®Êt 0 c¸i.
20260612-005228	INFO	COMMON	[AWARD_TEMPLATE] NhËn ngo¹i trang chuyÓn sinh 10	rage01	MaJas_ServeR	tbProp	 [Phông 10-C] Thªm thµnh c«ng 1 c¸i, thªm thÊt b¹i 0 c¸i, r¬i ®Êt 0 c¸i.
20260612-005228	INFO	COMMON	[AWARD_TEMPLATE] NhËn ngo¹i trang chuyÓn sinh 10	rage01	MaJas_ServeR	tbProp	 [Phông 10-T] Thªm thµnh c«ng 1 c¸i, thªm thÊt b¹i 0 c¸i, r¬i ®Êt 0 c¸i.
20260612-005241	INFO	COMMON	[AWARD_TEMPLATE] NhËn TrÊn Ph¸i	rage02	ServeR_Anh	tbProp	 [V¹n T­íng mËt tÞch] Thªm thµnh c«ng 1 c¸i, thªm thÊt b¹i 0 c¸i, r¬i ®Êt 0 c¸i.
20260612-005309	INFO	COMMON	[AWARD_TEMPLATE] Tói Cæ Phæ Tµn QuyÓn	rage02	ServeR_Anh	tbProp	 [[Tµn quyÓn] Hµn B¨ng T©] Thªm thµnh c«ng 1 c¸i, thªm thÊt b¹i 0 c¸i, r¬i ®Êt 0 c¸i.
20260612-005310	INFO	COMMON	[AWARD_TEMPLATE] Tói Cæ Phæ Tµn QuyÓn	rage02	ServeR_Anh	tbProp	 [[Tµn quyÓn] DÞch C©n Ki] Thªm thµnh c«ng 1 c¸i, thªm thÊt b¹i 0 c¸i, r¬i ®Êt 0 c¸i.
20260612-005311	INFO	COMMON	[AWARD_TEMPLATE] Tói Cæ Phæ Tµn QuyÓn	rage02	ServeR_Anh	tbProp	 [[Tµn quyÓn] Tóy QuyÒn] Thªm thµnh c«ng 1 c¸i, thªm thÊt b¹i 0 c¸i, r¬i ®Êt 0 c¸i.
20260612-005311	INFO	COMMON	[AWARD_TEMPLATE] Tói Cæ Phæ Tµn QuyÓn	rage02	ServeR_Anh	tbProp	 [[Tµn quyÓn] CÇm Khóc Tæ] Thªm thµnh c«ng 1 c¸i, thªm thÊt b¹i 0 c¸i, r¬i ®Êt 0 c¸i.
20260612-005409	INFO	COMMON	[AWARD_TEMPLATE] NhËn Kim Xµ cÊp 8	rage01	MaJas_ServeR	tbProp	 [Phi Phong Tinh Huy] Thªm thµnh c«ng 1 c¸i, thªm thÊt b¹i 0 c¸i, r¬i ®Êt 0 c¸i.
20260612-005409	INFO	COMMON	[AWARD_TEMPLATE] NhËn Kim Xµ cÊp 8	rage01	MaJas_ServeR	tbProp	 [Huy Ch­¬ng Tinh Huy] Thªm thµnh c«ng 1 c¸i, thªm thÊt b¹i 0 c¸i, r¬i ®Êt 0 c¸i.
20260612-005409	INFO	COMMON	[AWARD_TEMPLATE] NhËn Kim Xµ cÊp 8	rage01	MaJas_ServeR	tbProp	 [Giµy Tinh Huy] Thªm thµnh c«ng 1 c¸i, thªm thÊt b¹i 0 c¸i, r¬i ®Êt 0 c¸i.
20260612-005409	INFO	COMMON	[AWARD_TEMPLATE] NhËn Kim Xµ cÊp 8	rage01	MaJas_ServeR	tbProp	 [Phi Phong NguyÖt KhuyÕt] Thªm thµnh c«ng 1 c¸i, thªm thÊt b¹i 0 c¸i, r¬i ®Êt 0 c¸i.
20260612-005409	INFO	COMMON	[AWARD_TEMPLATE] NhËn Kim Xµ cÊp 8	rage01	MaJas_ServeR	tbProp	 [Huy Ch­¬ng NguyÖt KhuyÕ] Thªm thµnh c«ng 1 c¸i, thªm thÊt b¹i 0 c¸i, r¬i ®Êt 0 c¸i.
20260612-005409	INFO	COMMON	[AWARD_TEMPLATE] NhËn Kim Xµ cÊp 8	rage01	MaJas_ServeR	tbProp	 [Giµy NguyÖt KhuyÕt] Thªm thµnh c«ng 1 c¸i, thªm thÊt b¹i 0 c¸i, r¬i ®Êt 0 c¸i.
20260612-005409	INFO	COMMON	[AWARD_TEMPLATE] NhËn Kim Xµ cÊp 8	rage01	MaJas_ServeR	tbProp	 [Phi Phong Háa S¸t] Thªm thµnh c«ng 1 c¸i, thªm thÊt b¹i 0 c¸i, r¬i ®Êt 0 c¸i.
20260612-005409	INFO	COMMON	[AWARD_TEMPLATE] NhËn Kim Xµ cÊp 8	rage01	MaJas_ServeR	tbProp	 [Huy Ch­¬ng Háa S¸t] Thªm thµnh c«ng 1 c¸i, thªm thÊt b¹i 0 c¸i, r¬i ®Êt 0 c¸i.
20260612-005409	INFO	COMMON	[AWARD_TEMPLATE] NhËn Kim Xµ cÊp 8	rage01	MaJas_ServeR	tbProp	 [Giµy Háa S¸t] Thªm thµnh c«ng 1 c¸i, thªm thÊt b¹i 0 c¸i, r¬i ®Êt 0 c¸i.
20260612-005641	INFO	COMMON	[AWARD_TEMPLATE] NhËn Ên Phông Tö Ên	rage01	MaJas_ServeR	tbProp	 [Phông Tö Ên] Thªm thµnh c«ng 1 c¸i, thªm thÊt b¹i 0 c¸i, r¬i ®Êt 0 c¸i.
20260612-005641	INFO	COMMON	[AWARD_TEMPLATE] NhËn ngo¹i trang chuyÓn sinh 10	rage01	MaJas_ServeR	tbProp	 [Thanh S­¬ng tr©m] Thªm thµnh c«ng 1 c¸i, thªm thÊt b¹i 0 c¸i, r¬i ®Êt 0 c¸i.
20260612-005641	INFO	COMMON	[AWARD_TEMPLATE] NhËn ngo¹i trang chuyÓn sinh 10	rage01	MaJas_ServeR	tbProp	 [Thanh S­¬ng ¸o] Thªm thµnh c«ng 1 c¸i, thªm thÊt b¹i 0 c¸i, r¬i ®Êt 0 c¸i.
20260612-005641	INFO	COMMON	[AWARD_TEMPLATE] NhËn ngo¹i trang chuyÓn sinh 10	rage01	MaJas_ServeR	tbProp	 [Thanh S­¬ng trang] Thªm thµnh c«ng 1 c¸i, thªm thÊt b¹i 0 c¸i, r¬i ®Êt 0 c¸i.
20260612-005641	INFO	COMMON	[AWARD_TEMPLATE] NhËn ngo¹i trang chuyÓn sinh 10	rage01	MaJas_ServeR	tbProp	 [Phông 10-H] Thªm thµnh c«ng 1 c¸i, thªm thÊt b¹i 0 c¸i, r¬i ®Êt 0 c¸i.
20260612-005641	INFO	COMMON	[AWARD_TEMPLATE] NhËn ngo¹i trang chuyÓn sinh 10	rage01	MaJas_ServeR	tbProp	 [Phông 10-C] Thªm thµnh c«ng 1 c¸i, thªm thÊt b¹i 0 c¸i, r¬i ®Êt 0 c¸i.
20260612-005641	INFO	COMMON	[AWARD_TEMPLATE] NhËn ngo¹i trang chuyÓn sinh 10	rage01	MaJas_ServeR	tbProp	 [Phông 10-T] Thªm thµnh c«ng 1 c¸i, thªm thÊt b¹i 0 c¸i, r¬i ®Êt 0 c¸i.
20260612-005650	INFO	COMMON	[AWARD_TEMPLATE] NhËn Ên Phông Tö Ên	rage01	MaJas_ServeR	tbProp	 [Phông Tö Ên] Thªm thµnh c«ng 1 c¸i, thªm thÊt b¹i 0 c¸i, r¬i ®Êt 0 c¸i.
20260612-005650	INFO	COMMON	[AWARD_TEMPLATE] NhËn ngo¹i trang chuyÓn sinh 10	rage01	MaJas_ServeR	tbProp	 [Thanh S­¬ng tr©m] Thªm thµnh c«ng 1 c¸i, thªm thÊt b¹i 0 c¸i, r¬i ®Êt 0 c¸i.
20260612-005650	INFO	COMMON	[AWARD_TEMPLATE] NhËn ngo¹i trang chuyÓn sinh 10	rage01	MaJas_ServeR	tbProp	 [Thanh S­¬ng ¸o] Thªm thµnh c«ng 1 c¸i, thªm thÊt b¹i 0 c¸i, r¬i ®Êt 0 c¸i.
20260612-005650	INFO	COMMON	[AWARD_TEMPLATE] NhËn ngo¹i trang chuyÓn sinh 10	rage01	MaJas_ServeR	tbProp	 [Thanh S­¬ng trang] Thªm thµnh c«ng 1 c¸i, thªm thÊt b¹i 0 c¸i, r¬i ®Êt 0 c¸i.
20260612-005650	INFO	COMMON	[AWARD_TEMPLATE] NhËn ngo¹i trang chuyÓn sinh 10	rage01	MaJas_ServeR	tbProp	 [Phông 10-H] Thªm thµnh c«ng 1 c¸i, thªm thÊt b¹i 0 c¸i, r¬i ®Êt 0 c¸i.
20260612-005650	INFO	COMMON	[AWARD_TEMPLATE] NhËn ngo¹i trang chuyÓn sinh 10	rage01	MaJas_ServeR	tbProp	 [Phông 10-C] Thªm thµnh c«ng 1 c¸i, thªm thÊt b¹i 0 c¸i, r¬i ®Êt 0 c¸i.
20260612-005650	INFO	COMMON	[AWARD_TEMPLATE] NhËn ngo¹i trang chuyÓn sinh 10	rage01	MaJas_ServeR	tbProp	 [Phông 10-T] Thªm thµnh c«ng 1 c¸i, thªm thÊt b¹i 0 c¸i, r¬i ®Êt 0 c¸i.
20260612-005707	INFO	COMMON	[AWARD_TEMPLATE] NhËn phiÕu vµ vÐ ®æi ngo¹i trang	rage01	MaJas_ServeR	tbProp	 [VËt phÈm Xu] Thªm thµnh c«ng 1 c¸i, thªm thÊt b¹i 0 c¸i, r¬i ®Êt 0 c¸i.
20260612-005711	INFO	COMMON	[AWARD_TEMPLATE] NhËn Ên Phông Tö Ên	rage01	MaJas_ServeR	tbProp	 [Phông Tö Ên] Thªm thµnh c«ng 1 c¸i, thªm thÊt b¹i 0 c¸i, r¬i ®Êt 0 c¸i.
20260612-005711	INFO	COMMON	[AWARD_TEMPLATE] NhËn ngo¹i trang chuyÓn sinh 10	rage01	MaJas_ServeR	tbProp	 [Thanh S­¬ng tr©m] Thªm thµnh c«ng 1 c¸i, thªm thÊt b¹i 0 c¸i, r¬i ®Êt 0 c¸i.
20260612-005711	INFO	COMMON	[AWARD_TEMPLATE] NhËn ngo¹i trang chuyÓn sinh 10	rage01	MaJas_ServeR	tbProp	 [Thanh S­¬ng ¸o] Thªm thµnh c«ng 1 c¸i, thªm thÊt b¹i 0 c¸i, r¬i ®Êt 0 c¸i.
20260612-005711	INFO	COMMON	[AWARD_TEMPLATE] NhËn ngo¹i trang chuyÓn sinh 10	rage01	MaJas_ServeR	tbProp	 [Thanh S­¬ng trang] Thªm thµnh c«ng 1 c¸i, thªm thÊt b¹i 0 c¸i, r¬i ®Êt 0 c¸i.
20260612-005711	INFO	COMMON	[AWARD_TEMPLATE] NhËn ngo¹i trang chuyÓn sinh 10	rage01	MaJas_ServeR	tbProp	 [Phông 10-H] Thªm thµnh c«ng 1 c¸i, thªm thÊt b¹i 0 c¸i, r¬i ®Êt 0 c¸i.
20260612-005711	INFO	COMMON	[AWARD_TEMPLATE] NhËn ngo¹i trang chuyÓn sinh 10	rage01	MaJas_ServeR	tbProp	 [Phông 10-C] Thªm thµnh c«ng 1 c¸i, thªm thÊt b¹i 0 c¸i, r¬i ®Êt 0 c¸i.
20260612-005711	INFO	COMMON	[AWARD_TEMPLATE] NhËn ngo¹i trang chuyÓn sinh 10	rage01	MaJas_ServeR	tbProp	 [Phông 10-T] Thªm thµnh c«ng 1 c¸i, thªm thÊt b¹i 0 c¸i, r¬i ®Êt 0 c¸i.
20260612-010041	INFO	COMMON	[AWARD_TEMPLATE] AddJewelry	rage01	MaJas_ServeR	tbProp	 [NhÉn V« Cùc] Thªm thµnh c«ng 1 c¸i, thªm thÊt b¹i 0 c¸i, r¬i ®Êt 0 c¸i.
20260612-010041	INFO	COMMON	[AWARD_TEMPLATE] AddJewelry	rage01	MaJas_ServeR	tbProp	 [Minh Tinh Chi Giíi] Thªm thµnh c«ng 1 c¸i, thªm thÊt b¹i 0 c¸i, r¬i ®Êt 0 c¸i.
20260612-010056	INFO	COMMON	[AWARD_TEMPLATE] AddJewelry	rage01	MaJas_ServeR	tbProp	 [Tèng-Chu T­íc T­íng LÖn] Thªm thµnh c«ng 1 c¸i, thªm thÊt b¹i 0 c¸i, r¬i ®Êt 0 c¸i.
20260612-010056	INFO	COMMON	[AWARD_TEMPLATE] AddJewelry	rage01	MaJas_ServeR	tbProp	 [Tèng-Chu T­íc T­íng LÖn] Thªm thµnh c«ng 1 c¸i, thªm thÊt b¹i 0 c¸i, r¬i ®Êt 0 c¸i.
20260612-010056	INFO	COMMON	[AWARD_TEMPLATE] AddJewelry	rage01	MaJas_ServeR	tbProp	 [Tèng-Chu T­íc T­íng LÖn] Thªm thµnh c«ng 1 c¸i, thªm thÊt b¹i 0 c¸i, r¬i ®Êt 0 c¸i.
20260612-010153	INFO	COMMON	[AWARD_TEMPLATE] onKsgPlayerLogin received card, type = player	rage01	MaJas_ServeR	tbProp	 [Vâ L©m 2 Shiina] Thªm thµnh c«ng 1 c¸i, thªm thÊt b¹i 0 c¸i, r¬i ®Êt 0 c¸i.
20260612-010158	INFO	COMMON	[AWARD_TEMPLATE] NhËn phiÕu vµ vÐ ®æi ngo¹i trang	rage01	MaJas_ServeR	tbProp	 [VËt phÈm Xu] Thªm thµnh c«ng 1 c¸i, thªm thÊt b¹i 0 c¸i, r¬i ®Êt 0 c¸i.
20260612-010200	INFO	COMMON	[AWARD_TEMPLATE] NhËn phiÕu vµ vÐ ®æi ngo¹i trang	rage01	MaJas_ServeR	tbProp	 [VËt phÈm Xu] Thªm thµnh c«ng 1 c¸i, thªm thÊt b¹i 0 c¸i, r¬i ®Êt 0 c¸i.
20260612-010207	INFO	COMMON	[AWARD_TEMPLATE] AddJewelry	rage01	MaJas_ServeR	tbProp	 [Tèng-Uy Hæ T­íng Qu©n L] Thªm thµnh c«ng 1 c¸i, thªm thÊt b¹i 0 c¸i, r¬i ®Êt 0 c¸i.
20260612-010207	INFO	COMMON	[AWARD_TEMPLATE] AddJewelry	rage01	MaJas_ServeR	tbProp	 [Tèng-Uy Hæ T­íng Qu©n L] Thªm thµnh c«ng 1 c¸i, thªm thÊt b¹i 0 c¸i, r¬i ®Êt 0 c¸i.
20260612-010207	INFO	COMMON	[AWARD_TEMPLATE] AddJewelry	rage01	MaJas_ServeR	tbProp	 [Tèng-Uy Hæ T­íng Qu©n L] Thªm thµnh c«ng 1 c¸i, thªm thÊt b¹i 0 c¸i, r¬i ®Êt 0 c¸i.
20260612-010233	INFO	COMMON	[AWARD_TEMPLATE] AddJewelry	rage01	MaJas_ServeR	tbProp	 [Tèng_Thanh Long T­íng Q] Thªm thµnh c«ng 1 c¸i, thªm thÊt b¹i 0 c¸i, r¬i ®Êt 0 c¸i.
20260612-010233	INFO	COMMON	[AWARD_TEMPLATE] AddJewelry	rage01	MaJas_ServeR	tbProp	 [Tèng_Thanh Long T­íng Q] Thªm thµnh c«ng 1 c¸i, thªm thÊt b¹i 0 c¸i, r¬i ®Êt 0 c¸i.
20260612-010233	INFO	COMMON	[AWARD_TEMPLATE] AddJewelry	rage01	MaJas_ServeR	tbProp	 [Tèng_Thanh Long T­íng Q] Thªm thµnh c«ng 1 c¸i, thªm thÊt b¹i 0 c¸i, r¬i ®Êt 0 c¸i.
20260612-010241	INFO	COMMON	[AWARD_TEMPLATE] AddJewelry	rage01	MaJas_ServeR	tbProp	 [Tèng_Thanh Long T­íng Q] Thªm thµnh c«ng 1 c¸i, thªm thÊt b¹i 0 c¸i, r¬i ®Êt 0 c¸i.
20260612-010241	INFO	COMMON	[AWARD_TEMPLATE] AddJewelry	rage01	MaJas_ServeR	tbProp	 [Tèng_Thanh Long T­íng Q] Thªm thµnh c«ng 1 c¸i, thªm thÊt b¹i 0 c¸i, r¬i ®Êt 0 c¸i.
20260612-010241	INFO	COMMON	[AWARD_TEMPLATE] AddJewelry	rage01	MaJas_ServeR	tbProp	 [Tèng_Thanh Long T­íng Q] Thªm thµnh c«ng 1 c¸i, thªm thÊt b¹i 0 c¸i, r¬i ®Êt 0 c¸i.
20260612-010246	INFO	COMMON	[AWARD_TEMPLATE] 15	rage01	MaJas_ServeR	tbProp	 [Tèng_Háa Phông T­íng Qu] Thªm thµnh c«ng 1 c¸i, thªm thÊt b¹i 0 c¸i, r¬i ®Êt 0 c¸i.
20260612-010256	INFO	COMMON	[AWARD_TEMPLATE] AddJewelry	rage01	MaJas_ServeR	tbProp	 [Tèng Th­¬ng ¦ng T­íng Q] Thªm thµnh c«ng 1 c¸i, thªm thÊt b¹i 0 c¸i, r¬i ®Êt 0 c¸i.
20260612-010256	INFO	COMMON	[AWARD_TEMPLATE] AddJewelry	rage01	MaJas_ServeR	tbProp	 [Tèng Th­¬ng ¦ng T­íng Q] Thªm thµnh c«ng 1 c¸i, thªm thÊt b¹i 0 c¸i, r¬i ®Êt 0 c¸i.
20260612-010256	INFO	COMMON	[AWARD_TEMPLATE] AddJewelry	rage01	MaJas_ServeR	tbProp	 [Tèng Th­¬ng ¦ng T­íng Q] Thªm thµnh c«ng 1 c¸i, thªm thÊt b¹i 0 c¸i, r¬i ®Êt 0 c¸i.
20260612-010301	INFO	COMMON	[AWARD_TEMPLATE] onKsgPlayerLogin received card, type = player	rage01	MaJas_ServeR	tbProp	 [Vâ L©m 2 Shiina] Thªm thµnh c«ng 1 c¸i, thªm thÊt b¹i 0 c¸i, r¬i ®Êt 0 c¸i.
20260612-010311	INFO	COMMON	Hãa C¶nh Tinh Hån kÝch ho¹t Name=MaJas_ServeR PreLevel=0 CurLevel=1
20260612-010311	INFO	COMMON	Hãa C¶nh Tinh Hån kÝch ho¹t Name=MaJas_ServeR PreLevel=1 CurLevel=2
20260612-010311	INFO	COMMON	Hãa C¶nh Tinh Hån kÝch ho¹t Name=MaJas_ServeR PreLevel=2 CurLevel=3
20260612-010311	INFO	COMMON	Hãa C¶nh Tinh Hån kÝch ho¹t Name=MaJas_ServeR PreLevel=3 CurLevel=4
20260612-010311	INFO	COMMON	Hãa C¶nh Tinh Hån kÝch ho¹t Name=MaJas_ServeR PreLevel=4 CurLevel=5
20260612-010311	INFO	COMMON	Hãa C¶nh Tinh Hån kÝch ho¹t Name=MaJas_ServeR PreLevel=5 CurLevel=6
20260612-010311	INFO	COMMON	Hãa C¶nh Tinh Hån kÝch ho¹t Name=MaJas_ServeR PreLevel=6 CurLevel=7
20260612-010311	INFO	COMMON	Hãa C¶nh Tinh Hån kÝch ho¹t Name=MaJas_ServeR PreLevel=7 CurLevel=8
20260612-010311	INFO	COMMON	Hãa C¶nh Tinh Hån kÝch ho¹t Name=MaJas_ServeR PreLevel=8 CurLevel=9
20260612-010311	INFO	COMMON	Hãa C¶nh Tinh Hån kÝch ho¹t Name=MaJas_ServeR PreLevel=9 CurLevel=10
20260612-010311	INFO	COMMON	Hãa C¶nh Tinh Hån kÝch ho¹t Name=MaJas_ServeR PreLevel=10 CurLevel=11
20260612-010311	INFO	COMMON	Hãa C¶nh Tinh Hån kÝch ho¹t Name=MaJas_ServeR PreLevel=11 CurLevel=12
20260612-010311	INFO	COMMON	Hãa C¶nh Tinh Hån kÝch ho¹t Name=MaJas_ServeR PreLevel=12 CurLevel=13
20260612-010311	INFO	COMMON	Hãa C¶nh Tinh Hån kÝch ho¹t Name=MaJas_ServeR PreLevel=13 CurLevel=14
20260612-010311	INFO	COMMON	Hãa C¶nh Tinh Hån kÝch ho¹t Name=MaJas_ServeR PreLevel=14 CurLevel=15
20260612-010311	INFO	COMMON	Hãa C¶nh Tinh Hån kÝch ho¹t Name=MaJas_ServeR PreLevel=15 CurLevel=16
20260612-010311	INFO	COMMON	Hãa C¶nh Tinh Hån kÝch ho¹t Name=MaJas_ServeR PreLevel=16 CurLevel=17
20260612-010311	INFO	COMMON	Hãa C¶nh Tinh Hån kÝch ho¹t Name=MaJas_ServeR PreLevel=17 CurLevel=18
20260612-010311	INFO	COMMON	Hãa C¶nh Tinh Hån kÝch ho¹t Name=MaJas_ServeR PreLevel=18 CurLevel=19
20260612-010311	INFO	COMMON	Hãa C¶nh Tinh Hån kÝch ho¹t Name=MaJas_ServeR PreLevel=19 CurLevel=20
20260612-010311	INFO	COMMON	Hãa C¶nh Tinh Hån kÝch ho¹t Name=MaJas_ServeR PreLevel=20 CurLevel=21
20260612-010311	INFO	COMMON	Hãa C¶nh Tinh Hån kÝch ho¹t Name=MaJas_ServeR PreLevel=21 CurLevel=22
20260612-010311	INFO	COMMON	Hãa C¶nh Tinh Hån kÝch ho¹t Name=MaJas_ServeR PreLevel=22 CurLevel=23
20260612-010311	INFO	COMMON	Hãa C¶nh Tinh Hån kÝch ho¹t Name=MaJas_ServeR PreLevel=23 CurLevel=24
20260612-010311	INFO	COMMON	Hãa C¶nh Tinh Hån kÝch ho¹t Name=MaJas_ServeR PreLevel=24 CurLevel=25
20260612-010311	INFO	COMMON	Hãa C¶nh Tinh Hån kÝch ho¹t Name=MaJas_ServeR PreLevel=25 CurLevel=26
20260612-010311	INFO	COMMON	Hãa C¶nh Tinh Hån kÝch ho¹t Name=MaJas_ServeR PreLevel=26 CurLevel=27
20260612-010311	INFO	COMMON	Hãa C¶nh Tinh Hån kÝch ho¹t Name=MaJas_ServeR PreLevel=27 CurLevel=28
20260612-010311	INFO	COMMON	Hãa C¶nh Tinh Hån kÝch ho¹t Name=MaJas_ServeR PreLevel=28 CurLevel=29
20260612-010311	INFO	COMMON	Hãa C¶nh Tinh Hån kÝch ho¹t Name=MaJas_ServeR PreLevel=29 CurLevel=30
20260612-010311	INFO	COMMON	Hãa C¶nh Tinh Hån kÝch ho¹t Name=MaJas_ServeR PreLevel=30 CurLevel=31
20260612-010311	INFO	COMMON	Hãa C¶nh Tinh Hån kÝch ho¹t Name=MaJas_ServeR PreLevel=31 CurLevel=32
20260612-010311	INFO	COMMON	Hãa C¶nh Tinh Hån kÝch ho¹t Name=MaJas_ServeR PreLevel=32 CurLevel=33
20260612-010311	INFO	COMMON	Hãa C¶nh Tinh Hån kÝch ho¹t Name=MaJas_ServeR PreLevel=33 CurLevel=34
20260612-010311	INFO	COMMON	Hãa C¶nh Tinh Hån kÝch ho¹t Name=MaJas_ServeR PreLevel=34 CurLevel=35
20260612-010311	INFO	COMMON	Hãa C¶nh Tinh Hån kÝch ho¹t Name=MaJas_ServeR PreLevel=35 CurLevel=36
20260612-010311	INFO	COMMON	Hãa C¶nh Tinh Hån kÝch ho¹t Name=MaJas_ServeR PreLevel=36 CurLevel=37
20260612-010311	INFO	COMMON	Hãa C¶nh Tinh Hån kÝch ho¹t Name=MaJas_ServeR PreLevel=37 CurLevel=38
20260612-010311	INFO	COMMON	Hãa C¶nh Tinh Hån kÝch ho¹t Name=MaJas_ServeR PreLevel=38 CurLevel=39
20260612-010311	INFO	COMMON	Hãa C¶nh Tinh Hån kÝch ho¹t Name=MaJas_ServeR PreLevel=39 CurLevel=40
20260612-010311	INFO	COMMON	Hãa C¶nh Tinh Hån kÝch ho¹t Name=MaJas_ServeR PreLevel=40 CurLevel=41
20260612-010311	INFO	COMMON	Hãa C¶nh Tinh Hån kÝch ho¹t Name=MaJas_ServeR PreLevel=41 CurLevel=42
20260612-010311	INFO	COMMON	Hãa C¶nh Tinh Hån kÝch ho¹t Name=MaJas_ServeR PreLevel=42 CurLevel=43
20260612-010311	INFO	COMMON	Hãa C¶nh Tinh Hån kÝch ho¹t Name=MaJas_ServeR PreLevel=43 CurLevel=44
20260612-010311	INFO	COMMON	Hãa C¶nh Tinh Hån kÝch ho¹t Name=MaJas_ServeR PreLevel=44 CurLevel=45
20260612-010311	INFO	COMMON	Hãa C¶nh Tinh Hån kÝch ho¹t Name=MaJas_ServeR PreLevel=45 CurLevel=46
20260612-010311	INFO	COMMON	Hãa C¶nh Tinh Hån kÝch ho¹t Name=MaJas_ServeR PreLevel=46 CurLevel=47
20260612-010311	INFO	COMMON	Hãa C¶nh Tinh Hån kÝch ho¹t Name=MaJas_ServeR PreLevel=47 CurLevel=48
20260612-010311	INFO	COMMON	Hãa C¶nh Tinh Hån kÝch ho¹t Name=MaJas_ServeR PreLevel=48 CurLevel=49
20260612-010311	INFO	COMMON	Hãa C¶nh Tinh Hån kÝch ho¹t Name=MaJas_ServeR PreLevel=49 CurLevel=50
20260612-010311	INFO	COMMON	Hãa C¶nh Tinh Hån kÝch ho¹t Name=MaJas_ServeR PreLevel=50 CurLevel=51
20260612-010311	INFO	COMMON	Hãa C¶nh Tinh Hån kÝch ho¹t Name=MaJas_ServeR PreLevel=51 CurLevel=52
20260612-010311	INFO	COMMON	Hãa C¶nh Tinh Hån kÝch ho¹t Name=MaJas_ServeR PreLevel=52 CurLevel=53
20260612-010311	INFO	COMMON	Hãa C¶nh Tinh Hån kÝch ho¹t Name=MaJas_ServeR PreLevel=53 CurLevel=54
20260612-010311	INFO	COMMON	Hãa C¶nh Tinh Hån kÝch ho¹t Name=MaJas_ServeR PreLevel=54 CurLevel=55
20260612-010311	INFO	COMMON	Hãa C¶nh Tinh Hån kÝch ho¹t Name=MaJas_ServeR PreLevel=55 CurLevel=56
20260612-010311	INFO	COMMON	Hãa C¶nh Tinh Hån kÝch ho¹t Name=MaJas_ServeR PreLevel=56 CurLevel=57
20260612-010311	INFO	COMMON	Hãa C¶nh Tinh Hån kÝch ho¹t Name=MaJas_ServeR PreLevel=57 CurLevel=58
20260612-010311	INFO	COMMON	Hãa C¶nh Tinh Hån kÝch ho¹t Name=MaJas_ServeR PreLevel=58 CurLevel=59
20260612-010311	INFO	COMMON	Hãa C¶nh Tinh Hån kÝch ho¹t Name=MaJas_ServeR PreLevel=59 CurLevel=60
20260612-010311	INFO	COMMON	Hãa C¶nh Tinh Hån kÝch ho¹t Name=MaJas_ServeR PreLevel=60 CurLevel=61
20260612-010311	INFO	COMMON	Hãa C¶nh Tinh Hån kÝch ho¹t Name=MaJas_ServeR PreLevel=61 CurLevel=62
20260612-010311	INFO	COMMON	Hãa C¶nh Tinh Hån kÝch ho¹t Name=MaJas_ServeR PreLevel=62 CurLevel=63
20260612-010311	INFO	COMMON	Hãa C¶nh Tinh Hån kÝch ho¹t Name=MaJas_ServeR PreLevel=63 CurLevel=64
20260612-010311	INFO	COMMON	Hãa C¶nh Tinh Hån kÝch ho¹t Name=MaJas_ServeR PreLevel=64 CurLevel=65
20260612-010311	INFO	COMMON	Hãa C¶nh Tinh Hån kÝch ho¹t Name=MaJas_ServeR PreLevel=65 CurLevel=66
20260612-010311	INFO	COMMON	Hãa C¶nh Tinh Hån kÝch ho¹t Name=MaJas_ServeR PreLevel=66 CurLevel=67
20260612-010311	INFO	COMMON	Hãa C¶nh Tinh Hån kÝch ho¹t Name=MaJas_ServeR PreLevel=67 CurLevel=68
20260612-010311	INFO	COMMON	Hãa C¶nh Tinh Hån kÝch ho¹t Name=MaJas_ServeR PreLevel=68 CurLevel=69
20260612-010311	INFO	COMMON	Hãa C¶nh Tinh Hån kÝch ho¹t Name=MaJas_ServeR PreLevel=69 CurLevel=70
20260612-010311	INFO	COMMON	Hãa C¶nh Tinh Hån kÝch ho¹t Name=MaJas_ServeR PreLevel=70 CurLevel=71
20260612-010311	INFO	COMMON	Hãa C¶nh Tinh Hån kÝch ho¹t Name=MaJas_ServeR PreLevel=71 CurLevel=72
20260612-010311	INFO	COMMON	Hãa C¶nh Tinh Hån kÝch ho¹t Name=MaJas_ServeR PreLevel=72 CurLevel=73
20260612-010311	INFO	COMMON	Hãa C¶nh Tinh Hån kÝch ho¹t Name=MaJas_ServeR PreLevel=73 CurLevel=74
20260612-010311	INFO	COMMON	Hãa C¶nh Tinh Hån kÝch ho¹t Name=MaJas_ServeR PreLevel=74 CurLevel=75
20260612-010311	INFO	COMMON	Hãa C¶nh Tinh Hån kÝch ho¹t Name=MaJas_ServeR PreLevel=75 CurLevel=76
20260612-010311	INFO	COMMON	Hãa C¶nh Tinh Hån kÝch ho¹t Name=MaJas_ServeR PreLevel=76 CurLevel=77
20260612-010311	INFO	COMMON	Hãa C¶nh Tinh Hån kÝch ho¹t Name=MaJas_ServeR PreLevel=77 CurLevel=78
20260612-010311	INFO	COMMON	Hãa C¶nh Tinh Hån kÝch ho¹t Name=MaJas_ServeR PreLevel=78 CurLevel=79
20260612-010311	INFO	COMMON	Hãa C¶nh Tinh Hån kÝch ho¹t Name=MaJas_ServeR PreLevel=79 CurLevel=80
20260612-010311	INFO	COMMON	Hãa C¶nh Tinh Hån kÝch ho¹t Name=MaJas_ServeR PreLevel=80 CurLevel=81
20260612-010311	INFO	COMMON	Hãa C¶nh Tinh Hån kÝch ho¹t Name=MaJas_ServeR PreLevel=81 CurLevel=82
20260612-010311	INFO	COMMON	Hãa C¶nh Tinh Hån kÝch ho¹t Name=MaJas_ServeR PreLevel=82 CurLevel=83
20260612-010311	INFO	COMMON	Hãa C¶nh Tinh Hån kÝch ho¹t Name=MaJas_ServeR PreLevel=83 CurLevel=84
20260612-010311	INFO	COMMON	Hãa C¶nh Tinh Hån kÝch ho¹t Name=MaJas_ServeR PreLevel=84 CurLevel=85
20260612-010311	INFO	COMMON	Hãa C¶nh Tinh Hån kÝch ho¹t Name=MaJas_ServeR PreLevel=85 CurLevel=86
20260612-010311	INFO	COMMON	Hãa C¶nh Tinh Hån kÝch ho¹t Name=MaJas_ServeR PreLevel=86 CurLevel=87
20260612-010311	INFO	COMMON	Hãa C¶nh Tinh Hån kÝch ho¹t Name=MaJas_ServeR PreLevel=87 CurLevel=88
20260612-010311	INFO	COMMON	Hãa C¶nh Tinh Hån kÝch ho¹t Name=MaJas_ServeR PreLevel=88 CurLevel=89
20260612-010311	INFO	COMMON	Hãa C¶nh Tinh Hån kÝch ho¹t Name=MaJas_ServeR PreLevel=89 CurLevel=90
20260612-010311	INFO	COMMON	Hãa C¶nh Tinh Hån kÝch ho¹t Name=MaJas_ServeR PreLevel=90 CurLevel=91
20260612-010311	INFO	COMMON	Hãa C¶nh Tinh Hån kÝch ho¹t Name=MaJas_ServeR PreLevel=91 CurLevel=92
20260612-010311	INFO	COMMON	Hãa C¶nh Tinh Hån kÝch ho¹t Name=MaJas_ServeR PreLevel=92 CurLevel=93
20260612-010311	INFO	COMMON	Hãa C¶nh Tinh Hån kÝch ho¹t Name=MaJas_ServeR PreLevel=93 CurLevel=94
20260612-010311	INFO	COMMON	Hãa C¶nh Tinh Hån kÝch ho¹t Name=MaJas_ServeR PreLevel=94 CurLevel=95
20260612-010311	INFO	COMMON	Hãa C¶nh Tinh Hån kÝch ho¹t Name=MaJas_ServeR PreLevel=95 CurLevel=96
20260612-010311	INFO	COMMON	Hãa C¶nh Tinh Hån kÝch ho¹t Name=MaJas_ServeR PreLevel=96 CurLevel=97
20260612-010311	INFO	COMMON	Hãa C¶nh Tinh Hån kÝch ho¹t Name=MaJas_ServeR PreLevel=97 CurLevel=98
20260612-010311	INFO	COMMON	Hãa C¶nh Tinh Hån kÝch ho¹t Name=MaJas_ServeR PreLevel=98 CurLevel=99
20260612-010311	INFO	COMMON	Hãa C¶nh Tinh Hån kÝch ho¹t Name=MaJas_ServeR PreLevel=99 CurLevel=100
20260612-010345	INFO	COMMON	[AWARD_TEMPLATE] NhËn Bé Tµng KiÕm	rage01	MaJas_ServeR	tbProp	 [Tµng KiÕm Tö Kim m·o] Thªm thµnh c«ng 1 c¸i, thªm thÊt b¹i 0 c¸i, r¬i ®Êt 0 c¸i.
20260612-010345	INFO	COMMON	[AWARD_TEMPLATE] NhËn Bé Tµng KiÕm	rage01	MaJas_ServeR	tbProp	 [Kim Lò Th­êng] Thªm thµnh c«ng 1 c¸i, thªm thÊt b¹i 0 c¸i, r¬i ®Êt 0 c¸i.
20260612-010345	INFO	COMMON	[AWARD_TEMPLATE] NhËn Bé Tµng KiÕm	rage01	MaJas_ServeR	tbProp	 [Tµng KiÕm ¤ kim phôc] Thªm thµnh c«ng 1 c¸i, thªm thÊt b¹i 0 c¸i, r¬i ®Êt 0 c¸i.
20260612-010345	INFO	COMMON	[AWARD_TEMPLATE] NhËn Bé Tµng KiÕm_Trang Søc	rage01	MaJas_ServeR	tbProp	 [TiÓu Th­ Giíi ChØ] Thªm thµnh c«ng 1 c¸i, thªm thÊt b¹i 0 c¸i, r¬i ®Êt 0 c¸i.
20260612-010345	INFO	COMMON	[AWARD_TEMPLATE] NhËn Bé Tµng KiÕm_Trang Søc	rage01	MaJas_ServeR	tbProp	 [Tr­ëng L·o ChØ Hoµn] Thªm thµnh c«ng 1 c¸i, thªm thÊt b¹i 0 c¸i, r¬i ®Êt 0 c¸i.
20260612-010345	INFO	COMMON	[AWARD_TEMPLATE] NhËn Bé Tµng KiÕm_Trang Søc	rage01	MaJas_ServeR	tbProp	 [Tµng KiÕm B¶o Ch©u] Thªm thµnh c«ng 1 c¸i, thªm thÊt b¹i 0 c¸i, r¬i ®Êt 0 c¸i.
20260612-010345	INFO	COMMON	[AWARD_TEMPLATE] NhËn Bé Tµng KiÕm_Trang Søc	rage01	MaJas_ServeR	tbProp	 [Tµng KiÕm Kú Th¹ch] Thªm thµnh c«ng 1 c¸i, thªm thÊt b¹i 0 c¸i, r¬i ®Êt 0 c¸i.
20260612-010345	INFO	COMMON	[AWARD_TEMPLATE] NhËn Bé Tµng KiÕm_Trang Søc	rage01	MaJas_ServeR	tbProp	 [Tµng KiÕm Kim Ên] Thªm thµnh c«ng 1 c¸i, thªm thÊt b¹i 0 c¸i, r¬i ®Êt 0 c¸i.
20260612-010349	INFO	COMMON	[AWARD_TEMPLATE] NhËn bé Ph¸ Hån	rage01	MaJas_ServeR	tbProp	 [Ph¸ Hån LÖnh (§Çu)] Thªm thµnh c«ng 1 c¸i, thªm thÊt b¹i 0 c¸i, r¬i ®Êt 0 c¸i.
20260612-010349	INFO	COMMON	[AWARD_TEMPLATE] NhËn bé Ph¸ Hån	rage01	MaJas_ServeR	tbProp	 [Ph¸ Hån LÖnh (¸o)] Thªm thµnh c«ng 1 c¸i, thªm thÊt b¹i 0 c¸i, r¬i ®Êt 0 c¸i.
20260612-010349	INFO	COMMON	[AWARD_TEMPLATE] NhËn bé Ph¸ Hån	rage01	MaJas_ServeR	tbProp	 [Ph¸ Hån LÖnh (QuÇn)] Thªm thµnh c«ng 1 c¸i, thªm thÊt b¹i 0 c¸i, r¬i ®Êt 0 c¸i.
20260612-010349	INFO	COMMON	[AWARD_TEMPLATE] NhËn bé Ph¸ Hån	rage01	MaJas_ServeR	tbProp	 [Ph¸ Hån LÖnh (Vò KhÝ)] Thªm thµnh c«ng 1 c¸i, thªm thÊt b¹i 0 c¸i, r¬i ®Êt 0 c¸i.
20260612-010349	INFO	COMMON	[AWARD_TEMPLATE] NhËn bé Ph¸ Hån	rage01	MaJas_ServeR	tbProp	 [Ph¸ Hån LÖnh (Trang Søc] Thªm thµnh c«ng 1 c¸i, thªm thÊt b¹i 0 c¸i, r¬i ®Êt 0 c¸i.
20260612-010359	INFO	COMMON	[Ph¸ Hån LÖnh (Trang Søc]	rage01	MaJas_ServeR	NhÉn Ph¸ Hån	1	NhÉn Ph¸ Hån				Thªm thµnh c«ng 1 c¸i, thªm thÊt b¹i 0 c¸i, r¬i ®Êt 0 c¸i			0	90	5	0		192.168.70.1
20260612-010359	INFO	COMMON	[Ph¸ Hån LÖnh (Trang Søc]	rage01	MaJas_ServeR	NhÉn Ph¸ Hån	Index:111 LineID:3236|0|0|3238|3247|3254								0	90	5	0		192.168.70.1
20260612-010407	INFO	COMMON	[AWARD_TEMPLATE] NhËn bé Ph¸ Hån	rage01	MaJas_ServeR	tbProp	 [Ph¸ Hån LÖnh (§Çu)] Thªm thµnh c«ng 1 c¸i, thªm thÊt b¹i 0 c¸i, r¬i ®Êt 0 c¸i.
20260612-010407	INFO	COMMON	[AWARD_TEMPLATE] NhËn bé Ph¸ Hån	rage01	MaJas_ServeR	tbProp	 [Ph¸ Hån LÖnh (¸o)] Thªm thµnh c«ng 1 c¸i, thªm thÊt b¹i 0 c¸i, r¬i ®Êt 0 c¸i.
20260612-010407	INFO	COMMON	[AWARD_TEMPLATE] NhËn bé Ph¸ Hån	rage01	MaJas_ServeR	tbProp	 [Ph¸ Hån LÖnh (QuÇn)] Thªm thµnh c«ng 1 c¸i, thªm thÊt b¹i 0 c¸i, r¬i ®Êt 0 c¸i.
20260612-010407	INFO	COMMON	[AWARD_TEMPLATE] NhËn bé Ph¸ Hån	rage01	MaJas_ServeR	tbProp	 [Ph¸ Hån LÖnh (Vò KhÝ)] Thªm thµnh c«ng 1 c¸i, thªm thÊt b¹i 0 c¸i, r¬i ®Êt 0 c¸i.
20260612-010407	INFO	COMMON	[AWARD_TEMPLATE] NhËn bé Ph¸ Hån	rage01	MaJas_ServeR	tbProp	 [Ph¸ Hån LÖnh (Trang Søc] Thªm thµnh c«ng 1 c¸i, thªm thÊt b¹i 0 c¸i, r¬i ®Êt 0 c¸i.
20260612-010412	INFO	COMMON	[AWARD_TEMPLATE] NhËn bé S¸t Tinh	rage01	MaJas_ServeR	tbProp	 [S¸t Tinh LÖnh Bµi (§Çu)] Thªm thµnh c«ng 1 c¸i, thªm thÊt b¹i 0 c¸i, r¬i ®Êt 0 c¸i.
20260612-010412	INFO	COMMON	[AWARD_TEMPLATE] NhËn bé S¸t Tinh	rage01	MaJas_ServeR	tbProp	 [S¸t Tinh LÖnh Bµi (¸o)] Thªm thµnh c«ng 1 c¸i, thªm thÊt b¹i 0 c¸i, r¬i ®Êt 0 c¸i.
20260612-010412	INFO	COMMON	[AWARD_TEMPLATE] NhËn bé S¸t Tinh	rage01	MaJas_ServeR	tbProp	 [S¸t Tinh LÖnh Bµi (QuÇn] Thªm thµnh c«ng 1 c¸i, thªm thÊt b¹i 0 c¸i, r¬i ®Êt 0 c¸i.
20260612-010412	INFO	COMMON	[AWARD_TEMPLATE] NhËn bé S¸t Tinh	rage01	MaJas_ServeR	tbProp	 [S¸t Tinh LÖnh Bµi (Vò K] Thªm thµnh c«ng 1 c¸i, thªm thÊt b¹i 0 c¸i, r¬i ®Êt 0 c¸i.
20260612-010412	INFO	COMMON	[AWARD_TEMPLATE] NhËn bé S¸t Tinh	rage01	MaJas_ServeR	tbProp	 [S¸t Tinh LÖnh Bµi (Tran] Thªm thµnh c«ng 1 c¸i, thªm thÊt b¹i 0 c¸i, r¬i ®Êt 0 c¸i.
20260612-010421	INFO	COMMON	[AWARD_TEMPLATE] NhËn Bé Tµng KiÕm	rage01	MaJas_ServeR	tbProp	 [Tµng KiÕm Tö Kim m·o] Thªm thµnh c«ng 1 c¸i, thªm thÊt b¹i 0 c¸i, r¬i ®Êt 0 c¸i.
20260612-010421	INFO	COMMON	[AWARD_TEMPLATE] NhËn Bé Tµng KiÕm	rage01	MaJas_ServeR	tbProp	 [Kim Lò Th­êng] Thªm thµnh c«ng 1 c¸i, thªm thÊt b¹i 0 c¸i, r¬i ®Êt 0 c¸i.
20260612-010421	INFO	COMMON	[AWARD_TEMPLATE] NhËn Bé Tµng KiÕm	rage01	MaJas_ServeR	tbProp	 [Tµng KiÕm ¤ kim phôc] Thªm thµnh c«ng 1 c¸i, thªm thÊt b¹i 0 c¸i, r¬i ®Êt 0 c¸i.
20260612-010421	INFO	COMMON	[AWARD_TEMPLATE] NhËn Bé Tµng KiÕm_Trang Søc	rage01	MaJas_ServeR	tbProp	 [TiÓu Th­ Giíi ChØ] Thªm thµnh c«ng 1 c¸i, thªm thÊt b¹i 0 c¸i, r¬i ®Êt 0 c¸i.
20260612-010421	INFO	COMMON	[AWARD_TEMPLATE] NhËn Bé Tµng KiÕm_Trang Søc	rage01	MaJas_ServeR	tbProp	 [Tr­ëng L·o ChØ Hoµn] Thªm thµnh c«ng 1 c¸i, thªm thÊt b¹i 0 c¸i, r¬i ®Êt 0 c¸i.
20260612-010421	INFO	COMMON	[AWARD_TEMPLATE] NhËn Bé Tµng KiÕm_Trang Søc	rage01	MaJas_ServeR	tbProp	 [Tµng KiÕm B¶o Ch©u] Thªm thµnh c«ng 1 c¸i, thªm thÊt b¹i 0 c¸i, r¬i ®Êt 0 c¸i.
20260612-010421	INFO	COMMON	[AWARD_TEMPLATE] NhËn Bé Tµng KiÕm_Trang Søc	rage01	MaJas_ServeR	tbProp	 [Tµng KiÕm Kú Th¹ch] Thªm thµnh c«ng 1 c¸i, thªm thÊt b¹i 0 c¸i, r¬i ®Êt 0 c¸i.
20260612-010421	INFO	COMMON	[AWARD_TEMPLATE] NhËn Bé Tµng KiÕm_Trang Søc	rage01	MaJas_ServeR	tbProp	 [Tµng KiÕm Kim Ên] Thªm thµnh c«ng 1 c¸i, thªm thÊt b¹i 0 c¸i, r¬i ®Êt 0 c¸i.
20260612-010425	INFO	COMMON	[AWARD_TEMPLATE] onKsgPlayerLogin received card, type = player	rage01	MaJas_ServeR	tbProp	 [Vâ L©m 2 Shiina] Thªm thµnh c«ng 1 c¸i, thªm thÊt b¹i 0 c¸i, r¬i ®Êt 0 c¸i.
20260612-010535	INFO	COMMON	[AWARD_TEMPLATE] NhËn TrÊn Ph¸i	rage01	MaJas_ServeR	tbProp	 [Nh­ Lai Kinh] Thªm thµnh c«ng 1 c¸i, thªm thÊt b¹i 0 c¸i, r¬i ®Êt 0 c¸i.
20260612-010617	INFO	COMMON	[AWARD_TEMPLATE] NhËn Linh §¬n	rage01	MaJas_ServeR	tbProp	 [Tinh Hån] Thªm thµnh c«ng 1 c¸i, thªm thÊt b¹i 0 c¸i, r¬i ®Êt 0 c¸i.
20260612-010617	INFO	COMMON	[AWARD_TEMPLATE] NhËn Linh §¬n	rage01	MaJas_ServeR	tbProp	 [NguyÖt Ph¸ch] Thªm thµnh c«ng 1 c¸i, thªm thÊt b¹i 0 c¸i, r¬i ®Êt 0 c¸i.
20260612-010637	INFO	COMMON	[AWARD_TEMPLATE] NhËn Linh §¬n	rage01	MaJas_ServeR	tbProp	 [Håi Tiªn §¬n] Thªm thµnh c«ng 1 c¸i, thªm thÊt b¹i 0 c¸i, r¬i ®Êt 0 c¸i.
20260612-010637	INFO	COMMON	[AWARD_TEMPLATE] NhËn Linh §¬n	rage01	MaJas_ServeR	tbProp	 [Linh Ph¸ch §¬n] Thªm thµnh c«ng 1 c¸i, thªm thÊt b¹i 0 c¸i, r¬i ®Êt 0 c¸i.
20260612-010643	INFO	COMMON	[AWARD_TEMPLATE] NhËn §¸ Khãa KX	rage01	MaJas_ServeR	tbProp	 [Linh Th¹ch khãa (1)] Thªm thµnh c«ng 1 c¸i, thªm thÊt b¹i 0 c¸i, r¬i ®Êt 0 c¸i.
20260612-010643	INFO	COMMON	[AWARD_TEMPLATE] NhËn §¸ Khãa KX	rage01	MaJas_ServeR	tbProp	 [Linh Th¹ch khãa (2)] Thªm thµnh c«ng 1 c¸i, thªm thÊt b¹i 0 c¸i, r¬i ®Êt 0 c¸i.
20260612-010643	INFO	COMMON	[AWARD_TEMPLATE] NhËn §¸ Khãa KX	rage01	MaJas_ServeR	tbProp	 [Linh Th¹ch khãa (3)] Thªm thµnh c«ng 1 c¸i, thªm thÊt b¹i 0 c¸i, r¬i ®Êt 0 c¸i.
20260612-010643	INFO	COMMON	[AWARD_TEMPLATE] NhËn §¸ Khãa KX	rage01	MaJas_ServeR	tbProp	 [Linh Th¹ch khãa (4)] Thªm thµnh c«ng 1 c¸i, thªm thÊt b¹i 0 c¸i, r¬i ®Êt 0 c¸i.
20260612-010643	INFO	COMMON	[AWARD_TEMPLATE] NhËn §¸ Khãa KX	rage01	MaJas_ServeR	tbProp	 [Linh Th¹ch khãa (5)] Thªm thµnh c«ng 1 c¸i, thªm thÊt b¹i 0 c¸i, r¬i ®Êt 0 c¸i.
20260612-010643	INFO	COMMON	[AWARD_TEMPLATE] NhËn §¸ Khãa KX	rage01	MaJas_ServeR	tbProp	 [Linh Th¹ch khãa (6)] Thªm thµnh c«ng 1 c¸i, thªm thÊt b¹i 0 c¸i, r¬i ®Êt 0 c¸i.
20260612-010643	INFO	COMMON	[AWARD_TEMPLATE] NhËn §¸ Khãa KX	rage01	MaJas_ServeR	tbProp	 [§æi Linh Th¹ch-Cao 1] Thªm thµnh c«ng 1 c¸i, thªm thÊt b¹i 0 c¸i, r¬i ®Êt 0 c¸i.
20260612-010643	INFO	COMMON	[AWARD_TEMPLATE] NhËn §¸ Khãa KX	rage01	MaJas_ServeR	tbProp	 [§æi Linh Th¹ch-Cao 2] Thªm thµnh c«ng 1 c¸i, thªm thÊt b¹i 0 c¸i, r¬i ®Êt 0 c¸i.
20260612-010643	INFO	COMMON	[AWARD_TEMPLATE] NhËn §¸ Khãa KX	rage01	MaJas_ServeR	tbProp	 [§æi Linh Th¹ch-Cao 3] Thªm thµnh c«ng 1 c¸i, thªm thÊt b¹i 0 c¸i, r¬i ®Êt 0 c¸i.
20260612-010643	INFO	COMMON	[AWARD_TEMPLATE] NhËn §¸ Khãa KX	rage01	MaJas_ServeR	tbProp	 [§æi Linh Th¹ch-Cao 4] Thªm thµnh c«ng 1 c¸i, thªm thÊt b¹i 0 c¸i, r¬i ®Êt 0 c¸i.
20260612-010643	INFO	COMMON	[AWARD_TEMPLATE] NhËn §¸ Khãa KX	rage01	MaJas_ServeR	tbProp	 [§æi Linh Th¹ch-Cao 5] Thªm thµnh c«ng 1 c¸i, thªm thÊt b¹i 0 c¸i, r¬i ®Êt 0 c¸i.
20260612-010643	INFO	COMMON	[AWARD_TEMPLATE] NhËn §¸ Khãa KX	rage01	MaJas_ServeR	tbProp	 [§æi Linh Th¹ch-Cao 6] Thªm thµnh c«ng 1 c¸i, thªm thÊt b¹i 0 c¸i, r¬i ®Êt 0 c¸i.
20260612-010643	INFO	COMMON	[AWARD_TEMPLATE] NhËn §¸ Khãa KX	rage01	MaJas_ServeR	tbProp	 [X· Qu©n Táa Linh Th¹ch ] Thªm thµnh c«ng 1 c¸i, thªm thÊt b¹i 0 c¸i, r¬i ®Êt 0 c¸i.
20260612-010643	INFO	COMMON	[AWARD_TEMPLATE] NhËn §¸ Khãa KX	rage01	MaJas_ServeR	tbProp	 [X· Qu©n Táa Linh Th¹ch ] Thªm thµnh c«ng 1 c¸i, thªm thÊt b¹i 0 c¸i, r¬i ®Êt 0 c¸i.
20260612-010643	INFO	COMMON	[AWARD_TEMPLATE] NhËn §¸ Khãa KX	rage01	MaJas_ServeR	tbProp	 [X· Qu©n Táa Linh Th¹ch ] Thªm thµnh c«ng 1 c¸i, thªm thÊt b¹i 0 c¸i, r¬i ®Êt 0 c¸i.
20260612-010643	INFO	COMMON	[AWARD_TEMPLATE] NhËn §¸ Khãa KX	rage01	MaJas_ServeR	tbProp	 [X· Qu©n Táa Linh Th¹ch ] Thªm thµnh c«ng 1 c¸i, thªm thÊt b¹i 0 c¸i, r¬i ®Êt 0 c¸i.
20260612-010643	INFO	COMMON	[AWARD_TEMPLATE] NhËn §¸ Khãa KX	rage01	MaJas_ServeR	tbProp	 [X· Qu©n Táa Linh Th¹ch ] Thªm thµnh c«ng 1 c¸i, thªm thÊt b¹i 0 c¸i, r¬i ®Êt 0 c¸i.
20260612-010643	INFO	COMMON	[AWARD_TEMPLATE] NhËn §¸ Khãa KX	rage01	MaJas_ServeR	tbProp	 [X· Qu©n Táa Linh Th¹ch ] Thªm thµnh c«ng 1 c¸i, thªm thÊt b¹i 0 c¸i, r¬i ®Êt 0 c¸i.
20260612-010643	INFO	COMMON	[AWARD_TEMPLATE] NhËn §¸ Khãa KX	rage01	MaJas_ServeR	tbProp	 [Tinh VÉn Táa Linh Th¹ch] Thªm thµnh c«ng 1 c¸i, thªm thÊt b¹i 0 c¸i, r¬i ®Êt 0 c¸i.
20260612-010643	INFO	COMMON	[AWARD_TEMPLATE] NhËn §¸ Khãa KX	rage01	MaJas_ServeR	tbProp	 [Tinh VÉn Táa Linh Th¹ch] Thªm thµnh c«ng 1 c¸i, thªm thÊt b¹i 0 c¸i, r¬i ®Êt 0 c¸i.
20260612-010643	INFO	COMMON	[AWARD_TEMPLATE] NhËn §¸ Khãa KX	rage01	MaJas_ServeR	tbProp	 [Tinh VÉn Táa Linh Th¹ch] Thªm thµnh c«ng 1 c¸i, thªm thÊt b¹i 0 c¸i, r¬i ®Êt 0 c¸i.
20260612-010643	INFO	COMMON	[AWARD_TEMPLATE] NhËn §¸ Khãa KX	rage01	MaJas_ServeR	tbProp	 [Tinh VÉn Táa Linh Th¹ch] Thªm thµnh c«ng 1 c¸i, thªm thÊt b¹i 0 c¸i, r¬i ®Êt 0 c¸i.
20260612-010643	INFO	COMMON	[AWARD_TEMPLATE] NhËn §¸ Khãa KX	rage01	MaJas_ServeR	tbProp	 [Tinh VÉn Táa Linh Th¹ch] Thªm thµnh c«ng 1 c¸i, thªm thÊt b¹i 0 c¸i, r¬i ®Êt 0 c¸i.
20260612-010643	INFO	COMMON	[AWARD_TEMPLATE] NhËn §¸ Khãa KX	rage01	MaJas_ServeR	tbProp	 [Tinh VÉn Táa Linh Th¹ch] Thªm thµnh c«ng 1 c¸i, thªm thÊt b¹i 0 c¸i, r¬i ®Êt 0 c¸i.
20260612-010654	INFO	COMMON	[AWARD_TEMPLATE] NhËn NL C­êng Hãa	rage01	MaJas_ServeR	tbProp	 [§Þnh Hån Thiªn Th¹ch Th] Thªm thµnh c«ng 1 c¸i, thªm thÊt b¹i 0 c¸i, r¬i ®Êt 0 c¸i.
20260612-010654	INFO	COMMON	[AWARD_TEMPLATE] NhËn NL C­êng Hãa	rage01	MaJas_ServeR	tbProp	 [§¹i §Þnh Hån ] Thªm thµnh c«ng 1 c¸i, thªm thÊt b¹i 0 c¸i, r¬i ®Êt 0 c¸i.
20260612-010654	INFO	COMMON	[AWARD_TEMPLATE] NhËn NL C­êng Hãa	rage01	MaJas_ServeR	tbProp	 [Thiªn Th¹ch linh th¹ch] Thªm thµnh c«ng 1 c¸i, thªm thÊt b¹i 0 c¸i, r¬i ®Êt 0 c¸i.
20260612-010654	INFO	COMMON	[AWARD_TEMPLATE] NhËn NL C­êng Hãa	rage01	MaJas_ServeR	tbProp	 [Thiªn Th¹ch Tinh Th¹ch] Thªm thµnh c«ng 1 c¸i, thªm thÊt b¹i 0 c¸i, r¬i ®Êt 0 c¸i.
20260612-010654	INFO	COMMON	[AWARD_TEMPLATE] NhËn NL C­êng Hãa	rage01	MaJas_ServeR	tbProp	 [C­êng hãa quyÓn 12] Thªm thµnh c«ng 1 c¸i, thªm thÊt b¹i 0 c¸i, r¬i ®Êt 0 c¸i.
20260612-010654	INFO	COMMON	[AWARD_TEMPLATE] NhËn NL C­êng Hãa	rage01	MaJas_ServeR	tbProp	 [C­êng hãa quyÓn 13] Thªm thµnh c«ng 1 c¸i, thªm thÊt b¹i 0 c¸i, r¬i ®Êt 0 c¸i.
20260612-010654	INFO	COMMON	[AWARD_TEMPLATE] NhËn NL C­êng Hãa	rage01	MaJas_ServeR	tbProp	 [C­êng hãa quyÓn 14] Thªm thµnh c«ng 1 c¸i, thªm thÊt b¹i 0 c¸i, r¬i ®Êt 0 c¸i.
20260612-010654	INFO	COMMON	[AWARD_TEMPLATE] NhËn NL C­êng Hãa	rage01	MaJas_ServeR	tbProp	 [C­êng hãa quyÓn 15] Thªm thµnh c«ng 1 c¸i, thªm thÊt b¹i 0 c¸i, r¬i ®Êt 0 c¸i.
20260612-010654	INFO	COMMON	[AWARD_TEMPLATE] NhËn NL C­êng Hãa	rage01	MaJas_ServeR	tbProp	 [Ma §ao Th¹ch cÊp 1] Thªm thµnh c«ng 1 c¸i, thªm thÊt b¹i 0 c¸i, r¬i ®Êt 0 c¸i.
20260612-010654	INFO	COMMON	[AWARD_TEMPLATE] NhËn NL C­êng Hãa	rage01	MaJas_ServeR	tbProp	 [Ma §¹o Th¹ch cÊp 2] Thªm thµnh c«ng 1 c¸i, thªm thÊt b¹i 0 c¸i, r¬i ®Êt 0 c¸i.
20260612-010654	INFO	COMMON	[AWARD_TEMPLATE] NhËn NL C­êng Hãa	rage01	MaJas_ServeR	tbProp	 [Ma §ao Th¹ch cÊp 3] Thªm thµnh c«ng 1 c¸i, thªm thÊt b¹i 0 c¸i, r¬i ®Êt 0 c¸i.
20260612-010714	INFO	COMMON	[AWARD_TEMPLATE] onKsgPlayerLogin received card, type = player	rage01	MaJas_ServeR	tbProp	 [Vâ L©m 2 Shiina] Thªm thµnh c«ng 1 c¸i, thªm thÊt b¹i 0 c¸i, r¬i ®Êt 0 c¸i.
20260612-010747	INFO	COMMON	[AWARD_TEMPLATE] NhËn TrÊn Ph¸i	rage01	MaJas_ServeR	tbProp	 [Nh­ Lai Kinh] Thªm thµnh c«ng 1 c¸i, thªm thÊt b¹i 0 c¸i, r¬i ®Êt 0 c¸i.
20260612-010753	INFO	COMMON	[AWARD_TEMPLATE] NhËn phiÕu vµ vÐ ®æi ngo¹i trang	rage01	MaJas_ServeR	tbProp	 [VËt phÈm Xu] Thªm thµnh c«ng 1 c¸i, thªm thÊt b¹i 0 c¸i, r¬i ®Êt 0 c¸i.
20260612-010812	INFO	COMMON	[AWARD_TEMPLATE] NhËn Tiªu Dao MËt tÞch	rage01	MaJas_ServeR	tbProp	 [MËt TÞch Tiªu Dao] Thªm thµnh c«ng 1 c¸i, thªm thÊt b¹i 0 c¸i, r¬i ®Êt 0 c¸i.
20260612-010825	INFO	COMMON	[AWARD_TEMPLATE] NhËn Tiªu Dao MËt tÞch	rage01	MaJas_ServeR	tbProp	 [MËt TÞch Tiªu Dao] Thªm thµnh c«ng 1 c¸i, thªm thÊt b¹i 0 c¸i, r¬i ®Êt 0 c¸i.
20260612-010846	INFO	COMMON	[AWARD_TEMPLATE] NhËn L¨ng Ba Vi Bé	rage01	MaJas_ServeR	tbProp	 [L¨ng Ba Vi Bé toµn tËp] Thªm thµnh c«ng 1 c¸i, thªm thÊt b¹i 0 c¸i, r¬i ®Êt 0 c¸i.
20260612-010914	INFO	COMMON	[AWARD_TEMPLATE] NhËn L¨ng Ba Vi Bé	rage01	MaJas_ServeR	tbProp	 [L¨ng Ba Vi Bé toµn tËp] Thªm thµnh c«ng 1 c¸i, thªm thÊt b¹i 0 c¸i, r¬i ®Êt 0 c¸i.
20260612-010925	INFO	COMMON	[AWARD_TEMPLATE] Tói Cæ Phæ Tµn QuyÓn	rage01	MaJas_ServeR	tbProp	 [[Tµn quyÓn] D­¬ng Viªm ] Thªm thµnh c«ng 1 c¸i, thªm thÊt b¹i 0 c¸i, r¬i ®Êt 0 c¸i.
20260612-011248	INFO	COMMON	[AWARD_TEMPLATE] NhËn TrÊn Ph¸i	rage01	MaJas_ServeR	tbProp	 [Nh­ Lai Kinh] Thªm thµnh c«ng 1 c¸i, thªm thÊt b¹i 0 c¸i, r¬i ®Êt 0 c¸i.
20260612-011434	INFO	COMMON	[AWARD_TEMPLATE] onKsgPlayerLogin received card, type = player	rage01	MaJas_ServeR	tbProp	 [Vâ L©m 2 Shiina] Thªm thµnh c«ng 1 c¸i, thªm thÊt b¹i 0 c¸i, r¬i ®Êt 0 c¸i.
20260612-011636	INFO	COMMON	[AWARD_TEMPLATE] Tói quµ Vâ L©m 2-May m¾n	rage02	ServeR_Anh	tbProp	 [§«n Hoµng HuyÒn ThiÕt] Thªm thµnh c«ng 1 c¸i, thªm thÊt b¹i 0 c¸i, r¬i ®Êt 0 c¸i.
20260612-011639	INFO	COMMON	[AWARD_TEMPLATE] Tói quµ Vâ L©m 2-May m¾n	rage02	ServeR_Anh	nPhongHoa Amount: 3
20260612-011639	INFO	COMMON	[AWARD_TEMPLATE] Tói quµ Vâ L©m 2-May m¾n	rage02	ServeR_Anh	nPhongHoa Amount: 2
20260612-011639	INFO	COMMON	[AWARD_TEMPLATE] Tói quµ Vâ L©m 2-May m¾n	rage02	ServeR_Anh	nPhongHoa Amount: 3
20260612-011640	INFO	COMMON	[AWARD_TEMPLATE] Tói quµ Vâ L©m 2-May m¾n	rage02	ServeR_Anh	nPhongHoa Amount: 2
20260612-011642	INFO	COMMON	[AWARD_TEMPLATE] Tói quµ Vâ L©m 2-May m¾n	rage02	ServeR_Anh	nPhongHoa Amount: 2
20260612-011642	INFO	COMMON	[AWARD_TEMPLATE] Tói quµ Vâ L©m 2-May m¾n	rage02	ServeR_Anh	nPhongHoa Amount: 1
20260612-011643	INFO	COMMON	[AWARD_TEMPLATE] Tói quµ Vâ L©m 2-May m¾n	rage02	ServeR_Anh	tbProp	 [Hµo HiÖp LÖnh] Thªm thµnh c«ng 1 c¸i, thªm thÊt b¹i 0 c¸i, r¬i ®Êt 0 c¸i.
20260612-011643	INFO	COMMON	[AWARD_TEMPLATE] Tói quµ Vâ L©m 2-May m¾n	rage02	ServeR_Anh	nPhongHoa Amount: 1
20260612-011643	INFO	COMMON	[AWARD_TEMPLATE] Tói quµ Vâ L©m 2-May m¾n	rage02	ServeR_Anh	nPhongHoa Amount: 2
20260612-011737	INFO	COMMON	[AWARD_TEMPLATE] onKsgPlayerLogin received card, type = player	rage02	ServeR_Anh	tbProp	 [Vâ L©m 2 Shiina] Thªm thµnh c«ng 1 c¸i, thªm thÊt b¹i 0 c¸i, r¬i ®Êt 0 c¸i.
20260612-011753	INFO	COMMON	[AWARD_TEMPLATE] NhËn §¸ Khãa KX	rage02	ServeR_Anh	tbProp	 [Linh Th¹ch khãa (1)] Thªm thµnh c«ng 1 c¸i, thªm thÊt b¹i 0 c¸i, r¬i ®Êt 0 c¸i.
20260612-011753	INFO	COMMON	[AWARD_TEMPLATE] NhËn §¸ Khãa KX	rage02	ServeR_Anh	tbProp	 [Linh Th¹ch khãa (2)] Thªm thµnh c«ng 1 c¸i, thªm thÊt b¹i 0 c¸i, r¬i ®Êt 0 c¸i.
20260612-011753	INFO	COMMON	[AWARD_TEMPLATE] NhËn §¸ Khãa KX	rage02	ServeR_Anh	tbProp	 [Linh Th¹ch khãa (3)] Thªm thµnh c«ng 1 c¸i, thªm thÊt b¹i 0 c¸i, r¬i ®Êt 0 c¸i.
20260612-011753	INFO	COMMON	[AWARD_TEMPLATE] NhËn §¸ Khãa KX	rage02	ServeR_Anh	tbProp	 [Linh Th¹ch khãa (4)] Thªm thµnh c«ng 1 c¸i, thªm thÊt b¹i 0 c¸i, r¬i ®Êt 0 c¸i.
20260612-011753	INFO	COMMON	[AWARD_TEMPLATE] NhËn §¸ Khãa KX	rage02	ServeR_Anh	tbProp	 [Linh Th¹ch khãa (5)] Thªm thµnh c«ng 1 c¸i, thªm thÊt b¹i 0 c¸i, r¬i ®Êt 0 c¸i.
20260612-011753	INFO	COMMON	[AWARD_TEMPLATE] NhËn §¸ Khãa KX	rage02	ServeR_Anh	tbProp	 [Linh Th¹ch khãa (6)] Thªm thµnh c«ng 1 c¸i, thªm thÊt b¹i 0 c¸i, r¬i ®Êt 0 c¸i.
20260612-011753	INFO	COMMON	[AWARD_TEMPLATE] NhËn §¸ Khãa KX	rage02	ServeR_Anh	tbProp	 [§æi Linh Th¹ch-Cao 1] Thªm thµnh c«ng 1 c¸i, thªm thÊt b¹i 0 c¸i, r¬i ®Êt 0 c¸i.
20260612-011753	INFO	COMMON	[AWARD_TEMPLATE] NhËn §¸ Khãa KX	rage02	ServeR_Anh	tbProp	 [§æi Linh Th¹ch-Cao 2] Thªm thµnh c«ng 1 c¸i, thªm thÊt b¹i 0 c¸i, r¬i ®Êt 0 c¸i.
20260612-011753	INFO	COMMON	[AWARD_TEMPLATE] NhËn §¸ Khãa KX	rage02	ServeR_Anh	tbProp	 [§æi Linh Th¹ch-Cao 3] Thªm thµnh c«ng 1 c¸i, thªm thÊt b¹i 0 c¸i, r¬i ®Êt 0 c¸i.
20260612-011753	INFO	COMMON	[AWARD_TEMPLATE] NhËn §¸ Khãa KX	rage02	ServeR_Anh	tbProp	 [§æi Linh Th¹ch-Cao 4] Thªm thµnh c«ng 1 c¸i, thªm thÊt b¹i 0 c¸i, r¬i ®Êt 0 c¸i.
20260612-011753	INFO	COMMON	[AWARD_TEMPLATE] NhËn §¸ Khãa KX	rage02	ServeR_Anh	tbProp	 [§æi Linh Th¹ch-Cao 5] Thªm thµnh c«ng 1 c¸i, thªm thÊt b¹i 0 c¸i, r¬i ®Êt 0 c¸i.
20260612-011753	INFO	COMMON	[AWARD_TEMPLATE] NhËn §¸ Khãa KX	rage02	ServeR_Anh	tbProp	 [§æi Linh Th¹ch-Cao 6] Thªm thµnh c«ng 1 c¸i, thªm thÊt b¹i 0 c¸i, r¬i ®Êt 0 c¸i.
20260612-011753	INFO	COMMON	[AWARD_TEMPLATE] NhËn §¸ Khãa KX	rage02	ServeR_Anh	tbProp	 [X· Qu©n Táa Linh Th¹ch ] Thªm thµnh c«ng 1 c¸i, thªm thÊt b¹i 0 c¸i, r¬i ®Êt 0 c¸i.
20260612-011753	INFO	COMMON	[AWARD_TEMPLATE] NhËn §¸ Khãa KX	rage02	ServeR_Anh	tbProp	 [X· Qu©n Táa Linh Th¹ch ] Thªm thµnh c«ng 1 c¸i, thªm thÊt b¹i 0 c¸i, r¬i ®Êt 0 c¸i.
20260612-011753	INFO	COMMON	[AWARD_TEMPLATE] NhËn §¸ Khãa KX	rage02	ServeR_Anh	tbProp	 [X· Qu©n Táa Linh Th¹ch ] Thªm thµnh c«ng 1 c¸i, thªm thÊt b¹i 0 c¸i, r¬i ®Êt 0 c¸i.
20260612-011753	INFO	COMMON	[AWARD_TEMPLATE] NhËn §¸ Khãa KX	rage02	ServeR_Anh	tbProp	 [X· Qu©n Táa Linh Th¹ch ] Thªm thµnh c«ng 1 c¸i, thªm thÊt b¹i 0 c¸i, r¬i ®Êt 0 c¸i.
20260612-011753	INFO	COMMON	[AWARD_TEMPLATE] NhËn §¸ Khãa KX	rage02	ServeR_Anh	tbProp	 [X· Qu©n Táa Linh Th¹ch ] Thªm thµnh c«ng 1 c¸i, thªm thÊt b¹i 0 c¸i, r¬i ®Êt 0 c¸i.
20260612-011753	INFO	COMMON	[AWARD_TEMPLATE] NhËn §¸ Khãa KX	rage02	ServeR_Anh	tbProp	 [X· Qu©n Táa Linh Th¹ch ] Thªm thµnh c«ng 1 c¸i, thªm thÊt b¹i 0 c¸i, r¬i ®Êt 0 c¸i.
20260612-011753	INFO	COMMON	[AWARD_TEMPLATE] NhËn §¸ Khãa KX	rage02	ServeR_Anh	tbProp	 [Tinh VÉn Táa Linh Th¹ch] Thªm thµnh c«ng 1 c¸i, thªm thÊt b¹i 0 c¸i, r¬i ®Êt 0 c¸i.
20260612-011753	INFO	COMMON	[AWARD_TEMPLATE] NhËn §¸ Khãa KX	rage02	ServeR_Anh	tbProp	 [Tinh VÉn Táa Linh Th¹ch] Thªm thµnh c«ng 1 c¸i, thªm thÊt b¹i 0 c¸i, r¬i ®Êt 0 c¸i.
20260612-011753	INFO	COMMON	[AWARD_TEMPLATE] NhËn §¸ Khãa KX	rage02	ServeR_Anh	tbProp	 [Tinh VÉn Táa Linh Th¹ch] Thªm thµnh c«ng 1 c¸i, thªm thÊt b¹i 0 c¸i, r¬i ®Êt 0 c¸i.
20260612-011753	INFO	COMMON	[AWARD_TEMPLATE] NhËn §¸ Khãa KX	rage02	ServeR_Anh	tbProp	 [Tinh VÉn Táa Linh Th¹ch] Thªm thµnh c«ng 1 c¸i, thªm thÊt b¹i 0 c¸i, r¬i ®Êt 0 c¸i.
20260612-011753	INFO	COMMON	[AWARD_TEMPLATE] NhËn §¸ Khãa KX	rage02	ServeR_Anh	tbProp	 [Tinh VÉn Táa Linh Th¹ch] Thªm thµnh c«ng 1 c¸i, thªm thÊt b¹i 0 c¸i, r¬i ®Êt 0 c¸i.
20260612-011753	INFO	COMMON	[AWARD_TEMPLATE] NhËn §¸ Khãa KX	rage02	ServeR_Anh	tbProp	 [Tinh VÉn Táa Linh Th¹ch] Thªm thµnh c«ng 1 c¸i, thªm thÊt b¹i 0 c¸i, r¬i ®Êt 0 c¸i.
20260612-011806	INFO	COMMON	[AWARD_TEMPLATE] NhËn Tiªu Dao MËt tÞch	rage02	ServeR_Anh	tbProp	 [MËt TÞch Tiªu Dao] Thªm thµnh c«ng 1 c¸i, thªm thÊt b¹i 0 c¸i, r¬i ®Êt 0 c¸i.
20260612-011818	INFO	COMMON	[AWARD_TEMPLATE] NhËn Tiªu Dao MËt tÞch	rage02	ServeR_Anh	tbProp	 [MËt TÞch Tiªu Dao] Thªm thµnh c«ng 1 c¸i, thªm thÊt b¹i 0 c¸i, r¬i ®Êt 0 c¸i.
20260612-011831	INFO	COMMON	[AWARD_TEMPLATE] NhËn Tiªu Dao MËt tÞch	rage02	ServeR_Anh	tbProp	 [MËt TÞch Tiªu Dao] Thªm thµnh c«ng 1 c¸i, thªm thÊt b¹i 0 c¸i, r¬i ®Êt 0 c¸i.
20260612-011846	INFO	COMMON	[AWARD_TEMPLATE] NhËn Tiªu Dao MËt tÞch	rage02	ServeR_Anh	tbProp	 [MËt TÞch Tiªu Dao] Thªm thµnh c«ng 1 c¸i, thªm thÊt b¹i 0 c¸i, r¬i ®Êt 0 c¸i.
20260612-011949	INFO	COMMON	[AWARD_TEMPLATE] onKsgPlayerLogin received card, type = player	rage02	ServeR_Anh	tbProp	 [Vâ L©m 2 Shiina] Thªm thµnh c«ng 1 c¸i, thªm thÊt b¹i 0 c¸i, r¬i ®Êt 0 c¸i.
20260612-011952	INFO	COMMON	[AWARD_TEMPLATE] NhËn Ên Long Tö Ên	rage02	ServeR_Anh	tbProp	 [Long Tö Ên] Thªm thµnh c«ng 1 c¸i, thªm thÊt b¹i 0 c¸i, r¬i ®Êt 0 c¸i.
20260612-011952	INFO	COMMON	[AWARD_TEMPLATE] NhËn ngo¹i trang chuyÓn sinh 10	rage02	ServeR_Anh	tbProp	 [Thanh S­¬ng tr©m] Thªm thµnh c«ng 1 c¸i, thªm thÊt b¹i 0 c¸i, r¬i ®Êt 0 c¸i.
20260612-011952	INFO	COMMON	[AWARD_TEMPLATE] NhËn ngo¹i trang chuyÓn sinh 10	rage02	ServeR_Anh	tbProp	 [Thanh S­¬ng ¸o] Thªm thµnh c«ng 1 c¸i, thªm thÊt b¹i 0 c¸i, r¬i ®Êt 0 c¸i.
20260612-011952	INFO	COMMON	[AWARD_TEMPLATE] NhËn ngo¹i trang chuyÓn sinh 10	rage02	ServeR_Anh	tbProp	 [Thanh S­¬ng trang] Thªm thµnh c«ng 1 c¸i, thªm thÊt b¹i 0 c¸i, r¬i ®Êt 0 c¸i.
20260612-011952	INFO	COMMON	[AWARD_TEMPLATE] NhËn ngo¹i trang chuyÓn sinh 10	rage02	ServeR_Anh	tbProp	 [Long 10-H] Thªm thµnh c«ng 1 c¸i, thªm thÊt b¹i 0 c¸i, r¬i ®Êt 0 c¸i.
20260612-011952	INFO	COMMON	[AWARD_TEMPLATE] NhËn ngo¹i trang chuyÓn sinh 10	rage02	ServeR_Anh	tbProp	 [Long 10-C] Thªm thµnh c«ng 1 c¸i, thªm thÊt b¹i 0 c¸i, r¬i ®Êt 0 c¸i.
20260612-011952	INFO	COMMON	[AWARD_TEMPLATE] NhËn ngo¹i trang chuyÓn sinh 10	rage02	ServeR_Anh	tbProp	 [Long 10-T] Thªm thµnh c«ng 1 c¸i, thªm thÊt b¹i 0 c¸i, r¬i ®Êt 0 c¸i.
20260612-011957	INFO	COMMON	[AWARD_TEMPLATE] NhËn phiÕu vµ vÐ ®æi ngo¹i trang	rage02	ServeR_Anh	tbProp	 [VËt phÈm Xu] Thªm thµnh c«ng 1 c¸i, thªm thÊt b¹i 0 c¸i, r¬i ®Êt 0 c¸i.
20260612-012003	INFO	COMMON	[AWARD_TEMPLATE] NhËn Ên Phông Tö Ên	rage02	ServeR_Anh	tbProp	 [Phông Tö Ên] Thªm thµnh c«ng 1 c¸i, thªm thÊt b¹i 0 c¸i, r¬i ®Êt 0 c¸i.
20260612-012003	INFO	COMMON	[AWARD_TEMPLATE] NhËn ngo¹i trang chuyÓn sinh 10	rage02	ServeR_Anh	tbProp	 [Thanh S­¬ng tr©m] Thªm thµnh c«ng 1 c¸i, thªm thÊt b¹i 0 c¸i, r¬i ®Êt 0 c¸i.
20260612-012003	INFO	COMMON	[AWARD_TEMPLATE] NhËn ngo¹i trang chuyÓn sinh 10	rage02	ServeR_Anh	tbProp	 [Thanh S­¬ng ¸o] Thªm thµnh c«ng 1 c¸i, thªm thÊt b¹i 0 c¸i, r¬i ®Êt 0 c¸i.
20260612-012003	INFO	COMMON	[AWARD_TEMPLATE] NhËn ngo¹i trang chuyÓn sinh 10	rage02	ServeR_Anh	tbProp	 [Thanh S­¬ng trang] Thªm thµnh c«ng 1 c¸i, thªm thÊt b¹i 0 c¸i, r¬i ®Êt 0 c¸i.
20260612-012003	INFO	COMMON	[AWARD_TEMPLATE] NhËn ngo¹i trang chuyÓn sinh 10	rage02	ServeR_Anh	tbProp	 [Phông 10-H] Thªm thµnh c«ng 1 c¸i, thªm thÊt b¹i 0 c¸i, r¬i ®Êt 0 c¸i.
20260612-012003	INFO	COMMON	[AWARD_TEMPLATE] NhËn ngo¹i trang chuyÓn sinh 10	rage02	ServeR_Anh	tbProp	 [Phông 10-C] Thªm thµnh c«ng 1 c¸i, thªm thÊt b¹i 0 c¸i, r¬i ®Êt 0 c¸i.
20260612-012003	INFO	COMMON	[AWARD_TEMPLATE] NhËn ngo¹i trang chuyÓn sinh 10	rage02	ServeR_Anh	tbProp	 [Phông 10-T] Thªm thµnh c«ng 1 c¸i, thªm thÊt b¹i 0 c¸i, r¬i ®Êt 0 c¸i.
20260612-012008	INFO	COMMON	[AWARD_TEMPLATE] NhËn phiÕu vµ vÐ ®æi ngo¹i trang	rage02	ServeR_Anh	tbProp	 [VËt phÈm Xu] Thªm thµnh c«ng 1 c¸i, thªm thÊt b¹i 0 c¸i, r¬i ®Êt 0 c¸i.
20260612-012011	INFO	COMMON	[AWARD_TEMPLATE] NhËn Ên ¦ng Tö Ên	rage02	ServeR_Anh	tbProp	 [¦ng Tö Ên] Thªm thµnh c«ng 1 c¸i, thªm thÊt b¹i 0 c¸i, r¬i ®Êt 0 c¸i.
20260612-012011	INFO	COMMON	[AWARD_TEMPLATE] NhËn ngo¹i trang chuyÓn sinh 10	rage02	ServeR_Anh	tbProp	 [Thanh S­¬ng tr©m] Thªm thµnh c«ng 1 c¸i, thªm thÊt b¹i 0 c¸i, r¬i ®Êt 0 c¸i.
20260612-012011	INFO	COMMON	[AWARD_TEMPLATE] NhËn ngo¹i trang chuyÓn sinh 10	rage02	ServeR_Anh	tbProp	 [Thanh S­¬ng ¸o] Thªm thµnh c«ng 1 c¸i, thªm thÊt b¹i 0 c¸i, r¬i ®Êt 0 c¸i.
20260612-012011	INFO	COMMON	[AWARD_TEMPLATE] NhËn ngo¹i trang chuyÓn sinh 10	rage02	ServeR_Anh	tbProp	 [Thanh S­¬ng trang] Thªm thµnh c«ng 1 c¸i, thªm thÊt b¹i 0 c¸i, r¬i ®Êt 0 c¸i.
20260612-012011	INFO	COMMON	[AWARD_TEMPLATE] NhËn ngo¹i trang chuyÓn sinh 10	rage02	ServeR_Anh	tbProp	 [¦ng 10-H] Thªm thµnh c«ng 1 c¸i, thªm thÊt b¹i 0 c¸i, r¬i ®Êt 0 c¸i.
20260612-012011	INFO	COMMON	[AWARD_TEMPLATE] NhËn ngo¹i trang chuyÓn sinh 10	rage02	ServeR_Anh	tbProp	 [¦ng 10-C] Thªm thµnh c«ng 1 c¸i, thªm thÊt b¹i 0 c¸i, r¬i ®Êt 0 c¸i.
20260612-012011	INFO	COMMON	[AWARD_TEMPLATE] NhËn ngo¹i trang chuyÓn sinh 10	rage02	ServeR_Anh	tbProp	 [¦ng 10-T] Thªm thµnh c«ng 1 c¸i, thªm thÊt b¹i 0 c¸i, r¬i ®Êt 0 c¸i.
20260612-012021	INFO	COMMON	[AWARD_TEMPLATE] NhËn phiÕu vµ vÐ ®æi ngo¹i trang	rage02	ServeR_Anh	tbProp	 [VËt phÈm Xu] Thªm thµnh c«ng 1 c¸i, thªm thÊt b¹i 0 c¸i, r¬i ®Êt 0 c¸i.
20260612-012024	INFO	COMMON	[AWARD_TEMPLATE] NhËn Ên Hæ Tö Ên	rage02	ServeR_Anh	tbProp	 [Hæ Tö Ên] Thªm thµnh c«ng 1 c¸i, thªm thÊt b¹i 0 c¸i, r¬i ®Êt 0 c¸i.
20260612-012024	INFO	COMMON	[AWARD_TEMPLATE] NhËn ngo¹i trang chuyÓn sinh 10	rage02	ServeR_Anh	tbProp	 [Thanh S­¬ng tr©m] Thªm thµnh c«ng 1 c¸i, thªm thÊt b¹i 0 c¸i, r¬i ®Êt 0 c¸i.
20260612-012024	INFO	COMMON	[AWARD_TEMPLATE] NhËn ngo¹i trang chuyÓn sinh 10	rage02	ServeR_Anh	tbProp	 [Thanh S­¬ng ¸o] Thªm thµnh c«ng 1 c¸i, thªm thÊt b¹i 0 c¸i, r¬i ®Êt 0 c¸i.
20260612-012024	INFO	COMMON	[AWARD_TEMPLATE] NhËn ngo¹i trang chuyÓn sinh 10	rage02	ServeR_Anh	tbProp	 [Thanh S­¬ng trang] Thªm thµnh c«ng 1 c¸i, thªm thÊt b¹i 0 c¸i, r¬i ®Êt 0 c¸i.
20260612-012024	INFO	COMMON	[AWARD_TEMPLATE] NhËn ngo¹i trang chuyÓn sinh 10	rage02	ServeR_Anh	tbProp	 [Hæ 10-H] Thªm thµnh c«ng 1 c¸i, thªm thÊt b¹i 0 c¸i, r¬i ®Êt 0 c¸i.
20260612-012024	INFO	COMMON	[AWARD_TEMPLATE] NhËn ngo¹i trang chuyÓn sinh 10	rage02	ServeR_Anh	tbProp	 [Hæ 10-C] Thªm thµnh c«ng 1 c¸i, thªm thÊt b¹i 0 c¸i, r¬i ®Êt 0 c¸i.
20260612-012024	INFO	COMMON	[AWARD_TEMPLATE] NhËn ngo¹i trang chuyÓn sinh 10	rage02	ServeR_Anh	tbProp	 [Hæ 10-T] Thªm thµnh c«ng 1 c¸i, thªm thÊt b¹i 0 c¸i, r¬i ®Êt 0 c¸i.
20260612-012034	INFO	COMMON	[AWARD_TEMPLATE] NhËn phiÕu vµ vÐ ®æi ngo¹i trang	rage02	ServeR_Anh	tbProp	 [VËt phÈm Xu] Thªm thµnh c«ng 1 c¸i, thªm thÊt b¹i 0 c¸i, r¬i ®Êt 0 c¸i.
20260612-012036	INFO	COMMON	[AWARD_TEMPLATE] NhËn Ên Long Tö Ên	rage02	ServeR_Anh	tbProp	 [Long Tö Ên] Thªm thµnh c«ng 1 c¸i, thªm thÊt b¹i 0 c¸i, r¬i ®Êt 0 c¸i.
20260612-012036	INFO	COMMON	[AWARD_TEMPLATE] NhËn ngo¹i trang chuyÓn sinh 10	rage02	ServeR_Anh	tbProp	 [Thanh S­¬ng tr©m] Thªm thµnh c«ng 1 c¸i, thªm thÊt b¹i 0 c¸i, r¬i ®Êt 0 c¸i.
20260612-012036	INFO	COMMON	[AWARD_TEMPLATE] NhËn ngo¹i trang chuyÓn sinh 10	rage02	ServeR_Anh	tbProp	 [Thanh S­¬ng ¸o] Thªm thµnh c«ng 1 c¸i, thªm thÊt b¹i 0 c¸i, r¬i ®Êt 0 c¸i.
20260612-012036	INFO	COMMON	[AWARD_TEMPLATE] NhËn ngo¹i trang chuyÓn sinh 10	rage02	ServeR_Anh	tbProp	 [Thanh S­¬ng trang] Thªm thµnh c«ng 1 c¸i, thªm thÊt b¹i 0 c¸i, r¬i ®Êt 0 c¸i.
20260612-012036	INFO	COMMON	[AWARD_TEMPLATE] NhËn ngo¹i trang chuyÓn sinh 10	rage02	ServeR_Anh	tbProp	 [Long 10-H] Thªm thµnh c«ng 1 c¸i, thªm thÊt b¹i 0 c¸i, r¬i ®Êt 0 c¸i.
20260612-012036	INFO	COMMON	[AWARD_TEMPLATE] NhËn ngo¹i trang chuyÓn sinh 10	rage02	ServeR_Anh	tbProp	 [Long 10-C] Thªm thµnh c«ng 1 c¸i, thªm thÊt b¹i 0 c¸i, r¬i ®Êt 0 c¸i.
20260612-012036	INFO	COMMON	[AWARD_TEMPLATE] NhËn ngo¹i trang chuyÓn sinh 10	rage02	ServeR_Anh	tbProp	 [Long 10-T] Thªm thµnh c«ng 1 c¸i, thªm thÊt b¹i 0 c¸i, r¬i ®Êt 0 c¸i.
20260612-012133	INFO	COMMON	[AWARD_TEMPLATE] AddJewelry	rage02	ServeR_Anh	tbProp	 [Tèng-Chu T­íc T­íng LÖn] Thªm thµnh c«ng 1 c¸i, thªm thÊt b¹i 0 c¸i, r¬i ®Êt 0 c¸i.
20260612-012133	INFO	COMMON	[AWARD_TEMPLATE] AddJewelry	rage02	ServeR_Anh	tbProp	 [Tèng-Chu T­íc T­íng LÖn] Thªm thµnh c«ng 1 c¸i, thªm thÊt b¹i 0 c¸i, r¬i ®Êt 0 c¸i.
20260612-012133	INFO	COMMON	[AWARD_TEMPLATE] AddJewelry	rage02	ServeR_Anh	tbProp	 [Tèng-Chu T­íc T­íng LÖn] Thªm thµnh c«ng 1 c¸i, thªm thÊt b¹i 0 c¸i, r¬i ®Êt 0 c¸i.
20260612-012150	INFO	COMMON	[AWARD_TEMPLATE] onKsgPlayerLogin received card, type = player	rage02	ServeR_Anh	tbProp	 [Vâ L©m 2 Shiina] Thªm thµnh c«ng 1 c¸i, thªm thÊt b¹i 0 c¸i, r¬i ®Êt 0 c¸i.
20260612-012416	INFO	COMMON	[AWARD_TEMPLATE] NhËn bé diÖu d­¬ng	rage02	ServeR_Anh	tbProp	 [DiÖu D­¬ng-PhËt V©n Th¸] Thªm thµnh c«ng 1 c¸i, thªm thÊt b¹i 0 c¸i, r¬i ®Êt 0 c¸i.
20260612-012416	INFO	COMMON	[AWARD_TEMPLATE] NhËn bé diÖu d­¬ng	rage02	ServeR_Anh	tbProp	 [DiÖu D­¬ng-PhËt V©n Th¸] Thªm thµnh c«ng 1 c¸i, thªm thÊt b¹i 0 c¸i, r¬i ®Êt 0 c¸i.
20260612-012416	INFO	COMMON	[AWARD_TEMPLATE] NhËn bé diÖu d­¬ng	rage02	ServeR_Anh	tbProp	 [DiÖu D­¬ng-PhËt V©n Th¸] Thªm thµnh c«ng 1 c¸i, thªm thÊt b¹i 0 c¸i, r¬i ®Êt 0 c¸i.
20260612-012416	INFO	COMMON	[AWARD_TEMPLATE] NhËn bé diÖu d­¬ng	rage02	ServeR_Anh	tbProp	 [DiÖu D­¬ng-PhËt V©n Th¸] Thªm thµnh c«ng 1 c¸i, thªm thÊt b¹i 0 c¸i, r¬i ®Êt 0 c¸i.
20260612-012416	INFO	COMMON	[AWARD_TEMPLATE] NhËn bé diÖu d­¬ng	rage02	ServeR_Anh	tbProp	 [DiÖu D­¬ng Thiªn Cung-¤] Thªm thµnh c«ng 1 c¸i, thªm thÊt b¹i 0 c¸i, r¬i ®Êt 0 c¸i.
20260612-012416	INFO	COMMON	[AWARD_TEMPLATE] NhËn bé diÖu d­¬ng	rage02	ServeR_Anh	tbProp	 [DiÖu D­¬ng Thiªn Cung-T] Thªm thµnh c«ng 1 c¸i, thªm thÊt b¹i 0 c¸i, r¬i ®Êt 0 c¸i.
20260612-012416	INFO	COMMON	[AWARD_TEMPLATE] NhËn bé diÖu d­¬ng	rage02	ServeR_Anh	tbProp	 [DiÖu D­¬ng Thiªn Cung-V] Thªm thµnh c«ng 1 c¸i, thªm thÊt b¹i 0 c¸i, r¬i ®Êt 0 c¸i.
20260612-012416	INFO	COMMON	[AWARD_TEMPLATE] NhËn bé diÖu d­¬ng	rage02	ServeR_Anh	tbProp	 [DiÖu D­¬ng Thiªn Cung-X] Thªm thµnh c«ng 1 c¸i, thªm thÊt b¹i 0 c¸i, r¬i ®Êt 0 c¸i.
20260612-012416	INFO	COMMON	[AWARD_TEMPLATE] NhËn bé diÖu d­¬ng	rage02	ServeR_Anh	tbProp	 [DiÖu D­¬ng Thiªn Cung-B] Thªm thµnh c«ng 1 c¸i, thªm thÊt b¹i 0 c¸i, r¬i ®Êt 0 c¸i.
20260612-012503	INFO	COMMON	[AWARD_TEMPLATE] NhËn bé diÖu d­¬ng	rage01	MaJas_ServeR	tbProp	 [DiÖu D­¬ng-§é KiÕp T«n ] Thªm thµnh c«ng 1 c¸i, thªm thÊt b¹i 0 c¸i, r¬i ®Êt 0 c¸i.
20260612-012503	INFO	COMMON	[AWARD_TEMPLATE] NhËn bé diÖu d­¬ng	rage01	MaJas_ServeR	tbProp	 [DiÖu D­¬ng-§é KiÕp T«n ] Thªm thµnh c«ng 1 c¸i, thªm thÊt b¹i 0 c¸i, r¬i ®Êt 0 c¸i.
20260612-012503	INFO	COMMON	[AWARD_TEMPLATE] NhËn bé diÖu d­¬ng	rage01	MaJas_ServeR	tbProp	 [DiÖu D­¬ng-§é KiÕp T«n ] Thªm thµnh c«ng 1 c¸i, thªm thÊt b¹i 0 c¸i, r¬i ®Êt 0 c¸i.
20260612-012503	INFO	COMMON	[AWARD_TEMPLATE] NhËn bé diÖu d­¬ng	rage01	MaJas_ServeR	tbProp	 [DiÖu D­¬ng-§é KiÕp T«n ] Thªm thµnh c«ng 1 c¸i, thªm thÊt b¹i 0 c¸i, r¬i ®Êt 0 c¸i.
20260612-012503	INFO	COMMON	[AWARD_TEMPLATE] NhËn bé diÖu d­¬ng	rage01	MaJas_ServeR	tbProp	 [DiÖu D­¬ng Thiªn Cung-¤] Thªm thµnh c«ng 1 c¸i, thªm thÊt b¹i 0 c¸i, r¬i ®Êt 0 c¸i.
20260612-012503	INFO	COMMON	[AWARD_TEMPLATE] NhËn bé diÖu d­¬ng	rage01	MaJas_ServeR	tbProp	 [DiÖu D­¬ng Thiªn Cung-T] Thªm thµnh c«ng 1 c¸i, thªm thÊt b¹i 0 c¸i, r¬i ®Êt 0 c¸i.
20260612-012503	INFO	COMMON	[AWARD_TEMPLATE] NhËn bé diÖu d­¬ng	rage01	MaJas_ServeR	tbProp	 [DiÖu D­¬ng Thiªn Cung-V] Thªm thµnh c«ng 1 c¸i, thªm thÊt b¹i 0 c¸i, r¬i ®Êt 0 c¸i.
20260612-012503	INFO	COMMON	[AWARD_TEMPLATE] NhËn bé diÖu d­¬ng	rage01	MaJas_ServeR	tbProp	 [DiÖu D­¬ng Thiªn Cung-X] Thªm thµnh c«ng 1 c¸i, thªm thÊt b¹i 0 c¸i, r¬i ®Êt 0 c¸i.
20260612-012503	INFO	COMMON	[AWARD_TEMPLATE] NhËn bé diÖu d­¬ng	rage01	MaJas_ServeR	tbProp	 [DiÖu D­¬ng Thiªn Cung-B] Thªm thµnh c«ng 1 c¸i, thªm thÊt b¹i 0 c¸i, r¬i ®Êt 0 c¸i.
20260612-012557	INFO	COMMON	[AWARD_TEMPLATE] NhËn bé Ph¸ Hån	rage01	MaJas_ServeR	tbProp	 [Ph¸ Hån LÖnh (§Çu)] Thªm thµnh c«ng 1 c¸i, thªm thÊt b¹i 0 c¸i, r¬i ®Êt 0 c¸i.
20260612-012557	INFO	COMMON	[AWARD_TEMPLATE] NhËn bé Ph¸ Hån	rage01	MaJas_ServeR	tbProp	 [Ph¸ Hån LÖnh (¸o)] Thªm thµnh c«ng 1 c¸i, thªm thÊt b¹i 0 c¸i, r¬i ®Êt 0 c¸i.
20260612-012557	INFO	COMMON	[AWARD_TEMPLATE] NhËn bé Ph¸ Hån	rage01	MaJas_ServeR	tbProp	 [Ph¸ Hån LÖnh (QuÇn)] Thªm thµnh c«ng 1 c¸i, thªm thÊt b¹i 0 c¸i, r¬i ®Êt 0 c¸i.
20260612-012557	INFO	COMMON	[AWARD_TEMPLATE] NhËn bé Ph¸ Hån	rage01	MaJas_ServeR	tbProp	 [Ph¸ Hån LÖnh (Vò KhÝ)] Thªm thµnh c«ng 1 c¸i, thªm thÊt b¹i 0 c¸i, r¬i ®Êt 0 c¸i.
20260612-012557	INFO	COMMON	[AWARD_TEMPLATE] NhËn bé Ph¸ Hån	rage01	MaJas_ServeR	tbProp	 [Ph¸ Hån LÖnh (Trang Søc] Thªm thµnh c«ng 1 c¸i, thªm thÊt b¹i 0 c¸i, r¬i ®Êt 0 c¸i.
20260612-012610	INFO	COMMON	[Ph¸ Hån LÖnh (Trang Søc]	rage01	MaJas_ServeR	NhÉn Ph¸ Hån	1	NhÉn Ph¸ Hån				Thªm thµnh c«ng 1 c¸i, thªm thÊt b¹i 0 c¸i, r¬i ®Êt 0 c¸i			0	90	5	0		192.168.70.1
20260612-012610	INFO	COMMON	[Ph¸ Hån LÖnh (Trang Søc]	rage01	MaJas_ServeR	NhÉn Ph¸ Hån	Index:71 LineID:3236|0|0|3238|3247|3253								0	90	5	0		192.168.70.1
20260612-012626	INFO	COMMON	[Ph¸ Hån LÖnh (§Çu)]	rage01	MaJas_ServeR	MÆt N¹ Ph¸ Hån	1	MÆt N¹ Ph¸ Hån				Thªm thµnh c«ng 1 c¸i, thªm thÊt b¹i 0 c¸i, r¬i ®Êt 0 c¸i			0	90	5	0		192.168.70.1
20260612-012626	INFO	COMMON	[Ph¸ Hån LÖnh (§Çu)]	rage01	MaJas_ServeR	MÆt N¹ Ph¸ Hån	Index:11 LineID:3209|10000|0|3217|3225|3231								0	90	5	0		192.168.70.1
20260612-012639	INFO	COMMON	[Ph¸ Hån LÖnh (¸o)]	rage01	MaJas_ServeR	¸o Ph¸ Hån	1	¸o Ph¸ Hån				Thªm thµnh c«ng 1 c¸i, thªm thÊt b¹i 0 c¸i, r¬i ®Êt 0 c¸i			0	90	5	0		192.168.70.1
20260612-012639	INFO	COMMON	[Ph¸ Hån LÖnh (¸o)]	rage01	MaJas_ServeR	¸o Ph¸ Hån	Index:28 LineID:3211|10000|0|3215|3225|3231								0	90	5	0		192.168.70.1
20260612-012645	INFO	COMMON	[Ph¸ Hån LÖnh (QuÇn)]	rage01	MaJas_ServeR	QuÇn Ph¸ Hån	1	QuÇn Ph¸ Hån				Thªm thµnh c«ng 1 c¸i, thªm thÊt b¹i 0 c¸i, r¬i ®Êt 0 c¸i			0	90	5	0		192.168.70.1
20260612-012645	INFO	COMMON	[Ph¸ Hån LÖnh (QuÇn)]	rage01	MaJas_ServeR	QuÇn Ph¸ Hån	Index:53 LineID:3213|10000|0|3215|3225|3232								0	90	5	0		192.168.70.1
20260612-012653	INFO	COMMON	[Ph¸ Hån LÖnh (Vò KhÝ)]	rage01	MaJas_ServeR	Ph¸ Hån-TÞch DiÖt §ao (ThiÕu L©m §ao)	1	Ph¸ Hån-TÞch DiÖt §ao (ThiÕu L©m §ao)				Thªm thµnh c«ng 1 c¸i, thªm thÊt b¹i 0 c¸i, r¬i ®Êt 0 c¸i			0	90	5	0		192.168.70.1
20260612-012653	INFO	COMMON	[Ph¸ Hån LÖnh (Vò KhÝ)]	rage01	MaJas_ServeR	Ph¸ Hån-TÞch DiÖt §ao (ThiÕu L©m §ao)	Index:19 LineID:3262|3272|0|3274|3281|3286								0	90	5	0		192.168.70.1
20260612-012704	INFO	COMMON	[Ph¸ Hån LÖnh (Trang Søc]	rage01	MaJas_ServeR	NhÉn Ph¸ Hån	1	NhÉn Ph¸ Hån				Thªm thµnh c«ng 1 c¸i, thªm thÊt b¹i 0 c¸i, r¬i ®Êt 0 c¸i			0	90	5	0		192.168.70.1
20260612-012704	INFO	COMMON	[Ph¸ Hån LÖnh (Trang Søc]	rage01	MaJas_ServeR	NhÉn Ph¸ Hån	Index:70 LineID:3236|0|0|3240|3249|3255								0	90	5	0		192.168.70.1
20260612-012720	INFO	COMMON	[AWARD_TEMPLATE] AddJewelry	rage01	MaJas_ServeR	tbProp	 [Thiªn Chi Tèng T­íng Qu] Thªm thµnh c«ng 1 c¸i, thªm thÊt b¹i 0 c¸i, r¬i ®Êt 0 c¸i.
20260612-012720	INFO	COMMON	[AWARD_TEMPLATE] AddJewelry	rage01	MaJas_ServeR	tbProp	 [Thiªn Chi Tèng T­íng Qu] Thªm thµnh c«ng 1 c¸i, thªm thÊt b¹i 0 c¸i, r¬i ®Êt 0 c¸i.
20260612-012720	INFO	COMMON	[AWARD_TEMPLATE] AddJewelry	rage01	MaJas_ServeR	tbProp	 [Thiªn Chi Tèng T­íng Qu] Thªm thµnh c«ng 1 c¸i, thªm thÊt b¹i 0 c¸i, r¬i ®Êt 0 c¸i.
20260612-012728	INFO	COMMON	[AWARD_TEMPLATE] AddJewelry	rage01	MaJas_ServeR	tbProp	 [Tèng Ngù Long T­íng Qu©] Thªm thµnh c«ng 1 c¸i, thªm thÊt b¹i 0 c¸i, r¬i ®Êt 0 c¸i.
20260612-012728	INFO	COMMON	[AWARD_TEMPLATE] AddJewelry	rage01	MaJas_ServeR	tbProp	 [Tèng Ngù Long T­íng Qu©] Thªm thµnh c«ng 1 c¸i, thªm thÊt b¹i 0 c¸i, r¬i ®Êt 0 c¸i.
20260612-012728	INFO	COMMON	[AWARD_TEMPLATE] AddJewelry	rage01	MaJas_ServeR	tbProp	 [Tèng Ngù Long T­íng Qu©] Thªm thµnh c«ng 1 c¸i, thªm thÊt b¹i 0 c¸i, r¬i ®Êt 0 c¸i.
20260612-012739	INFO	COMMON	[AWARD_TEMPLATE] AddJewelry	rage01	MaJas_ServeR	tbProp	 [Tèng-Chu T­íc T­íng LÖn] Thªm thµnh c«ng 1 c¸i, thªm thÊt b¹i 0 c¸i, r¬i ®Êt 0 c¸i.
20260612-012739	INFO	COMMON	[AWARD_TEMPLATE] AddJewelry	rage01	MaJas_ServeR	tbProp	 [Tèng-Chu T­íc T­íng LÖn] Thªm thµnh c«ng 1 c¸i, thªm thÊt b¹i 0 c¸i, r¬i ®Êt 0 c¸i.
20260612-012739	INFO	COMMON	[AWARD_TEMPLATE] AddJewelry	rage01	MaJas_ServeR	tbProp	 [Tèng-Chu T­íc T­íng LÖn] Thªm thµnh c«ng 1 c¸i, thªm thÊt b¹i 0 c¸i, r¬i ®Êt 0 c¸i.
20260612-012801	INFO	COMMON	[AWARD_TEMPLATE] NhËn phiÕu vµ vÐ ®æi ngo¹i trang	rage02	ServeR_Anh	tbProp	 [VËt phÈm Xu] Thªm thµnh c«ng 1 c¸i, thªm thÊt b¹i 0 c¸i, r¬i ®Êt 0 c¸i.
20260612-012803	INFO	COMMON	[AWARD_TEMPLATE] NhËn phiÕu vµ vÐ ®æi ngo¹i trang	rage02	ServeR_Anh	tbProp	 [VËt phÈm Xu] Thªm thµnh c«ng 1 c¸i, thªm thÊt b¹i 0 c¸i, r¬i ®Êt 0 c¸i.
20260612-012810	INFO	COMMON	[AWARD_TEMPLATE] NhËn ThiÕt Tinh 4	rage02	ServeR_Anh	tbProp	 [ThiÕt tinh cÊp 4] Thªm thµnh c«ng 1 c¸i, thªm thÊt b¹i 0 c¸i, r¬i ®Êt 0 c¸i.
20260612-012815	INFO	COMMON	[AWARD_TEMPLATE] NhËn §¸ Kh¶m	rage02	ServeR_Anh	tbProp	 [HuyÕtTrÝchTh¹ch Lv1] Thªm thµnh c«ng 1 c¸i, thªm thÊt b¹i 0 c¸i, r¬i ®Êt 0 c¸i.
20260612-012815	INFO	COMMON	[AWARD_TEMPLATE] NhËn §¸ Kh¶m	rage02	ServeR_Anh	tbProp	 [NguyÖtB¹chTh¹ch Lv1] Thªm thµnh c«ng 1 c¸i, thªm thÊt b¹i 0 c¸i, r¬i ®Êt 0 c¸i.
20260612-012815	INFO	COMMON	[AWARD_TEMPLATE] NhËn §¸ Kh¶m	rage02	ServeR_Anh	tbProp	 [Hæ Ph¸ch Th¹ch CÊp 1] Thªm thµnh c«ng 1 c¸i, thªm thÊt b¹i 0 c¸i, r¬i ®Êt 0 c¸i.
20260612-012815	INFO	COMMON	[AWARD_TEMPLATE] NhËn §¸ Kh¶m	rage02	ServeR_Anh	tbProp	 [H¾c DiÖu Th¹ch CÊp 1] Thªm thµnh c«ng 1 c¸i, thªm thÊt b¹i 0 c¸i, r¬i ®Êt 0 c¸i.
20260612-012815	INFO	COMMON	[AWARD_TEMPLATE] NhËn §¸ Kh¶m	rage02	ServeR_Anh	tbProp	 [HuyÕtTrÝchTh¹ch Lv2] Thªm thµnh c«ng 1 c¸i, thªm thÊt b¹i 0 c¸i, r¬i ®Êt 0 c¸i.
20260612-012815	INFO	COMMON	[AWARD_TEMPLATE] NhËn §¸ Kh¶m	rage02	ServeR_Anh	tbProp	 [NguyÖtB¹chTh¹ch Lv2] Thªm thµnh c«ng 1 c¸i, thªm thÊt b¹i 0 c¸i, r¬i ®Êt 0 c¸i.
20260612-012815	INFO	COMMON	[AWARD_TEMPLATE] NhËn §¸ Kh¶m	rage02	ServeR_Anh	tbProp	 [Hæ Ph¸ch Th¹ch CÊp 2] Thªm thµnh c«ng 1 c¸i, thªm thÊt b¹i 0 c¸i, r¬i ®Êt 0 c¸i.
20260612-012815	INFO	COMMON	[AWARD_TEMPLATE] NhËn §¸ Kh¶m	rage02	ServeR_Anh	tbProp	 [H¾c DiÖu Th¹ch CÊp 2] Thªm thµnh c«ng 1 c¸i, thªm thÊt b¹i 0 c¸i, r¬i ®Êt 0 c¸i.
20260612-012815	INFO	COMMON	[AWARD_TEMPLATE] NhËn §¸ Kh¶m	rage02	ServeR_Anh	tbProp	 [HuyÕtTrÝchTh¹ch Lv3] Thªm thµnh c«ng 1 c¸i, thªm thÊt b¹i 0 c¸i, r¬i ®Êt 0 c¸i.
20260612-012815	INFO	COMMON	[AWARD_TEMPLATE] NhËn §¸ Kh¶m	rage02	ServeR_Anh	tbProp	 [NguyÖtB¹chTh¹ch Lv3] Thªm thµnh c«ng 1 c¸i, thªm thÊt b¹i 0 c¸i, r¬i ®Êt 0 c¸i.
20260612-012815	INFO	COMMON	[AWARD_TEMPLATE] NhËn §¸ Kh¶m	rage02	ServeR_Anh	tbProp	 [Hæ Ph¸ch Th¹ch CÊp 3] Thªm thµnh c«ng 1 c¸i, thªm thÊt b¹i 0 c¸i, r¬i ®Êt 0 c¸i.
20260612-012815	INFO	COMMON	[AWARD_TEMPLATE] NhËn §¸ Kh¶m	rage02	ServeR_Anh	tbProp	 [H¾c DiÖu Th¹ch CÊp 3] Thªm thµnh c«ng 1 c¸i, thªm thÊt b¹i 0 c¸i, r¬i ®Êt 0 c¸i.
20260612-012815	INFO	COMMON	[AWARD_TEMPLATE] NhËn §¸ Kh¶m	rage02	ServeR_Anh	tbProp	 [HuyÕtTrÝchTh¹ch Lv4] Thªm thµnh c«ng 1 c¸i, thªm thÊt b¹i 0 c¸i, r¬i ®Êt 0 c¸i.
20260612-012815	INFO	COMMON	[AWARD_TEMPLATE] NhËn §¸ Kh¶m	rage02	ServeR_Anh	tbProp	 [NguyÖtB¹chTh¹ch Lv4] Thªm thµnh c«ng 1 c¸i, thªm thÊt b¹i 0 c¸i, r¬i ®Êt 0 c¸i.
20260612-012815	INFO	COMMON	[AWARD_TEMPLATE] NhËn §¸ Kh¶m	rage02	ServeR_Anh	tbProp	 [Hæ Ph¸ch Th¹ch CÊp 4] Thªm thµnh c«ng 1 c¸i, thªm thÊt b¹i 0 c¸i, r¬i ®Êt 0 c¸i.
20260612-012815	INFO	COMMON	[AWARD_TEMPLATE] NhËn §¸ Kh¶m	rage02	ServeR_Anh	tbProp	 [H¾c DiÖu Th¹ch CÊp 4] Thªm thµnh c«ng 1 c¸i, thªm thÊt b¹i 0 c¸i, r¬i ®Êt 0 c¸i.
20260612-012815	INFO	COMMON	[AWARD_TEMPLATE] NhËn §¸ Kh¶m	rage02	ServeR_Anh	tbProp	 [HuyÕtTrÝchTh¹ch Lv5] Thªm thµnh c«ng 1 c¸i, thªm thÊt b¹i 0 c¸i, r¬i ®Êt 0 c¸i.
20260612-012815	INFO	COMMON	[AWARD_TEMPLATE] NhËn §¸ Kh¶m	rage02	ServeR_Anh	tbProp	 [NguyÖtB¹chTh¹ch Lv5] Thªm thµnh c«ng 1 c¸i, thªm thÊt b¹i 0 c¸i, r¬i ®Êt 0 c¸i.
20260612-012815	INFO	COMMON	[AWARD_TEMPLATE] NhËn §¸ Kh¶m	rage02	ServeR_Anh	tbProp	 [Hæ Ph¸ch Th¹ch CÊp 5] Thªm thµnh c«ng 1 c¸i, thªm thÊt b¹i 0 c¸i, r¬i ®Êt 0 c¸i.
20260612-012815	INFO	COMMON	[AWARD_TEMPLATE] NhËn §¸ Kh¶m	rage02	ServeR_Anh	tbProp	 [H¾c DiÖu Th¹ch CÊp 5] Thªm thµnh c«ng 1 c¸i, thªm thÊt b¹i 0 c¸i, r¬i ®Êt 0 c¸i.
20260612-012815	INFO	COMMON	[AWARD_TEMPLATE] NhËn §¸ Kh¶m	rage02	ServeR_Anh	tbProp	 [HuyÕtTrÝchTh¹ch Lv6] Thªm thµnh c«ng 1 c¸i, thªm thÊt b¹i 0 c¸i, r¬i ®Êt 0 c¸i.
20260612-012815	INFO	COMMON	[AWARD_TEMPLATE] NhËn §¸ Kh¶m	rage02	ServeR_Anh	tbProp	 [NguyÖtB¹chTh¹ch Lv6] Thªm thµnh c«ng 1 c¸i, thªm thÊt b¹i 0 c¸i, r¬i ®Êt 0 c¸i.
20260612-012815	INFO	COMMON	[AWARD_TEMPLATE] NhËn §¸ Kh¶m	rage02	ServeR_Anh	tbProp	 [Hæ Ph¸ch Th¹ch CÊp 6] Thªm thµnh c«ng 1 c¸i, thªm thÊt b¹i 0 c¸i, r¬i ®Êt 0 c¸i.
20260612-012815	INFO	COMMON	[AWARD_TEMPLATE] NhËn §¸ Kh¶m	rage02	ServeR_Anh	tbProp	 [H¾c DiÖu Th¹ch CÊp 6] Thªm thµnh c«ng 1 c¸i, thªm thÊt b¹i 0 c¸i, r¬i ®Êt 0 c¸i.
20260612-012815	INFO	COMMON	[AWARD_TEMPLATE] NhËn §¸ Kh¶m	rage02	ServeR_Anh	tbProp	 [HuyÕt TrÝch Th¹ch cÊp 7] Thªm thµnh c«ng 1 c¸i, thªm thÊt b¹i 0 c¸i, r¬i ®Êt 0 c¸i.
20260612-012815	INFO	COMMON	[AWARD_TEMPLATE] NhËn §¸ Kh¶m	rage02	ServeR_Anh	tbProp	 [NguyÖt B¹ch Th¹ch cÊp 7] Thªm thµnh c«ng 1 c¸i, thªm thÊt b¹i 0 c¸i, r¬i ®Êt 0 c¸i.
20260612-012815	INFO	COMMON	[AWARD_TEMPLATE] NhËn §¸ Kh¶m	rage02	ServeR_Anh	tbProp	 [Hæ Ph¸ch Th¹ch cÊp 7] Thªm thµnh c«ng 1 c¸i, thªm thÊt b¹i 0 c¸i, r¬i ®Êt 0 c¸i.
20260612-012815	INFO	COMMON	[AWARD_TEMPLATE] NhËn §¸ Kh¶m	rage02	ServeR_Anh	tbProp	 [H¾c DiÖu Th¹ch cÊp 7] Thªm thµnh c«ng 1 c¸i, thªm thÊt b¹i 0 c¸i, r¬i ®Êt 0 c¸i.
20260612-012815	INFO	COMMON	[AWARD_TEMPLATE] NhËn §¸ Kh¶m	rage02	ServeR_Anh	tbProp	 [HuyÕt TrÝch Th¹ch CÊp 8] Thªm thµnh c«ng 1 c¸i, thªm thÊt b¹i 0 c¸i, r¬i ®Êt 0 c¸i.
20260612-012815	INFO	COMMON	[AWARD_TEMPLATE] NhËn §¸ Kh¶m	rage02	ServeR_Anh	tbProp	 [NguyÖt B¹ch Th¹ch CÊp 8] Thªm thµnh c«ng 1 c¸i, thªm thÊt b¹i 0 c¸i, r¬i ®Êt 0 c¸i.
20260612-012815	INFO	COMMON	[AWARD_TEMPLATE] NhËn §¸ Kh¶m	rage02	ServeR_Anh	tbProp	 [Hæ Ph¸ch Th¹ch CÊp 8] Thªm thµnh c«ng 1 c¸i, thªm thÊt b¹i 0 c¸i, r¬i ®Êt 0 c¸i.
20260612-012815	INFO	COMMON	[AWARD_TEMPLATE] NhËn §¸ Kh¶m	rage02	ServeR_Anh	tbProp	 [H¾c DiÖu Th¹ch CÊp 8] Thªm thµnh c«ng 1 c¸i, thªm thÊt b¹i 0 c¸i, r¬i ®Êt 0 c¸i.
20260612-012825	INFO	COMMON	[AWARD_TEMPLATE] NhËn Linh §¬n	rage02	ServeR_Anh	tbProp	 [Tinh Hån] Thªm thµnh c«ng 1 c¸i, thªm thÊt b¹i 0 c¸i, r¬i ®Êt 0 c¸i.
20260612-012825	INFO	COMMON	[AWARD_TEMPLATE] NhËn Linh §¬n	rage02	ServeR_Anh	tbProp	 [NguyÖt Ph¸ch] Thªm thµnh c«ng 1 c¸i, thªm thÊt b¹i 0 c¸i, r¬i ®Êt 0 c¸i.
20260612-012837	INFO	COMMON	[AWARD_TEMPLATE] onKsgPlayerLogin received card, type = player	rage02	ServeR_Anh	tbProp	 [Vâ L©m 2 Shiina] Thªm thµnh c«ng 1 c¸i, thªm thÊt b¹i 0 c¸i, r¬i ®Êt 0 c¸i.
20260612-012901	INFO	COMMON	[open packed ib item:Bao Thiªn Kiªu LÖnh Lín] [AddItemEx:NhËn ®­îc vËt phÈm] [Role:ServeR_Anh (acc:rage02)] [Item:Thiªn Kiªu LÖnh (2,97,236,50,-1)]
20260612-012946	INFO	COMMON	[AWARD_TEMPLATE] NhËn bé diÖu d­¬ng	rage02	ServeR_Anh	tbProp	 [DiÖu D­¬ng-PhËt V©n Th¸] Thªm thµnh c«ng 1 c¸i, thªm thÊt b¹i 0 c¸i, r¬i ®Êt 0 c¸i.
20260612-012946	INFO	COMMON	[AWARD_TEMPLATE] NhËn bé diÖu d­¬ng	rage02	ServeR_Anh	tbProp	 [DiÖu D­¬ng-PhËt V©n Th¸] Thªm thµnh c«ng 1 c¸i, thªm thÊt b¹i 0 c¸i, r¬i ®Êt 0 c¸i.
20260612-012946	INFO	COMMON	[AWARD_TEMPLATE] NhËn bé diÖu d­¬ng	rage02	ServeR_Anh	tbProp	 [DiÖu D­¬ng-PhËt V©n Th¸] Thªm thµnh c«ng 1 c¸i, thªm thÊt b¹i 0 c¸i, r¬i ®Êt 0 c¸i.
20260612-012946	INFO	COMMON	[AWARD_TEMPLATE] NhËn bé diÖu d­¬ng	rage02	ServeR_Anh	tbProp	 [DiÖu D­¬ng-PhËt V©n Th¸] Thªm thµnh c«ng 1 c¸i, thªm thÊt b¹i 0 c¸i, r¬i ®Êt 0 c¸i.
20260612-012946	INFO	COMMON	[AWARD_TEMPLATE] NhËn bé diÖu d­¬ng	rage02	ServeR_Anh	tbProp	 [DiÖu D­¬ng Thiªn Cung-¤] Thªm thµnh c«ng 1 c¸i, thªm thÊt b¹i 0 c¸i, r¬i ®Êt 0 c¸i.
20260612-012946	INFO	COMMON	[AWARD_TEMPLATE] NhËn bé diÖu d­¬ng	rage02	ServeR_Anh	tbProp	 [DiÖu D­¬ng Thiªn Cung-T] Thªm thµnh c«ng 1 c¸i, thªm thÊt b¹i 0 c¸i, r¬i ®Êt 0 c¸i.
20260612-012946	INFO	COMMON	[AWARD_TEMPLATE] NhËn bé diÖu d­¬ng	rage02	ServeR_Anh	tbProp	 [DiÖu D­¬ng Thiªn Cung-V] Thªm thµnh c«ng 1 c¸i, thªm thÊt b¹i 0 c¸i, r¬i ®Êt 0 c¸i.
20260612-012946	INFO	COMMON	[AWARD_TEMPLATE] NhËn bé diÖu d­¬ng	rage02	ServeR_Anh	tbProp	 [DiÖu D­¬ng Thiªn Cung-X] Thªm thµnh c«ng 1 c¸i, thªm thÊt b¹i 0 c¸i, r¬i ®Êt 0 c¸i.
20260612-012946	INFO	COMMON	[AWARD_TEMPLATE] NhËn bé diÖu d­¬ng	rage02	ServeR_Anh	tbProp	 [DiÖu D­¬ng Thiªn Cung-B] Thªm thµnh c«ng 1 c¸i, thªm thÊt b¹i 0 c¸i, r¬i ®Êt 0 c¸i.
20260612-013157	INFO	COMMON	[AWARD_TEMPLATE] onKsgPlayerLogin received card, type = player	rage01	MaJas_ServeR	tbProp	 [Vâ L©m 2 Shiina] Thªm thµnh c«ng 1 c¸i, thªm thÊt b¹i 0 c¸i, r¬i ®Êt 0 c¸i.
20260612-013247	INFO	COMMON	[AWARD_TEMPLATE] NhËn Th­¬ng H¶i Di Ch©u Lv7	rage01	MaJas_ServeR	tbProp	 [Th­¬ng H¶i Ch©u CÊp 7 (] Thªm thµnh c«ng 1 c¸i, thªm thÊt b¹i 0 c¸i, r¬i ®Êt 0 c¸i.
20260612-013251	INFO	COMMON	[[LeftPearl][IdentifyLeftPearl]][gf_DelItem:Th­¬ng H¶i Ch©u CÊp 7 (*1 (2,102,214,bBind=1), Success][Role:MaJas_ServeR (acc:rage01)]
20260612-013251	INFO	COMMON	[[LeftPearl][IdentifyLeftPearl]] [AddItemEx:NhËn ®­îc vËt phÈm] [Role:MaJas_ServeR (acc:rage01)] [Item:§«ng-TuÕ D­(cÊp 7) (0,122,363,1,4)]
20260612-013251	INFO	COMMON	[acc:rage01 role:MaJas_ServeR][left_pearl][IdentifyLeftPearl][ItemName:§«ng-Linh Tr¹ch][idx:1 attrid:16 values:{400,0,0,} probability:{10000,0,0,} frame:-1][idx:2 attrid:68 values:{1000,0,0,} probability:{10000,0,0,} frame:18][idx:3 attrid:61 values:{10,0,0,} probability:{2000,0,0,} frame:180][idx:4 attrid:60 values:{10,0,0,} probability:{2000,0,0,} frame:180][idx:5 attrid:93 values:{500,0,0,} probability:{10000,0,0,} frame:-1][quench times:0]
20260612-013253	INFO	COMMON	[[LeftPearl][IdentifyLeftPearl]][gf_DelItem:Th­¬ng H¶i Ch©u CÊp 7 (*1 (2,102,214,bBind=1), Success][Role:MaJas_ServeR (acc:rage01)]
20260612-013253	INFO	COMMON	[[LeftPearl][IdentifyLeftPearl]] [AddItemEx:NhËn ®­îc vËt phÈm] [Role:MaJas_ServeR (acc:rage01)] [Item:V¹n T­îng-Tinh-Ngù K×nh(cÊp 7) (0,122,590,1,4)]
20260612-013257	INFO	COMMON	[[LeftPearl][IdentifyLeftPearl]][gf_DelItem:Th­¬ng H¶i Ch©u CÊp 7 (*1 (2,102,214,bBind=1), Success][Role:MaJas_ServeR (acc:rage01)]
20260612-013257	INFO	COMMON	[[LeftPearl][IdentifyLeftPearl]] [AddItemEx:NhËn ®­îc vËt phÈm] [Role:MaJas_ServeR (acc:rage01)] [Item:Xu©n-Ngù K×nh(cÊp 7) (0,122,294,1,4)]
20260612-013257	INFO	COMMON	[acc:rage01 role:MaJas_ServeR][left_pearl][IdentifyLeftPearl][ItemName:Xu©n-Ngù K×nh][idx:1 attrid:4 values:{800,0,0,} probability:{10000,0,0,} frame:-1][idx:2 attrid:80 values:{1000,0,0,} probability:{10000,0,0,} frame:-1][idx:3 attrid:66 values:{1000,0,0,} probability:{10000,0,0,} frame:-1][idx:4 attrid:63 values:{10,0,0,} probability:{10000,0,0,} frame:-1][idx:5 attrid:93 values:{500,0,0,} probability:{10000,0,0,} frame:-1][quench times:0]
20260612-013258	INFO	COMMON	[[LeftPearl][IdentifyLeftPearl]][gf_DelItem:Th­¬ng H¶i Ch©u CÊp 7 (*1 (2,102,214,bBind=1), Success][Role:MaJas_ServeR (acc:rage01)]
20260612-013258	INFO	COMMON	[[LeftPearl][IdentifyLeftPearl]] [AddItemEx:NhËn ®­îc vËt phÈm] [Role:MaJas_ServeR (acc:rage01)] [Item:H¶i-Minh M«ng(cÊp 7) (0,122,216,1,4)]
20260612-013258	INFO	COMMON	[acc:rage01 role:MaJas_ServeR][left_pearl][IdentifyLeftPearl][ItemName:H¶i-Minh M«ng][idx:1 attrid:24 values:{700,0,0,} probability:{10000,0,0,} frame:-1][idx:2 attrid:90 values:{10,0,0,} probability:{10000,0,0,} frame:-1][idx:3 attrid:89 values:{400,0,0,} probability:{10000,0,0,} frame:-1][idx:4 attrid:70 values:{50,0,0,} probability:{10000,0,0,} frame:-1][idx:5 attrid:88 values:{400,0,0,} probability:{10000,0,0,} frame:-1][quench times:0]
20260612-013259	INFO	COMMON	[[LeftPearl][IdentifyLeftPearl]][gf_DelItem:Th­¬ng H¶i Ch©u CÊp 7 (*1 (2,102,214,bBind=1), Success][Role:MaJas_ServeR (acc:rage01)]
20260612-013259	INFO	COMMON	[[LeftPearl][IdentifyLeftPearl]] [AddItemEx:NhËn ®­îc vËt phÈm] [Role:MaJas_ServeR (acc:rage01)] [Item:V¹n T­îng-Thñy-Ngù K×nh(cÊp 7) (0,122,672,1,4)]
20260612-013259	INFO	COMMON	[[LeftPearl][IdentifyLeftPearl]][gf_DelItem:Th­¬ng H¶i Ch©u CÊp 7 (*1 (2,102,214,bBind=1), Success][Role:MaJas_ServeR (acc:rage01)]
20260612-013259	INFO	COMMON	[[LeftPearl][IdentifyLeftPearl]] [AddItemEx:NhËn ®­îc vËt phÈm] [Role:MaJas_ServeR (acc:rage01)] [Item:Vô-Tè TrÇn(cÊp 7) (0,122,271,1,4)]
20260612-013259	INFO	COMMON	[acc:rage01 role:MaJas_ServeR][left_pearl][IdentifyLeftPearl][ItemName:Vô-Tè TrÇn][idx:1 attrid:29 values:{80,0,0,} probability:{10000,0,0,} frame:-1][idx:2 attrid:70 values:{50,0,0,} probability:{10000,0,0,} frame:-1][idx:3 attrid:76 values:{100,0,0,} probability:{10000,0,0,} frame:-1][idx:4 attrid:69 values:{50,0,0,} probability:{10000,0,0,} frame:-1][idx:5 attrid:89 values:{400,0,0,} probability:{10000,0,0,} frame:-1][quench times:0]
20260612-013304	INFO	COMMON	[[LeftPearl][IdentifyLeftPearl]][gf_DelItem:Th­¬ng H¶i Ch©u CÊp 7 (*1 (2,102,214,bBind=1), Success][Role:MaJas_ServeR (acc:rage01)]
20260612-013304	INFO	COMMON	[[LeftPearl][IdentifyLeftPearl]] [AddItemEx:NhËn ®­îc vËt phÈm] [Role:MaJas_ServeR (acc:rage01)] [Item:V¹n T­îng-H¶i-Ngù K×nh(cÊp 7) (0,122,622,1,4)]
20260612-013304	INFO	COMMON	[[LeftPearl][IdentifyLeftPearl]][gf_DelItem:Th­¬ng H¶i Ch©u CÊp 7 (*1 (2,102,214,bBind=1), Success][Role:MaJas_ServeR (acc:rage01)]
20260612-013304	INFO	COMMON	[[LeftPearl][IdentifyLeftPearl]] [AddItemEx:NhËn ®­îc vËt phÈm] [Role:MaJas_ServeR (acc:rage01)] [Item:Vô-Thñy V©n(cÊp 7) (0,122,270,1,4)]
20260612-013304	INFO	COMMON	[acc:rage01 role:MaJas_ServeR][left_pearl][IdentifyLeftPearl][ItemName:Vô-Thñy V©n][idx:1 attrid:28 values:{300,0,0,} probability:{10000,0,0,} frame:-1][idx:2 attrid:89 values:{400,0,0,} probability:{10000,0,0,} frame:-1][idx:3 attrid:66 values:{1000,0,0,} probability:{10000,0,0,} frame:-1][idx:4 attrid:69 values:{50,0,0,} probability:{10000,0,0,} frame:-1][idx:5 attrid:90 values:{10,0,0,} probability:{10000,0,0,} frame:-1][quench times:0]
20260612-013307	INFO	COMMON	[[LeftPearl][IdentifyLeftPearl]][gf_DelItem:Th­¬ng H¶i Ch©u CÊp 7 (*1 (2,102,214,bBind=1), Success][Role:MaJas_ServeR (acc:rage01)]
20260612-013307	INFO	COMMON	[[LeftPearl][IdentifyLeftPearl]] [AddItemEx:NhËn ®­îc vËt phÈm] [Role:MaJas_ServeR (acc:rage01)] [Item:§«ng-Nguyªn Tù(cÊp 7) (0,122,361,1,4)]
20260612-013307	INFO	COMMON	[acc:rage01 role:MaJas_ServeR][left_pearl][IdentifyLeftPearl][ItemName:§«ng-Nguyªn Tù][idx:1 attrid:37 values:{300000,0,0,} probability:{10000,0,0,} frame:-1][idx:2 attrid:69 values:{50,0,0,} probability:{10000,0,0,} frame:-1][idx:3 attrid:71 values:{20,0,0,} probability:{10000,0,0,} frame:-1][idx:4 attrid:93 values:{500,0,0,} probability:{10000,0,0,} frame:-1][idx:5 attrid:68 values:{1000,0,0,} probability:{10000,0,0,} frame:18][quench times:0]
20260612-013309	INFO	COMMON	[[LeftPearl][IdentifyLeftPearl]][gf_DelItem:Th­¬ng H¶i Ch©u CÊp 7 (*1 (2,102,214,bBind=1), Success][Role:MaJas_ServeR (acc:rage01)]
20260612-013309	INFO	COMMON	[[LeftPearl][IdentifyLeftPearl]] [AddItemEx:NhËn ®­îc vËt phÈm] [Role:MaJas_ServeR (acc:rage01)] [Item:H¹-Cöu Thö(cÊp 7) (0,122,314,1,4)]
20260612-013309	INFO	COMMON	[acc:rage01 role:MaJas_ServeR][left_pearl][IdentifyLeftPearl][ItemName:H¹-Cöu Thö][idx:1 attrid:34 values:{70,0,0,} probability:{10000,0,0,} frame:-1][idx:2 attrid:64 values:{10,0,0,} probability:{10000,0,0,} frame:-1][idx:3 attrid:73 values:{20,0,0,} probability:{10000,0,0,} frame:-1][idx:4 attrid:94 values:{10,0,0,} probability:{10000,0,0,} frame:-1][idx:5 attrid:95 values:{10,0,0,} probability:{10000,0,0,} frame:-1][quench times:0]
20260612-013311	INFO	COMMON	[[LeftPearl][IdentifyLeftPearl]][gf_DelItem:Th­¬ng H¶i Ch©u CÊp 7 (*1 (2,102,214,bBind=1), Success][Role:MaJas_ServeR (acc:rage01)]
20260612-013311	INFO	COMMON	[[LeftPearl][IdentifyLeftPearl]] [AddItemEx:NhËn ®­îc vËt phÈm] [Role:MaJas_ServeR (acc:rage01)] [Item:V¹n T­îng-§Þa-Ngù K×nh(cÊp 7) (0,122,610,1,4)]
20260612-013312	INFO	COMMON	[[LeftPearl][IdentifyLeftPearl]][gf_DelItem:Th­¬ng H¶i Ch©u CÊp 7 (*1 (2,102,214,bBind=1), Success][Role:MaJas_ServeR (acc:rage01)]
20260612-013312	INFO	COMMON	[[LeftPearl][IdentifyLeftPearl]] [AddItemEx:NhËn ®­îc vËt phÈm] [Role:MaJas_ServeR (acc:rage01)] [Item:V¹n T­îng-TuyÕt-Ng­ng Vò(cÊp 7) (0,122,710,1,4)]
20260612-013312	INFO	COMMON	[[LeftPearl][IdentifyLeftPearl]][gf_DelItem:Th­¬ng H¶i Ch©u CÊp 7 (*1 (2,102,214,bBind=1), Success][Role:MaJas_ServeR (acc:rage01)]
20260612-013312	INFO	COMMON	[[LeftPearl][IdentifyLeftPearl]] [AddItemEx:NhËn ®­îc vËt phÈm] [Role:MaJas_ServeR (acc:rage01)] [Item:V¹n T­îng-NhËt-Ngu Uyªn(cÊp 7) (0,122,567,1,4)]
20260612-013313	INFO	COMMON	[[LeftPearl][IdentifyLeftPearl]][gf_DelItem:Th­¬ng H¶i Ch©u CÊp 7 (*1 (2,102,214,bBind=1), Success][Role:MaJas_ServeR (acc:rage01)]
20260612-013313	INFO	COMMON	[[LeftPearl][IdentifyLeftPearl]] [AddItemEx:NhËn ®­îc vËt phÈm] [Role:MaJas_ServeR (acc:rage01)] [Item:V¹n T­îng-S¬n-Ngù K×nh(cÊp 7) (0,122,616,1,4)]
20260612-013313	INFO	COMMON	[[LeftPearl][IdentifyLeftPearl]][gf_DelItem:Th­¬ng H¶i Ch©u CÊp 7 (*1 (2,102,214,bBind=1), Success][Role:MaJas_ServeR (acc:rage01)]
20260612-013313	INFO	COMMON	[[LeftPearl][IdentifyLeftPearl]] [AddItemEx:NhËn ®­îc vËt phÈm] [Role:MaJas_ServeR (acc:rage01)] [Item:Th¹ch-Huúnh HoÆc(cÊp 7) (0,122,432,1,4)]
20260612-013313	INFO	COMMON	[acc:rage01 role:MaJas_ServeR][left_pearl][IdentifyLeftPearl][ItemName:Th¹ch-Huúnh HoÆc][idx:1 attrid:46 values:{140,0,0,} probability:{10000,0,0,} frame:-1][idx:2 attrid:93 values:{500,0,0,} probability:{10000,0,0,} frame:-1][idx:3 attrid:88 values:{400,0,0,} probability:{10000,0,0,} frame:-1][idx:4 attrid:89 values:{400,0,0,} probability:{10000,0,0,} frame:-1][idx:5 attrid:86 values:{100,0,0,} probability:{10000,0,0,} frame:-1][quench times:0]
20260612-013313	INFO	COMMON	[[LeftPearl][IdentifyLeftPearl]][gf_DelItem:Th­¬ng H¶i Ch©u CÊp 7 (*1 (2,102,214,bBind=1), Success][Role:MaJas_ServeR (acc:rage01)]
20260612-013313	INFO	COMMON	[[LeftPearl][IdentifyLeftPearl]] [AddItemEx:NhËn ®­îc vËt phÈm] [Role:MaJas_ServeR (acc:rage01)] [Item:S¬n-Ngù K×nh(cÊp 7) (0,122,196,1,4)]
20260612-013313	INFO	COMMON	[acc:rage01 role:MaJas_ServeR][left_pearl][IdentifyLeftPearl][ItemName:S¬n-Ngù K×nh][idx:1 attrid:4 values:{800,0,0,} probability:{10000,0,0,} frame:-1][idx:2 attrid:62 values:{10,0,0,} probability:{10000,0,0,} frame:-1][idx:3 attrid:65 values:{50000,0,0,} probability:{10000,0,0,} frame:-1][idx:4 attrid:66 values:{1000,0,0,} probability:{10000,0,0,} frame:-1][idx:5 attrid:64 values:{10,0,0,} probability:{10000,0,0,} frame:-1][quench times:0]
20260612-013313	INFO	COMMON	[[LeftPearl][IdentifyLeftPearl]][gf_DelItem:Th­¬ng H¶i Ch©u CÊp 7 (*1 (2,102,214,bBind=1), Success][Role:MaJas_ServeR (acc:rage01)]
20260612-013313	INFO	COMMON	[[LeftPearl][IdentifyLeftPearl]] [AddItemEx:NhËn ®­îc vËt phÈm] [Role:MaJas_ServeR (acc:rage01)] [Item:V¹n T­îng-Thñy-Ngù K×nh(cÊp 7) (0,122,672,1,4)]
20260612-013313	INFO	COMMON	[[LeftPearl][IdentifyLeftPearl]][gf_DelItem:Th­¬ng H¶i Ch©u CÊp 7 (*1 (2,102,214,bBind=1), Success][Role:MaJas_ServeR (acc:rage01)]
20260612-013313	INFO	COMMON	[[LeftPearl][IdentifyLeftPearl]] [AddItemEx:NhËn ®­îc vËt phÈm] [Role:MaJas_ServeR (acc:rage01)] [Item:H¶i-Ngù K×nh(cÊp 7) (0,122,217,1,4)]
20260612-013313	INFO	COMMON	[acc:rage01 role:MaJas_ServeR][left_pearl][IdentifyLeftPearl][ItemName:H¶i-Ngù K×nh][idx:1 attrid:4 values:{800,0,0,} probability:{10000,0,0,} frame:-1][idx:2 attrid:89 values:{400,0,0,} probability:{10000,0,0,} frame:-1][idx:3 attrid:70 values:{50,0,0,} probability:{10000,0,0,} frame:-1][idx:4 attrid:65 values:{50000,0,0,} probability:{10000,0,0,} frame:-1][idx:5 attrid:90 values:{10,0,0,} probability:{10000,0,0,} frame:-1][quench times:0]
20260612-013314	INFO	COMMON	[[LeftPearl][IdentifyLeftPearl]][gf_DelItem:Th­¬ng H¶i Ch©u CÊp 7 (*1 (2,102,214,bBind=1), Success][Role:MaJas_ServeR (acc:rage01)]
20260612-013314	INFO	COMMON	[[LeftPearl][IdentifyLeftPearl]] [AddItemEx:NhËn ®­îc vËt phÈm] [Role:MaJas_ServeR (acc:rage01)] [Item:V¹n T­îng-H¹-Ngù K×nh(cÊp 7) (0,122,650,1,4)]
20260612-013314	INFO	COMMON	[[LeftPearl][IdentifyLeftPearl]][gf_DelItem:Th­¬ng H¶i Ch©u CÊp 7 (*1 (2,102,214,bBind=1), Success][Role:MaJas_ServeR (acc:rage01)]
20260612-013314	INFO	COMMON	[[LeftPearl][IdentifyLeftPearl]] [AddItemEx:NhËn ®­îc vËt phÈm] [Role:MaJas_ServeR (acc:rage01)] [Item:Phong-Ngù K×nh(cÊp 7) (0,122,245,1,4)]
20260612-013314	INFO	COMMON	[acc:rage01 role:MaJas_ServeR][left_pearl][IdentifyLeftPearl][ItemName:Phong-Ngù K×nh][idx:1 attrid:4 values:{800,0,0,} probability:{10000,0,0,} frame:-1][idx:2 attrid:88 values:{400,0,0,} probability:{10000,0,0,} frame:-1][idx:3 attrid:66 values:{1000,0,0,} probability:{10000,0,0,} frame:-1][idx:4 attrid:70 values:{50,0,0,} probability:{10000,0,0,} frame:-1][idx:5 attrid:91 values:{1000,0,0,} probability:{10000,0,0,} frame:-1][quench times:0]
20260612-013314	INFO	COMMON	[[LeftPearl][IdentifyLeftPearl]][gf_DelItem:Th­¬ng H¶i Ch©u CÊp 7 (*1 (2,102,214,bBind=1), Success][Role:MaJas_ServeR (acc:rage01)]
20260612-013314	INFO	COMMON	[[LeftPearl][IdentifyLeftPearl]] [AddItemEx:NhËn ®­îc vËt phÈm] [Role:MaJas_ServeR (acc:rage01)] [Item:V¹n T­îng-ThÇn-Khèn §«n(cÊp 7) (0,122,595,1,4)]
20260612-013314	INFO	COMMON	[[LeftPearl][IdentifyLeftPearl]][gf_DelItem:Th­¬ng H¶i Ch©u CÊp 7 (*1 (2,102,214,bBind=1), Success][Role:MaJas_ServeR (acc:rage01)]
20260612-013314	INFO	COMMON	[[LeftPearl][IdentifyLeftPearl]] [AddItemEx:NhËn ®­îc vËt phÈm] [Role:MaJas_ServeR (acc:rage01)] [Item:Thiªn-H¹o Th­¬ng(cÊp 7) (0,122,153,1,4)]
20260612-013314	INFO	COMMON	[acc:rage01 role:MaJas_ServeR][left_pearl][IdentifyLeftPearl][ItemName:Thiªn-H¹o Th­¬ng][idx:1 attrid:18 values:{90,0,0,} probability:{2000,0,0,} frame:180][idx:2 attrid:66 values:{1000,0,0,} probability:{10000,0,0,} frame:-1][idx:3 attrid:89 values:{400,0,0,} probability:{10000,0,0,} frame:-1][idx:4 attrid:70 values:{50,0,0,} probability:{10000,0,0,} frame:-1][idx:5 attrid:69 values:{50,0,0,} probability:{10000,0,0,} frame:-1][quench times:0]
20260612-013314	INFO	COMMON	[[LeftPearl][IdentifyLeftPearl]][gf_DelItem:Th­¬ng H¶i Ch©u CÊp 7 (*1 (2,102,214,bBind=1), Success][Role:MaJas_ServeR (acc:rage01)]
20260612-013314	INFO	COMMON	[[LeftPearl][IdentifyLeftPearl]] [AddItemEx:NhËn ®­îc vËt phÈm] [Role:MaJas_ServeR (acc:rage01)] [Item:V¹n T­îng-Tinh-Ngù K×nh(cÊp 7) (0,122,590,1,4)]
20260612-013314	INFO	COMMON	[[LeftPearl][IdentifyLeftPearl]][gf_DelItem:Th­¬ng H¶i Ch©u CÊp 7 (*1 (2,102,214,bBind=1), Success][Role:MaJas_ServeR (acc:rage01)]
20260612-013314	INFO	COMMON	[[LeftPearl][IdentifyLeftPearl]] [AddItemEx:NhËn ®­îc vËt phÈm] [Role:MaJas_ServeR (acc:rage01)] [Item:ThÇn-Ngù K×nh(cÊp 7) (0,122,133,1,4)]
20260612-013314	INFO	COMMON	[acc:rage01 role:MaJas_ServeR][left_pearl][IdentifyLeftPearl][ItemName:ThÇn-Ngù K×nh][idx:1 attrid:4 values:{800,0,0,} probability:{10000,0,0,} frame:-1][idx:2 attrid:70 values:{50,0,0,} probability:{10000,0,0,} frame:-1][idx:3 attrid:86 values:{100,0,0,} probability:{10000,0,0,} frame:-1][idx:4 attrid:82 values:{100,0,0,} probability:{10000,0,0,} frame:-1][idx:5 attrid:65 values:{50000,0,0,} probability:{10000,0,0,} frame:-1][quench times:0]
20260612-013315	INFO	COMMON	[[LeftPearl][IdentifyLeftPearl]][gf_DelItem:Th­¬ng H¶i Ch©u CÊp 7 (*1 (2,102,214,bBind=1), Success][Role:MaJas_ServeR (acc:rage01)]
20260612-013315	INFO	COMMON	[[LeftPearl][IdentifyLeftPearl]] [AddItemEx:NhËn ®­îc vËt phÈm] [Role:MaJas_ServeR (acc:rage01)] [Item:Thu-Ngù K×nh(cÊp 7) (0,122,336,1,4)]
20260612-013315	INFO	COMMON	[acc:rage01 role:MaJas_ServeR][left_pearl][IdentifyLeftPearl][ItemName:Thu-Ngù K×nh][idx:1 attrid:4 values:{800,0,0,} probability:{10000,0,0,} frame:-1][idx:2 attrid:70 values:{50,0,0,} probability:{10000,0,0,} frame:-1][idx:3 attrid:90 values:{10,0,0,} probability:{10000,0,0,} frame:-1][idx:4 attrid:88 values:{400,0,0,} probability:{10000,0,0,} frame:-1][idx:5 attrid:89 values:{400,0,0,} probability:{10000,0,0,} frame:-1][quench times:0]
20260612-013315	INFO	COMMON	[[LeftPearl][IdentifyLeftPearl]][gf_DelItem:Th­¬ng H¶i Ch©u CÊp 7 (*1 (2,102,214,bBind=1), Success][Role:MaJas_ServeR (acc:rage01)]
20260612-013315	INFO	COMMON	[[LeftPearl][IdentifyLeftPearl]] [AddItemEx:NhËn ®­îc vËt phÈm] [Role:MaJas_ServeR (acc:rage01)] [Item:Thiªn-Hång Qu©n(cÊp 7) (0,122,152,1,4)]
20260612-013315	INFO	COMMON	[acc:rage01 role:MaJas_ServeR][left_pearl][IdentifyLeftPearl][ItemName:Thiªn-Hång Qu©n][idx:1 attrid:17 values:{500,0,0,} probability:{2000,0,0,} frame:180][idx:2 attrid:88 values:{400,0,0,} probability:{10000,0,0,} frame:-1][idx:3 attrid:89 values:{400,0,0,} probability:{10000,0,0,} frame:-1][idx:4 attrid:90 values:{10,0,0,} probability:{10000,0,0,} frame:-1][idx:5 attrid:70 values:{50,0,0,} probability:{10000,0,0,} frame:-1][quench times:0]
20260612-013315	INFO	COMMON	[[LeftPearl][IdentifyLeftPearl]][gf_DelItem:Th­¬ng H¶i Ch©u CÊp 7 (*1 (2,102,214,bBind=1), Success][Role:MaJas_ServeR (acc:rage01)]
20260612-013315	INFO	COMMON	[[LeftPearl][IdentifyLeftPearl]] [AddItemEx:NhËn ®­îc vËt phÈm] [Role:MaJas_ServeR (acc:rage01)] [Item:V¹n T­îng-TuyÕt-Tµn T«(cÊp 7) (0,122,709,1,4)]
20260612-013315	INFO	COMMON	[[LeftPearl][IdentifyLeftPearl]][gf_DelItem:Th­¬ng H¶i Ch©u CÊp 7 (*1 (2,102,214,bBind=1), Success][Role:MaJas_ServeR (acc:rage01)]
20260612-013315	INFO	COMMON	[[LeftPearl][IdentifyLeftPearl]] [AddItemEx:NhËn ®­îc vËt phÈm] [Role:MaJas_ServeR (acc:rage01)] [Item:V¹n T­îng-V©n-Ngù K×nh(cÊp 7) (0,122,696,1,4)]
20260612-013315	INFO	COMMON	[[LeftPearl][IdentifyLeftPearl]][gf_DelItem:Th­¬ng H¶i Ch©u CÊp 7 (*1 (2,102,214,bBind=1), Success][Role:MaJas_ServeR (acc:rage01)]
20260612-013315	INFO	COMMON	[[LeftPearl][IdentifyLeftPearl]] [AddItemEx:NhËn ®­îc vËt phÈm] [Role:MaJas_ServeR (acc:rage01)] [Item:V¹n T­îng-S¬n-Sïng A(cÊp 7) (0,122,614,1,4)]
20260612-013315	INFO	COMMON	[[LeftPearl][IdentifyLeftPearl]][gf_DelItem:Th­¬ng H¶i Ch©u CÊp 7 (*1 (2,102,214,bBind=1), Success][Role:MaJas_ServeR (acc:rage01)]
20260612-013315	INFO	COMMON	[[LeftPearl][IdentifyLeftPearl]] [AddItemEx:NhËn ®­îc vËt phÈm] [Role:MaJas_ServeR (acc:rage01)] [Item:V¹n T­îng-Thu-Ngù K×nh(cÊp 7) (0,122,656,1,4)]
20260612-013316	INFO	COMMON	[[LeftPearl][IdentifyLeftPearl]][gf_DelItem:Th­¬ng H¶i Ch©u CÊp 7 (*1 (2,102,214,bBind=1), Success][Role:MaJas_ServeR (acc:rage01)]
20260612-013316	INFO	COMMON	[[LeftPearl][IdentifyLeftPearl]] [AddItemEx:NhËn ®­îc vËt phÈm] [Role:MaJas_ServeR (acc:rage01)] [Item:S¬n-Ngù K×nh(cÊp 7) (0,122,196,1,4)]
20260612-013316	INFO	COMMON	[acc:rage01 role:MaJas_ServeR][left_pearl][IdentifyLeftPearl][ItemName:S¬n-Ngù K×nh][idx:1 attrid:4 values:{800,0,0,} probability:{10000,0,0,} frame:-1][idx:2 attrid:64 values:{10,0,0,} probability:{10000,0,0,} frame:-1][idx:3 attrid:61 values:{10,0,0,} probability:{2000,0,0,} frame:180][idx:4 attrid:62 values:{10,0,0,} probability:{10000,0,0,} frame:-1][idx:5 attrid:66 values:{1000,0,0,} probability:{10000,0,0,} frame:-1][quench times:0]
20260612-013316	INFO	COMMON	[[LeftPearl][IdentifyLeftPearl]][gf_DelItem:Th­¬ng H¶i Ch©u CÊp 7 (*1 (2,102,214,bBind=1), Success][Role:MaJas_ServeR (acc:rage01)]
20260612-013316	INFO	COMMON	[[LeftPearl][IdentifyLeftPearl]] [AddItemEx:NhËn ®­îc vËt phÈm] [Role:MaJas_ServeR (acc:rage01)] [Item:H¹-Cöu Thö(cÊp 7) (0,122,314,1,4)]
20260612-013316	INFO	COMMON	[acc:rage01 role:MaJas_ServeR][left_pearl][IdentifyLeftPearl][ItemName:H¹-Cöu Thö][idx:1 attrid:34 values:{70,0,0,} probability:{10000,0,0,} frame:-1][idx:2 attrid:64 values:{10,0,0,} probability:{10000,0,0,} frame:-1][idx:3 attrid:96 values:{50,0,0,} probability:{10000,0,0,} frame:-1][idx:4 attrid:73 values:{20,0,0,} probability:{10000,0,0,} frame:-1][idx:5 attrid:98 values:{100,0,0,} probability:{10000,0,0,} frame:-1][quench times:0]
20260612-013316	INFO	COMMON	[[LeftPearl][IdentifyLeftPearl]][gf_DelItem:Th­¬ng H¶i Ch©u CÊp 7 (*1 (2,102,214,bBind=1), Success][Role:MaJas_ServeR (acc:rage01)]
20260612-013316	INFO	COMMON	[[LeftPearl][IdentifyLeftPearl]] [AddItemEx:NhËn ®­îc vËt phÈm] [Role:MaJas_ServeR (acc:rage01)] [Item:V¹n T­îng-§Þa-Ngù K×nh(cÊp 7) (0,122,610,1,4)]
20260612-013316	INFO	COMMON	[[LeftPearl][IdentifyLeftPearl]][gf_DelItem:Th­¬ng H¶i Ch©u CÊp 7 (*1 (2,102,214,bBind=1), Success][Role:MaJas_ServeR (acc:rage01)]
20260612-013316	INFO	COMMON	[[LeftPearl][IdentifyLeftPearl]] [AddItemEx:NhËn ®­îc vËt phÈm] [Role:MaJas_ServeR (acc:rage01)] [Item:V¹n T­îng-Vò-M¹ch L©m(cÊp 7) (0,122,703,1,4)]
20260612-013316	INFO	COMMON	[[LeftPearl][IdentifyLeftPearl]][gf_DelItem:Th­¬ng H¶i Ch©u CÊp 7 (*1 (2,102,214,bBind=1), Success][Role:MaJas_ServeR (acc:rage01)]
20260612-013316	INFO	COMMON	[[LeftPearl][IdentifyLeftPearl]] [AddItemEx:NhËn ®­îc vËt phÈm] [Role:MaJas_ServeR (acc:rage01)] [Item:S­¬ng-S­¬ng Tù(cÊp 7) (0,122,559,1,4)]
20260612-013316	INFO	COMMON	[acc:rage01 role:MaJas_ServeR][left_pearl][IdentifyLeftPearl][ItemName:S­¬ng-S­¬ng Tù][idx:1 attrid:15 values:{300,0,0,} probability:{10000,0,0,} frame:-1][idx:2 attrid:73 values:{20,0,0,} probability:{10000,0,0,} frame:-1][idx:3 attrid:69 values:{50,0,0,} probability:{10000,0,0,} frame:-1][idx:4 attrid:74 values:{10,0,0,} probability:{10000,0,0,} frame:-1][idx:5 attrid:67 values:{10,0,0,} probability:{10000,0,0,} frame:-1][quench times:0]
20260612-013316	INFO	COMMON	[[LeftPearl][IdentifyLeftPearl]][gf_DelItem:Th­¬ng H¶i Ch©u CÊp 7 (*1 (2,102,214,bBind=1), Success][Role:MaJas_ServeR (acc:rage01)]
20260612-013316	INFO	COMMON	[[LeftPearl][IdentifyLeftPearl]] [AddItemEx:NhËn ®­îc vËt phÈm] [Role:MaJas_ServeR (acc:rage01)] [Item:Xu©n-D­¬ng Trung(cÊp 7) (0,122,293,1,4)]
20260612-013316	INFO	COMMON	[acc:rage01 role:MaJas_ServeR][left_pearl][IdentifyLeftPearl][ItemName:Xu©n-D­¬ng Trung][idx:1 attrid:32 values:{350,0,0,} probability:{10000,0,0,} frame:-1][idx:2 attrid:70 values:{50,0,0,} probability:{10000,0,0,} frame:-1][idx:3 attrid:66 values:{1000,0,0,} probability:{10000,0,0,} frame:-1][idx:4 attrid:65 values:{50000,0,0,} probability:{10000,0,0,} frame:-1][idx:5 attrid:80 values:{1000,0,0,} probability:{10000,0,0,} frame:-1][quench times:0]
20260612-013317	INFO	COMMON	[[LeftPearl][IdentifyLeftPearl]][gf_DelItem:Th­¬ng H¶i Ch©u CÊp 7 (*1 (2,102,214,bBind=1), Success][Role:MaJas_ServeR (acc:rage01)]
20260612-013317	INFO	COMMON	[[LeftPearl][IdentifyLeftPearl]] [AddItemEx:NhËn ®­îc vËt phÈm] [Role:MaJas_ServeR (acc:rage01)] [Item:Thu-Ngù K×nh(cÊp 7) (0,122,336,1,4)]
20260612-013317	INFO	COMMON	[acc:rage01 role:MaJas_ServeR][left_pearl][IdentifyLeftPearl][ItemName:Thu-Ngù K×nh][idx:1 attrid:4 values:{800,0,0,} probability:{10000,0,0,} frame:-1][idx:2 attrid:88 values:{400,0,0,} probability:{10000,0,0,} frame:-1][idx:3 attrid:70 values:{50,0,0,} probability:{10000,0,0,} frame:-1][idx:4 attrid:89 values:{400,0,0,} probability:{10000,0,0,} frame:-1][idx:5 attrid:91 values:{1000,0,0,} probability:{10000,0,0,} frame:-1][quench times:0]
20260612-013317	INFO	COMMON	[[LeftPearl][IdentifyLeftPearl]][gf_DelItem:Th­¬ng H¶i Ch©u CÊp 7 (*1 (2,102,214,bBind=1), Success][Role:MaJas_ServeR (acc:rage01)]
20260612-013317	INFO	COMMON	[[LeftPearl][IdentifyLeftPearl]] [AddItemEx:NhËn ®­îc vËt phÈm] [Role:MaJas_ServeR (acc:rage01)] [Item:Thu-Ngù K×nh(cÊp 7) (0,122,336,1,4)]
20260612-013317	INFO	COMMON	[acc:rage01 role:MaJas_ServeR][left_pearl][IdentifyLeftPearl][ItemName:Thu-Ngù K×nh][idx:1 attrid:4 values:{800,0,0,} probability:{10000,0,0,} frame:-1][idx:2 attrid:89 values:{400,0,0,} probability:{10000,0,0,} frame:-1][idx:3 attrid:70 values:{50,0,0,} probability:{10000,0,0,} frame:-1][idx:4 attrid:88 values:{400,0,0,} probability:{10000,0,0,} frame:-1][idx:5 attrid:90 values:{10,0,0,} probability:{10000,0,0,} frame:-1][quench times:0]
20260612-013317	INFO	COMMON	[[LeftPearl][IdentifyLeftPearl]][gf_DelItem:Th­¬ng H¶i Ch©u CÊp 7 (*1 (2,102,214,bBind=1), Success][Role:MaJas_ServeR (acc:rage01)]
20260612-013317	INFO	COMMON	[[LeftPearl][IdentifyLeftPearl]] [AddItemEx:NhËn ®­îc vËt phÈm] [Role:MaJas_ServeR (acc:rage01)] [Item:§Þa-Ngù K×nh(cÊp 7) (0,122,175,1,4)]
20260612-013317	INFO	COMMON	[acc:rage01 role:MaJas_ServeR][left_pearl][IdentifyLeftPearl][ItemName:§Þa-Ngù K×nh][idx:1 attrid:4 values:{800,0,0,} probability:{10000,0,0,} frame:-1][idx:2 attrid:82 values:{100,0,0,} probability:{10000,0,0,} frame:-1][idx:3 attrid:89 values:{400,0,0,} probability:{10000,0,0,} frame:-1][idx:4 attrid:83 values:{100,0,0,} probability:{10000,0,0,} frame:-1][idx:5 attrid:84 values:{100,0,0,} probability:{10000,0,0,} frame:-1][quench times:0]
20260612-013317	INFO	COMMON	[[LeftPearl][IdentifyLeftPearl]][gf_DelItem:Th­¬ng H¶i Ch©u CÊp 7 (*1 (2,102,214,bBind=1), Success][Role:MaJas_ServeR (acc:rage01)]
20260612-013317	INFO	COMMON	[[LeftPearl][IdentifyLeftPearl]] [AddItemEx:NhËn ®­îc vËt phÈm] [Role:MaJas_ServeR (acc:rage01)] [Item:V¹n T­îng-V©n-V©n Õ(cÊp 7) (0,122,692,1,4)]
20260612-013317	INFO	COMMON	[[LeftPearl][IdentifyLeftPearl]][gf_DelItem:Th­¬ng H¶i Ch©u CÊp 7 (*1 (2,102,214,bBind=1), Success][Role:MaJas_ServeR (acc:rage01)]
20260612-013317	INFO	COMMON	[[LeftPearl][IdentifyLeftPearl]] [AddItemEx:NhËn ®­îc vËt phÈm] [Role:MaJas_ServeR (acc:rage01)] [Item:V¹n T­îng-Th¹ch-LiÖt B¹ch(cÊp 7) (0,122,683,1,4)]
20260612-013317	INFO	COMMON	[[LeftPearl][IdentifyLeftPearl]][gf_DelItem:Th­¬ng H¶i Ch©u CÊp 7 (*1 (2,102,214,bBind=1), Success][Role:MaJas_ServeR (acc:rage01)]
20260612-013317	INFO	COMMON	[[LeftPearl][IdentifyLeftPearl]] [AddItemEx:NhËn ®­îc vËt phÈm] [Role:MaJas_ServeR (acc:rage01)] [Item:Xu©n-Ngù K×nh(cÊp 7) (0,122,294,1,4)]
20260612-013317	INFO	COMMON	[acc:rage01 role:MaJas_ServeR][left_pearl][IdentifyLeftPearl][ItemName:Xu©n-Ngù K×nh][idx:1 attrid:4 values:{800,0,0,} probability:{10000,0,0,} frame:-1][idx:2 attrid:60 values:{10,0,0,} probability:{2000,0,0,} frame:180][idx:3 attrid:70 values:{50,0,0,} probability:{10000,0,0,} frame:-1][idx:4 attrid:66 values:{1000,0,0,} probability:{10000,0,0,} frame:-1][idx:5 attrid:93 values:{500,0,0,} probability:{10000,0,0,} frame:-1][quench times:0]
20260612-013318	INFO	COMMON	[[LeftPearl][IdentifyLeftPearl]][gf_DelItem:Th­¬ng H¶i Ch©u CÊp 7 (*1 (2,102,214,bBind=1), Success][Role:MaJas_ServeR (acc:rage01)]
20260612-013318	INFO	COMMON	[[LeftPearl][IdentifyLeftPearl]] [AddItemEx:NhËn ®­îc vËt phÈm] [Role:MaJas_ServeR (acc:rage01)] [Item:V¹n T­îng-S¬n-Ngù K×nh(cÊp 7) (0,122,616,1,4)]
20260612-013318	INFO	COMMON	[[LeftPearl][IdentifyLeftPearl]][gf_DelItem:Th­¬ng H¶i Ch©u CÊp 7 (*1 (2,102,214,bBind=1), Success][Role:MaJas_ServeR (acc:rage01)]
20260612-013318	INFO	COMMON	[[LeftPearl][IdentifyLeftPearl]] [AddItemEx:NhËn ®­îc vËt phÈm] [Role:MaJas_ServeR (acc:rage01)] [Item:V¹n T­îng-Thu-Ngù K×nh(cÊp 7) (0,122,656,1,4)]
20260612-013318	INFO	COMMON	[[LeftPearl][IdentifyLeftPearl]][gf_DelItem:Th­¬ng H¶i Ch©u CÊp 7 (*1 (2,102,214,bBind=1), Success][Role:MaJas_ServeR (acc:rage01)]
20260612-013318	INFO	COMMON	[[LeftPearl][IdentifyLeftPearl]] [AddItemEx:NhËn ®­îc vËt phÈm] [Role:MaJas_ServeR (acc:rage01)] [Item:S­¬ng-Ngù K×nh(cÊp 7) (0,122,560,1,4)]
20260612-013318	INFO	COMMON	[acc:rage01 role:MaJas_ServeR][left_pearl][IdentifyLeftPearl][ItemName:S­¬ng-Ngù K×nh][idx:1 attrid:4 values:{800,0,0,} probability:{10000,0,0,} frame:-1][idx:2 attrid:67 values:{10,0,0,} probability:{10000,0,0,} frame:-1][idx:3 attrid:74 values:{10,0,0,} probability:{10000,0,0,} frame:-1][idx:4 attrid:95 values:{10,0,0,} probability:{10000,0,0,} frame:-1][idx:5 attrid:69 values:{50,0,0,} probability:{10000,0,0,} frame:-1][quench times:0]
20260612-013318	INFO	COMMON	[[LeftPearl][IdentifyLeftPearl]][gf_DelItem:Th­¬ng H¶i Ch©u CÊp 7 (*1 (2,102,214,bBind=1), Success][Role:MaJas_ServeR (acc:rage01)]
20260612-013318	INFO	COMMON	[[LeftPearl][IdentifyLeftPearl]] [AddItemEx:NhËn ®­îc vËt phÈm] [Role:MaJas_ServeR (acc:rage01)] [Item:V¹n T­îng-ThÇn-Ngù K×nh(cÊp 7) (0,122,598,1,4)]
20260612-013318	INFO	COMMON	[[LeftPearl][IdentifyLeftPearl]][gf_DelItem:Th­¬ng H¶i Ch©u CÊp 7 (*1 (2,102,214,bBind=1), Success][Role:MaJas_ServeR (acc:rage01)]
20260612-013318	INFO	COMMON	[[LeftPearl][IdentifyLeftPearl]] [AddItemEx:NhËn ®­îc vËt phÈm] [Role:MaJas_ServeR (acc:rage01)] [Item:V¹n T­îng-V©n-Thôy DiÖp(cÊp 7) (0,122,691,1,4)]
20260612-013319	INFO	COMMON	[[LeftPearl][IdentifyLeftPearl]][gf_DelItem:Th­¬ng H¶i Ch©u CÊp 7 (*1 (2,102,214,bBind=1), Success][Role:MaJas_ServeR (acc:rage01)]
20260612-013319	INFO	COMMON	[[LeftPearl][IdentifyLeftPearl]] [AddItemEx:NhËn ®­îc vËt phÈm] [Role:MaJas_ServeR (acc:rage01)] [Item:S¬n-Ngäc Ch­íng(cÊp 7) (0,122,195,1,4)]
20260612-013319	INFO	COMMON	[acc:rage01 role:MaJas_ServeR][left_pearl][IdentifyLeftPearl][ItemName:S¬n-Ngäc Ch­íng][idx:1 attrid:22 values:{700,0,0,} probability:{10000,0,0,} frame:-1][idx:2 attrid:63 values:{10,0,0,} probability:{10000,0,0,} frame:-1][idx:3 attrid:65 values:{50000,0,0,} probability:{10000,0,0,} frame:-1][idx:4 attrid:62 values:{10,0,0,} probability:{10000,0,0,} frame:-1][idx:5 attrid:66 values:{1000,0,0,} probability:{10000,0,0,} frame:-1][quench times:0]
20260612-013319	INFO	COMMON	[[LeftPearl][IdentifyLeftPearl]][gf_DelItem:Th­¬ng H¶i Ch©u CÊp 7 (*1 (2,102,214,bBind=1), Success][Role:MaJas_ServeR (acc:rage01)]
20260612-013319	INFO	COMMON	[[LeftPearl][IdentifyLeftPearl]] [AddItemEx:NhËn ®­îc vËt phÈm] [Role:MaJas_ServeR (acc:rage01)] [Item:S¬n-Sïng A(cÊp 7) (0,122,194,1,4)]
20260612-013319	INFO	COMMON	[acc:rage01 role:MaJas_ServeR][left_pearl][IdentifyLeftPearl][ItemName:S¬n-Sïng A][idx:1 attrid:21 values:{700,0,0,} probability:{10000,0,0,} frame:-1][idx:2 attrid:66 values:{1000,0,0,} probability:{10000,0,0,} frame:-1][idx:3 attrid:62 values:{10,0,0,} probability:{10000,0,0,} frame:-1][idx:4 attrid:63 values:{10,0,0,} probability:{10000,0,0,} frame:-1][idx:5 attrid:65 values:{50000,0,0,} probability:{10000,0,0,} frame:-1][quench times:0]
20260612-013319	INFO	COMMON	[[LeftPearl][IdentifyLeftPearl]][gf_DelItem:Th­¬ng H¶i Ch©u CÊp 7 (*1 (2,102,214,bBind=1), Success][Role:MaJas_ServeR (acc:rage01)]
20260612-013319	INFO	COMMON	[[LeftPearl][IdentifyLeftPearl]] [AddItemEx:NhËn ®­îc vËt phÈm] [Role:MaJas_ServeR (acc:rage01)] [Item:V¹n T­îng-H¹-Cöu Thö(cÊp 7) (0,122,649,1,4)]
20260612-013319	INFO	COMMON	[[LeftPearl][IdentifyLeftPearl]][gf_DelItem:Th­¬ng H¶i Ch©u CÊp 7 (*1 (2,102,214,bBind=1), Success][Role:MaJas_ServeR (acc:rage01)]
20260612-013319	INFO	COMMON	[[LeftPearl][IdentifyLeftPearl]] [AddItemEx:NhËn ®­îc vËt phÈm] [Role:MaJas_ServeR (acc:rage01)] [Item:V¹n T­îng-S¬n-Ngù K×nh(cÊp 7) (0,122,616,1,4)]
20260612-013319	INFO	COMMON	[[LeftPearl][IdentifyLeftPearl]][gf_DelItem:Th­¬ng H¶i Ch©u CÊp 7 (*1 (2,102,214,bBind=1), Success][Role:MaJas_ServeR (acc:rage01)]
20260612-013319	INFO	COMMON	[[LeftPearl][IdentifyLeftPearl]] [AddItemEx:NhËn ®­îc vËt phÈm] [Role:MaJas_ServeR (acc:rage01)] [Item:V¹n T­îng-ThÇn-Ngù K×nh(cÊp 7) (0,122,598,1,4)]
20260612-013319	INFO	COMMON	[[LeftPearl][IdentifyLeftPearl]][gf_DelItem:Th­¬ng H¶i Ch©u CÊp 7 (*1 (2,102,214,bBind=1), Success][Role:MaJas_ServeR (acc:rage01)]
20260612-013319	INFO	COMMON	[[LeftPearl][IdentifyLeftPearl]] [AddItemEx:NhËn ®­îc vËt phÈm] [Role:MaJas_ServeR (acc:rage01)] [Item:Vô-Ngù K×nh(cÊp 7) (0,122,273,1,4)]
20260612-013319	INFO	COMMON	[acc:rage01 role:MaJas_ServeR][left_pearl][IdentifyLeftPearl][ItemName:Vô-Ngù K×nh][idx:1 attrid:4 values:{800,0,0,} probability:{10000,0,0,} frame:-1][idx:2 attrid:89 values:{400,0,0,} probability:{10000,0,0,} frame:-1][idx:3 attrid:70 values:{50,0,0,} probability:{10000,0,0,} frame:-1][idx:4 attrid:76 values:{100,0,0,} probability:{10000,0,0,} frame:-1][idx:5 attrid:69 values:{50,0,0,} probability:{10000,0,0,} frame:-1][quench times:0]
20260612-013320	INFO	COMMON	[[LeftPearl][IdentifyLeftPearl]][gf_DelItem:Th­¬ng H¶i Ch©u CÊp 7 (*1 (2,102,214,bBind=1), Success][Role:MaJas_ServeR (acc:rage01)]
20260612-013320	INFO	COMMON	[[LeftPearl][IdentifyLeftPearl]] [AddItemEx:NhËn ®­îc vËt phÈm] [Role:MaJas_ServeR (acc:rage01)] [Item:S­¬ng-Ngù K×nh(cÊp 7) (0,122,560,1,4)]
20260612-013320	INFO	COMMON	[acc:rage01 role:MaJas_ServeR][left_pearl][IdentifyLeftPearl][ItemName:S­¬ng-Ngù K×nh][idx:1 attrid:4 values:{800,0,0,} probability:{10000,0,0,} frame:-1][idx:2 attrid:74 values:{10,0,0,} probability:{10000,0,0,} frame:-1][idx:3 attrid:69 values:{50,0,0,} probability:{10000,0,0,} frame:-1][idx:4 attrid:67 values:{10,0,0,} probability:{10000,0,0,} frame:-1][idx:5 attrid:73 values:{20,0,0,} probability:{10000,0,0,} frame:-1][quench times:0]
20260612-013320	INFO	COMMON	[[LeftPearl][IdentifyLeftPearl]][gf_DelItem:Th­¬ng H¶i Ch©u CÊp 7 (*1 (2,102,214,bBind=1), Success][Role:MaJas_ServeR (acc:rage01)]
20260612-013320	INFO	COMMON	[[LeftPearl][IdentifyLeftPearl]] [AddItemEx:NhËn ®­îc vËt phÈm] [Role:MaJas_ServeR (acc:rage01)] [Item:V©n-Quý Thu(cÊp 7) (0,122,474,1,4)]
20260612-013320	INFO	COMMON	[acc:rage01 role:MaJas_ServeR][left_pearl][IdentifyLeftPearl][ItemName:V©n-Thiªn Ng­ng][idx:1 attrid:51 values:{480,0,0,} probability:{10000,0,0,} frame:-1][idx:2 attrid:88 values:{400,0,0,} probability:{10000,0,0,} frame:-1][idx:3 attrid:89 values:{400,0,0,} probability:{10000,0,0,} frame:-1][idx:4 attrid:94 values:{10,0,0,} probability:{10000,0,0,} frame:-1][idx:5 attrid:64 values:{10,0,0,} probability:{10000,0,0,} frame:-1][quench times:0]
20260612-013320	INFO	COMMON	[[LeftPearl][IdentifyLeftPearl]][gf_DelItem:Th­¬ng H¶i Ch©u CÊp 7 (*1 (2,102,214,bBind=1), Success][Role:MaJas_ServeR (acc:rage01)]
20260612-013320	INFO	COMMON	[[LeftPearl][IdentifyLeftPearl]] [AddItemEx:NhËn ®­îc vËt phÈm] [Role:MaJas_ServeR (acc:rage01)] [Item:V¹n T­îng-ThÇn-Khèn §«n(cÊp 7) (0,122,595,1,4)]
20260612-013320	INFO	COMMON	[[LeftPearl][IdentifyLeftPearl]][gf_DelItem:Th­¬ng H¶i Ch©u CÊp 7 (*1 (2,102,214,bBind=1), Success][Role:MaJas_ServeR (acc:rage01)]
20260612-013320	INFO	COMMON	[[LeftPearl][IdentifyLeftPearl]] [AddItemEx:NhËn ®­îc vËt phÈm] [Role:MaJas_ServeR (acc:rage01)] [Item:V¹n T­îng-H¹-Cöu Thö(cÊp 7) (0,122,649,1,4)]
20260612-013320	INFO	COMMON	[[LeftPearl][IdentifyLeftPearl]][gf_DelItem:Th­¬ng H¶i Ch©u CÊp 7 (*1 (2,102,214,bBind=1), Success][Role:MaJas_ServeR (acc:rage01)]
20260612-013320	INFO	COMMON	[[LeftPearl][IdentifyLeftPearl]] [AddItemEx:NhËn ®­îc vËt phÈm] [Role:MaJas_ServeR (acc:rage01)] [Item:Vò-M¹ch L©m(cÊp 7) (0,122,503,1,4)]
20260612-013320	INFO	COMMON	[acc:rage01 role:MaJas_ServeR][left_pearl][IdentifyLeftPearl][ItemName:Vò-M¹ch L©m][idx:1 attrid:54 values:{80,0,0,} probability:{10000,0,0,} frame:-1][idx:2 attrid:94 values:{10,0,0,} probability:{10000,0,0,} frame:-1][idx:3 attrid:64 values:{10,0,0,} probability:{10000,0,0,} frame:-1][idx:4 attrid:93 values:{500,0,0,} probability:{10000,0,0,} frame:-1][idx:5 attrid:88 values:{400,0,0,} probability:{10000,0,0,} frame:-1][quench times:0]
20260612-013418	INFO	COMMON	[acc:rage01 role:MaJas_ServeR][left_pearl][DisassembleLeftPearl(before)][ItemName:§«ng-Linh Tr¹ch][idx:1 attrid:16 values:{400,0,0,} probability:{10000,0,0,} frame:-1][idx:2 attrid:68 values:{1000,0,0,} probability:{10000,0,0,} frame:18][idx:3 attrid:61 values:{10,0,0,} probability:{2000,0,0,} frame:180][idx:4 attrid:60 values:{10,0,0,} probability:{2000,0,0,} frame:180][idx:5 attrid:93 values:{500,0,0,} probability:{10000,0,0,} frame:-1][quench times:0]
20260612-013418	INFO	COMMON	[[LeftPearl][DisassembleLeftPearl]][gf_DelItem:*-1 (0,122,363,bBind=1), Success][Role:MaJas_ServeR (acc:rage01)]
20260612-013418	INFO	COMMON	[T¸ch th­¬ng h¶i ch©u] [AddItemEx:NhËn ®­îc vËt phÈm] [Role:MaJas_ServeR (acc:rage01)] [Item:Bét Tr©n Ch©u (2,102,215,200,4)]
20260612-013418	INFO	COMMON	[acc:rage01 role:MaJas_ServeR][left_pearl][DisassembleLeftPearl(before)][ItemName:S¬n-Ngù K×nh][idx:1 attrid:4 values:{800,0,0,} probability:{10000,0,0,} frame:-1][idx:2 attrid:64 values:{10,0,0,} probability:{10000,0,0,} frame:-1][idx:3 attrid:61 values:{10,0,0,} probability:{2000,0,0,} frame:180][idx:4 attrid:62 values:{10,0,0,} probability:{10000,0,0,} frame:-1][idx:5 attrid:66 values:{1000,0,0,} probability:{10000,0,0,} frame:-1][quench times:0]
20260612-013418	INFO	COMMON	[[LeftPearl][DisassembleLeftPearl]][gf_DelItem:*-1 (0,122,196,bBind=1), Success][Role:MaJas_ServeR (acc:rage01)]
20260612-013418	INFO	COMMON	[T¸ch th­¬ng h¶i ch©u] [AddItemEx:NhËn ®­îc vËt phÈm] [Role:MaJas_ServeR (acc:rage01)] [Item:Bét Tr©n Ch©u (2,102,215,200,4)]
20260612-013418	INFO	COMMON	[acc:rage01 role:MaJas_ServeR][left_pearl][DisassembleLeftPearl(before)][ItemName:S­¬ng-Ngù K×nh][idx:1 attrid:4 values:{800,0,0,} probability:{10000,0,0,} frame:-1][idx:2 attrid:74 values:{10,0,0,} probability:{10000,0,0,} frame:-1][idx:3 attrid:69 values:{50,0,0,} probability:{10000,0,0,} frame:-1][idx:4 attrid:67 values:{10,0,0,} probability:{10000,0,0,} frame:-1][idx:5 attrid:73 values:{20,0,0,} probability:{10000,0,0,} frame:-1][quench times:0]
20260612-013418	INFO	COMMON	[[LeftPearl][DisassembleLeftPearl]][gf_DelItem:*-1 (0,122,560,bBind=1), Success][Role:MaJas_ServeR (acc:rage01)]
20260612-013418	INFO	COMMON	[T¸ch th­¬ng h¶i ch©u] [AddItemEx:NhËn ®­îc vËt phÈm] [Role:MaJas_ServeR (acc:rage01)] [Item:Bét Tr©n Ch©u (2,102,215,200,4)]
20260612-013418	INFO	COMMON	[acc:rage01 role:MaJas_ServeR][left_pearl][DisassembleLeftPearl(before)][ItemName:Xu©n-Ngù K×nh][idx:1 attrid:4 values:{800,0,0,} probability:{10000,0,0,} frame:-1][idx:2 attrid:80 values:{1000,0,0,} probability:{10000,0,0,} frame:-1][idx:3 attrid:66 values:{1000,0,0,} probability:{10000,0,0,} frame:-1][idx:4 attrid:63 values:{10,0,0,} probability:{10000,0,0,} frame:-1][idx:5 attrid:93 values:{500,0,0,} probability:{10000,0,0,} frame:-1][quench times:0]
20260612-013418	INFO	COMMON	[[LeftPearl][DisassembleLeftPearl]][gf_DelItem:*-1 (0,122,294,bBind=1), Success][Role:MaJas_ServeR (acc:rage01)]
20260612-013418	INFO	COMMON	[T¸ch th­¬ng h¶i ch©u] [AddItemEx:NhËn ®­îc vËt phÈm] [Role:MaJas_ServeR (acc:rage01)] [Item:Bét Tr©n Ch©u (2,102,215,200,4)]
20260612-013418	INFO	COMMON	[acc:rage01 role:MaJas_ServeR][left_pearl][DisassembleLeftPearl(before)][ItemName:H¹-Cöu Thö][idx:1 attrid:34 values:{70,0,0,} probability:{10000,0,0,} frame:-1][idx:2 attrid:64 values:{10,0,0,} probability:{10000,0,0,} frame:-1][idx:3 attrid:96 values:{50,0,0,} probability:{10000,0,0,} frame:-1][idx:4 attrid:73 values:{20,0,0,} probability:{10000,0,0,} frame:-1][idx:5 attrid:98 values:{100,0,0,} probability:{10000,0,0,} frame:-1][quench times:0]
20260612-013418	INFO	COMMON	[[LeftPearl][DisassembleLeftPearl]][gf_DelItem:*-1 (0,122,314,bBind=1), Success][Role:MaJas_ServeR (acc:rage01)]
20260612-013418	INFO	COMMON	[T¸ch th­¬ng h¶i ch©u] [AddItemEx:NhËn ®­îc vËt phÈm] [Role:MaJas_ServeR (acc:rage01)] [Item:Bét Tr©n Ch©u (2,102,215,200,4)]
20260612-013418	INFO	COMMON	[acc:rage01 role:MaJas_ServeR][left_pearl][DisassembleLeftPearl(before)][ItemName:V©n-Thiªn Ng­ng][idx:1 attrid:51 values:{480,0,0,} probability:{10000,0,0,} frame:-1][idx:2 attrid:88 values:{400,0,0,} probability:{10000,0,0,} frame:-1][idx:3 attrid:89 values:{400,0,0,} probability:{10000,0,0,} frame:-1][idx:4 attrid:94 values:{10,0,0,} probability:{10000,0,0,} frame:-1][idx:5 attrid:64 values:{10,0,0,} probability:{10000,0,0,} frame:-1][quench times:0]
20260612-013418	INFO	COMMON	[[LeftPearl][DisassembleLeftPearl]][gf_DelItem:*-1 (0,122,474,bBind=1), Success][Role:MaJas_ServeR (acc:rage01)]
20260612-013418	INFO	COMMON	[T¸ch th­¬ng h¶i ch©u] [AddItemEx:NhËn ®­îc vËt phÈm] [Role:MaJas_ServeR (acc:rage01)] [Item:Bét Tr©n Ch©u (2,102,215,200,4)]
20260612-013418	INFO	COMMON	[acc:rage01 role:MaJas_ServeR][left_pearl][DisassembleLeftPearl(before)][ItemName:H¶i-Minh M«ng][idx:1 attrid:24 values:{700,0,0,} probability:{10000,0,0,} frame:-1][idx:2 attrid:90 values:{10,0,0,} probability:{10000,0,0,} frame:-1][idx:3 attrid:89 values:{400,0,0,} probability:{10000,0,0,} frame:-1][idx:4 attrid:70 values:{50,0,0,} probability:{10000,0,0,} frame:-1][idx:5 attrid:88 values:{400,0,0,} probability:{10000,0,0,} frame:-1][quench times:0]
20260612-013418	INFO	COMMON	[[LeftPearl][DisassembleLeftPearl]][gf_DelItem:*-1 (0,122,216,bBind=1), Success][Role:MaJas_ServeR (acc:rage01)]
20260612-013418	INFO	COMMON	[T¸ch th­¬ng h¶i ch©u] [AddItemEx:NhËn ®­îc vËt phÈm] [Role:MaJas_ServeR (acc:rage01)] [Item:Bét Tr©n Ch©u (2,102,215,200,4)]
20260612-013418	INFO	COMMON	[acc:rage01 role:MaJas_ServeR][left_pearl][DisassembleLeftPearl(before)][ItemName:S­¬ng-S­¬ng Tù][idx:1 attrid:15 values:{300,0,0,} probability:{10000,0,0,} frame:-1][idx:2 attrid:73 values:{20,0,0,} probability:{10000,0,0,} frame:-1][idx:3 attrid:69 values:{50,0,0,} probability:{10000,0,0,} frame:-1][idx:4 attrid:74 values:{10,0,0,} probability:{10000,0,0,} frame:-1][idx:5 attrid:67 values:{10,0,0,} probability:{10000,0,0,} frame:-1][quench times:0]
20260612-013418	INFO	COMMON	[[LeftPearl][DisassembleLeftPearl]][gf_DelItem:*-1 (0,122,559,bBind=1), Success][Role:MaJas_ServeR (acc:rage01)]
20260612-013418	INFO	COMMON	[T¸ch th­¬ng h¶i ch©u] [AddItemEx:NhËn ®­îc vËt phÈm] [Role:MaJas_ServeR (acc:rage01)] [Item:Bét Tr©n Ch©u (2,102,215,200,4)]
20260612-013418	INFO	COMMON	[acc:rage01 role:MaJas_ServeR][left_pearl][DisassembleLeftPearl(before)][ItemName:Vô-Tè TrÇn][idx:1 attrid:29 values:{80,0,0,} probability:{10000,0,0,} frame:-1][idx:2 attrid:70 values:{50,0,0,} probability:{10000,0,0,} frame:-1][idx:3 attrid:76 values:{100,0,0,} probability:{10000,0,0,} frame:-1][idx:4 attrid:69 values:{50,0,0,} probability:{10000,0,0,} frame:-1][idx:5 attrid:89 values:{400,0,0,} probability:{10000,0,0,} frame:-1][quench times:0]
20260612-013418	INFO	COMMON	[[LeftPearl][DisassembleLeftPearl]][gf_DelItem:*-1 (0,122,271,bBind=1), Success][Role:MaJas_ServeR (acc:rage01)]
20260612-013418	INFO	COMMON	[T¸ch th­¬ng h¶i ch©u] [AddItemEx:NhËn ®­îc vËt phÈm] [Role:MaJas_ServeR (acc:rage01)] [Item:Bét Tr©n Ch©u (2,102,215,200,4)]
20260612-013418	INFO	COMMON	[acc:rage01 role:MaJas_ServeR][left_pearl][DisassembleLeftPearl(before)][ItemName:Xu©n-D­¬ng Trung][idx:1 attrid:32 values:{350,0,0,} probability:{10000,0,0,} frame:-1][idx:2 attrid:70 values:{50,0,0,} probability:{10000,0,0,} frame:-1][idx:3 attrid:66 values:{1000,0,0,} probability:{10000,0,0,} frame:-1][idx:4 attrid:65 values:{50000,0,0,} probability:{10000,0,0,} frame:-1][idx:5 attrid:80 values:{1000,0,0,} probability:{10000,0,0,} frame:-1][quench times:0]
20260612-013418	INFO	COMMON	[[LeftPearl][DisassembleLeftPearl]][gf_DelItem:*-1 (0,122,293,bBind=1), Success][Role:MaJas_ServeR (acc:rage01)]
20260612-013418	INFO	COMMON	[T¸ch th­¬ng h¶i ch©u] [AddItemEx:NhËn ®­îc vËt phÈm] [Role:MaJas_ServeR (acc:rage01)] [Item:Bét Tr©n Ch©u (2,102,215,200,4)]
20260612-013418	INFO	COMMON	[acc:rage01 role:MaJas_ServeR][left_pearl][DisassembleLeftPearl(before)][ItemName:Vô-Thñy V©n][idx:1 attrid:28 values:{300,0,0,} probability:{10000,0,0,} frame:-1][idx:2 attrid:89 values:{400,0,0,} probability:{10000,0,0,} frame:-1][idx:3 attrid:66 values:{1000,0,0,} probability:{10000,0,0,} frame:-1][idx:4 attrid:69 values:{50,0,0,} probability:{10000,0,0,} frame:-1][idx:5 attrid:90 values:{10,0,0,} probability:{10000,0,0,} frame:-1][quench times:0]
20260612-013418	INFO	COMMON	[[LeftPearl][DisassembleLeftPearl]][gf_DelItem:*-1 (0,122,270,bBind=1), Success][Role:MaJas_ServeR (acc:rage01)]
20260612-013418	INFO	COMMON	[T¸ch th­¬ng h¶i ch©u] [AddItemEx:NhËn ®­îc vËt phÈm] [Role:MaJas_ServeR (acc:rage01)] [Item:Bét Tr©n Ch©u (2,102,215,200,4)]
20260612-013418	INFO	COMMON	[acc:rage01 role:MaJas_ServeR][left_pearl][DisassembleLeftPearl(before)][ItemName:Thu-Ngù K×nh][idx:1 attrid:4 values:{800,0,0,} probability:{10000,0,0,} frame:-1][idx:2 attrid:88 values:{400,0,0,} probability:{10000,0,0,} frame:-1][idx:3 attrid:70 values:{50,0,0,} probability:{10000,0,0,} frame:-1][idx:4 attrid:89 values:{400,0,0,} probability:{10000,0,0,} frame:-1][idx:5 attrid:91 values:{1000,0,0,} probability:{10000,0,0,} frame:-1][quench times:0]
20260612-013418	INFO	COMMON	[[LeftPearl][DisassembleLeftPearl]][gf_DelItem:*-1 (0,122,336,bBind=1), Success][Role:MaJas_ServeR (acc:rage01)]
20260612-013418	INFO	COMMON	[T¸ch th­¬ng h¶i ch©u] [AddItemEx:NhËn ®­îc vËt phÈm] [Role:MaJas_ServeR (acc:rage01)] [Item:Bét Tr©n Ch©u (2,102,215,200,4)]
20260612-013418	INFO	COMMON	[acc:rage01 role:MaJas_ServeR][left_pearl][DisassembleLeftPearl(before)][ItemName:§«ng-Nguyªn Tù][idx:1 attrid:37 values:{300000,0,0,} probability:{10000,0,0,} frame:-1][idx:2 attrid:69 values:{50,0,0,} probability:{10000,0,0,} frame:-1][idx:3 attrid:71 values:{20,0,0,} probability:{10000,0,0,} frame:-1][idx:4 attrid:93 values:{500,0,0,} probability:{10000,0,0,} frame:-1][idx:5 attrid:68 values:{1000,0,0,} probability:{10000,0,0,} frame:18][quench times:0]
20260612-013418	INFO	COMMON	[[LeftPearl][DisassembleLeftPearl]][gf_DelItem:*-1 (0,122,361,bBind=1), Success][Role:MaJas_ServeR (acc:rage01)]
20260612-013418	INFO	COMMON	[T¸ch th­¬ng h¶i ch©u] [AddItemEx:NhËn ®­îc vËt phÈm] [Role:MaJas_ServeR (acc:rage01)] [Item:Bét Tr©n Ch©u (2,102,215,200,4)]
20260612-013418	INFO	COMMON	[acc:rage01 role:MaJas_ServeR][left_pearl][DisassembleLeftPearl(before)][ItemName:Thu-Ngù K×nh][idx:1 attrid:4 values:{800,0,0,} probability:{10000,0,0,} frame:-1][idx:2 attrid:89 values:{400,0,0,} probability:{10000,0,0,} frame:-1][idx:3 attrid:70 values:{50,0,0,} probability:{10000,0,0,} frame:-1][idx:4 attrid:88 values:{400,0,0,} probability:{10000,0,0,} frame:-1][idx:5 attrid:90 values:{10,0,0,} probability:{10000,0,0,} frame:-1][quench times:0]
20260612-013418	INFO	COMMON	[[LeftPearl][DisassembleLeftPearl]][gf_DelItem:*-1 (0,122,336,bBind=1), Success][Role:MaJas_ServeR (acc:rage01)]
20260612-013418	INFO	COMMON	[T¸ch th­¬ng h¶i ch©u] [AddItemEx:NhËn ®­îc vËt phÈm] [Role:MaJas_ServeR (acc:rage01)] [Item:Bét Tr©n Ch©u (2,102,215,200,4)]
20260612-013418	INFO	COMMON	[acc:rage01 role:MaJas_ServeR][left_pearl][DisassembleLeftPearl(before)][ItemName:H¹-Cöu Thö][idx:1 attrid:34 values:{70,0,0,} probability:{10000,0,0,} frame:-1][idx:2 attrid:64 values:{10,0,0,} probability:{10000,0,0,} frame:-1][idx:3 attrid:73 values:{20,0,0,} probability:{10000,0,0,} frame:-1][idx:4 attrid:94 values:{10,0,0,} probability:{10000,0,0,} frame:-1][idx:5 attrid:95 values:{10,0,0,} probability:{10000,0,0,} frame:-1][quench times:0]
20260612-013418	INFO	COMMON	[[LeftPearl][DisassembleLeftPearl]][gf_DelItem:*-1 (0,122,314,bBind=1), Success][Role:MaJas_ServeR (acc:rage01)]
20260612-013418	INFO	COMMON	[T¸ch th­¬ng h¶i ch©u] [AddItemEx:NhËn ®­îc vËt phÈm] [Role:MaJas_ServeR (acc:rage01)] [Item:Bét Tr©n Ch©u (2,102,215,200,4)]
20260612-013418	INFO	COMMON	[acc:rage01 role:MaJas_ServeR][left_pearl][DisassembleLeftPearl(before)][ItemName:§Þa-Ngù K×nh][idx:1 attrid:4 values:{800,0,0,} probability:{10000,0,0,} frame:-1][idx:2 attrid:82 values:{100,0,0,} probability:{10000,0,0,} frame:-1][idx:3 attrid:89 values:{400,0,0,} probability:{10000,0,0,} frame:-1][idx:4 attrid:83 values:{100,0,0,} probability:{10000,0,0,} frame:-1][idx:5 attrid:84 values:{100,0,0,} probability:{10000,0,0,} frame:-1][quench times:0]
20260612-013418	INFO	COMMON	[[LeftPearl][DisassembleLeftPearl]][gf_DelItem:*-1 (0,122,175,bBind=1), Success][Role:MaJas_ServeR (acc:rage01)]
20260612-013418	INFO	COMMON	[T¸ch th­¬ng h¶i ch©u] [AddItemEx:NhËn ®­îc vËt phÈm] [Role:MaJas_ServeR (acc:rage01)] [Item:Bét Tr©n Ch©u (2,102,215,200,4)]
20260612-013418	INFO	COMMON	[acc:rage01 role:MaJas_ServeR][left_pearl][DisassembleLeftPearl(before)][ItemName:H¶i-Ngù K×nh][idx:1 attrid:4 values:{800,0,0,} probability:{10000,0,0,} frame:-1][idx:2 attrid:89 values:{400,0,0,} probability:{10000,0,0,} frame:-1][idx:3 attrid:70 values:{50,0,0,} probability:{10000,0,0,} frame:-1][idx:4 attrid:65 values:{50000,0,0,} probability:{10000,0,0,} frame:-1][idx:5 attrid:90 values:{10,0,0,} probability:{10000,0,0,} frame:-1][quench times:0]
20260612-013418	INFO	COMMON	[[LeftPearl][DisassembleLeftPearl]][gf_DelItem:*-1 (0,122,217,bBind=1), Success][Role:MaJas_ServeR (acc:rage01)]
20260612-013418	INFO	COMMON	[T¸ch th­¬ng h¶i ch©u] [AddItemEx:NhËn ®­îc vËt phÈm] [Role:MaJas_ServeR (acc:rage01)] [Item:Bét Tr©n Ch©u (2,102,215,200,4)]
20260612-013418	INFO	COMMON	[acc:rage01 role:MaJas_ServeR][left_pearl][DisassembleLeftPearl(before)][ItemName:Xu©n-Ngù K×nh][idx:1 attrid:4 values:{800,0,0,} probability:{10000,0,0,} frame:-1][idx:2 attrid:60 values:{10,0,0,} probability:{2000,0,0,} frame:180][idx:3 attrid:70 values:{50,0,0,} probability:{10000,0,0,} frame:-1][idx:4 attrid:66 values:{1000,0,0,} probability:{10000,0,0,} frame:-1][idx:5 attrid:93 values:{500,0,0,} probability:{10000,0,0,} frame:-1][quench times:0]
20260612-013418	INFO	COMMON	[[LeftPearl][DisassembleLeftPearl]][gf_DelItem:*-1 (0,122,294,bBind=1), Success][Role:MaJas_ServeR (acc:rage01)]
20260612-013418	INFO	COMMON	[T¸ch th­¬ng h¶i ch©u] [AddItemEx:NhËn ®­îc vËt phÈm] [Role:MaJas_ServeR (acc:rage01)] [Item:Bét Tr©n Ch©u (2,102,215,200,4)]
20260612-013418	INFO	COMMON	[acc:rage01 role:MaJas_ServeR][left_pearl][DisassembleLeftPearl(before)][ItemName:Phong-Ngù K×nh][idx:1 attrid:4 values:{800,0,0,} probability:{10000,0,0,} frame:-1][idx:2 attrid:88 values:{400,0,0,} probability:{10000,0,0,} frame:-1][idx:3 attrid:66 values:{1000,0,0,} probability:{10000,0,0,} frame:-1][idx:4 attrid:70 values:{50,0,0,} probability:{10000,0,0,} frame:-1][idx:5 attrid:91 values:{1000,0,0,} probability:{10000,0,0,} frame:-1][quench times:0]
20260612-013418	INFO	COMMON	[[LeftPearl][DisassembleLeftPearl]][gf_DelItem:*-1 (0,122,245,bBind=1), Success][Role:MaJas_ServeR (acc:rage01)]
20260612-013418	INFO	COMMON	[T¸ch th­¬ng h¶i ch©u] [AddItemEx:NhËn ®­îc vËt phÈm] [Role:MaJas_ServeR (acc:rage01)] [Item:Bét Tr©n Ch©u (2,102,215,200,4)]
20260612-013418	INFO	COMMON	[acc:rage01 role:MaJas_ServeR][left_pearl][DisassembleLeftPearl(before)][ItemName:S­¬ng-Ngù K×nh][idx:1 attrid:4 values:{800,0,0,} probability:{10000,0,0,} frame:-1][idx:2 attrid:67 values:{10,0,0,} probability:{10000,0,0,} frame:-1][idx:3 attrid:74 values:{10,0,0,} probability:{10000,0,0,} frame:-1][idx:4 attrid:95 values:{10,0,0,} probability:{10000,0,0,} frame:-1][idx:5 attrid:69 values:{50,0,0,} probability:{10000,0,0,} frame:-1][quench times:0]
20260612-013418	INFO	COMMON	[[LeftPearl][DisassembleLeftPearl]][gf_DelItem:*-1 (0,122,560,bBind=1), Success][Role:MaJas_ServeR (acc:rage01)]
20260612-013418	INFO	COMMON	[T¸ch th­¬ng h¶i ch©u] [AddItemEx:NhËn ®­îc vËt phÈm] [Role:MaJas_ServeR (acc:rage01)] [Item:Bét Tr©n Ch©u (2,102,215,200,4)]
20260612-013418	INFO	COMMON	[acc:rage01 role:MaJas_ServeR][left_pearl][DisassembleLeftPearl(before)][ItemName:ThÇn-Ngù K×nh][idx:1 attrid:4 values:{800,0,0,} probability:{10000,0,0,} frame:-1][idx:2 attrid:70 values:{50,0,0,} probability:{10000,0,0,} frame:-1][idx:3 attrid:86 values:{100,0,0,} probability:{10000,0,0,} frame:-1][idx:4 attrid:82 values:{100,0,0,} probability:{10000,0,0,} frame:-1][idx:5 attrid:65 values:{50000,0,0,} probability:{10000,0,0,} frame:-1][quench times:0]
20260612-013418	INFO	COMMON	[[LeftPearl][DisassembleLeftPearl]][gf_DelItem:*-1 (0,122,133,bBind=1), Success][Role:MaJas_ServeR (acc:rage01)]
20260612-013418	INFO	COMMON	[T¸ch th­¬ng h¶i ch©u] [AddItemEx:NhËn ®­îc vËt phÈm] [Role:MaJas_ServeR (acc:rage01)] [Item:Bét Tr©n Ch©u (2,102,215,200,4)]
20260612-013418	INFO	COMMON	[acc:rage01 role:MaJas_ServeR][left_pearl][DisassembleLeftPearl(before)][ItemName:S¬n-Ngäc Ch­íng][idx:1 attrid:22 values:{700,0,0,} probability:{10000,0,0,} frame:-1][idx:2 attrid:63 values:{10,0,0,} probability:{10000,0,0,} frame:-1][idx:3 attrid:65 values:{50000,0,0,} probability:{10000,0,0,} frame:-1][idx:4 attrid:62 values:{10,0,0,} probability:{10000,0,0,} frame:-1][idx:5 attrid:66 values:{1000,0,0,} probability:{10000,0,0,} frame:-1][quench times:0]
20260612-013418	INFO	COMMON	[[LeftPearl][DisassembleLeftPearl]][gf_DelItem:*-1 (0,122,195,bBind=1), Success][Role:MaJas_ServeR (acc:rage01)]
20260612-013418	INFO	COMMON	[T¸ch th­¬ng h¶i ch©u] [AddItemEx:NhËn ®­îc vËt phÈm] [Role:MaJas_ServeR (acc:rage01)] [Item:Bét Tr©n Ch©u (2,102,215,200,4)]
20260612-013418	INFO	COMMON	[acc:rage01 role:MaJas_ServeR][left_pearl][DisassembleLeftPearl(before)][ItemName:Thu-Ngù K×nh][idx:1 attrid:4 values:{800,0,0,} probability:{10000,0,0,} frame:-1][idx:2 attrid:70 values:{50,0,0,} probability:{10000,0,0,} frame:-1][idx:3 attrid:90 values:{10,0,0,} probability:{10000,0,0,} frame:-1][idx:4 attrid:88 values:{400,0,0,} probability:{10000,0,0,} frame:-1][idx:5 attrid:89 values:{400,0,0,} probability:{10000,0,0,} frame:-1][quench times:0]
20260612-013418	INFO	COMMON	[[LeftPearl][DisassembleLeftPearl]][gf_DelItem:*-1 (0,122,336,bBind=1), Success][Role:MaJas_ServeR (acc:rage01)]
20260612-013418	INFO	COMMON	[T¸ch th­¬ng h¶i ch©u] [AddItemEx:NhËn ®­îc vËt phÈm] [Role:MaJas_ServeR (acc:rage01)] [Item:Bét Tr©n Ch©u (2,102,215,200,4)]
20260612-013418	INFO	COMMON	[acc:rage01 role:MaJas_ServeR][left_pearl][DisassembleLeftPearl(before)][ItemName:S¬n-Ngù K×nh][idx:1 attrid:4 values:{800,0,0,} probability:{10000,0,0,} frame:-1][idx:2 attrid:62 values:{10,0,0,} probability:{10000,0,0,} frame:-1][idx:3 attrid:65 values:{50000,0,0,} probability:{10000,0,0,} frame:-1][idx:4 attrid:66 values:{1000,0,0,} probability:{10000,0,0,} frame:-1][idx:5 attrid:64 values:{10,0,0,} probability:{10000,0,0,} frame:-1][quench times:0]
20260612-013418	INFO	COMMON	[[LeftPearl][DisassembleLeftPearl]][gf_DelItem:*-1 (0,122,196,bBind=1), Success][Role:MaJas_ServeR (acc:rage01)]
20260612-013418	INFO	COMMON	[T¸ch th­¬ng h¶i ch©u] [AddItemEx:NhËn ®­îc vËt phÈm] [Role:MaJas_ServeR (acc:rage01)] [Item:Bét Tr©n Ch©u (2,102,215,200,4)]
20260612-013418	INFO	COMMON	[acc:rage01 role:MaJas_ServeR][left_pearl][DisassembleLeftPearl(before)][ItemName:Thiªn-Hång Qu©n][idx:1 attrid:17 values:{500,0,0,} probability:{2000,0,0,} frame:180][idx:2 attrid:88 values:{400,0,0,} probability:{10000,0,0,} frame:-1][idx:3 attrid:89 values:{400,0,0,} probability:{10000,0,0,} frame:-1][idx:4 attrid:90 values:{10,0,0,} probability:{10000,0,0,} frame:-1][idx:5 attrid:70 values:{50,0,0,} probability:{10000,0,0,} frame:-1][quench times:0]
20260612-013418	INFO	COMMON	[[LeftPearl][DisassembleLeftPearl]][gf_DelItem:*-1 (0,122,152,bBind=1), Success][Role:MaJas_ServeR (acc:rage01)]
20260612-013418	INFO	COMMON	[T¸ch th­¬ng h¶i ch©u] [AddItemEx:NhËn ®­îc vËt phÈm] [Role:MaJas_ServeR (acc:rage01)] [Item:Bét Tr©n Ch©u (2,102,215,200,4)]
20260612-013418	INFO	COMMON	[acc:rage01 role:MaJas_ServeR][left_pearl][DisassembleLeftPearl(before)][ItemName:Vô-Ngù K×nh][idx:1 attrid:4 values:{800,0,0,} probability:{10000,0,0,} frame:-1][idx:2 attrid:89 values:{400,0,0,} probability:{10000,0,0,} frame:-1][idx:3 attrid:70 values:{50,0,0,} probability:{10000,0,0,} frame:-1][idx:4 attrid:76 values:{100,0,0,} probability:{10000,0,0,} frame:-1][idx:5 attrid:69 values:{50,0,0,} probability:{10000,0,0,} frame:-1][quench times:0]
20260612-013418	INFO	COMMON	[[LeftPearl][DisassembleLeftPearl]][gf_DelItem:*-1 (0,122,273,bBind=1), Success][Role:MaJas_ServeR (acc:rage01)]
20260612-013418	INFO	COMMON	[T¸ch th­¬ng h¶i ch©u] [AddItemEx:NhËn ®­îc vËt phÈm] [Role:MaJas_ServeR (acc:rage01)] [Item:Bét Tr©n Ch©u (2,102,215,200,4)]
20260612-013420	INFO	COMMON	[[LeftPearl][IdentifyLeftPearl]][gf_DelItem:Th­¬ng H¶i Ch©u CÊp 7 (*1 (2,102,214,bBind=1), Success][Role:MaJas_ServeR (acc:rage01)]
20260612-013420	INFO	COMMON	[[LeftPearl][IdentifyLeftPearl]] [AddItemEx:NhËn ®­îc vËt phÈm] [Role:MaJas_ServeR (acc:rage01)] [Item:S­¬ng-Ngù K×nh(cÊp 7) (0,122,560,1,4)]
20260612-013420	INFO	COMMON	[acc:rage01 role:MaJas_ServeR][left_pearl][IdentifyLeftPearl][ItemName:S­¬ng-Ngù K×nh][idx:1 attrid:4 values:{800,0,0,} probability:{10000,0,0,} frame:-1][idx:2 attrid:67 values:{10,0,0,} probability:{10000,0,0,} frame:-1][idx:3 attrid:70 values:{50,0,0,} probability:{10000,0,0,} frame:-1][idx:4 attrid:73 values:{20,0,0,} probability:{10000,0,0,} frame:-1][idx:5 attrid:69 values:{50,0,0,} probability:{10000,0,0,} frame:-1][quench times:0]
20260612-013420	INFO	COMMON	[[LeftPearl][IdentifyLeftPearl]][gf_DelItem:Th­¬ng H¶i Ch©u CÊp 7 (*1 (2,102,214,bBind=1), Success][Role:MaJas_ServeR (acc:rage01)]
20260612-013420	INFO	COMMON	[[LeftPearl][IdentifyLeftPearl]] [AddItemEx:NhËn ®­îc vËt phÈm] [Role:MaJas_ServeR (acc:rage01)] [Item:V¹n T­îng-Vô-Ngù K×nh(cÊp 7) (0,122,638,1,4)]
20260612-013420	INFO	COMMON	[[LeftPearl][IdentifyLeftPearl]][gf_DelItem:Th­¬ng H¶i Ch©u CÊp 7 (*1 (2,102,214,bBind=1), Success][Role:MaJas_ServeR (acc:rage01)]
20260612-013420	INFO	COMMON	[[LeftPearl][IdentifyLeftPearl]] [AddItemEx:NhËn ®­îc vËt phÈm] [Role:MaJas_ServeR (acc:rage01)] [Item:NhËt-Ngu Uyªn(cÊp 7) (0,122,27,1,4)]
20260612-013420	INFO	COMMON	[acc:rage01 role:MaJas_ServeR][left_pearl][IdentifyLeftPearl][ItemName:NhËt-Ngu Uyªn][idx:1 attrid:3 values:{5000,0,0,} probability:{10000,0,0,} frame:-1][idx:2 attrid:68 values:{1000,0,0,} probability:{10000,0,0,} frame:18][idx:3 attrid:63 values:{10,0,0,} probability:{10000,0,0,} frame:-1][idx:4 attrid:65 values:{50000,0,0,} probability:{10000,0,0,} frame:-1][idx:5 attrid:67 values:{10,0,0,} probability:{10000,0,0,} frame:-1][quench times:0]
20260612-013421	INFO	COMMON	[[LeftPearl][IdentifyLeftPearl]][gf_DelItem:Th­¬ng H¶i Ch©u CÊp 7 (*1 (2,102,214,bBind=1), Success][Role:MaJas_ServeR (acc:rage01)]
20260612-013421	INFO	COMMON	[[LeftPearl][IdentifyLeftPearl]] [AddItemEx:NhËn ®­îc vËt phÈm] [Role:MaJas_ServeR (acc:rage01)] [Item:V¹n T­îng-H¶i-Th­¬ng Minh(cÊp 7) (0,122,620,1,4)]
20260612-013421	INFO	COMMON	[[LeftPearl][IdentifyLeftPearl]][gf_DelItem:Th­¬ng H¶i Ch©u CÊp 7 (*1 (2,102,214,bBind=1), Success][Role:MaJas_ServeR (acc:rage01)]
20260612-013421	INFO	COMMON	[[LeftPearl][IdentifyLeftPearl]] [AddItemEx:NhËn ®­îc vËt phÈm] [Role:MaJas_ServeR (acc:rage01)] [Item:Phong-Nam Hu©n(cÊp 7) (0,122,243,1,4)]
20260612-013421	INFO	COMMON	[acc:rage01 role:MaJas_ServeR][left_pearl][IdentifyLeftPearl][ItemName:Phong-Nam Hu©n][idx:1 attrid:26 values:{1180,1190,3500,} probability:{10000,10000,10000,} frame:-1][idx:2 attrid:65 values:{50000,0,0,} probability:{10000,0,0,} frame:-1][idx:3 attrid:91 values:{1000,0,0,} probability:{10000,0,0,} frame:-1][idx:4 attrid:90 values:{10,0,0,} probability:{10000,0,0,} frame:-1][idx:5 attrid:70 values:{50,0,0,} probability:{10000,0,0,} frame:-1][quench times:0]
20260612-013421	INFO	COMMON	[[LeftPearl][IdentifyLeftPearl]][gf_DelItem:Th­¬ng H¶i Ch©u CÊp 7 (*1 (2,102,214,bBind=1), Success][Role:MaJas_ServeR (acc:rage01)]
20260612-013421	INFO	COMMON	[[LeftPearl][IdentifyLeftPearl]] [AddItemEx:NhËn ®­îc vËt phÈm] [Role:MaJas_ServeR (acc:rage01)] [Item:S­¬ng-Ngù K×nh(cÊp 7) (0,122,560,1,4)]
20260612-013421	INFO	COMMON	[acc:rage01 role:MaJas_ServeR][left_pearl][IdentifyLeftPearl][ItemName:S­¬ng-Ngù K×nh][idx:1 attrid:4 values:{800,0,0,} probability:{10000,0,0,} frame:-1][idx:2 attrid:67 values:{10,0,0,} probability:{10000,0,0,} frame:-1][idx:3 attrid:94 values:{10,0,0,} probability:{10000,0,0,} frame:-1][idx:4 attrid:69 values:{50,0,0,} probability:{10000,0,0,} frame:-1][idx:5 attrid:70 values:{50,0,0,} probability:{10000,0,0,} frame:-1][quench times:0]
20260612-013421	INFO	COMMON	[[LeftPearl][IdentifyLeftPearl]][gf_DelItem:Th­¬ng H¶i Ch©u CÊp 7 (*1 (2,102,214,bBind=1), Success][Role:MaJas_ServeR (acc:rage01)]
20260612-013421	INFO	COMMON	[[LeftPearl][IdentifyLeftPearl]] [AddItemEx:NhËn ®­îc vËt phÈm] [Role:MaJas_ServeR (acc:rage01)] [Item:V¹n T­îng-S­¬ng-Ngù K×nh(cÊp 7) (0,122,720,1,4)]
20260612-013421	INFO	COMMON	[[LeftPearl][IdentifyLeftPearl]][gf_DelItem:Th­¬ng H¶i Ch©u CÊp 7 (*1 (2,102,214,bBind=1), Success][Role:MaJas_ServeR (acc:rage01)]
20260612-013421	INFO	COMMON	[[LeftPearl][IdentifyLeftPearl]] [AddItemEx:NhËn ®­îc vËt phÈm] [Role:MaJas_ServeR (acc:rage01)] [Item:V¹n T­îng-Thu-Ngù K×nh(cÊp 7) (0,122,656,1,4)]
20260612-013421	INFO	COMMON	[[LeftPearl][IdentifyLeftPearl]][gf_DelItem:Th­¬ng H¶i Ch©u CÊp 7 (*1 (2,102,214,bBind=1), Success][Role:MaJas_ServeR (acc:rage01)]
20260612-013421	INFO	COMMON	[[LeftPearl][IdentifyLeftPearl]] [AddItemEx:NhËn ®­îc vËt phÈm] [Role:MaJas_ServeR (acc:rage01)] [Item:S­¬ng-S­¬ng Tù(cÊp 7) (0,122,559,1,4)]
20260612-013421	INFO	COMMON	[acc:rage01 role:MaJas_ServeR][left_pearl][IdentifyLeftPearl][ItemName:S­¬ng-S­¬ng Tù][idx:1 attrid:15 values:{300,0,0,} probability:{10000,0,0,} frame:-1][idx:2 attrid:74 values:{10,0,0,} probability:{10000,0,0,} frame:-1][idx:3 attrid:67 values:{10,0,0,} probability:{10000,0,0,} frame:-1][idx:4 attrid:94 values:{10,0,0,} probability:{10000,0,0,} frame:-1][idx:5 attrid:70 values:{50,0,0,} probability:{10000,0,0,} frame:-1][quench times:0]
20260612-013422	INFO	COMMON	[[LeftPearl][IdentifyLeftPearl]][gf_DelItem:Th­¬ng H¶i Ch©u CÊp 7 (*1 (2,102,214,bBind=1), Success][Role:MaJas_ServeR (acc:rage01)]
20260612-013422	INFO	COMMON	[[LeftPearl][IdentifyLeftPearl]] [AddItemEx:NhËn ®­îc vËt phÈm] [Role:MaJas_ServeR (acc:rage01)] [Item:V¹n T­îng-Vô-Ngù K×nh(cÊp 7) (0,122,638,1,4)]
20260612-013422	INFO	COMMON	[[LeftPearl][IdentifyLeftPearl]][gf_DelItem:Th­¬ng H¶i Ch©u CÊp 7 (*1 (2,102,214,bBind=1), Success][Role:MaJas_ServeR (acc:rage01)]
20260612-013422	INFO	COMMON	[[LeftPearl][IdentifyLeftPearl]] [AddItemEx:NhËn ®­îc vËt phÈm] [Role:MaJas_ServeR (acc:rage01)] [Item:S¬n-Ngù K×nh(cÊp 7) (0,122,196,1,4)]
20260612-013422	INFO	COMMON	[acc:rage01 role:MaJas_ServeR][left_pearl][IdentifyLeftPearl][ItemName:S¬n-Ngù K×nh][idx:1 attrid:4 values:{800,0,0,} probability:{10000,0,0,} frame:-1][idx:2 attrid:64 values:{10,0,0,} probability:{10000,0,0,} frame:-1][idx:3 attrid:65 values:{50000,0,0,} probability:{10000,0,0,} frame:-1][idx:4 attrid:66 values:{1000,0,0,} probability:{10000,0,0,} frame:-1][idx:5 attrid:63 values:{10,0,0,} probability:{10000,0,0,} frame:-1][quench times:0]
20260612-013422	INFO	COMMON	[[LeftPearl][IdentifyLeftPearl]][gf_DelItem:Th­¬ng H¶i Ch©u CÊp 7 (*1 (2,102,214,bBind=1), Success][Role:MaJas_ServeR (acc:rage01)]
20260612-013422	INFO	COMMON	[[LeftPearl][IdentifyLeftPearl]] [AddItemEx:NhËn ®­îc vËt phÈm] [Role:MaJas_ServeR (acc:rage01)] [Item:V¹n T­îng-S¬n-Ngäc Ch­íng(cÊp 7) (0,122,615,1,4)]
20260612-013422	INFO	COMMON	[[LeftPearl][IdentifyLeftPearl]][gf_DelItem:Th­¬ng H¶i Ch©u CÊp 7 (*1 (2,102,214,bBind=1), Success][Role:MaJas_ServeR (acc:rage01)]
20260612-013422	INFO	COMMON	[[LeftPearl][IdentifyLeftPearl]] [AddItemEx:NhËn ®­îc vËt phÈm] [Role:MaJas_ServeR (acc:rage01)] [Item:V¹n T­îng-S­¬ng-S­¬ng Tù(cÊp 7) (0,122,719,1,4)]
20260612-013422	INFO	COMMON	[[LeftPearl][IdentifyLeftPearl]][gf_DelItem:Th­¬ng H¶i Ch©u CÊp 7 (*1 (2,102,214,bBind=1), Success][Role:MaJas_ServeR (acc:rage01)]
20260612-013422	INFO	COMMON	[[LeftPearl][IdentifyLeftPearl]] [AddItemEx:NhËn ®­îc vËt phÈm] [Role:MaJas_ServeR (acc:rage01)] [Item:V¹n T­îng-Vô-Ngù K×nh(cÊp 7) (0,122,638,1,4)]
20260612-013423	INFO	COMMON	[[LeftPearl][IdentifyLeftPearl]][gf_DelItem:Th­¬ng H¶i Ch©u CÊp 7 (*1 (2,102,214,bBind=1), Success][Role:MaJas_ServeR (acc:rage01)]
20260612-013423	INFO	COMMON	[[LeftPearl][IdentifyLeftPearl]] [AddItemEx:NhËn ®­îc vËt phÈm] [Role:MaJas_ServeR (acc:rage01)] [Item:V¹n T­îng-Thiªn-Hång Qu©n(cÊp 7) (0,122,602,1,4)]
20260612-013423	INFO	COMMON	[[LeftPearl][IdentifyLeftPearl]][gf_DelItem:Th­¬ng H¶i Ch©u CÊp 7 (*1 (2,102,214,bBind=1), Success][Role:MaJas_ServeR (acc:rage01)]
20260612-013423	INFO	COMMON	[[LeftPearl][IdentifyLeftPearl]] [AddItemEx:NhËn ®­îc vËt phÈm] [Role:MaJas_ServeR (acc:rage01)] [Item:S¬n-Sïng A(cÊp 7) (0,122,194,1,4)]
20260612-013423	INFO	COMMON	[acc:rage01 role:MaJas_ServeR][left_pearl][IdentifyLeftPearl][ItemName:S¬n-Sïng A][idx:1 attrid:21 values:{700,0,0,} probability:{10000,0,0,} frame:-1][idx:2 attrid:62 values:{10,0,0,} probability:{10000,0,0,} frame:-1][idx:3 attrid:64 values:{10,0,0,} probability:{10000,0,0,} frame:-1][idx:4 attrid:63 values:{10,0,0,} probability:{10000,0,0,} frame:-1][idx:5 attrid:65 values:{50000,0,0,} probability:{10000,0,0,} frame:-1][quench times:0]
20260612-013423	INFO	COMMON	[[LeftPearl][IdentifyLeftPearl]][gf_DelItem:Th­¬ng H¶i Ch©u CÊp 7 (*1 (2,102,214,bBind=1), Success][Role:MaJas_ServeR (acc:rage01)]
20260612-013423	INFO	COMMON	[[LeftPearl][IdentifyLeftPearl]] [AddItemEx:NhËn ®­îc vËt phÈm] [Role:MaJas_ServeR (acc:rage01)] [Item:V¹n T­îng-ThÇn-Ngù K×nh(cÊp 7) (0,122,598,1,4)]
20260612-013424	INFO	COMMON	[[LeftPearl][IdentifyLeftPearl]][gf_DelItem:Th­¬ng H¶i Ch©u CÊp 7 (*1 (2,102,214,bBind=1), Success][Role:MaJas_ServeR (acc:rage01)]
20260612-013424	INFO	COMMON	[[LeftPearl][IdentifyLeftPearl]] [AddItemEx:NhËn ®­îc vËt phÈm] [Role:MaJas_ServeR (acc:rage01)] [Item:Xu©n-D­¬ng Trung(cÊp 7) (0,122,293,1,4)]
20260612-013424	INFO	COMMON	[acc:rage01 role:MaJas_ServeR][left_pearl][IdentifyLeftPearl][ItemName:Xu©n-D­¬ng Trung][idx:1 attrid:32 values:{350,0,0,} probability:{10000,0,0,} frame:-1][idx:2 attrid:70 values:{50,0,0,} probability:{10000,0,0,} frame:-1][idx:3 attrid:60 values:{10,0,0,} probability:{2000,0,0,} frame:180][idx:4 attrid:66 values:{1000,0,0,} probability:{10000,0,0,} frame:-1][idx:5 attrid:69 values:{50,0,0,} probability:{10000,0,0,} frame:-1][quench times:0]
20260612-013424	INFO	COMMON	[[LeftPearl][IdentifyLeftPearl]][gf_DelItem:Th­¬ng H¶i Ch©u CÊp 7 (*1 (2,102,214,bBind=1), Success][Role:MaJas_ServeR (acc:rage01)]
20260612-013424	INFO	COMMON	[[LeftPearl][IdentifyLeftPearl]] [AddItemEx:NhËn ®­îc vËt phÈm] [Role:MaJas_ServeR (acc:rage01)] [Item:V¹n T­îng-H¶i-Th­¬ng Minh(cÊp 7) (0,122,620,1,4)]
20260612-013424	INFO	COMMON	[[LeftPearl][IdentifyLeftPearl]][gf_DelItem:Th­¬ng H¶i Ch©u CÊp 7 (*1 (2,102,214,bBind=1), Success][Role:MaJas_ServeR (acc:rage01)]
20260612-013424	INFO	COMMON	[[LeftPearl][IdentifyLeftPearl]] [AddItemEx:NhËn ®­îc vËt phÈm] [Role:MaJas_ServeR (acc:rage01)] [Item:ThÇn-Ngù K×nh(cÊp 7) (0,122,133,1,4)]
20260612-013424	INFO	COMMON	[acc:rage01 role:MaJas_ServeR][left_pearl][IdentifyLeftPearl][ItemName:ThÇn-Ngù K×nh][idx:1 attrid:4 values:{800,0,0,} probability:{10000,0,0,} frame:-1][idx:2 attrid:66 values:{1000,0,0,} probability:{10000,0,0,} frame:-1][idx:3 attrid:70 values:{50,0,0,} probability:{10000,0,0,} frame:-1][idx:4 attrid:85 values:{100,0,0,} probability:{10000,0,0,} frame:-1][idx:5 attrid:82 values:{100,0,0,} probability:{10000,0,0,} frame:-1][quench times:0]
20260612-013424	INFO	COMMON	[[LeftPearl][IdentifyLeftPearl]][gf_DelItem:Th­¬ng H¶i Ch©u CÊp 7 (*1 (2,102,214,bBind=1), Success][Role:MaJas_ServeR (acc:rage01)]
20260612-013424	INFO	COMMON	[[LeftPearl][IdentifyLeftPearl]] [AddItemEx:NhËn ®­îc vËt phÈm] [Role:MaJas_ServeR (acc:rage01)] [Item:H¹-Chu Minh(cÊp 7) (0,122,313,1,4)]
20260612-013424	INFO	COMMON	[acc:rage01 role:MaJas_ServeR][left_pearl][IdentifyLeftPearl][ItemName:H¹-Chu Minh][idx:1 attrid:33 values:{70,0,0,} probability:{10000,0,0,} frame:-1][idx:2 attrid:95 values:{10,0,0,} probability:{10000,0,0,} frame:-1][idx:3 attrid:99 values:{200,0,0,} probability:{10000,0,0,} frame:-1][idx:4 attrid:73 values:{20,0,0,} probability:{10000,0,0,} frame:-1][idx:5 attrid:94 values:{10,0,0,} probability:{10000,0,0,} frame:-1][quench times:0]
20260612-013424	INFO	COMMON	[[LeftPearl][IdentifyLeftPearl]][gf_DelItem:Th­¬ng H¶i Ch©u CÊp 7 (*1 (2,102,214,bBind=1), Success][Role:MaJas_ServeR (acc:rage01)]
20260612-013424	INFO	COMMON	[[LeftPearl][IdentifyLeftPearl]] [AddItemEx:NhËn ®­îc vËt phÈm] [Role:MaJas_ServeR (acc:rage01)] [Item:NguyÖt-Ngäc Bµn(cÊp 7) (0,122,74,1,4)]
20260612-013424	INFO	COMMON	[acc:rage01 role:MaJas_ServeR][left_pearl][IdentifyLeftPearl][ItemName:NguyÖt-Ngäc Bµn][idx:1 attrid:8 values:{500,0,0,} probability:{10000,0,0,} frame:-1][idx:2 attrid:73 values:{20,0,0,} probability:{10000,0,0,} frame:-1][idx:3 attrid:66 values:{1000,0,0,} probability:{10000,0,0,} frame:-1][idx:4 attrid:65 values:{50000,0,0,} probability:{10000,0,0,} frame:-1][idx:5 attrid:74 values:{10,0,0,} probability:{10000,0,0,} frame:-1][quench times:0]
20260612-013424	INFO	COMMON	[[LeftPearl][IdentifyLeftPearl]][gf_DelItem:Th­¬ng H¶i Ch©u CÊp 7 (*1 (2,102,214,bBind=1), Success][Role:MaJas_ServeR (acc:rage01)]
20260612-013424	INFO	COMMON	[[LeftPearl][IdentifyLeftPearl]] [AddItemEx:NhËn ®­îc vËt phÈm] [Role:MaJas_ServeR (acc:rage01)] [Item:V¹n T­îng-Xu©n-D­¬ng Trung(cÊp 7) (0,122,643,1,4)]
20260612-013425	INFO	COMMON	[[LeftPearl][IdentifyLeftPearl]][gf_DelItem:Th­¬ng H¶i Ch©u CÊp 7 (*1 (2,102,214,bBind=1), Success][Role:MaJas_ServeR (acc:rage01)]
20260612-013425	INFO	COMMON	[[LeftPearl][IdentifyLeftPearl]] [AddItemEx:NhËn ®­îc vËt phÈm] [Role:MaJas_ServeR (acc:rage01)] [Item:S­¬ng-Ngù K×nh(cÊp 7) (0,122,560,1,4)]
20260612-013425	INFO	COMMON	[acc:rage01 role:MaJas_ServeR][left_pearl][IdentifyLeftPearl][ItemName:S­¬ng-Ngù K×nh][idx:1 attrid:4 values:{800,0,0,} probability:{10000,0,0,} frame:-1][idx:2 attrid:87 values:{100,0,0,} probability:{10000,0,0,} frame:-1][idx:3 attrid:94 values:{10,0,0,} probability:{10000,0,0,} frame:-1][idx:4 attrid:67 values:{10,0,0,} probability:{10000,0,0,} frame:-1][idx:5 attrid:69 values:{50,0,0,} probability:{10000,0,0,} frame:-1][quench times:0]
20260612-013425	INFO	COMMON	[[LeftPearl][IdentifyLeftPearl]][gf_DelItem:Th­¬ng H¶i Ch©u CÊp 7 (*1 (2,102,214,bBind=1), Success][Role:MaJas_ServeR (acc:rage01)]
20260612-013425	INFO	COMMON	[[LeftPearl][IdentifyLeftPearl]] [AddItemEx:NhËn ®­îc vËt phÈm] [Role:MaJas_ServeR (acc:rage01)] [Item:V¹n T­îng-Xu©n-Thanh D­¬ng(cÊp 7) (0,122,642,1,4)]
20260612-013425	INFO	COMMON	[[LeftPearl][IdentifyLeftPearl]][gf_DelItem:Th­¬ng H¶i Ch©u CÊp 7 (*1 (2,102,214,bBind=1), Success][Role:MaJas_ServeR (acc:rage01)]
20260612-013425	INFO	COMMON	[[LeftPearl][IdentifyLeftPearl]] [AddItemEx:NhËn ®­îc vËt phÈm] [Role:MaJas_ServeR (acc:rage01)] [Item:V¹n T­îng-Vò-Ngù K×nh(cÊp 7) (0,122,704,1,4)]
20260612-013425	INFO	COMMON	[[LeftPearl][IdentifyLeftPearl]][gf_DelItem:Th­¬ng H¶i Ch©u CÊp 7 (*1 (2,102,214,bBind=1), Success][Role:MaJas_ServeR (acc:rage01)]
20260612-013425	INFO	COMMON	[[LeftPearl][IdentifyLeftPearl]] [AddItemEx:NhËn ®­îc vËt phÈm] [Role:MaJas_ServeR (acc:rage01)] [Item:Phong-Nam Hu©n(cÊp 7) (0,122,243,1,4)]
20260612-013425	INFO	COMMON	[acc:rage01 role:MaJas_ServeR][left_pearl][IdentifyLeftPearl][ItemName:Phong-Nam Hu©n][idx:1 attrid:26 values:{1180,1190,3500,} probability:{10000,10000,10000,} frame:-1][idx:2 attrid:88 values:{400,0,0,} probability:{10000,0,0,} frame:-1][idx:3 attrid:91 values:{1000,0,0,} probability:{10000,0,0,} frame:-1][idx:4 attrid:66 values:{1000,0,0,} probability:{10000,0,0,} frame:-1][idx:5 attrid:69 values:{50,0,0,} probability:{10000,0,0,} frame:-1][quench times:0]
20260612-013425	INFO	COMMON	[[LeftPearl][IdentifyLeftPearl]][gf_DelItem:Th­¬ng H¶i Ch©u CÊp 7 (*1 (2,102,214,bBind=1), Success][Role:MaJas_ServeR (acc:rage01)]
20260612-013425	INFO	COMMON	[[LeftPearl][IdentifyLeftPearl]] [AddItemEx:NhËn ®­îc vËt phÈm] [Role:MaJas_ServeR (acc:rage01)] [Item:V¹n T­îng-S¬n-Ngäc Ch­íng(cÊp 7) (0,122,615,1,4)]
20260612-013426	INFO	COMMON	[[LeftPearl][IdentifyLeftPearl]][gf_DelItem:Th­¬ng H¶i Ch©u CÊp 7 (*1 (2,102,214,bBind=1), Success][Role:MaJas_ServeR (acc:rage01)]
20260612-013426	INFO	COMMON	[[LeftPearl][IdentifyLeftPearl]] [AddItemEx:NhËn ®­îc vËt phÈm] [Role:MaJas_ServeR (acc:rage01)] [Item:S­¬ng-Vi TiÕt(cÊp 7) (0,122,558,1,4)]
20260612-013426	INFO	COMMON	[acc:rage01 role:MaJas_ServeR][left_pearl][IdentifyLeftPearl][ItemName:S­¬ng-Vi TiÕt][idx:1 attrid:58 values:{140,0,0,} probability:{10000,0,0,} frame:-1][idx:2 attrid:74 values:{10,0,0,} probability:{10000,0,0,} frame:-1][idx:3 attrid:67 values:{10,0,0,} probability:{10000,0,0,} frame:-1][idx:4 attrid:70 values:{50,0,0,} probability:{10000,0,0,} frame:-1][idx:5 attrid:94 values:{10,0,0,} probability:{10000,0,0,} frame:-1][quench times:0]
20260612-013443	INFO	COMMON	[AWARD_TEMPLATE] onKsgPlayerLogin received card, type = player	rage01	MaJas_ServeR	tbProp	 [Vâ L©m 2 Shiina] Thªm thµnh c«ng 1 c¸i, thªm thÊt b¹i 0 c¸i, r¬i ®Êt 0 c¸i.
20260612-013448	INFO	COMMON	[[LeftPearl][IdentifyLeftPearl]][gf_DelItem:Th­¬ng H¶i Ch©u CÊp 7 (*1 (2,102,214,bBind=1), Success][Role:MaJas_ServeR (acc:rage01)]
20260612-013448	INFO	COMMON	[[LeftPearl][IdentifyLeftPearl]] [AddItemEx:NhËn ®­îc vËt phÈm] [Role:MaJas_ServeR (acc:rage01)] [Item:V¹n T­îng-Vò-Ngù K×nh(cÊp 7) (0,122,704,1,4)]
20260612-013448	INFO	COMMON	[[LeftPearl][IdentifyLeftPearl]][gf_DelItem:Th­¬ng H¶i Ch©u CÊp 7 (*1 (2,102,214,bBind=1), Success][Role:MaJas_ServeR (acc:rage01)]
20260612-013448	INFO	COMMON	[[LeftPearl][IdentifyLeftPearl]] [AddItemEx:NhËn ®­îc vËt phÈm] [Role:MaJas_ServeR (acc:rage01)] [Item:V¹n T­îng-TuyÕt-Ngù K×nh(cÊp 7) (0,122,712,1,4)]
20260612-013448	INFO	COMMON	[[LeftPearl][IdentifyLeftPearl]][gf_DelItem:Th­¬ng H¶i Ch©u CÊp 7 (*1 (2,102,214,bBind=1), Success][Role:MaJas_ServeR (acc:rage01)]
20260612-013448	INFO	COMMON	[[LeftPearl][IdentifyLeftPearl]] [AddItemEx:NhËn ®­îc vËt phÈm] [Role:MaJas_ServeR (acc:rage01)] [Item:NhËt-Ngù K×nh(cÊp 7) (0,122,28,1,4)]
20260612-013448	INFO	COMMON	[acc:rage01 role:MaJas_ServeR][left_pearl][IdentifyLeftPearl][ItemName:NhËt-Ngù K×nh][idx:1 attrid:4 values:{800,0,0,} probability:{10000,0,0,} frame:-1][idx:2 attrid:74 values:{10,0,0,} probability:{10000,0,0,} frame:-1][idx:3 attrid:68 values:{1000,0,0,} probability:{10000,0,0,} frame:18][idx:4 attrid:64 values:{10,0,0,} probability:{10000,0,0,} frame:-1][idx:5 attrid:61 values:{10,0,0,} probability:{2000,0,0,} frame:180][quench times:0]
20260612-013448	INFO	COMMON	[[LeftPearl][IdentifyLeftPearl]][gf_DelItem:Th­¬ng H¶i Ch©u CÊp 7 (*1 (2,102,214,bBind=1), Success][Role:MaJas_ServeR (acc:rage01)]
20260612-013448	INFO	COMMON	[[LeftPearl][IdentifyLeftPearl]] [AddItemEx:NhËn ®­îc vËt phÈm] [Role:MaJas_ServeR (acc:rage01)] [Item:§Þa-Th¸i Ninh(cÊp 7) (0,122,174,1,4)]
20260612-013448	INFO	COMMON	[acc:rage01 role:MaJas_ServeR][left_pearl][IdentifyLeftPearl][ItemName:§Þa-Th¸i Ninh][idx:1 attrid:20 values:{90,0,0,} probability:{2000,0,0,} frame:180][idx:2 attrid:85 values:{100,0,0,} probability:{10000,0,0,} frame:-1][idx:3 attrid:86 values:{100,0,0,} probability:{10000,0,0,} frame:-1][idx:4 attrid:82 values:{100,0,0,} probability:{10000,0,0,} frame:-1][idx:5 attrid:88 values:{400,0,0,} probability:{10000,0,0,} frame:-1][quench times:0]
20260612-013448	INFO	COMMON	[[LeftPearl][IdentifyLeftPearl]][gf_DelItem:Th­¬ng H¶i Ch©u CÊp 7 (*1 (2,102,214,bBind=1), Success][Role:MaJas_ServeR (acc:rage01)]
20260612-013448	INFO	COMMON	[[LeftPearl][IdentifyLeftPearl]] [AddItemEx:NhËn ®­îc vËt phÈm] [Role:MaJas_ServeR (acc:rage01)] [Item:V©n-V©n Ú(cÊp 7) (0,122,472,1,4)]
20260612-013448	INFO	COMMON	[acc:rage01 role:MaJas_ServeR][left_pearl][IdentifyLeftPearl][ItemName:V©n-V©n Õ][idx:1 attrid:49 values:{480,0,0,} probability:{10000,0,0,} frame:-1][idx:2 attrid:94 values:{10,0,0,} probability:{10000,0,0,} frame:-1][idx:3 attrid:88 values:{400,0,0,} probability:{10000,0,0,} frame:-1][idx:4 attrid:89 values:{400,0,0,} probability:{10000,0,0,} frame:-1][idx:5 attrid:73 values:{20,0,0,} probability:{10000,0,0,} frame:-1][quench times:0]
20260612-013448	INFO	COMMON	[[LeftPearl][IdentifyLeftPearl]][gf_DelItem:Th­¬ng H¶i Ch©u CÊp 7 (*1 (2,102,214,bBind=1), Success][Role:MaJas_ServeR (acc:rage01)]
20260612-013448	INFO	COMMON	[[LeftPearl][IdentifyLeftPearl]] [AddItemEx:NhËn ®­îc vËt phÈm] [Role:MaJas_ServeR (acc:rage01)] [Item:V¹n T­îng-Thñy-Ngù K×nh(cÊp 7) (0,122,672,1,4)]
20260612-013449	INFO	COMMON	[[LeftPearl][IdentifyLeftPearl]][gf_DelItem:Th­¬ng H¶i Ch©u CÊp 7 (*1 (2,102,214,bBind=1), Success][Role:MaJas_ServeR (acc:rage01)]
20260612-013449	INFO	COMMON	[[LeftPearl][IdentifyLeftPearl]] [AddItemEx:NhËn ®­îc vËt phÈm] [Role:MaJas_ServeR (acc:rage01)] [Item:NguyÖt-Ngù K×nh(cÊp 7) (0,122,77,1,4)]
20260612-013449	INFO	COMMON	[acc:rage01 role:MaJas_ServeR][left_pearl][IdentifyLeftPearl][ItemName:NguyÖt-Ngù K×nh][idx:1 attrid:4 values:{800,0,0,} probability:{10000,0,0,} frame:-1][idx:2 attrid:66 values:{1000,0,0,} probability:{10000,0,0,} frame:-1][idx:3 attrid:75 values:{10,0,0,} probability:{10000,0,0,} frame:-1][idx:4 attrid:70 values:{50,0,0,} probability:{10000,0,0,} frame:-1][idx:5 attrid:74 values:{10,0,0,} probability:{10000,0,0,} frame:-1][quench times:0]
20260612-013449	INFO	COMMON	[[LeftPearl][IdentifyLeftPearl]][gf_DelItem:Th­¬ng H¶i Ch©u CÊp 7 (*1 (2,102,214,bBind=1), Success][Role:MaJas_ServeR (acc:rage01)]
20260612-013449	INFO	COMMON	[[LeftPearl][IdentifyLeftPearl]] [AddItemEx:NhËn ®­îc vËt phÈm] [Role:MaJas_ServeR (acc:rage01)] [Item:V¹n T­îng-Xu©n-Ngù K×nh(cÊp 7) (0,122,644,1,4)]
20260612-013449	INFO	COMMON	[[LeftPearl][IdentifyLeftPearl]][gf_DelItem:Th­¬ng H¶i Ch©u CÊp 7 (*1 (2,102,214,bBind=1), Success][Role:MaJas_ServeR (acc:rage01)]
20260612-013449	INFO	COMMON	[[LeftPearl][IdentifyLeftPearl]] [AddItemEx:NhËn ®­îc vËt phÈm] [Role:MaJas_ServeR (acc:rage01)] [Item:V¹n T­îng-Tinh-Ngù K×nh(cÊp 7) (0,122,590,1,4)]
20260612-013449	INFO	COMMON	[[LeftPearl][IdentifyLeftPearl]][gf_DelItem:Th­¬ng H¶i Ch©u CÊp 7 (*1 (2,102,214,bBind=1), Success][Role:MaJas_ServeR (acc:rage01)]
20260612-013449	INFO	COMMON	[[LeftPearl][IdentifyLeftPearl]] [AddItemEx:NhËn ®­îc vËt phÈm] [Role:MaJas_ServeR (acc:rage01)] [Item:V¹n T­îng-Tinh-Quúnh TiÕt(cÊp 7) (0,122,588,1,4)]
20260612-013449	INFO	COMMON	[[LeftPearl][IdentifyLeftPearl]][gf_DelItem:Th­¬ng H¶i Ch©u CÊp 7 (*1 (2,102,214,bBind=1), Success][Role:MaJas_ServeR (acc:rage01)]
20260612-013449	INFO	COMMON	[[LeftPearl][IdentifyLeftPearl]] [AddItemEx:NhËn ®­îc vËt phÈm] [Role:MaJas_ServeR (acc:rage01)] [Item:V¹n T­îng-NguyÖt-Väng Th­(cÊp 7) (0,122,576,1,4)]
20260612-013450	INFO	COMMON	[[LeftPearl][IdentifyLeftPearl]][gf_DelItem:Th­¬ng H¶i Ch©u CÊp 7 (*1 (2,102,214,bBind=1), Success][Role:MaJas_ServeR (acc:rage01)]
20260612-013450	INFO	COMMON	[[LeftPearl][IdentifyLeftPearl]] [AddItemEx:NhËn ®­îc vËt phÈm] [Role:MaJas_ServeR (acc:rage01)] [Item:V¹n T­îng-NhËt-Ngù K×nh(cÊp 7) (0,122,568,1,4)]
20260612-013450	INFO	COMMON	[[LeftPearl][IdentifyLeftPearl]][gf_DelItem:Th­¬ng H¶i Ch©u CÊp 7 (*1 (2,102,214,bBind=1), Success][Role:MaJas_ServeR (acc:rage01)]
20260612-013450	INFO	COMMON	[[LeftPearl][IdentifyLeftPearl]] [AddItemEx:NhËn ®­îc vËt phÈm] [Role:MaJas_ServeR (acc:rage01)] [Item:V¹n T­îng-Thñy-Ngù K×nh(cÊp 7) (0,122,672,1,4)]
20260612-013450	INFO	COMMON	[[LeftPearl][IdentifyLeftPearl]][gf_DelItem:Th­¬ng H¶i Ch©u CÊp 7 (*1 (2,102,214,bBind=1), Success][Role:MaJas_ServeR (acc:rage01)]
20260612-013450	INFO	COMMON	[[LeftPearl][IdentifyLeftPearl]] [AddItemEx:NhËn ®­îc vËt phÈm] [Role:MaJas_ServeR (acc:rage01)] [Item:V¹n T­îng-Vô-Ngù K×nh(cÊp 7) (0,122,638,1,4)]
20260612-013450	INFO	COMMON	[[LeftPearl][IdentifyLeftPearl]][gf_DelItem:Th­¬ng H¶i Ch©u CÊp 7 (*1 (2,102,214,bBind=1), Success][Role:MaJas_ServeR (acc:rage01)]
20260612-013450	INFO	COMMON	[[LeftPearl][IdentifyLeftPearl]] [AddItemEx:NhËn ®­îc vËt phÈm] [Role:MaJas_ServeR (acc:rage01)] [Item:V©n-Ngù K×nh(cÊp 7) (0,122,476,1,4)]
20260612-013450	INFO	COMMON	[acc:rage01 role:MaJas_ServeR][left_pearl][IdentifyLeftPearl][ItemName:V©n-Ngù K×nh][idx:1 attrid:4 values:{800,0,0,} probability:{10000,0,0,} frame:-1][idx:2 attrid:89 values:{400,0,0,} probability:{10000,0,0,} frame:-1][idx:3 attrid:95 values:{10,0,0,} probability:{10000,0,0,} frame:-1][idx:4 attrid:73 values:{20,0,0,} probability:{10000,0,0,} frame:-1][idx:5 attrid:88 values:{400,0,0,} probability:{10000,0,0,} frame:-1][quench times:0]
20260612-013450	INFO	COMMON	[[LeftPearl][IdentifyLeftPearl]][gf_DelItem:Th­¬ng H¶i Ch©u CÊp 7 (*1 (2,102,214,bBind=1), Success][Role:MaJas_ServeR (acc:rage01)]
20260612-013450	INFO	COMMON	[[LeftPearl][IdentifyLeftPearl]] [AddItemEx:NhËn ®­îc vËt phÈm] [Role:MaJas_ServeR (acc:rage01)] [Item:V¹n T­îng-V©n-Thôy DiÖp(cÊp 7) (0,122,691,1,4)]
20260612-013450	INFO	COMMON	[[LeftPearl][IdentifyLeftPearl]][gf_DelItem:Th­¬ng H¶i Ch©u CÊp 7 (*1 (2,102,214,bBind=1), Success][Role:MaJas_ServeR (acc:rage01)]
20260612-013450	INFO	COMMON	[[LeftPearl][IdentifyLeftPearl]] [AddItemEx:NhËn ®­îc vËt phÈm] [Role:MaJas_ServeR (acc:rage01)] [Item:H¶i-Ngù K×nh(cÊp 7) (0,122,217,1,4)]
20260612-013450	INFO	COMMON	[acc:rage01 role:MaJas_ServeR][left_pearl][IdentifyLeftPearl][ItemName:H¶i-Ngù K×nh][idx:1 attrid:4 values:{800,0,0,} probability:{10000,0,0,} frame:-1][idx:2 attrid:66 values:{1000,0,0,} probability:{10000,0,0,} frame:-1][idx:3 attrid:89 values:{400,0,0,} probability:{10000,0,0,} frame:-1][idx:4 attrid:88 values:{400,0,0,} probability:{10000,0,0,} frame:-1][idx:5 attrid:69 values:{50,0,0,} probability:{10000,0,0,} frame:-1][quench times:0]
20260612-013451	INFO	COMMON	[[LeftPearl][IdentifyLeftPearl]][gf_DelItem:Th­¬ng H¶i Ch©u CÊp 7 (*1 (2,102,214,bBind=1), Success][Role:MaJas_ServeR (acc:rage01)]
20260612-013451	INFO	COMMON	[[LeftPearl][IdentifyLeftPearl]] [AddItemEx:NhËn ®­îc vËt phÈm] [Role:MaJas_ServeR (acc:rage01)] [Item:S­¬ng-Ngù K×nh(cÊp 7) (0,122,560,1,4)]
20260612-013451	INFO	COMMON	[acc:rage01 role:MaJas_ServeR][left_pearl][IdentifyLeftPearl][ItemName:S­¬ng-Ngù K×nh][idx:1 attrid:4 values:{800,0,0,} probability:{10000,0,0,} frame:-1][idx:2 attrid:69 values:{50,0,0,} probability:{10000,0,0,} frame:-1][idx:3 attrid:76 values:{100,0,0,} probability:{10000,0,0,} frame:-1][idx:4 attrid:73 values:{20,0,0,} probability:{10000,0,0,} frame:-1][idx:5 attrid:94 values:{10,0,0,} probability:{10000,0,0,} frame:-1][quench times:0]
20260612-013451	INFO	COMMON	[[LeftPearl][IdentifyLeftPearl]][gf_DelItem:Th­¬ng H¶i Ch©u CÊp 7 (*1 (2,102,214,bBind=1), Success][Role:MaJas_ServeR (acc:rage01)]
20260612-013451	INFO	COMMON	[[LeftPearl][IdentifyLeftPearl]] [AddItemEx:NhËn ®­îc vËt phÈm] [Role:MaJas_ServeR (acc:rage01)] [Item:Th¹ch-Huúnh HoÆc(cÊp 7) (0,122,432,1,4)]
20260612-013451	INFO	COMMON	[acc:rage01 role:MaJas_ServeR][left_pearl][IdentifyLeftPearl][ItemName:Th¹ch-Huúnh HoÆc][idx:1 attrid:46 values:{140,0,0,} probability:{10000,0,0,} frame:-1][idx:2 attrid:101 values:{20,0,0,} probability:{10000,0,0,} frame:-1][idx:3 attrid:85 values:{100,0,0,} probability:{10000,0,0,} frame:-1][idx:4 attrid:89 values:{400,0,0,} probability:{10000,0,0,} frame:-1][idx:5 attrid:84 values:{100,0,0,} probability:{10000,0,0,} frame:-1][quench times:0]
20260612-013451	INFO	COMMON	[[LeftPearl][IdentifyLeftPearl]][gf_DelItem:Th­¬ng H¶i Ch©u CÊp 7 (*1 (2,102,214,bBind=1), Success][Role:MaJas_ServeR (acc:rage01)]
20260612-013451	INFO	COMMON	[[LeftPearl][IdentifyLeftPearl]] [AddItemEx:NhËn ®­îc vËt phÈm] [Role:MaJas_ServeR (acc:rage01)] [Item:Vò-M¹ch L©m(cÊp 7) (0,122,503,1,4)]
20260612-013451	INFO	COMMON	[acc:rage01 role:MaJas_ServeR][left_pearl][IdentifyLeftPearl][ItemName:Vò-M¹ch L©m][idx:1 attrid:54 values:{80,0,0,} probability:{10000,0,0,} frame:-1][idx:2 attrid:95 values:{10,0,0,} probability:{10000,0,0,} frame:-1][idx:3 attrid:78 values:{100,0,0,} probability:{2000,0,0,} frame:180][idx:4 attrid:93 values:{500,0,0,} probability:{10000,0,0,} frame:-1][idx:5 attrid:89 values:{400,0,0,} probability:{10000,0,0,} frame:-1][quench times:0]
20260612-013451	INFO	COMMON	[[LeftPearl][IdentifyLeftPearl]][gf_DelItem:Th­¬ng H¶i Ch©u CÊp 7 (*1 (2,102,214,bBind=1), Success][Role:MaJas_ServeR (acc:rage01)]
20260612-013451	INFO	COMMON	[[LeftPearl][IdentifyLeftPearl]] [AddItemEx:NhËn ®­îc vËt phÈm] [Role:MaJas_ServeR (acc:rage01)] [Item:V¹n T­îng-Vò-M¹ch L©m(cÊp 7) (0,122,703,1,4)]
20260612-013451	INFO	COMMON	[[LeftPearl][IdentifyLeftPearl]][gf_DelItem:Th­¬ng H¶i Ch©u CÊp 7 (*1 (2,102,214,bBind=1), Success][Role:MaJas_ServeR (acc:rage01)]
20260612-013451	INFO	COMMON	[[LeftPearl][IdentifyLeftPearl]] [AddItemEx:NhËn ®­îc vËt phÈm] [Role:MaJas_ServeR (acc:rage01)] [Item:V¹n T­îng-Thñy-Ngù K×nh(cÊp 7) (0,122,672,1,4)]
20260612-013452	INFO	COMMON	[[LeftPearl][IdentifyLeftPearl]][gf_DelItem:Th­¬ng H¶i Ch©u CÊp 7 (*1 (2,102,214,bBind=1), Success][Role:MaJas_ServeR (acc:rage01)]
20260612-013452	INFO	COMMON	[[LeftPearl][IdentifyLeftPearl]] [AddItemEx:NhËn ®­îc vËt phÈm] [Role:MaJas_ServeR (acc:rage01)] [Item:Thiªn-Ngù K×nh(cÊp 7) (0,122,154,1,4)]
20260612-013452	INFO	COMMON	[acc:rage01 role:MaJas_ServeR][left_pearl][IdentifyLeftPearl][ItemName:Thiªn-Ngù K×nh][idx:1 attrid:4 values:{800,0,0,} probability:{10000,0,0,} frame:-1][idx:2 attrid:89 values:{400,0,0,} probability:{10000,0,0,} frame:-1][idx:3 attrid:88 values:{400,0,0,} probability:{10000,0,0,} frame:-1][idx:4 attrid:70 values:{50,0,0,} probability:{10000,0,0,} frame:-1][idx:5 attrid:90 values:{10,0,0,} probability:{10000,0,0,} frame:-1][quench times:0]
20260612-013452	INFO	COMMON	[[LeftPearl][IdentifyLeftPearl]][gf_DelItem:Th­¬ng H¶i Ch©u CÊp 7 (*1 (2,102,214,bBind=1), Success][Role:MaJas_ServeR (acc:rage01)]
20260612-013452	INFO	COMMON	[[LeftPearl][IdentifyLeftPearl]] [AddItemEx:NhËn ®­îc vËt phÈm] [Role:MaJas_ServeR (acc:rage01)] [Item:V¹n T­îng-ThÇn-Ngù K×nh(cÊp 7) (0,122,598,1,4)]
20260612-013452	INFO	COMMON	[[LeftPearl][IdentifyLeftPearl]][gf_DelItem:Th­¬ng H¶i Ch©u CÊp 7 (*1 (2,102,214,bBind=1), Success][Role:MaJas_ServeR (acc:rage01)]
20260612-013452	INFO	COMMON	[[LeftPearl][IdentifyLeftPearl]] [AddItemEx:NhËn ®­îc vËt phÈm] [Role:MaJas_ServeR (acc:rage01)] [Item:Thu-Ngù K×nh(cÊp 7) (0,122,336,1,4)]
20260612-013452	INFO	COMMON	[acc:rage01 role:MaJas_ServeR][left_pearl][IdentifyLeftPearl][ItemName:Thu-Ngù K×nh][idx:1 attrid:4 values:{800,0,0,} probability:{10000,0,0,} frame:-1][idx:2 attrid:69 values:{50,0,0,} probability:{10000,0,0,} frame:-1][idx:3 attrid:70 values:{50,0,0,} probability:{10000,0,0,} frame:-1][idx:4 attrid:90 values:{10,0,0,} probability:{10000,0,0,} frame:-1][idx:5 attrid:91 values:{1000,0,0,} probability:{10000,0,0,} frame:-1][quench times:0]
20260612-013452	INFO	COMMON	[[LeftPearl][IdentifyLeftPearl]][gf_DelItem:Th­¬ng H¶i Ch©u CÊp 7 (*1 (2,102,214,bBind=1), Success][Role:MaJas_ServeR (acc:rage01)]
20260612-013452	INFO	COMMON	[[LeftPearl][IdentifyLeftPearl]] [AddItemEx:NhËn ®­îc vËt phÈm] [Role:MaJas_ServeR (acc:rage01)] [Item:S¬n-Ngù K×nh(cÊp 7) (0,122,196,1,4)]
20260612-013452	INFO	COMMON	[acc:rage01 role:MaJas_ServeR][left_pearl][IdentifyLeftPearl][ItemName:S¬n-Ngù K×nh][idx:1 attrid:4 values:{800,0,0,} probability:{10000,0,0,} frame:-1][idx:2 attrid:62 values:{10,0,0,} probability:{10000,0,0,} frame:-1][idx:3 attrid:65 values:{50000,0,0,} probability:{10000,0,0,} frame:-1][idx:4 attrid:66 values:{1000,0,0,} probability:{10000,0,0,} frame:-1][idx:5 attrid:64 values:{10,0,0,} probability:{10000,0,0,} frame:-1][quench times:0]
20260612-013452	INFO	COMMON	[[LeftPearl][IdentifyLeftPearl]][gf_DelItem:Th­¬ng H¶i Ch©u CÊp 7 (*1 (2,102,214,bBind=1), Success][Role:MaJas_ServeR (acc:rage01)]
20260612-013452	INFO	COMMON	[[LeftPearl][IdentifyLeftPearl]] [AddItemEx:NhËn ®­îc vËt phÈm] [Role:MaJas_ServeR (acc:rage01)] [Item:V¹n T­îng-TuyÕt-Tµn T«(cÊp 7) (0,122,709,1,4)]
20260612-013452	INFO	COMMON	[[LeftPearl][IdentifyLeftPearl]][gf_DelItem:Th­¬ng H¶i Ch©u CÊp 7 (*1 (2,102,214,bBind=1), Success][Role:MaJas_ServeR (acc:rage01)]
20260612-013452	INFO	COMMON	[[LeftPearl][IdentifyLeftPearl]] [AddItemEx:NhËn ®­îc vËt phÈm] [Role:MaJas_ServeR (acc:rage01)] [Item:Thiªn-Ngù K×nh(cÊp 7) (0,122,154,1,4)]
20260612-013452	INFO	COMMON	[acc:rage01 role:MaJas_ServeR][left_pearl][IdentifyLeftPearl][ItemName:Thiªn-Ngù K×nh][idx:1 attrid:4 values:{800,0,0,} probability:{10000,0,0,} frame:-1][idx:2 attrid:90 values:{10,0,0,} probability:{10000,0,0,} frame:-1][idx:3 attrid:70 values:{50,0,0,} probability:{10000,0,0,} frame:-1][idx:4 attrid:66 values:{1000,0,0,} probability:{10000,0,0,} frame:-1][idx:5 attrid:89 values:{400,0,0,} probability:{10000,0,0,} frame:-1][quench times:0]
20260612-013453	INFO	COMMON	[[LeftPearl][IdentifyLeftPearl]][gf_DelItem:Th­¬ng H¶i Ch©u CÊp 7 (*1 (2,102,214,bBind=1), Success][Role:MaJas_ServeR (acc:rage01)]
20260612-013453	INFO	COMMON	[[LeftPearl][IdentifyLeftPearl]] [AddItemEx:NhËn ®­îc vËt phÈm] [Role:MaJas_ServeR (acc:rage01)] [Item:V¹n T­îng-H¶i-Th­¬ng Minh(cÊp 7) (0,122,620,1,4)]
20260612-013453	INFO	COMMON	[[LeftPearl][IdentifyLeftPearl]][gf_DelItem:Th­¬ng H¶i Ch©u CÊp 7 (*1 (2,102,214,bBind=1), Success][Role:MaJas_ServeR (acc:rage01)]
20260612-013453	INFO	COMMON	[[LeftPearl][IdentifyLeftPearl]] [AddItemEx:NhËn ®­îc vËt phÈm] [Role:MaJas_ServeR (acc:rage01)] [Item:Thu-Ngù K×nh(cÊp 7) (0,122,336,1,4)]
20260612-013453	INFO	COMMON	[acc:rage01 role:MaJas_ServeR][left_pearl][IdentifyLeftPearl][ItemName:Thu-Ngù K×nh][idx:1 attrid:4 values:{800,0,0,} probability:{10000,0,0,} frame:-1][idx:2 attrid:69 values:{50,0,0,} probability:{10000,0,0,} frame:-1][idx:3 attrid:70 values:{50,0,0,} probability:{10000,0,0,} frame:-1][idx:4 attrid:91 values:{1000,0,0,} probability:{10000,0,0,} frame:-1][idx:5 attrid:89 values:{400,0,0,} probability:{10000,0,0,} frame:-1][quench times:0]
20260612-013453	INFO	COMMON	[[LeftPearl][IdentifyLeftPearl]][gf_DelItem:Th­¬ng H¶i Ch©u CÊp 7 (*1 (2,102,214,bBind=1), Success][Role:MaJas_ServeR (acc:rage01)]
20260612-013453	INFO	COMMON	[[LeftPearl][IdentifyLeftPearl]] [AddItemEx:NhËn ®­îc vËt phÈm] [Role:MaJas_ServeR (acc:rage01)] [Item:§«ng-Nguyªn Tù(cÊp 7) (0,122,361,1,4)]
20260612-013453	INFO	COMMON	[acc:rage01 role:MaJas_ServeR][left_pearl][IdentifyLeftPearl][ItemName:§«ng-Nguyªn Tù][idx:1 attrid:37 values:{300000,0,0,} probability:{10000,0,0,} frame:-1][idx:2 attrid:68 values:{1000,0,0,} probability:{10000,0,0,} frame:18][idx:3 attrid:91 values:{1000,0,0,} probability:{10000,0,0,} frame:-1][idx:4 attrid:80 values:{1000,0,0,} probability:{10000,0,0,} frame:-1][idx:5 attrid:93 values:{500,0,0,} probability:{10000,0,0,} frame:-1][quench times:0]
20260612-013453	INFO	COMMON	[[LeftPearl][IdentifyLeftPearl]][gf_DelItem:Th­¬ng H¶i Ch©u CÊp 7 (*1 (2,102,214,bBind=1), Success][Role:MaJas_ServeR (acc:rage01)]
20260612-013453	INFO	COMMON	[[LeftPearl][IdentifyLeftPearl]] [AddItemEx:NhËn ®­îc vËt phÈm] [Role:MaJas_ServeR (acc:rage01)] [Item:V¹n T­îng-ThÇn-Ngù K×nh(cÊp 7) (0,122,598,1,4)]
20260612-013453	INFO	COMMON	[[LeftPearl][IdentifyLeftPearl]][gf_DelItem:Th­¬ng H¶i Ch©u CÊp 7 (*1 (2,102,214,bBind=1), Success][Role:MaJas_ServeR (acc:rage01)]
20260612-013453	INFO	COMMON	[[LeftPearl][IdentifyLeftPearl]] [AddItemEx:NhËn ®­îc vËt phÈm] [Role:MaJas_ServeR (acc:rage01)] [Item:V¹n T­îng-Thiªn-Ngù K×nh(cÊp 7) (0,122,604,1,4)]
20260612-013454	INFO	COMMON	[[LeftPearl][IdentifyLeftPearl]][gf_DelItem:Th­¬ng H¶i Ch©u CÊp 7 (*1 (2,102,214,bBind=1), Success][Role:MaJas_ServeR (acc:rage01)]
20260612-013454	INFO	COMMON	[[LeftPearl][IdentifyLeftPearl]] [AddItemEx:NhËn ®­îc vËt phÈm] [Role:MaJas_ServeR (acc:rage01)] [Item:Thu-Ngù K×nh(cÊp 7) (0,122,336,1,4)]
20260612-013454	INFO	COMMON	[acc:rage01 role:MaJas_ServeR][left_pearl][IdentifyLeftPearl][ItemName:Thu-Ngù K×nh][idx:1 attrid:4 values:{800,0,0,} probability:{10000,0,0,} frame:-1][idx:2 attrid:89 values:{400,0,0,} probability:{10000,0,0,} frame:-1][idx:3 attrid:70 values:{50,0,0,} probability:{10000,0,0,} frame:-1][idx:4 attrid:69 values:{50,0,0,} probability:{10000,0,0,} frame:-1][idx:5 attrid:90 values:{10,0,0,} probability:{10000,0,0,} frame:-1][quench times:0]
20260612-013454	INFO	COMMON	[[LeftPearl][IdentifyLeftPearl]][gf_DelItem:Th­¬ng H¶i Ch©u CÊp 7 (*1 (2,102,214,bBind=1), Success][Role:MaJas_ServeR (acc:rage01)]
20260612-013454	INFO	COMMON	[[LeftPearl][IdentifyLeftPearl]] [AddItemEx:NhËn ®­îc vËt phÈm] [Role:MaJas_ServeR (acc:rage01)] [Item:Thiªn-Ngù K×nh(cÊp 7) (0,122,154,1,4)]
20260612-013454	INFO	COMMON	[acc:rage01 role:MaJas_ServeR][left_pearl][IdentifyLeftPearl][ItemName:Thiªn-Ngù K×nh][idx:1 attrid:4 values:{800,0,0,} probability:{10000,0,0,} frame:-1][idx:2 attrid:66 values:{1000,0,0,} probability:{10000,0,0,} frame:-1][idx:3 attrid:89 values:{400,0,0,} probability:{10000,0,0,} frame:-1][idx:4 attrid:70 values:{50,0,0,} probability:{10000,0,0,} frame:-1][idx:5 attrid:69 values:{50,0,0,} probability:{10000,0,0,} frame:-1][quench times:0]
20260612-013454	INFO	COMMON	[[LeftPearl][IdentifyLeftPearl]][gf_DelItem:Th­¬ng H¶i Ch©u CÊp 7 (*1 (2,102,214,bBind=1), Success][Role:MaJas_ServeR (acc:rage01)]
20260612-013454	INFO	COMMON	[[LeftPearl][IdentifyLeftPearl]] [AddItemEx:NhËn ®­îc vËt phÈm] [Role:MaJas_ServeR (acc:rage01)] [Item:H¶i-Ngù K×nh(cÊp 7) (0,122,217,1,4)]
20260612-013454	INFO	COMMON	[acc:rage01 role:MaJas_ServeR][left_pearl][IdentifyLeftPearl][ItemName:H¶i-Ngù K×nh][idx:1 attrid:4 values:{800,0,0,} probability:{10000,0,0,} frame:-1][idx:2 attrid:69 values:{50,0,0,} probability:{10000,0,0,} frame:-1][idx:3 attrid:87 values:{100,0,0,} probability:{10000,0,0,} frame:-1][idx:4 attrid:89 values:{400,0,0,} probability:{10000,0,0,} frame:-1][idx:5 attrid:88 values:{400,0,0,} probability:{10000,0,0,} frame:-1][quench times:0]
20260612-013454	INFO	COMMON	[[LeftPearl][IdentifyLeftPearl]][gf_DelItem:Th­¬ng H¶i Ch©u CÊp 7 (*1 (2,102,214,bBind=1), Success][Role:MaJas_ServeR (acc:rage01)]
20260612-013454	INFO	COMMON	[[LeftPearl][IdentifyLeftPearl]] [AddItemEx:NhËn ®­îc vËt phÈm] [Role:MaJas_ServeR (acc:rage01)] [Item:Th¹ch-V©n C¨n(cÊp 7) (0,122,430,1,4)]
20260612-013454	INFO	COMMON	[acc:rage01 role:MaJas_ServeR][left_pearl][IdentifyLeftPearl][ItemName:Th¹ch-V©n C¨n][idx:1 attrid:44 values:{140,0,0,} probability:{10000,0,0,} frame:-1][idx:2 attrid:89 values:{400,0,0,} probability:{10000,0,0,} frame:-1][idx:3 attrid:101 values:{20,0,0,} probability:{10000,0,0,} frame:-1][idx:4 attrid:82 values:{100,0,0,} probability:{10000,0,0,} frame:-1][idx:5 attrid:83 values:{100,0,0,} probability:{10000,0,0,} frame:-1][quench times:0]
20260612-013454	INFO	COMMON	[[LeftPearl][IdentifyLeftPearl]][gf_DelItem:Th­¬ng H¶i Ch©u CÊp 7 (*1 (2,102,214,bBind=1), Success][Role:MaJas_ServeR (acc:rage01)]
20260612-013454	INFO	COMMON	[[LeftPearl][IdentifyLeftPearl]] [AddItemEx:NhËn ®­îc vËt phÈm] [Role:MaJas_ServeR (acc:rage01)] [Item:Vô-Ngù K×nh(cÊp 7) (0,122,273,1,4)]
20260612-013454	INFO	COMMON	[acc:rage01 role:MaJas_ServeR][left_pearl][IdentifyLeftPearl][ItemName:Vô-Ngù K×nh][idx:1 attrid:4 values:{800,0,0,} probability:{10000,0,0,} frame:-1][idx:2 attrid:89 values:{400,0,0,} probability:{10000,0,0,} frame:-1][idx:3 attrid:88 values:{400,0,0,} probability:{10000,0,0,} frame:-1][idx:4 attrid:69 values:{50,0,0,} probability:{10000,0,0,} frame:-1][idx:5 attrid:66 values:{1000,0,0,} probability:{10000,0,0,} frame:-1][quench times:0]
20260612-013454	INFO	COMMON	[[LeftPearl][IdentifyLeftPearl]][gf_DelItem:Th­¬ng H¶i Ch©u CÊp 7 (*1 (2,102,214,bBind=1), Success][Role:MaJas_ServeR (acc:rage01)]
20260612-013454	INFO	COMMON	[[LeftPearl][IdentifyLeftPearl]] [AddItemEx:NhËn ®­îc vËt phÈm] [Role:MaJas_ServeR (acc:rage01)] [Item:V¹n T­îng-Vô-Tè TrÇn(cÊp 7) (0,122,636,1,4)]
20260612-013455	INFO	COMMON	[[LeftPearl][IdentifyLeftPearl]][gf_DelItem:Th­¬ng H¶i Ch©u CÊp 7 (*1 (2,102,214,bBind=1), Success][Role:MaJas_ServeR (acc:rage01)]
20260612-013455	INFO	COMMON	[[LeftPearl][IdentifyLeftPearl]] [AddItemEx:NhËn ®­îc vËt phÈm] [Role:MaJas_ServeR (acc:rage01)] [Item:V¹n T­îng-H¹-Ngù K×nh(cÊp 7) (0,122,650,1,4)]
20260612-013455	INFO	COMMON	[[LeftPearl][IdentifyLeftPearl]][gf_DelItem:Th­¬ng H¶i Ch©u CÊp 7 (*1 (2,102,214,bBind=1), Success][Role:MaJas_ServeR (acc:rage01)]
20260612-013455	INFO	COMMON	[[LeftPearl][IdentifyLeftPearl]] [AddItemEx:NhËn ®­îc vËt phÈm] [Role:MaJas_ServeR (acc:rage01)] [Item:S­¬ng-Ngù K×nh(cÊp 7) (0,122,560,1,4)]
20260612-013455	INFO	COMMON	[acc:rage01 role:MaJas_ServeR][left_pearl][IdentifyLeftPearl][ItemName:S­¬ng-Ngù K×nh][idx:1 attrid:4 values:{800,0,0,} probability:{10000,0,0,} frame:-1][idx:2 attrid:87 values:{100,0,0,} probability:{10000,0,0,} frame:-1][idx:3 attrid:67 values:{10,0,0,} probability:{10000,0,0,} frame:-1][idx:4 attrid:74 values:{10,0,0,} probability:{10000,0,0,} frame:-1][idx:5 attrid:94 values:{10,0,0,} probability:{10000,0,0,} frame:-1][quench times:0]
20260612-013455	INFO	COMMON	[[LeftPearl][IdentifyLeftPearl]][gf_DelItem:Th­¬ng H¶i Ch©u CÊp 7 (*1 (2,102,214,bBind=1), Success][Role:MaJas_ServeR (acc:rage01)]
20260612-013455	INFO	COMMON	[[LeftPearl][IdentifyLeftPearl]] [AddItemEx:NhËn ®­îc vËt phÈm] [Role:MaJas_ServeR (acc:rage01)] [Item:V¹n T­îng-ThÇn-Ngù K×nh(cÊp 7) (0,122,598,1,4)]
20260612-013455	INFO	COMMON	[[LeftPearl][IdentifyLeftPearl]][gf_DelItem:Th­¬ng H¶i Ch©u CÊp 7 (*1 (2,102,214,bBind=1), Success][Role:MaJas_ServeR (acc:rage01)]
20260612-013455	INFO	COMMON	[[LeftPearl][IdentifyLeftPearl]] [AddItemEx:NhËn ®­îc vËt phÈm] [Role:MaJas_ServeR (acc:rage01)] [Item:NhËt-Ngù K×nh(cÊp 7) (0,122,28,1,4)]
20260612-013455	INFO	COMMON	[acc:rage01 role:MaJas_ServeR][left_pearl][IdentifyLeftPearl][ItemName:NhËt-Ngù K×nh][idx:1 attrid:4 values:{800,0,0,} probability:{10000,0,0,} frame:-1][idx:2 attrid:74 values:{10,0,0,} probability:{10000,0,0,} frame:-1][idx:3 attrid:65 values:{50000,0,0,} probability:{10000,0,0,} frame:-1][idx:4 attrid:68 values:{1000,0,0,} probability:{10000,0,0,} frame:18][idx:5 attrid:63 values:{10,0,0,} probability:{10000,0,0,} frame:-1][quench times:0]
20260612-013455	INFO	COMMON	[[LeftPearl][IdentifyLeftPearl]][gf_DelItem:Th­¬ng H¶i Ch©u CÊp 7 (*1 (2,102,214,bBind=1), Success][Role:MaJas_ServeR (acc:rage01)]
20260612-013455	INFO	COMMON	[[LeftPearl][IdentifyLeftPearl]] [AddItemEx:NhËn ®­îc vËt phÈm] [Role:MaJas_ServeR (acc:rage01)] [Item:V¹n T­îng-§Þa-Ngù K×nh(cÊp 7) (0,122,610,1,4)]
20260612-013456	INFO	COMMON	[[LeftPearl][IdentifyLeftPearl]][gf_DelItem:Th­¬ng H¶i Ch©u CÊp 7 (*1 (2,102,214,bBind=1), Success][Role:MaJas_ServeR (acc:rage01)]
20260612-013456	INFO	COMMON	[[LeftPearl][IdentifyLeftPearl]] [AddItemEx:NhËn ®­îc vËt phÈm] [Role:MaJas_ServeR (acc:rage01)] [Item:V¹n T­îng-§«ng-TuÕ D­(cÊp 7) (0,122,663,1,4)]
20260612-013456	INFO	COMMON	[[LeftPearl][IdentifyLeftPearl]][gf_DelItem:Th­¬ng H¶i Ch©u CÊp 7 (*1 (2,102,214,bBind=1), Success][Role:MaJas_ServeR (acc:rage01)]
20260612-013456	INFO	COMMON	[[LeftPearl][IdentifyLeftPearl]] [AddItemEx:NhËn ®­îc vËt phÈm] [Role:MaJas_ServeR (acc:rage01)] [Item:V¹n T­îng-Vò-Long NhuËn(cÊp 7) (0,122,701,1,4)]
20260612-013456	INFO	COMMON	[[LeftPearl][IdentifyLeftPearl]][gf_DelItem:Th­¬ng H¶i Ch©u CÊp 7 (*1 (2,102,214,bBind=1), Success][Role:MaJas_ServeR (acc:rage01)]
20260612-013456	INFO	COMMON	[[LeftPearl][IdentifyLeftPearl]] [AddItemEx:NhËn ®­îc vËt phÈm] [Role:MaJas_ServeR (acc:rage01)] [Item:Thu-B¹ch Tµng(cÊp 7) (0,122,334,1,4)]
20260612-013456	INFO	COMMON	[acc:rage01 role:MaJas_ServeR][left_pearl][IdentifyLeftPearl][ItemName:Thu-B¹ch Tµng][idx:1 attrid:35 values:{1000,0,0,} probability:{10000,0,0,} frame:-1][idx:2 attrid:90 values:{10,0,0,} probability:{10000,0,0,} frame:-1][idx:3 attrid:88 values:{400,0,0,} probability:{10000,0,0,} frame:-1][idx:4 attrid:69 values:{50,0,0,} probability:{10000,0,0,} frame:-1][idx:5 attrid:70 values:{50,0,0,} probability:{10000,0,0,} frame:-1][quench times:0]
20260612-013456	INFO	COMMON	[[LeftPearl][IdentifyLeftPearl]][gf_DelItem:Th­¬ng H¶i Ch©u CÊp 7 (*1 (2,102,214,bBind=1), Success][Role:MaJas_ServeR (acc:rage01)]
20260612-013456	INFO	COMMON	[[LeftPearl][IdentifyLeftPearl]] [AddItemEx:NhËn ®­îc vËt phÈm] [Role:MaJas_ServeR (acc:rage01)] [Item:V¹n T­îng-V©n-Thôy DiÖp(cÊp 7) (0,122,691,1,4)]
20260612-013456	INFO	COMMON	[[LeftPearl][IdentifyLeftPearl]][gf_DelItem:Th­¬ng H¶i Ch©u CÊp 7 (*1 (2,102,214,bBind=1), Success][Role:MaJas_ServeR (acc:rage01)]
20260612-013456	INFO	COMMON	[[LeftPearl][IdentifyLeftPearl]] [AddItemEx:NhËn ®­îc vËt phÈm] [Role:MaJas_ServeR (acc:rage01)] [Item:V¹n T­îng-NguyÖt-Ngäc Bµn(cÊp 7) (0,122,579,1,4)]
20260612-013457	INFO	COMMON	[[LeftPearl][IdentifyLeftPearl]][gf_DelItem:Th­¬ng H¶i Ch©u CÊp 7 (*1 (2,102,214,bBind=1), Success][Role:MaJas_ServeR (acc:rage01)]
20260612-013457	INFO	COMMON	[[LeftPearl][IdentifyLeftPearl]] [AddItemEx:NhËn ®­îc vËt phÈm] [Role:MaJas_ServeR (acc:rage01)] [Item:Thu-Ngù K×nh(cÊp 7) (0,122,336,1,4)]
20260612-013457	INFO	COMMON	[acc:rage01 role:MaJas_ServeR][left_pearl][IdentifyLeftPearl][ItemName:Thu-Ngù K×nh][idx:1 attrid:4 values:{800,0,0,} probability:{10000,0,0,} frame:-1][idx:2 attrid:70 values:{50,0,0,} probability:{10000,0,0,} frame:-1][idx:3 attrid:88 values:{400,0,0,} probability:{10000,0,0,} frame:-1][idx:4 attrid:89 values:{400,0,0,} probability:{10000,0,0,} frame:-1][idx:5 attrid:69 values:{50,0,0,} probability:{10000,0,0,} frame:-1][quench times:0]
20260612-013457	INFO	COMMON	[[LeftPearl][IdentifyLeftPearl]][gf_DelItem:Th­¬ng H¶i Ch©u CÊp 7 (*1 (2,102,214,bBind=1), Success][Role:MaJas_ServeR (acc:rage01)]
20260612-013457	INFO	COMMON	[[LeftPearl][IdentifyLeftPearl]] [AddItemEx:NhËn ®­îc vËt phÈm] [Role:MaJas_ServeR (acc:rage01)] [Item:ThÇn-Khèn §«n(cÊp 7) (0,122,130,1,4)]
20260612-013457	INFO	COMMON	[acc:rage01 role:MaJas_ServeR][left_pearl][IdentifyLeftPearl][ItemName:ThÇn-Khèn §«n][idx:1 attrid:14 values:{140,0,0,} probability:{10000,0,0,} frame:-1][idx:2 attrid:70 values:{50,0,0,} probability:{10000,0,0,} frame:-1][idx:3 attrid:66 values:{1000,0,0,} probability:{10000,0,0,} frame:-1][idx:4 attrid:84 values:{100,0,0,} probability:{10000,0,0,} frame:-1][idx:5 attrid:86 values:{100,0,0,} probability:{10000,0,0,} frame:-1][quench times:0]
20260612-013457	INFO	COMMON	[[LeftPearl][IdentifyLeftPearl]][gf_DelItem:Th­¬ng H¶i Ch©u CÊp 7 (*1 (2,102,214,bBind=1), Success][Role:MaJas_ServeR (acc:rage01)]
20260612-013457	INFO	COMMON	[[LeftPearl][IdentifyLeftPearl]] [AddItemEx:NhËn ®­îc vËt phÈm] [Role:MaJas_ServeR (acc:rage01)] [Item:V¹n T­îng-Vò-Long NhuËn(cÊp 7) (0,122,701,1,4)]
20260612-013457	INFO	COMMON	[[LeftPearl][IdentifyLeftPearl]][gf_DelItem:Th­¬ng H¶i Ch©u CÊp 7 (*1 (2,102,214,bBind=1), Success][Role:MaJas_ServeR (acc:rage01)]
20260612-013457	INFO	COMMON	[[LeftPearl][IdentifyLeftPearl]] [AddItemEx:NhËn ®­îc vËt phÈm] [Role:MaJas_ServeR (acc:rage01)] [Item:Vô-Thñy V©n(cÊp 7) (0,122,270,1,4)]
20260612-013457	INFO	COMMON	[acc:rage01 role:MaJas_ServeR][left_pearl][IdentifyLeftPearl][ItemName:Vô-Thñy V©n][idx:1 attrid:28 values:{300,0,0,} probability:{10000,0,0,} frame:-1][idx:2 attrid:66 values:{1000,0,0,} probability:{10000,0,0,} frame:-1][idx:3 attrid:69 values:{50,0,0,} probability:{10000,0,0,} frame:-1][idx:4 attrid:91 values:{1000,0,0,} probability:{10000,0,0,} frame:-1][idx:5 attrid:70 values:{50,0,0,} probability:{10000,0,0,} frame:-1][quench times:0]
20260612-013457	INFO	COMMON	[[LeftPearl][IdentifyLeftPearl]][gf_DelItem:Th­¬ng H¶i Ch©u CÊp 7 (*1 (2,102,214,bBind=1), Success][Role:MaJas_ServeR (acc:rage01)]
20260612-013457	INFO	COMMON	[[LeftPearl][IdentifyLeftPearl]] [AddItemEx:NhËn ®­îc vËt phÈm] [Role:MaJas_ServeR (acc:rage01)] [Item:Tinh-Quúnh TiÕt(cÊp 7) (0,122,103,1,4)]
20260612-013457	INFO	COMMON	[acc:rage01 role:MaJas_ServeR][left_pearl][IdentifyLeftPearl][ItemName:Tinh-Quúnh TiÕt][idx:1 attrid:12 values:{7500,0,0,} probability:{10000,0,0,} frame:-1][idx:2 attrid:80 values:{1000,0,0,} probability:{10000,0,0,} frame:-1][idx:3 attrid:70 values:{50,0,0,} probability:{10000,0,0,} frame:-1][idx:4 attrid:79 values:{20,0,0,} probability:{10000,0,0,} frame:-1][idx:5 attrid:66 values:{1000,0,0,} probability:{10000,0,0,} frame:-1][quench times:0]
20260612-013458	INFO	COMMON	[[LeftPearl][IdentifyLeftPearl]][gf_DelItem:Th­¬ng H¶i Ch©u CÊp 7 (*1 (2,102,214,bBind=1), Success][Role:MaJas_ServeR (acc:rage01)]
20260612-013458	INFO	COMMON	[[LeftPearl][IdentifyLeftPearl]] [AddItemEx:NhËn ®­îc vËt phÈm] [Role:MaJas_ServeR (acc:rage01)] [Item:§«ng-Hµn ThÇn(cÊp 7) (0,122,362,1,4)]
20260612-013458	INFO	COMMON	[acc:rage01 role:MaJas_ServeR][left_pearl][IdentifyLeftPearl][ItemName:§«ng-Hµn ThÇn][idx:1 attrid:38 values:{15000,0,0,} probability:{10000,0,0,} frame:-1][idx:2 attrid:61 values:{10,0,0,} probability:{2000,0,0,} frame:180][idx:3 attrid:93 values:{500,0,0,} probability:{10000,0,0,} frame:-1][idx:4 attrid:60 values:{10,0,0,} probability:{2000,0,0,} frame:180][idx:5 attrid:68 values:{1000,0,0,} probability:{10000,0,0,} frame:18][quench times:0]
20260612-013617	INFO	COMMON	[AWARD_TEMPLATE] onKsgPlayerLogin received card, type = player	rage01	MaJas_ServeR	tbProp	 [Vâ L©m 2 Shiina] Thªm thµnh c«ng 1 c¸i, thªm thÊt b¹i 0 c¸i, r¬i ®Êt 0 c¸i.
20260612-013620	INFO	COMMON	[[LeftPearl][IdentifyLeftPearl]][gf_DelItem:Th­¬ng H¶i Ch©u CÊp 7 (*1 (2,102,214,bBind=1), Success][Role:MaJas_ServeR (acc:rage01)]
20260612-013620	INFO	COMMON	[[LeftPearl][IdentifyLeftPearl]] [AddItemEx:NhËn ®­îc vËt phÈm] [Role:MaJas_ServeR (acc:rage01)] [Item:V¹n T­îng-NguyÖt-Ngù K×nh(cÊp 7) (0,122,582,1,4)]
20260612-013620	INFO	COMMON	[[LeftPearl][IdentifyLeftPearl]][gf_DelItem:Th­¬ng H¶i Ch©u CÊp 7 (*1 (2,102,214,bBind=1), Success][Role:MaJas_ServeR (acc:rage01)]
20260612-013620	INFO	COMMON	[[LeftPearl][IdentifyLeftPearl]] [AddItemEx:NhËn ®­îc vËt phÈm] [Role:MaJas_ServeR (acc:rage01)] [Item:S­¬ng-S­¬ng Tù(cÊp 7) (0,122,559,1,4)]
20260612-013620	INFO	COMMON	[acc:rage01 role:MaJas_ServeR][left_pearl][IdentifyLeftPearl][ItemName:S­¬ng-S­¬ng Tù][idx:1 attrid:15 values:{300,0,0,} probability:{10000,0,0,} frame:-1][idx:2 attrid:69 values:{50,0,0,} probability:{10000,0,0,} frame:-1][idx:3 attrid:94 values:{10,0,0,} probability:{10000,0,0,} frame:-1][idx:4 attrid:67 values:{10,0,0,} probability:{10000,0,0,} frame:-1][idx:5 attrid:74 values:{10,0,0,} probability:{10000,0,0,} frame:-1][quench times:0]
20260612-013620	INFO	COMMON	[[LeftPearl][IdentifyLeftPearl]][gf_DelItem:Th­¬ng H¶i Ch©u CÊp 7 (*1 (2,102,214,bBind=1), Success][Role:MaJas_ServeR (acc:rage01)]
20260612-013620	INFO	COMMON	[[LeftPearl][IdentifyLeftPearl]] [AddItemEx:NhËn ®­îc vËt phÈm] [Role:MaJas_ServeR (acc:rage01)] [Item:Tinh-Ngù K×nh(cÊp 7) (0,122,105,1,4)]
20260612-013620	INFO	COMMON	[acc:rage01 role:MaJas_ServeR][left_pearl][IdentifyLeftPearl][ItemName:Tinh-Ngù K×nh][idx:1 attrid:4 values:{800,0,0,} probability:{10000,0,0,} frame:-1][idx:2 attrid:77 values:{100,0,0,} probability:{2000,0,0,} frame:180][idx:3 attrid:66 values:{1000,0,0,} probability:{10000,0,0,} frame:-1][idx:4 attrid:65 values:{50000,0,0,} probability:{10000,0,0,} frame:-1][idx:5 attrid:79 values:{20,0,0,} probability:{10000,0,0,} frame:-1][quench times:0]
20260612-013620	INFO	COMMON	[[LeftPearl][IdentifyLeftPearl]][gf_DelItem:Th­¬ng H¶i Ch©u CÊp 7 (*1 (2,102,214,bBind=1), Success][Role:MaJas_ServeR (acc:rage01)]
20260612-013620	INFO	COMMON	[[LeftPearl][IdentifyLeftPearl]] [AddItemEx:NhËn ®­îc vËt phÈm] [Role:MaJas_ServeR (acc:rage01)] [Item:V¹n T­îng-Thu-Ngù K×nh(cÊp 7) (0,122,656,1,4)]
20260612-013620	INFO	COMMON	[[LeftPearl][IdentifyLeftPearl]][gf_DelItem:Th­¬ng H¶i Ch©u CÊp 7 (*1 (2,102,214,bBind=1), Success][Role:MaJas_ServeR (acc:rage01)]
20260612-013620	INFO	COMMON	[[LeftPearl][IdentifyLeftPearl]] [AddItemEx:NhËn ®­îc vËt phÈm] [Role:MaJas_ServeR (acc:rage01)] [Item:V¹n T­îng-Th¹ch-S¬n Cèt(cÊp 7) (0,122,679,1,4)]
20260612-013621	INFO	COMMON	[[LeftPearl][IdentifyLeftPearl]][gf_DelItem:Th­¬ng H¶i Ch©u CÊp 7 (*1 (2,102,214,bBind=1), Success][Role:MaJas_ServeR (acc:rage01)]
20260612-013621	INFO	COMMON	[[LeftPearl][IdentifyLeftPearl]] [AddItemEx:NhËn ®­îc vËt phÈm] [Role:MaJas_ServeR (acc:rage01)] [Item:NhËt-Ngu Uyªn(cÊp 7) (0,122,27,1,4)]
20260612-013621	INFO	COMMON	[acc:rage01 role:MaJas_ServeR][left_pearl][IdentifyLeftPearl][ItemName:NhËt-Ngu Uyªn][idx:1 attrid:3 values:{5000,0,0,} probability:{10000,0,0,} frame:-1][idx:2 attrid:67 values:{10,0,0,} probability:{10000,0,0,} frame:-1][idx:3 attrid:66 values:{1000,0,0,} probability:{10000,0,0,} frame:-1][idx:4 attrid:75 values:{10,0,0,} probability:{10000,0,0,} frame:-1][idx:5 attrid:74 values:{10,0,0,} probability:{10000,0,0,} frame:-1][quench times:0]
20260612-013621	INFO	COMMON	[[LeftPearl][IdentifyLeftPearl]][gf_DelItem:Th­¬ng H¶i Ch©u CÊp 7 (*1 (2,102,214,bBind=1), Success][Role:MaJas_ServeR (acc:rage01)]
20260612-013621	INFO	COMMON	[[LeftPearl][IdentifyLeftPearl]] [AddItemEx:NhËn ®­îc vËt phÈm] [Role:MaJas_ServeR (acc:rage01)] [Item:V¹n T­îng-Vô-Thñy V©n(cÊp 7) (0,122,635,1,4)]
20260612-013621	INFO	COMMON	[[LeftPearl][IdentifyLeftPearl]][gf_DelItem:Th­¬ng H¶i Ch©u CÊp 7 (*1 (2,102,214,bBind=1), Success][Role:MaJas_ServeR (acc:rage01)]
20260612-013621	INFO	COMMON	[[LeftPearl][IdentifyLeftPearl]] [AddItemEx:NhËn ®­îc vËt phÈm] [Role:MaJas_ServeR (acc:rage01)] [Item:V¹n T­îng-H¶i-Th­¬ng Minh(cÊp 7) (0,122,620,1,4)]
20260612-013621	INFO	COMMON	[[LeftPearl][IdentifyLeftPearl]][gf_DelItem:Th­¬ng H¶i Ch©u CÊp 7 (*1 (2,102,214,bBind=1), Success][Role:MaJas_ServeR (acc:rage01)]
20260612-013621	INFO	COMMON	[[LeftPearl][IdentifyLeftPearl]] [AddItemEx:NhËn ®­îc vËt phÈm] [Role:MaJas_ServeR (acc:rage01)] [Item:§«ng-TuÕ D­(cÊp 7) (0,122,363,1,4)]
20260612-013621	INFO	COMMON	[acc:rage01 role:MaJas_ServeR][left_pearl][IdentifyLeftPearl][ItemName:§«ng-Linh Tr¹ch][idx:1 attrid:16 values:{400,0,0,} probability:{10000,0,0,} frame:-1][idx:2 attrid:91 values:{1000,0,0,} probability:{10000,0,0,} frame:-1][idx:3 attrid:80 values:{1000,0,0,} probability:{10000,0,0,} frame:-1][idx:4 attrid:93 values:{500,0,0,} probability:{10000,0,0,} frame:-1][idx:5 attrid:69 values:{50,0,0,} probability:{10000,0,0,} frame:-1][quench times:0]
20260612-013621	INFO	COMMON	[[LeftPearl][IdentifyLeftPearl]][gf_DelItem:Th­¬ng H¶i Ch©u CÊp 7 (*1 (2,102,214,bBind=1), Success][Role:MaJas_ServeR (acc:rage01)]
20260612-013621	INFO	COMMON	[[LeftPearl][IdentifyLeftPearl]] [AddItemEx:NhËn ®­îc vËt phÈm] [Role:MaJas_ServeR (acc:rage01)] [Item:TuyÕt-Ngù K×nh(cÊp 7) (0,122,532,1,4)]
20260612-013621	INFO	COMMON	[acc:rage01 role:MaJas_ServeR][left_pearl][IdentifyLeftPearl][ItemName:TuyÕt-Ngù K×nh][idx:1 attrid:4 values:{800,0,0,} probability:{10000,0,0,} frame:-1][idx:2 attrid:66 values:{1000,0,0,} probability:{10000,0,0,} frame:-1][idx:3 attrid:70 values:{50,0,0,} probability:{10000,0,0,} frame:-1][idx:4 attrid:84 values:{100,0,0,} probability:{10000,0,0,} frame:-1][idx:5 attrid:85 values:{100,0,0,} probability:{10000,0,0,} frame:-1][quench times:0]
20260612-013621	INFO	COMMON	[[LeftPearl][IdentifyLeftPearl]][gf_DelItem:Th­¬ng H¶i Ch©u CÊp 7 (*1 (2,102,214,bBind=1), Success][Role:MaJas_ServeR (acc:rage01)]
20260612-013621	INFO	COMMON	[[LeftPearl][IdentifyLeftPearl]] [AddItemEx:NhËn ®­îc vËt phÈm] [Role:MaJas_ServeR (acc:rage01)] [Item:V©n-Ngù K×nh(cÊp 7) (0,122,476,1,4)]
20260612-013621	INFO	COMMON	[acc:rage01 role:MaJas_ServeR][left_pearl][IdentifyLeftPearl][ItemName:V©n-Ngù K×nh][idx:1 attrid:4 values:{800,0,0,} probability:{10000,0,0,} frame:-1][idx:2 attrid:94 values:{10,0,0,} probability:{10000,0,0,} frame:-1][idx:3 attrid:89 values:{400,0,0,} probability:{10000,0,0,} frame:-1][idx:4 attrid:88 values:{400,0,0,} probability:{10000,0,0,} frame:-1][idx:5 attrid:98 values:{100,0,0,} probability:{10000,0,0,} frame:-1][quench times:0]
20260612-013622	INFO	COMMON	[[LeftPearl][IdentifyLeftPearl]][gf_DelItem:Th­¬ng H¶i Ch©u CÊp 7 (*1 (2,102,214,bBind=1), Success][Role:MaJas_ServeR (acc:rage01)]
20260612-013622	INFO	COMMON	[[LeftPearl][IdentifyLeftPearl]] [AddItemEx:NhËn ®­îc vËt phÈm] [Role:MaJas_ServeR (acc:rage01)] [Item:V¹n T­îng-H¶i-Th­¬ng Minh(cÊp 7) (0,122,620,1,4)]
20260612-013622	INFO	COMMON	[[LeftPearl][IdentifyLeftPearl]][gf_DelItem:Th­¬ng H¶i Ch©u CÊp 7 (*1 (2,102,214,bBind=1), Success][Role:MaJas_ServeR (acc:rage01)]
20260612-013622	INFO	COMMON	[[LeftPearl][IdentifyLeftPearl]] [AddItemEx:NhËn ®­îc vËt phÈm] [Role:MaJas_ServeR (acc:rage01)] [Item:Phong-Ngù K×nh(cÊp 7) (0,122,245,1,4)]
20260612-013622	INFO	COMMON	[acc:rage01 role:MaJas_ServeR][left_pearl][IdentifyLeftPearl][ItemName:Phong-Ngù K×nh][idx:1 attrid:4 values:{800,0,0,} probability:{10000,0,0,} frame:-1][idx:2 attrid:70 values:{50,0,0,} probability:{10000,0,0,} frame:-1][idx:3 attrid:69 values:{50,0,0,} probability:{10000,0,0,} frame:-1][idx:4 attrid:88 values:{400,0,0,} probability:{10000,0,0,} frame:-1][idx:5 attrid:89 values:{400,0,0,} probability:{10000,0,0,} frame:-1][quench times:0]
20260612-013622	INFO	COMMON	[[LeftPearl][IdentifyLeftPearl]][gf_DelItem:Th­¬ng H¶i Ch©u CÊp 7 (*1 (2,102,214,bBind=1), Success][Role:MaJas_ServeR (acc:rage01)]
20260612-013622	INFO	COMMON	[[LeftPearl][IdentifyLeftPearl]] [AddItemEx:NhËn ®­îc vËt phÈm] [Role:MaJas_ServeR (acc:rage01)] [Item:TuyÕt-Ng­ng Vò(cÊp 7) (0,122,530,1,4)]
20260612-013622	INFO	COMMON	[acc:rage01 role:MaJas_ServeR][left_pearl][IdentifyLeftPearl][ItemName:TuyÕt-Ng­ng Vò][idx:1 attrid:56 values:{1400,0,0,} probability:{10000,0,0,} frame:-1][idx:2 attrid:66 values:{1000,0,0,} probability:{10000,0,0,} frame:-1][idx:3 attrid:86 values:{100,0,0,} probability:{10000,0,0,} frame:-1][idx:4 attrid:70 values:{50,0,0,} probability:{10000,0,0,} frame:-1][idx:5 attrid:69 values:{50,0,0,} probability:{10000,0,0,} frame:-1][quench times:0]
20260612-013622	INFO	COMMON	[[LeftPearl][IdentifyLeftPearl]][gf_DelItem:Th­¬ng H¶i Ch©u CÊp 7 (*1 (2,102,214,bBind=1), Success][Role:MaJas_ServeR (acc:rage01)]
20260612-013622	INFO	COMMON	[[LeftPearl][IdentifyLeftPearl]] [AddItemEx:NhËn ®­îc vËt phÈm] [Role:MaJas_ServeR (acc:rage01)] [Item:Phong-Ngù K×nh(cÊp 7) (0,122,245,1,4)]
20260612-013622	INFO	COMMON	[acc:rage01 role:MaJas_ServeR][left_pearl][IdentifyLeftPearl][ItemName:Phong-Ngù K×nh][idx:1 attrid:4 values:{800,0,0,} probability:{10000,0,0,} frame:-1][idx:2 attrid:65 values:{50000,0,0,} probability:{10000,0,0,} frame:-1][idx:3 attrid:70 values:{50,0,0,} probability:{10000,0,0,} frame:-1][idx:4 attrid:88 values:{400,0,0,} probability:{10000,0,0,} frame:-1][idx:5 attrid:89 values:{400,0,0,} probability:{10000,0,0,} frame:-1][quench times:0]
20260612-013622	INFO	COMMON	[[LeftPearl][IdentifyLeftPearl]][gf_DelItem:Th­¬ng H¶i Ch©u CÊp 7 (*1 (2,102,214,bBind=1), Success][Role:MaJas_ServeR (acc:rage01)]
20260612-013622	INFO	COMMON	[[LeftPearl][IdentifyLeftPearl]] [AddItemEx:NhËn ®­îc vËt phÈm] [Role:MaJas_ServeR (acc:rage01)] [Item:V¹n T­îng-Thñy-Thanh Dao(cÊp 7) (0,122,669,1,4)]
20260612-013622	INFO	COMMON	[[LeftPearl][IdentifyLeftPearl]][gf_DelItem:Th­¬ng H¶i Ch©u CÊp 7 (*1 (2,102,214,bBind=1), Success][Role:MaJas_ServeR (acc:rage01)]
20260612-013622	INFO	COMMON	[[LeftPearl][IdentifyLeftPearl]] [AddItemEx:NhËn ®­îc vËt phÈm] [Role:MaJas_ServeR (acc:rage01)] [Item:V¹n T­îng-Xu©n-D­¬ng Trung(cÊp 7) (0,122,643,1,4)]
20260612-013623	INFO	COMMON	[[LeftPearl][IdentifyLeftPearl]][gf_DelItem:Th­¬ng H¶i Ch©u CÊp 7 (*1 (2,102,214,bBind=1), Success][Role:MaJas_ServeR (acc:rage01)]
20260612-013623	INFO	COMMON	[[LeftPearl][IdentifyLeftPearl]] [AddItemEx:NhËn ®­îc vËt phÈm] [Role:MaJas_ServeR (acc:rage01)] [Item:Tinh-Ngù K×nh(cÊp 7) (0,122,105,1,4)]
20260612-013623	INFO	COMMON	[acc:rage01 role:MaJas_ServeR][left_pearl][IdentifyLeftPearl][ItemName:Tinh-Ngù K×nh][idx:1 attrid:4 values:{800,0,0,} probability:{10000,0,0,} frame:-1][idx:2 attrid:66 values:{1000,0,0,} probability:{10000,0,0,} frame:-1][idx:3 attrid:65 values:{50000,0,0,} probability:{10000,0,0,} frame:-1][idx:4 attrid:78 values:{100,0,0,} probability:{2000,0,0,} frame:180][idx:5 attrid:76 values:{100,0,0,} probability:{10000,0,0,} frame:-1][quench times:0]
20260612-013623	INFO	COMMON	[[LeftPearl][IdentifyLeftPearl]][gf_DelItem:Th­¬ng H¶i Ch©u CÊp 7 (*1 (2,102,214,bBind=1), Success][Role:MaJas_ServeR (acc:rage01)]
20260612-013623	INFO	COMMON	[[LeftPearl][IdentifyLeftPearl]] [AddItemEx:NhËn ®­îc vËt phÈm] [Role:MaJas_ServeR (acc:rage01)] [Item:V¹n T­îng-Vô-Thanh Huy(cÊp 7) (0,122,637,1,4)]
20260612-013623	INFO	COMMON	[[LeftPearl][IdentifyLeftPearl]][gf_DelItem:Th­¬ng H¶i Ch©u CÊp 7 (*1 (2,102,214,bBind=1), Success][Role:MaJas_ServeR (acc:rage01)]
20260612-013623	INFO	COMMON	[[LeftPearl][IdentifyLeftPearl]] [AddItemEx:NhËn ®­îc vËt phÈm] [Role:MaJas_ServeR (acc:rage01)] [Item:V©n-Ngù K×nh(cÊp 7) (0,122,476,1,4)]
20260612-013623	INFO	COMMON	[acc:rage01 role:MaJas_ServeR][left_pearl][IdentifyLeftPearl][ItemName:V©n-Ngù K×nh][idx:1 attrid:4 values:{800,0,0,} probability:{10000,0,0,} frame:-1][idx:2 attrid:73 values:{20,0,0,} probability:{10000,0,0,} frame:-1][idx:3 attrid:94 values:{10,0,0,} probability:{10000,0,0,} frame:-1][idx:4 attrid:88 values:{400,0,0,} probability:{10000,0,0,} frame:-1][idx:5 attrid:64 values:{10,0,0,} probability:{10000,0,0,} frame:-1][quench times:0]
20260612-013623	INFO	COMMON	[[LeftPearl][IdentifyLeftPearl]][gf_DelItem:Th­¬ng H¶i Ch©u CÊp 7 (*1 (2,102,214,bBind=1), Success][Role:MaJas_ServeR (acc:rage01)]
20260612-013623	INFO	COMMON	[[LeftPearl][IdentifyLeftPearl]] [AddItemEx:NhËn ®­îc vËt phÈm] [Role:MaJas_ServeR (acc:rage01)] [Item:V¹n T­îng-Thiªn-Hång Qu©n(cÊp 7) (0,122,602,1,4)]
20260612-013623	INFO	COMMON	[[LeftPearl][IdentifyLeftPearl]][gf_DelItem:Th­¬ng H¶i Ch©u CÊp 7 (*1 (2,102,214,bBind=1), Success][Role:MaJas_ServeR (acc:rage01)]
20260612-013623	INFO	COMMON	[[LeftPearl][IdentifyLeftPearl]] [AddItemEx:NhËn ®­îc vËt phÈm] [Role:MaJas_ServeR (acc:rage01)] [Item:§«ng-Ngù K×nh(cÊp 7) (0,122,364,1,4)]
20260612-013623	INFO	COMMON	[acc:rage01 role:MaJas_ServeR][left_pearl][IdentifyLeftPearl][ItemName:§«ng-Ngù K×nh][idx:1 attrid:4 values:{800,0,0,} probability:{10000,0,0,} frame:-1][idx:2 attrid:60 values:{10,0,0,} probability:{2000,0,0,} frame:180][idx:3 attrid:68 values:{1000,0,0,} probability:{10000,0,0,} frame:18][idx:4 attrid:93 values:{500,0,0,} probability:{10000,0,0,} frame:-1][idx:5 attrid:80 values:{1000,0,0,} probability:{10000,0,0,} frame:-1][quench times:0]
20260612-013624	INFO	COMMON	[[LeftPearl][IdentifyLeftPearl]][gf_DelItem:Th­¬ng H¶i Ch©u CÊp 7 (*1 (2,102,214,bBind=1), Success][Role:MaJas_ServeR (acc:rage01)]
20260612-013624	INFO	COMMON	[[LeftPearl][IdentifyLeftPearl]] [AddItemEx:NhËn ®­îc vËt phÈm] [Role:MaJas_ServeR (acc:rage01)] [Item:V¹n T­îng-NguyÖt-H¶i KÝnh(cÊp 7) (0,122,577,1,4)]
20260612-013624	INFO	COMMON	[[LeftPearl][IdentifyLeftPearl]][gf_DelItem:Th­¬ng H¶i Ch©u CÊp 7 (*1 (2,102,214,bBind=1), Success][Role:MaJas_ServeR (acc:rage01)]
20260612-013624	INFO	COMMON	[[LeftPearl][IdentifyLeftPearl]] [AddItemEx:NhËn ®­îc vËt phÈm] [Role:MaJas_ServeR (acc:rage01)] [Item:V¹n T­îng-Thu-Ngù K×nh(cÊp 7) (0,122,656,1,4)]
20260612-013624	INFO	COMMON	[[LeftPearl][IdentifyLeftPearl]][gf_DelItem:Th­¬ng H¶i Ch©u CÊp 7 (*1 (2,102,214,bBind=1), Success][Role:MaJas_ServeR (acc:rage01)]
20260612-013624	INFO	COMMON	[[LeftPearl][IdentifyLeftPearl]] [AddItemEx:NhËn ®­îc vËt phÈm] [Role:MaJas_ServeR (acc:rage01)] [Item:Vò-Long NhuËn(cÊp 7) (0,122,501,1,4)]
20260612-013624	INFO	COMMON	[acc:rage01 role:MaJas_ServeR][left_pearl][IdentifyLeftPearl][ItemName:Vò-Long NhuËn][idx:1 attrid:53 values:{700,0,0,} probability:{10000,0,0,} frame:-1][idx:2 attrid:93 values:{500,0,0,} probability:{10000,0,0,} frame:-1][idx:3 attrid:94 values:{10,0,0,} probability:{10000,0,0,} frame:-1][idx:4 attrid:88 values:{400,0,0,} probability:{10000,0,0,} frame:-1][idx:5 attrid:89 values:{400,0,0,} probability:{10000,0,0,} frame:-1][quench times:0]
20260612-013624	INFO	COMMON	[[LeftPearl][IdentifyLeftPearl]][gf_DelItem:Th­¬ng H¶i Ch©u CÊp 7 (*1 (2,102,214,bBind=1), Success][Role:MaJas_ServeR (acc:rage01)]
20260612-013624	INFO	COMMON	[[LeftPearl][IdentifyLeftPearl]] [AddItemEx:NhËn ®­îc vËt phÈm] [Role:MaJas_ServeR (acc:rage01)] [Item:V¹n T­îng-Thiªn-Ngù K×nh(cÊp 7) (0,122,604,1,4)]
20260612-013624	INFO	COMMON	[[LeftPearl][IdentifyLeftPearl]][gf_DelItem:Th­¬ng H¶i Ch©u CÊp 7 (*1 (2,102,214,bBind=1), Success][Role:MaJas_ServeR (acc:rage01)]
20260612-013624	INFO	COMMON	[[LeftPearl][IdentifyLeftPearl]] [AddItemEx:NhËn ®­îc vËt phÈm] [Role:MaJas_ServeR (acc:rage01)] [Item:Vô-Ngù K×nh(cÊp 7) (0,122,273,1,4)]
20260612-013624	INFO	COMMON	[acc:rage01 role:MaJas_ServeR][left_pearl][IdentifyLeftPearl][ItemName:Vô-Ngù K×nh][idx:1 attrid:4 values:{800,0,0,} probability:{10000,0,0,} frame:-1][idx:2 attrid:88 values:{400,0,0,} probability:{10000,0,0,} frame:-1][idx:3 attrid:66 values:{1000,0,0,} probability:{10000,0,0,} frame:-1][idx:4 attrid:89 values:{400,0,0,} probability:{10000,0,0,} frame:-1][idx:5 attrid:90 values:{10,0,0,} probability:{10000,0,0,} frame:-1][quench times:0]
20260612-013625	INFO	COMMON	[[LeftPearl][IdentifyLeftPearl]][gf_DelItem:Th­¬ng H¶i Ch©u CÊp 7 (*1 (2,102,214,bBind=1), Success][Role:MaJas_ServeR (acc:rage01)]
20260612-013625	INFO	COMMON	[[LeftPearl][IdentifyLeftPearl]] [AddItemEx:NhËn ®­îc vËt phÈm] [Role:MaJas_ServeR (acc:rage01)] [Item:S¬n-Ngäc Ch­íng(cÊp 7) (0,122,195,1,4)]
20260612-013625	INFO	COMMON	[acc:rage01 role:MaJas_ServeR][left_pearl][IdentifyLeftPearl][ItemName:S¬n-Ngäc Ch­íng][idx:1 attrid:22 values:{700,0,0,} probability:{10000,0,0,} frame:-1][idx:2 attrid:63 values:{10,0,0,} probability:{10000,0,0,} frame:-1][idx:3 attrid:66 values:{1000,0,0,} probability:{10000,0,0,} frame:-1][idx:4 attrid:64 values:{10,0,0,} probability:{10000,0,0,} frame:-1][idx:5 attrid:62 values:{10,0,0,} probability:{10000,0,0,} frame:-1][quench times:0]
20260612-013625	INFO	COMMON	[[LeftPearl][IdentifyLeftPearl]][gf_DelItem:Th­¬ng H¶i Ch©u CÊp 7 (*1 (2,102,214,bBind=1), Success][Role:MaJas_ServeR (acc:rage01)]
20260612-013625	INFO	COMMON	[[LeftPearl][IdentifyLeftPearl]] [AddItemEx:NhËn ®­îc vËt phÈm] [Role:MaJas_ServeR (acc:rage01)] [Item:V¹n T­îng-Tinh-TuyÒn C¬(cÊp 7) (0,122,589,1,4)]
20260612-013625	INFO	COMMON	[[LeftPearl][IdentifyLeftPearl]][gf_DelItem:Th­¬ng H¶i Ch©u CÊp 7 (*1 (2,102,214,bBind=1), Success][Role:MaJas_ServeR (acc:rage01)]
20260612-013625	INFO	COMMON	[[LeftPearl][IdentifyLeftPearl]] [AddItemEx:NhËn ®­îc vËt phÈm] [Role:MaJas_ServeR (acc:rage01)] [Item:Xu©n-Ngù K×nh(cÊp 7) (0,122,294,1,4)]
20260612-013625	INFO	COMMON	[acc:rage01 role:MaJas_ServeR][left_pearl][IdentifyLeftPearl][ItemName:Xu©n-Ngù K×nh][idx:1 attrid:4 values:{800,0,0,} probability:{10000,0,0,} frame:-1][idx:2 attrid:93 values:{500,0,0,} probability:{10000,0,0,} frame:-1][idx:3 attrid:69 values:{50,0,0,} probability:{10000,0,0,} frame:-1][idx:4 attrid:65 values:{50000,0,0,} probability:{10000,0,0,} frame:-1][idx:5 attrid:70 values:{50,0,0,} probability:{10000,0,0,} frame:-1][quench times:0]
20260612-013625	INFO	COMMON	[[LeftPearl][IdentifyLeftPearl]][gf_DelItem:Th­¬ng H¶i Ch©u CÊp 7 (*1 (2,102,214,bBind=1), Success][Role:MaJas_ServeR (acc:rage01)]
20260612-013625	INFO	COMMON	[[LeftPearl][IdentifyLeftPearl]] [AddItemEx:NhËn ®­îc vËt phÈm] [Role:MaJas_ServeR (acc:rage01)] [Item:NguyÖt-Ngù K×nh(cÊp 7) (0,122,77,1,4)]
20260612-013625	INFO	COMMON	[acc:rage01 role:MaJas_ServeR][left_pearl][IdentifyLeftPearl][ItemName:NguyÖt-Ngù K×nh][idx:1 attrid:4 values:{800,0,0,} probability:{10000,0,0,} frame:-1][idx:2 attrid:65 values:{50000,0,0,} probability:{10000,0,0,} frame:-1][idx:3 attrid:75 values:{10,0,0,} probability:{10000,0,0,} frame:-1][idx:4 attrid:74 values:{10,0,0,} probability:{10000,0,0,} frame:-1][idx:5 attrid:66 values:{1000,0,0,} probability:{10000,0,0,} frame:-1][quench times:0]
20260612-013625	INFO	COMMON	[[LeftPearl][IdentifyLeftPearl]][gf_DelItem:Th­¬ng H¶i Ch©u CÊp 7 (*1 (2,102,214,bBind=1), Success][Role:MaJas_ServeR (acc:rage01)]
20260612-013625	INFO	COMMON	[[LeftPearl][IdentifyLeftPearl]] [AddItemEx:NhËn ®­îc vËt phÈm] [Role:MaJas_ServeR (acc:rage01)] [Item:V¹n T­îng-Th¹ch-Ngù K×nh(cÊp 7) (0,122,684,1,4)]
20260612-013625	INFO	COMMON	[[LeftPearl][IdentifyLeftPearl]][gf_DelItem:Th­¬ng H¶i Ch©u CÊp 7 (*1 (2,102,214,bBind=1), Success][Role:MaJas_ServeR (acc:rage01)]
20260612-013625	INFO	COMMON	[[LeftPearl][IdentifyLeftPearl]] [AddItemEx:NhËn ®­îc vËt phÈm] [Role:MaJas_ServeR (acc:rage01)] [Item:V¹n T­îng-Vô-Thanh Huy(cÊp 7) (0,122,637,1,4)]
20260612-013626	INFO	COMMON	[[LeftPearl][IdentifyLeftPearl]][gf_DelItem:Th­¬ng H¶i Ch©u CÊp 7 (*1 (2,102,214,bBind=1), Success][Role:MaJas_ServeR (acc:rage01)]
20260612-013626	INFO	COMMON	[[LeftPearl][IdentifyLeftPearl]] [AddItemEx:NhËn ®­îc vËt phÈm] [Role:MaJas_ServeR (acc:rage01)] [Item:Thñy-Ngù K×nh(cÊp 7) (0,122,392,1,4)]
20260612-013626	INFO	COMMON	[acc:rage01 role:MaJas_ServeR][left_pearl][IdentifyLeftPearl][ItemName:Thñy-Ngù K×nh][idx:1 attrid:4 values:{800,0,0,} probability:{10000,0,0,} frame:-1][idx:2 attrid:98 values:{100,0,0,} probability:{10000,0,0,} frame:-1][idx:3 attrid:89 values:{400,0,0,} probability:{10000,0,0,} frame:-1][idx:4 attrid:70 values:{50,0,0,} probability:{10000,0,0,} frame:-1][idx:5 attrid:88 values:{400,0,0,} probability:{10000,0,0,} frame:-1][quench times:0]
20260612-013626	INFO	COMMON	[[LeftPearl][IdentifyLeftPearl]][gf_DelItem:Th­¬ng H¶i Ch©u CÊp 7 (*1 (2,102,214,bBind=1), Success][Role:MaJas_ServeR (acc:rage01)]
20260612-013626	INFO	COMMON	[[LeftPearl][IdentifyLeftPearl]] [AddItemEx:NhËn ®­îc vËt phÈm] [Role:MaJas_ServeR (acc:rage01)] [Item:V¹n T­îng-H¶i-Minh M«ng(cÊp 7) (0,122,621,1,4)]
20260612-013626	INFO	COMMON	[[LeftPearl][IdentifyLeftPearl]][gf_DelItem:Th­¬ng H¶i Ch©u CÊp 7 (*1 (2,102,214,bBind=1), Success][Role:MaJas_ServeR (acc:rage01)]
20260612-013626	INFO	COMMON	[[LeftPearl][IdentifyLeftPearl]] [AddItemEx:NhËn ®­îc vËt phÈm] [Role:MaJas_ServeR (acc:rage01)] [Item:S­¬ng-S­¬ng Tù(cÊp 7) (0,122,559,1,4)]
20260612-013626	INFO	COMMON	[acc:rage01 role:MaJas_ServeR][left_pearl][IdentifyLeftPearl][ItemName:S­¬ng-S­¬ng Tù][idx:1 attrid:15 values:{300,0,0,} probability:{10000,0,0,} frame:-1][idx:2 attrid:73 values:{20,0,0,} probability:{10000,0,0,} frame:-1][idx:3 attrid:94 values:{10,0,0,} probability:{10000,0,0,} frame:-1][idx:4 attrid:67 values:{10,0,0,} probability:{10000,0,0,} frame:-1][idx:5 attrid:95 values:{10,0,0,} probability:{10000,0,0,} frame:-1][quench times:0]
20260612-013626	INFO	COMMON	[[LeftPearl][IdentifyLeftPearl]][gf_DelItem:Th­¬ng H¶i Ch©u CÊp 7 (*1 (2,102,214,bBind=1), Success][Role:MaJas_ServeR (acc:rage01)]
20260612-013626	INFO	COMMON	[[LeftPearl][IdentifyLeftPearl]] [AddItemEx:NhËn ®­îc vËt phÈm] [Role:MaJas_ServeR (acc:rage01)] [Item:NguyÖt-Ngù K×nh(cÊp 7) (0,122,77,1,4)]
20260612-013626	INFO	COMMON	[acc:rage01 role:MaJas_ServeR][left_pearl][IdentifyLeftPearl][ItemName:NguyÖt-Ngù K×nh][idx:1 attrid:4 values:{800,0,0,} probability:{10000,0,0,} frame:-1][idx:2 attrid:69 values:{50,0,0,} probability:{10000,0,0,} frame:-1][idx:3 attrid:74 values:{10,0,0,} probability:{10000,0,0,} frame:-1][idx:4 attrid:75 values:{10,0,0,} probability:{10000,0,0,} frame:-1][idx:5 attrid:70 values:{50,0,0,} probability:{10000,0,0,} frame:-1][quench times:0]
20260612-013626	INFO	COMMON	[[LeftPearl][IdentifyLeftPearl]][gf_DelItem:Th­¬ng H¶i Ch©u CÊp 7 (*1 (2,102,214,bBind=1), Success][Role:MaJas_ServeR (acc:rage01)]
20260612-013626	INFO	COMMON	[[LeftPearl][IdentifyLeftPearl]] [AddItemEx:NhËn ®­îc vËt phÈm] [Role:MaJas_ServeR (acc:rage01)] [Item:Thu-Ngù K×nh(cÊp 7) (0,122,336,1,4)]
20260612-013626	INFO	COMMON	[acc:rage01 role:MaJas_ServeR][left_pearl][IdentifyLeftPearl][ItemName:Thu-Ngù K×nh][idx:1 attrid:4 values:{800,0,0,} probability:{10000,0,0,} frame:-1][idx:2 attrid:88 values:{400,0,0,} probability:{10000,0,0,} frame:-1][idx:3 attrid:89 values:{400,0,0,} probability:{10000,0,0,} frame:-1][idx:4 attrid:69 values:{50,0,0,} probability:{10000,0,0,} frame:-1][idx:5 attrid:70 values:{50,0,0,} probability:{10000,0,0,} frame:-1][quench times:0]
20260612-013626	INFO	COMMON	[[LeftPearl][IdentifyLeftPearl]][gf_DelItem:Th­¬ng H¶i Ch©u CÊp 7 (*1 (2,102,214,bBind=1), Success][Role:MaJas_ServeR (acc:rage01)]
20260612-013626	INFO	COMMON	[[LeftPearl][IdentifyLeftPearl]] [AddItemEx:NhËn ®­îc vËt phÈm] [Role:MaJas_ServeR (acc:rage01)] [Item:V¹n T­îng-Thiªn-Hång Qu©n(cÊp 7) (0,122,602,1,4)]
20260612-013627	INFO	COMMON	[[LeftPearl][IdentifyLeftPearl]][gf_DelItem:Th­¬ng H¶i Ch©u CÊp 7 (*1 (2,102,214,bBind=1), Success][Role:MaJas_ServeR (acc:rage01)]
20260612-013627	INFO	COMMON	[[LeftPearl][IdentifyLeftPearl]] [AddItemEx:NhËn ®­îc vËt phÈm] [Role:MaJas_ServeR (acc:rage01)] [Item:ThÇn-Ngù K×nh(cÊp 7) (0,122,133,1,4)]
20260612-013627	INFO	COMMON	[acc:rage01 role:MaJas_ServeR][left_pearl][IdentifyLeftPearl][ItemName:ThÇn-Ngù K×nh][idx:1 attrid:4 values:{800,0,0,} probability:{10000,0,0,} frame:-1][idx:2 attrid:86 values:{100,0,0,} probability:{10000,0,0,} frame:-1][idx:3 attrid:85 values:{100,0,0,} probability:{10000,0,0,} frame:-1][idx:4 attrid:82 values:{100,0,0,} probability:{10000,0,0,} frame:-1][idx:5 attrid:84 values:{100,0,0,} probability:{10000,0,0,} frame:-1][quench times:0]
20260612-013627	INFO	COMMON	[[LeftPearl][IdentifyLeftPearl]][gf_DelItem:Th­¬ng H¶i Ch©u CÊp 7 (*1 (2,102,214,bBind=1), Success][Role:MaJas_ServeR (acc:rage01)]
20260612-013627	INFO	COMMON	[[LeftPearl][IdentifyLeftPearl]] [AddItemEx:NhËn ®­îc vËt phÈm] [Role:MaJas_ServeR (acc:rage01)] [Item:NguyÖt-Väng Th­(cÊp 7) (0,122,71,1,4)]
20260612-013627	INFO	COMMON	[acc:rage01 role:MaJas_ServeR][left_pearl][IdentifyLeftPearl][ItemName:NguyÖt-Väng Th­][idx:1 attrid:5 values:{500,0,0,} probability:{10000,0,0,} frame:-1][idx:2 attrid:75 values:{10,0,0,} probability:{10000,0,0,} frame:-1][idx:3 attrid:74 values:{10,0,0,} probability:{10000,0,0,} frame:-1][idx:4 attrid:66 values:{1000,0,0,} probability:{10000,0,0,} frame:-1][idx:5 attrid:65 values:{50000,0,0,} probability:{10000,0,0,} frame:-1][quench times:0]
20260612-013627	INFO	COMMON	[[LeftPearl][IdentifyLeftPearl]][gf_DelItem:Th­¬ng H¶i Ch©u CÊp 7 (*1 (2,102,214,bBind=1), Success][Role:MaJas_ServeR (acc:rage01)]
20260612-013627	INFO	COMMON	[[LeftPearl][IdentifyLeftPearl]] [AddItemEx:NhËn ®­îc vËt phÈm] [Role:MaJas_ServeR (acc:rage01)] [Item:V¹n T­îng-Tinh-Ngù K×nh(cÊp 7) (0,122,590,1,4)]
20260612-013627	INFO	COMMON	[[LeftPearl][IdentifyLeftPearl]][gf_DelItem:Th­¬ng H¶i Ch©u CÊp 7 (*1 (2,102,214,bBind=1), Success][Role:MaJas_ServeR (acc:rage01)]
20260612-013627	INFO	COMMON	[[LeftPearl][IdentifyLeftPearl]] [AddItemEx:NhËn ®­îc vËt phÈm] [Role:MaJas_ServeR (acc:rage01)] [Item:Vô-Thanh Huy(cÊp 7) (0,122,272,1,4)]
20260612-013627	INFO	COMMON	[acc:rage01 role:MaJas_ServeR][left_pearl][IdentifyLeftPearl][ItemName:Vô-Thanh Huy][idx:1 attrid:30 values:{100,0,0,} probability:{10000,0,0,} frame:-1][idx:2 attrid:66 values:{1000,0,0,} probability:{10000,0,0,} frame:-1][idx:3 attrid:91 values:{1000,0,0,} probability:{10000,0,0,} frame:-1][idx:4 attrid:88 values:{400,0,0,} probability:{10000,0,0,} frame:-1][idx:5 attrid:69 values:{50,0,0,} probability:{10000,0,0,} frame:-1][quench times:0]
20260612-013627	INFO	COMMON	[[LeftPearl][IdentifyLeftPearl]][gf_DelItem:Th­¬ng H¶i Ch©u CÊp 7 (*1 (2,102,214,bBind=1), Success][Role:MaJas_ServeR (acc:rage01)]
20260612-013627	INFO	COMMON	[[LeftPearl][IdentifyLeftPearl]] [AddItemEx:NhËn ®­îc vËt phÈm] [Role:MaJas_ServeR (acc:rage01)] [Item:NguyÖt-Ngù K×nh(cÊp 7) (0,122,77,1,4)]
20260612-013627	INFO	COMMON	[acc:rage01 role:MaJas_ServeR][left_pearl][IdentifyLeftPearl][ItemName:NguyÖt-Ngù K×nh][idx:1 attrid:4 values:{800,0,0,} probability:{10000,0,0,} frame:-1][idx:2 attrid:74 values:{10,0,0,} probability:{10000,0,0,} frame:-1][idx:3 attrid:75 values:{10,0,0,} probability:{10000,0,0,} frame:-1][idx:4 attrid:70 values:{50,0,0,} probability:{10000,0,0,} frame:-1][idx:5 attrid:73 values:{20,0,0,} probability:{10000,0,0,} frame:-1][quench times:0]
20260612-013628	INFO	COMMON	[[LeftPearl][IdentifyLeftPearl]][gf_DelItem:Th­¬ng H¶i Ch©u CÊp 7 (*1 (2,102,214,bBind=1), Success][Role:MaJas_ServeR (acc:rage01)]
20260612-013628	INFO	COMMON	[[LeftPearl][IdentifyLeftPearl]] [AddItemEx:NhËn ®­îc vËt phÈm] [Role:MaJas_ServeR (acc:rage01)] [Item:V¹n T­îng-Phong-Tïng Xuy(cÊp 7) (0,122,627,1,4)]
20260612-013628	INFO	COMMON	[[LeftPearl][IdentifyLeftPearl]][gf_DelItem:Th­¬ng H¶i Ch©u CÊp 7 (*1 (2,102,214,bBind=1), Success][Role:MaJas_ServeR (acc:rage01)]
20260612-013628	INFO	COMMON	[[LeftPearl][IdentifyLeftPearl]] [AddItemEx:NhËn ®­îc vËt phÈm] [Role:MaJas_ServeR (acc:rage01)] [Item:V¹n T­îng-§Þa-Ngù K×nh(cÊp 7) (0,122,610,1,4)]
20260612-013628	INFO	COMMON	[[LeftPearl][IdentifyLeftPearl]][gf_DelItem:Th­¬ng H¶i Ch©u CÊp 7 (*1 (2,102,214,bBind=1), Success][Role:MaJas_ServeR (acc:rage01)]
20260612-013628	INFO	COMMON	[[LeftPearl][IdentifyLeftPearl]] [AddItemEx:NhËn ®­îc vËt phÈm] [Role:MaJas_ServeR (acc:rage01)] [Item:V¹n T­îng-NhËt-Ngù K×nh(cÊp 7) (0,122,568,1,4)]
20260612-013628	INFO	COMMON	[[LeftPearl][IdentifyLeftPearl]][gf_DelItem:Th­¬ng H¶i Ch©u CÊp 7 (*1 (2,102,214,bBind=1), Success][Role:MaJas_ServeR (acc:rage01)]
20260612-013628	INFO	COMMON	[[LeftPearl][IdentifyLeftPearl]] [AddItemEx:NhËn ®­îc vËt phÈm] [Role:MaJas_ServeR (acc:rage01)] [Item:§Þa-Kh«n Linh(cÊp 7) (0,122,173,1,4)]
20260612-013628	INFO	COMMON	[acc:rage01 role:MaJas_ServeR][left_pearl][IdentifyLeftPearl][ItemName:§Þa-Kh«n Linh][idx:1 attrid:19 values:{500,0,0,} probability:{2000,0,0,} frame:180][idx:2 attrid:86 values:{100,0,0,} probability:{10000,0,0,} frame:-1][idx:3 attrid:89 values:{400,0,0,} probability:{10000,0,0,} frame:-1][idx:4 attrid:88 values:{400,0,0,} probability:{10000,0,0,} frame:-1][idx:5 attrid:83 values:{100,0,0,} probability:{10000,0,0,} frame:-1][quench times:0]
20260612-013628	INFO	COMMON	[[LeftPearl][IdentifyLeftPearl]][gf_DelItem:Th­¬ng H¶i Ch©u CÊp 7 (*1 (2,102,214,bBind=1), Success][Role:MaJas_ServeR (acc:rage01)]
20260612-013628	INFO	COMMON	[[LeftPearl][IdentifyLeftPearl]] [AddItemEx:NhËn ®­îc vËt phÈm] [Role:MaJas_ServeR (acc:rage01)] [Item:V¹n T­îng-Thu-Ngù K×nh(cÊp 7) (0,122,656,1,4)]
20260612-013628	INFO	COMMON	[[LeftPearl][IdentifyLeftPearl]][gf_DelItem:Th­¬ng H¶i Ch©u CÊp 7 (*1 (2,102,214,bBind=1), Success][Role:MaJas_ServeR (acc:rage01)]
20260612-013628	INFO	COMMON	[[LeftPearl][IdentifyLeftPearl]] [AddItemEx:NhËn ®­îc vËt phÈm] [Role:MaJas_ServeR (acc:rage01)] [Item:V¹n T­îng-NhËt-Ngu Uyªn(cÊp 7) (0,122,567,1,4)]
20260612-013629	INFO	COMMON	[[LeftPearl][IdentifyLeftPearl]][gf_DelItem:Th­¬ng H¶i Ch©u CÊp 7 (*1 (2,102,214,bBind=1), Success][Role:MaJas_ServeR (acc:rage01)]
20260612-013629	INFO	COMMON	[[LeftPearl][IdentifyLeftPearl]] [AddItemEx:NhËn ®­îc vËt phÈm] [Role:MaJas_ServeR (acc:rage01)] [Item:V¹n T­îng-Vò-M¹ch L©m(cÊp 7) (0,122,703,1,4)]
20260612-013629	INFO	COMMON	[[LeftPearl][IdentifyLeftPearl]][gf_DelItem:Th­¬ng H¶i Ch©u CÊp 7 (*1 (2,102,214,bBind=1), Success][Role:MaJas_ServeR (acc:rage01)]
20260612-013629	INFO	COMMON	[[LeftPearl][IdentifyLeftPearl]] [AddItemEx:NhËn ®­îc vËt phÈm] [Role:MaJas_ServeR (acc:rage01)] [Item:Thu-Ngù K×nh(cÊp 7) (0,122,336,1,4)]
20260612-013629	INFO	COMMON	[acc:rage01 role:MaJas_ServeR][left_pearl][IdentifyLeftPearl][ItemName:Thu-Ngù K×nh][idx:1 attrid:4 values:{800,0,0,} probability:{10000,0,0,} frame:-1][idx:2 attrid:69 values:{50,0,0,} probability:{10000,0,0,} frame:-1][idx:3 attrid:70 values:{50,0,0,} probability:{10000,0,0,} frame:-1][idx:4 attrid:90 values:{10,0,0,} probability:{10000,0,0,} frame:-1][idx:5 attrid:89 values:{400,0,0,} probability:{10000,0,0,} frame:-1][quench times:0]
20260612-013629	INFO	COMMON	[[LeftPearl][IdentifyLeftPearl]][gf_DelItem:Th­¬ng H¶i Ch©u CÊp 7 (*1 (2,102,214,bBind=1), Success][Role:MaJas_ServeR (acc:rage01)]
20260612-013629	INFO	COMMON	[[LeftPearl][IdentifyLeftPearl]] [AddItemEx:NhËn ®­îc vËt phÈm] [Role:MaJas_ServeR (acc:rage01)] [Item:NguyÖt-Ngäc Bµn(cÊp 7) (0,122,74,1,4)]
20260612-013629	INFO	COMMON	[acc:rage01 role:MaJas_ServeR][left_pearl][IdentifyLeftPearl][ItemName:NguyÖt-Ngäc Bµn][idx:1 attrid:8 values:{500,0,0,} probability:{10000,0,0,} frame:-1][idx:2 attrid:69 values:{50,0,0,} probability:{10000,0,0,} frame:-1][idx:3 attrid:75 values:{10,0,0,} probability:{10000,0,0,} frame:-1][idx:4 attrid:74 values:{10,0,0,} probability:{10000,0,0,} frame:-1][idx:5 attrid:70 values:{50,0,0,} probability:{10000,0,0,} frame:-1][quench times:0]
20260612-013629	INFO	COMMON	[[LeftPearl][IdentifyLeftPearl]][gf_DelItem:Th­¬ng H¶i Ch©u CÊp 7 (*1 (2,102,214,bBind=1), Success][Role:MaJas_ServeR (acc:rage01)]
20260612-013629	INFO	COMMON	[[LeftPearl][IdentifyLeftPearl]] [AddItemEx:NhËn ®­îc vËt phÈm] [Role:MaJas_ServeR (acc:rage01)] [Item:Th¹ch-Huúnh HoÆc(cÊp 7) (0,122,432,1,4)]
20260612-013629	INFO	COMMON	[acc:rage01 role:MaJas_ServeR][left_pearl][IdentifyLeftPearl][ItemName:Th¹ch-Huúnh HoÆc][idx:1 attrid:46 values:{140,0,0,} probability:{10000,0,0,} frame:-1][idx:2 attrid:89 values:{400,0,0,} probability:{10000,0,0,} frame:-1][idx:3 attrid:88 values:{400,0,0,} probability:{10000,0,0,} frame:-1][idx:4 attrid:82 values:{100,0,0,} probability:{10000,0,0,} frame:-1][idx:5 attrid:84 values:{100,0,0,} probability:{10000,0,0,} frame:-1][quench times:0]
20260612-013717	INFO	COMMON	[AWARD_TEMPLATE] onKsgPlayerLogin received card, type = player	rage01	MaJas_ServeR	tbProp	 [Vâ L©m 2 Shiina] Thªm thµnh c«ng 1 c¸i, thªm thÊt b¹i 0 c¸i, r¬i ®Êt 0 c¸i.
20260612-013721	INFO	COMMON	[AWARD_TEMPLATE] NhËn NL Bét Tr©n Ch©u	rage01	MaJas_ServeR	tbProp	 [Bét Tr©n Ch©u] Thªm thµnh c«ng 1 c¸i, thªm thÊt b¹i 0 c¸i, r¬i ®Êt 0 c¸i.
20260612-013727	INFO	COMMON	[AWARD_TEMPLATE] NhËn NL Bét Tr©n Ch©u	rage01	MaJas_ServeR	tbProp	 [Bét Tr©n Ch©u] Thªm thµnh c«ng 1 c¸i, thªm thÊt b¹i 0 c¸i, r¬i ®Êt 0 c¸i.
20260612-013735	INFO	COMMON	[AWARD_TEMPLATE] NhËn Th­¬ng H¶i Di Ch©u Lv7	rage01	MaJas_ServeR	tbProp	 [Th­¬ng H¶i Ch©u CÊp 7 (] Thªm thµnh c«ng 1 c¸i, thªm thÊt b¹i 0 c¸i, r¬i ®Êt 0 c¸i.
20260612-013737	INFO	COMMON	[[LeftPearl][IdentifyLeftPearl]][gf_DelItem:Th­¬ng H¶i Ch©u CÊp 7 (*1 (2,102,214,bBind=1), Success][Role:MaJas_ServeR (acc:rage01)]
20260612-013737	INFO	COMMON	[[LeftPearl][IdentifyLeftPearl]] [AddItemEx:NhËn ®­îc vËt phÈm] [Role:MaJas_ServeR (acc:rage01)] [Item:V¹n T­îng-H¶i-Th­¬ng Minh(cÊp 7) (0,122,620,1,4)]
20260612-013738	INFO	COMMON	[[LeftPearl][IdentifyLeftPearl]][gf_DelItem:Th­¬ng H¶i Ch©u CÊp 7 (*1 (2,102,214,bBind=1), Success][Role:MaJas_ServeR (acc:rage01)]
20260612-013738	INFO	COMMON	[[LeftPearl][IdentifyLeftPearl]] [AddItemEx:NhËn ®­îc vËt phÈm] [Role:MaJas_ServeR (acc:rage01)] [Item:§Þa-Th¸i Ninh(cÊp 7) (0,122,174,1,4)]
20260612-013738	INFO	COMMON	[acc:rage01 role:MaJas_ServeR][left_pearl][IdentifyLeftPearl][ItemName:§Þa-Th¸i Ninh][idx:1 attrid:20 values:{90,0,0,} probability:{2000,0,0,} frame:180][idx:2 attrid:86 values:{100,0,0,} probability:{10000,0,0,} frame:-1][idx:3 attrid:85 values:{100,0,0,} probability:{10000,0,0,} frame:-1][idx:4 attrid:89 values:{400,0,0,} probability:{10000,0,0,} frame:-1][idx:5 attrid:87 values:{100,0,0,} probability:{10000,0,0,} frame:-1][quench times:0]
20260612-013738	INFO	COMMON	[[LeftPearl][IdentifyLeftPearl]][gf_DelItem:Th­¬ng H¶i Ch©u CÊp 7 (*1 (2,102,214,bBind=1), Success][Role:MaJas_ServeR (acc:rage01)]
20260612-013738	INFO	COMMON	[[LeftPearl][IdentifyLeftPearl]] [AddItemEx:NhËn ®­îc vËt phÈm] [Role:MaJas_ServeR (acc:rage01)] [Item:V¹n T­îng-Thñy-Thanh Dao(cÊp 7) (0,122,669,1,4)]
20260612-013738	INFO	COMMON	[[LeftPearl][IdentifyLeftPearl]][gf_DelItem:Th­¬ng H¶i Ch©u CÊp 7 (*1 (2,102,214,bBind=1), Success][Role:MaJas_ServeR (acc:rage01)]
20260612-013738	INFO	COMMON	[[LeftPearl][IdentifyLeftPearl]] [AddItemEx:NhËn ®­îc vËt phÈm] [Role:MaJas_ServeR (acc:rage01)] [Item:V¹n T­îng-Thñy-Ngù K×nh(cÊp 7) (0,122,672,1,4)]
20260612-013738	INFO	COMMON	[[LeftPearl][IdentifyLeftPearl]][gf_DelItem:Th­¬ng H¶i Ch©u CÊp 7 (*1 (2,102,214,bBind=1), Success][Role:MaJas_ServeR (acc:rage01)]
20260612-013738	INFO	COMMON	[[LeftPearl][IdentifyLeftPearl]] [AddItemEx:NhËn ®­îc vËt phÈm] [Role:MaJas_ServeR (acc:rage01)] [Item:V¹n T­îng-S¬n-Ngäc Ch­íng(cÊp 7) (0,122,615,1,4)]
20260612-013738	INFO	COMMON	[[LeftPearl][IdentifyLeftPearl]][gf_DelItem:Th­¬ng H¶i Ch©u CÊp 7 (*1 (2,102,214,bBind=1), Success][Role:MaJas_ServeR (acc:rage01)]
20260612-013738	INFO	COMMON	[[LeftPearl][IdentifyLeftPearl]] [AddItemEx:NhËn ®­îc vËt phÈm] [Role:MaJas_ServeR (acc:rage01)] [Item:Thiªn-Hång Qu©n(cÊp 7) (0,122,152,1,4)]
20260612-013738	INFO	COMMON	[acc:rage01 role:MaJas_ServeR][left_pearl][IdentifyLeftPearl][ItemName:Thiªn-Hång Qu©n][idx:1 attrid:17 values:{500,0,0,} probability:{2000,0,0,} frame:180][idx:2 attrid:66 values:{1000,0,0,} probability:{10000,0,0,} frame:-1][idx:3 attrid:65 values:{50000,0,0,} probability:{10000,0,0,} frame:-1][idx:4 attrid:88 values:{400,0,0,} probability:{10000,0,0,} frame:-1][idx:5 attrid:70 values:{50,0,0,} probability:{10000,0,0,} frame:-1][quench times:0]
20260612-013738	INFO	COMMON	[[LeftPearl][IdentifyLeftPearl]][gf_DelItem:Th­¬ng H¶i Ch©u CÊp 7 (*1 (2,102,214,bBind=1), Success][Role:MaJas_ServeR (acc:rage01)]
20260612-013738	INFO	COMMON	[[LeftPearl][IdentifyLeftPearl]] [AddItemEx:NhËn ®­îc vËt phÈm] [Role:MaJas_ServeR (acc:rage01)] [Item:V¹n T­îng-TuyÕt-Tµn T«(cÊp 7) (0,122,709,1,4)]
20260612-013739	INFO	COMMON	[[LeftPearl][IdentifyLeftPearl]][gf_DelItem:Th­¬ng H¶i Ch©u CÊp 7 (*1 (2,102,214,bBind=1), Success][Role:MaJas_ServeR (acc:rage01)]
20260612-013739	INFO	COMMON	[[LeftPearl][IdentifyLeftPearl]] [AddItemEx:NhËn ®­îc vËt phÈm] [Role:MaJas_ServeR (acc:rage01)] [Item:TuyÕt-Ngù K×nh(cÊp 7) (0,122,532,1,4)]
20260612-013739	INFO	COMMON	[acc:rage01 role:MaJas_ServeR][left_pearl][IdentifyLeftPearl][ItemName:TuyÕt-Ngù K×nh][idx:1 attrid:4 values:{800,0,0,} probability:{10000,0,0,} frame:-1][idx:2 attrid:83 values:{100,0,0,} probability:{10000,0,0,} frame:-1][idx:3 attrid:87 values:{100,0,0,} probability:{10000,0,0,} frame:-1][idx:4 attrid:65 values:{50000,0,0,} probability:{10000,0,0,} frame:-1][idx:5 attrid:66 values:{1000,0,0,} probability:{10000,0,0,} frame:-1][quench times:0]
20260612-013739	INFO	COMMON	[[LeftPearl][IdentifyLeftPearl]][gf_DelItem:Th­¬ng H¶i Ch©u CÊp 7 (*1 (2,102,214,bBind=1), Success][Role:MaJas_ServeR (acc:rage01)]
20260612-013739	INFO	COMMON	[[LeftPearl][IdentifyLeftPearl]] [AddItemEx:NhËn ®­îc vËt phÈm] [Role:MaJas_ServeR (acc:rage01)] [Item:V¹n T­îng-S¬n-Ngäc Ch­íng(cÊp 7) (0,122,615,1,4)]
20260612-013739	INFO	COMMON	[[LeftPearl][IdentifyLeftPearl]][gf_DelItem:Th­¬ng H¶i Ch©u CÊp 7 (*1 (2,102,214,bBind=1), Success][Role:MaJas_ServeR (acc:rage01)]
20260612-013739	INFO	COMMON	[[LeftPearl][IdentifyLeftPearl]] [AddItemEx:NhËn ®­îc vËt phÈm] [Role:MaJas_ServeR (acc:rage01)] [Item:V¹n T­îng-§Þa-Ngù K×nh(cÊp 7) (0,122,610,1,4)]
20260612-013739	INFO	COMMON	[[LeftPearl][IdentifyLeftPearl]][gf_DelItem:Th­¬ng H¶i Ch©u CÊp 7 (*1 (2,102,214,bBind=1), Success][Role:MaJas_ServeR (acc:rage01)]
20260612-013739	INFO	COMMON	[[LeftPearl][IdentifyLeftPearl]] [AddItemEx:NhËn ®­îc vËt phÈm] [Role:MaJas_ServeR (acc:rage01)] [Item:§Þa-Ngù K×nh(cÊp 7) (0,122,175,1,4)]
20260612-013739	INFO	COMMON	[acc:rage01 role:MaJas_ServeR][left_pearl][IdentifyLeftPearl][ItemName:§Þa-Ngù K×nh][idx:1 attrid:4 values:{800,0,0,} probability:{10000,0,0,} frame:-1][idx:2 attrid:89 values:{400,0,0,} probability:{10000,0,0,} frame:-1][idx:3 attrid:88 values:{400,0,0,} probability:{10000,0,0,} frame:-1][idx:4 attrid:87 values:{100,0,0,} probability:{10000,0,0,} frame:-1][idx:5 attrid:83 values:{100,0,0,} probability:{10000,0,0,} frame:-1][quench times:0]
20260612-013739	INFO	COMMON	[[LeftPearl][IdentifyLeftPearl]][gf_DelItem:Th­¬ng H¶i Ch©u CÊp 7 (*1 (2,102,214,bBind=1), Success][Role:MaJas_ServeR (acc:rage01)]
20260612-013739	INFO	COMMON	[[LeftPearl][IdentifyLeftPearl]] [AddItemEx:NhËn ®­îc vËt phÈm] [Role:MaJas_ServeR (acc:rage01)] [Item:Th¹ch-S¬n Cèt(cÊp 7) (0,122,429,1,4)]
20260612-013739	INFO	COMMON	[acc:rage01 role:MaJas_ServeR][left_pearl][IdentifyLeftPearl][ItemName:Th¹ch-S¬n Cèt][idx:1 attrid:43 values:{140,0,0,} probability:{10000,0,0,} frame:-1][idx:2 attrid:83 values:{100,0,0,} probability:{10000,0,0,} frame:-1][idx:3 attrid:88 values:{400,0,0,} probability:{10000,0,0,} frame:-1][idx:4 attrid:82 values:{100,0,0,} probability:{10000,0,0,} frame:-1][idx:5 attrid:84 values:{100,0,0,} probability:{10000,0,0,} frame:-1][quench times:0]
20260612-013739	INFO	COMMON	[[LeftPearl][IdentifyLeftPearl]][gf_DelItem:Th­¬ng H¶i Ch©u CÊp 7 (*1 (2,102,214,bBind=1), Success][Role:MaJas_ServeR (acc:rage01)]
20260612-013739	INFO	COMMON	[[LeftPearl][IdentifyLeftPearl]] [AddItemEx:NhËn ®­îc vËt phÈm] [Role:MaJas_ServeR (acc:rage01)] [Item:TuyÕt-Ngù K×nh(cÊp 7) (0,122,532,1,4)]
20260612-013739	INFO	COMMON	[acc:rage01 role:MaJas_ServeR][left_pearl][IdentifyLeftPearl][ItemName:TuyÕt-Ngù K×nh][idx:1 attrid:4 values:{800,0,0,} probability:{10000,0,0,} frame:-1][idx:2 attrid:70 values:{50,0,0,} probability:{10000,0,0,} frame:-1][idx:3 attrid:83 values:{100,0,0,} probability:{10000,0,0,} frame:-1][idx:4 attrid:69 values:{50,0,0,} probability:{10000,0,0,} frame:-1][idx:5 attrid:87 values:{100,0,0,} probability:{10000,0,0,} frame:-1][quench times:0]
20260612-013740	INFO	COMMON	[[LeftPearl][IdentifyLeftPearl]][gf_DelItem:Th­¬ng H¶i Ch©u CÊp 7 (*1 (2,102,214,bBind=1), Success][Role:MaJas_ServeR (acc:rage01)]
20260612-013740	INFO	COMMON	[[LeftPearl][IdentifyLeftPearl]] [AddItemEx:NhËn ®­îc vËt phÈm] [Role:MaJas_ServeR (acc:rage01)] [Item:V¹n T­îng-V©n-Thôy DiÖp(cÊp 7) (0,122,691,1,4)]
20260612-013740	INFO	COMMON	[[LeftPearl][IdentifyLeftPearl]][gf_DelItem:Th­¬ng H¶i Ch©u CÊp 7 (*1 (2,102,214,bBind=1), Success][Role:MaJas_ServeR (acc:rage01)]
20260612-013740	INFO	COMMON	[[LeftPearl][IdentifyLeftPearl]] [AddItemEx:NhËn ®­îc vËt phÈm] [Role:MaJas_ServeR (acc:rage01)] [Item:Vô-Ngù K×nh(cÊp 7) (0,122,273,1,4)]
20260612-013740	INFO	COMMON	[acc:rage01 role:MaJas_ServeR][left_pearl][IdentifyLeftPearl][ItemName:Vô-Ngù K×nh][idx:1 attrid:4 values:{800,0,0,} probability:{10000,0,0,} frame:-1][idx:2 attrid:76 values:{100,0,0,} probability:{10000,0,0,} frame:-1][idx:3 attrid:65 values:{50000,0,0,} probability:{10000,0,0,} frame:-1][idx:4 attrid:90 values:{10,0,0,} probability:{10000,0,0,} frame:-1][idx:5 attrid:89 values:{400,0,0,} probability:{10000,0,0,} frame:-1][quench times:0]
20260612-013740	INFO	COMMON	[[LeftPearl][IdentifyLeftPearl]][gf_DelItem:Th­¬ng H¶i Ch©u CÊp 7 (*1 (2,102,214,bBind=1), Success][Role:MaJas_ServeR (acc:rage01)]
20260612-013740	INFO	COMMON	[[LeftPearl][IdentifyLeftPearl]] [AddItemEx:NhËn ®­îc vËt phÈm] [Role:MaJas_ServeR (acc:rage01)] [Item:V¹n T­îng-Thu-Tè TiÕt(cÊp 7) (0,122,655,1,4)]
20260612-013740	INFO	COMMON	[[LeftPearl][IdentifyLeftPearl]][gf_DelItem:Th­¬ng H¶i Ch©u CÊp 7 (*1 (2,102,214,bBind=1), Success][Role:MaJas_ServeR (acc:rage01)]
20260612-013740	INFO	COMMON	[[LeftPearl][IdentifyLeftPearl]] [AddItemEx:NhËn ®­îc vËt phÈm] [Role:MaJas_ServeR (acc:rage01)] [Item:V©n-Ngù K×nh(cÊp 7) (0,122,476,1,4)]
20260612-013740	INFO	COMMON	[acc:rage01 role:MaJas_ServeR][left_pearl][IdentifyLeftPearl][ItemName:V©n-Ngù K×nh][idx:1 attrid:4 values:{800,0,0,} probability:{10000,0,0,} frame:-1][idx:2 attrid:64 values:{10,0,0,} probability:{10000,0,0,} frame:-1][idx:3 attrid:88 values:{400,0,0,} probability:{10000,0,0,} frame:-1][idx:4 attrid:95 values:{10,0,0,} probability:{10000,0,0,} frame:-1][idx:5 attrid:89 values:{400,0,0,} probability:{10000,0,0,} frame:-1][quench times:0]
20260612-013740	INFO	COMMON	[[LeftPearl][IdentifyLeftPearl]][gf_DelItem:Th­¬ng H¶i Ch©u CÊp 7 (*1 (2,102,214,bBind=1), Success][Role:MaJas_ServeR (acc:rage01)]
20260612-013740	INFO	COMMON	[[LeftPearl][IdentifyLeftPearl]] [AddItemEx:NhËn ®­îc vËt phÈm] [Role:MaJas_ServeR (acc:rage01)] [Item:NhËt-Ngù K×nh(cÊp 7) (0,122,28,1,4)]
20260612-013740	INFO	COMMON	[acc:rage01 role:MaJas_ServeR][left_pearl][IdentifyLeftPearl][ItemName:NhËt-Ngù K×nh][idx:1 attrid:4 values:{800,0,0,} probability:{10000,0,0,} frame:-1][idx:2 attrid:64 values:{10,0,0,} probability:{10000,0,0,} frame:-1][idx:3 attrid:75 values:{10,0,0,} probability:{10000,0,0,} frame:-1][idx:4 attrid:74 values:{10,0,0,} probability:{10000,0,0,} frame:-1][idx:5 attrid:61 values:{10,0,0,} probability:{2000,0,0,} frame:180][quench times:0]
20260612-013741	INFO	COMMON	[[LeftPearl][IdentifyLeftPearl]][gf_DelItem:Th­¬ng H¶i Ch©u CÊp 7 (*1 (2,102,214,bBind=1), Success][Role:MaJas_ServeR (acc:rage01)]
20260612-013741	INFO	COMMON	[[LeftPearl][IdentifyLeftPearl]] [AddItemEx:NhËn ®­îc vËt phÈm] [Role:MaJas_ServeR (acc:rage01)] [Item:S¬n-Sïng A(cÊp 7) (0,122,194,1,4)]
20260612-013741	INFO	COMMON	[acc:rage01 role:MaJas_ServeR][left_pearl][IdentifyLeftPearl][ItemName:S¬n-Sïng A][idx:1 attrid:21 values:{700,0,0,} probability:{10000,0,0,} frame:-1][idx:2 attrid:66 values:{1000,0,0,} probability:{10000,0,0,} frame:-1][idx:3 attrid:62 values:{10,0,0,} probability:{10000,0,0,} frame:-1][idx:4 attrid:63 values:{10,0,0,} probability:{10000,0,0,} frame:-1][idx:5 attrid:65 values:{50000,0,0,} probability:{10000,0,0,} frame:-1][quench times:0]
20260612-013741	INFO	COMMON	[[LeftPearl][IdentifyLeftPearl]][gf_DelItem:Th­¬ng H¶i Ch©u CÊp 7 (*1 (2,102,214,bBind=1), Success][Role:MaJas_ServeR (acc:rage01)]
20260612-013741	INFO	COMMON	[[LeftPearl][IdentifyLeftPearl]] [AddItemEx:NhËn ®­îc vËt phÈm] [Role:MaJas_ServeR (acc:rage01)] [Item:V¹n T­îng-Thu-Ngù K×nh(cÊp 7) (0,122,656,1,4)]
20260612-013741	INFO	COMMON	[[LeftPearl][IdentifyLeftPearl]][gf_DelItem:Th­¬ng H¶i Ch©u CÊp 7 (*1 (2,102,214,bBind=1), Success][Role:MaJas_ServeR (acc:rage01)]
20260612-013741	INFO	COMMON	[[LeftPearl][IdentifyLeftPearl]] [AddItemEx:NhËn ®­îc vËt phÈm] [Role:MaJas_ServeR (acc:rage01)] [Item:V¹n T­îng-Xu©n-Thanh D­¬ng(cÊp 7) (0,122,642,1,4)]
20260612-013741	INFO	COMMON	[[LeftPearl][IdentifyLeftPearl]][gf_DelItem:Th­¬ng H¶i Ch©u CÊp 7 (*1 (2,102,214,bBind=1), Success][Role:MaJas_ServeR (acc:rage01)]
20260612-013741	INFO	COMMON	[[LeftPearl][IdentifyLeftPearl]] [AddItemEx:NhËn ®­îc vËt phÈm] [Role:MaJas_ServeR (acc:rage01)] [Item:NhËt-U D­¬ng(cÊp 7) (0,122,25,1,4)]
20260612-013741	INFO	COMMON	[acc:rage01 role:MaJas_ServeR][left_pearl][IdentifyLeftPearl][ItemName:NhËt-U D­¬ng][idx:1 attrid:1 values:{250,0,0,} probability:{10000,0,0,} frame:-1][idx:2 attrid:65 values:{50000,0,0,} probability:{10000,0,0,} frame:-1][idx:3 attrid:63 values:{10,0,0,} probability:{10000,0,0,} frame:-1][idx:4 attrid:74 values:{10,0,0,} probability:{10000,0,0,} frame:-1][idx:5 attrid:61 values:{10,0,0,} probability:{2000,0,0,} frame:180][quench times:0]
20260612-013741	INFO	COMMON	[[LeftPearl][IdentifyLeftPearl]][gf_DelItem:Th­¬ng H¶i Ch©u CÊp 7 (*1 (2,102,214,bBind=1), Success][Role:MaJas_ServeR (acc:rage01)]
20260612-013741	INFO	COMMON	[[LeftPearl][IdentifyLeftPearl]] [AddItemEx:NhËn ®­îc vËt phÈm] [Role:MaJas_ServeR (acc:rage01)] [Item:V¹n T­îng-Th¹ch-Ngù K×nh(cÊp 7) (0,122,684,1,4)]
20260612-013741	INFO	COMMON	[[LeftPearl][IdentifyLeftPearl]][gf_DelItem:Th­¬ng H¶i Ch©u CÊp 7 (*1 (2,102,214,bBind=1), Success][Role:MaJas_ServeR (acc:rage01)]
20260612-013741	INFO	COMMON	[[LeftPearl][IdentifyLeftPearl]] [AddItemEx:NhËn ®­îc vËt phÈm] [Role:MaJas_ServeR (acc:rage01)] [Item:V¹n T­îng-Thu-Ngù K×nh(cÊp 7) (0,122,656,1,4)]
20260612-013742	INFO	COMMON	[[LeftPearl][IdentifyLeftPearl]][gf_DelItem:Th­¬ng H¶i Ch©u CÊp 7 (*1 (2,102,214,bBind=1), Success][Role:MaJas_ServeR (acc:rage01)]
20260612-013742	INFO	COMMON	[[LeftPearl][IdentifyLeftPearl]] [AddItemEx:NhËn ®­îc vËt phÈm] [Role:MaJas_ServeR (acc:rage01)] [Item:V¹n T­îng-§«ng-Hµn ThÇn(cÊp 7) (0,122,662,1,4)]
20260612-013742	INFO	COMMON	[[LeftPearl][IdentifyLeftPearl]][gf_DelItem:Th­¬ng H¶i Ch©u CÊp 7 (*1 (2,102,214,bBind=1), Success][Role:MaJas_ServeR (acc:rage01)]
20260612-013742	INFO	COMMON	[[LeftPearl][IdentifyLeftPearl]] [AddItemEx:NhËn ®­îc vËt phÈm] [Role:MaJas_ServeR (acc:rage01)] [Item:V¹n T­îng-NguyÖt-Ng©n C©u(cÊp 7) (0,122,580,1,4)]
20260612-013742	INFO	COMMON	[[LeftPearl][IdentifyLeftPearl]][gf_DelItem:Th­¬ng H¶i Ch©u CÊp 7 (*1 (2,102,214,bBind=1), Success][Role:MaJas_ServeR (acc:rage01)]
20260612-013742	INFO	COMMON	[[LeftPearl][IdentifyLeftPearl]] [AddItemEx:NhËn ®­îc vËt phÈm] [Role:MaJas_ServeR (acc:rage01)] [Item:ThÇn-Ngù K×nh(cÊp 7) (0,122,133,1,4)]
20260612-013742	INFO	COMMON	[acc:rage01 role:MaJas_ServeR][left_pearl][IdentifyLeftPearl][ItemName:ThÇn-Ngù K×nh][idx:1 attrid:4 values:{800,0,0,} probability:{10000,0,0,} frame:-1][idx:2 attrid:66 values:{1000,0,0,} probability:{10000,0,0,} frame:-1][idx:3 attrid:82 values:{100,0,0,} probability:{10000,0,0,} frame:-1][idx:4 attrid:84 values:{100,0,0,} probability:{10000,0,0,} frame:-1][idx:5 attrid:70 values:{50,0,0,} probability:{10000,0,0,} frame:-1][quench times:0]
20260612-013742	INFO	COMMON	[[LeftPearl][IdentifyLeftPearl]][gf_DelItem:Th­¬ng H¶i Ch©u CÊp 7 (*1 (2,102,214,bBind=1), Success][Role:MaJas_ServeR (acc:rage01)]
20260612-013742	INFO	COMMON	[[LeftPearl][IdentifyLeftPearl]] [AddItemEx:NhËn ®­îc vËt phÈm] [Role:MaJas_ServeR (acc:rage01)] [Item:V©n-V©n Ú(cÊp 7) (0,122,472,1,4)]
20260612-013742	INFO	COMMON	[acc:rage01 role:MaJas_ServeR][left_pearl][IdentifyLeftPearl][ItemName:V©n-V©n Õ][idx:1 attrid:49 values:{480,0,0,} probability:{10000,0,0,} frame:-1][idx:2 attrid:94 values:{10,0,0,} probability:{10000,0,0,} frame:-1][idx:3 attrid:64 values:{10,0,0,} probability:{10000,0,0,} frame:-1][idx:4 attrid:89 values:{400,0,0,} probability:{10000,0,0,} frame:-1][idx:5 attrid:88 values:{400,0,0,} probability:{10000,0,0,} frame:-1][quench times:0]
20260612-013742	INFO	COMMON	[[LeftPearl][IdentifyLeftPearl]][gf_DelItem:Th­¬ng H¶i Ch©u CÊp 7 (*1 (2,102,214,bBind=1), Success][Role:MaJas_ServeR (acc:rage01)]
20260612-013742	INFO	COMMON	[[LeftPearl][IdentifyLeftPearl]] [AddItemEx:NhËn ®­îc vËt phÈm] [Role:MaJas_ServeR (acc:rage01)] [Item:H¶i-Ngù K×nh(cÊp 7) (0,122,217,1,4)]
20260612-013742	INFO	COMMON	[acc:rage01 role:MaJas_ServeR][left_pearl][IdentifyLeftPearl][ItemName:H¶i-Ngù K×nh][idx:1 attrid:4 values:{800,0,0,} probability:{10000,0,0,} frame:-1][idx:2 attrid:88 values:{400,0,0,} probability:{10000,0,0,} frame:-1][idx:3 attrid:89 values:{400,0,0,} probability:{10000,0,0,} frame:-1][idx:4 attrid:65 values:{50000,0,0,} probability:{10000,0,0,} frame:-1][idx:5 attrid:90 values:{10,0,0,} probability:{10000,0,0,} frame:-1][quench times:0]
20260612-013743	INFO	COMMON	[[LeftPearl][IdentifyLeftPearl]][gf_DelItem:Th­¬ng H¶i Ch©u CÊp 7 (*1 (2,102,214,bBind=1), Success][Role:MaJas_ServeR (acc:rage01)]
20260612-013743	INFO	COMMON	[[LeftPearl][IdentifyLeftPearl]] [AddItemEx:NhËn ®­îc vËt phÈm] [Role:MaJas_ServeR (acc:rage01)] [Item:S­¬ng-Ngù K×nh(cÊp 7) (0,122,560,1,4)]
20260612-013743	INFO	COMMON	[acc:rage01 role:MaJas_ServeR][left_pearl][IdentifyLeftPearl][ItemName:S­¬ng-Ngù K×nh][idx:1 attrid:4 values:{800,0,0,} probability:{10000,0,0,} frame:-1][idx:2 attrid:74 values:{10,0,0,} probability:{10000,0,0,} frame:-1][idx:3 attrid:67 values:{10,0,0,} probability:{10000,0,0,} frame:-1][idx:4 attrid:73 values:{20,0,0,} probability:{10000,0,0,} frame:-1][idx:5 attrid:94 values:{10,0,0,} probability:{10000,0,0,} frame:-1][quench times:0]
20260612-013743	INFO	COMMON	[[LeftPearl][IdentifyLeftPearl]][gf_DelItem:Th­¬ng H¶i Ch©u CÊp 7 (*1 (2,102,214,bBind=1), Success][Role:MaJas_ServeR (acc:rage01)]
20260612-013743	INFO	COMMON	[[LeftPearl][IdentifyLeftPearl]] [AddItemEx:NhËn ®­îc vËt phÈm] [Role:MaJas_ServeR (acc:rage01)] [Item:V¹n T­îng-ThÇn-Ngù K×nh(cÊp 7) (0,122,598,1,4)]
20260612-013743	INFO	COMMON	[[LeftPearl][IdentifyLeftPearl]][gf_DelItem:Th­¬ng H¶i Ch©u CÊp 7 (*1 (2,102,214,bBind=1), Success][Role:MaJas_ServeR (acc:rage01)]
20260612-013743	INFO	COMMON	[[LeftPearl][IdentifyLeftPearl]] [AddItemEx:NhËn ®­îc vËt phÈm] [Role:MaJas_ServeR (acc:rage01)] [Item:S¬n-Ngù K×nh(cÊp 7) (0,122,196,1,4)]
20260612-013743	INFO	COMMON	[acc:rage01 role:MaJas_ServeR][left_pearl][IdentifyLeftPearl][ItemName:S¬n-Ngù K×nh][idx:1 attrid:4 values:{800,0,0,} probability:{10000,0,0,} frame:-1][idx:2 attrid:64 values:{10,0,0,} probability:{10000,0,0,} frame:-1][idx:3 attrid:62 values:{10,0,0,} probability:{10000,0,0,} frame:-1][idx:4 attrid:63 values:{10,0,0,} probability:{10000,0,0,} frame:-1][idx:5 attrid:66 values:{1000,0,0,} probability:{10000,0,0,} frame:-1][quench times:0]
20260612-013743	INFO	COMMON	[[LeftPearl][IdentifyLeftPearl]][gf_DelItem:Th­¬ng H¶i Ch©u CÊp 7 (*1 (2,102,214,bBind=1), Success][Role:MaJas_ServeR (acc:rage01)]
20260612-013743	INFO	COMMON	[[LeftPearl][IdentifyLeftPearl]] [AddItemEx:NhËn ®­îc vËt phÈm] [Role:MaJas_ServeR (acc:rage01)] [Item:V¹n T­îng-TuyÕt-Ngù K×nh(cÊp 7) (0,122,712,1,4)]
20260612-013743	INFO	COMMON	[[LeftPearl][IdentifyLeftPearl]][gf_DelItem:Th­¬ng H¶i Ch©u CÊp 7 (*1 (2,102,214,bBind=1), Success][Role:MaJas_ServeR (acc:rage01)]
20260612-013743	INFO	COMMON	[[LeftPearl][IdentifyLeftPearl]] [AddItemEx:NhËn ®­îc vËt phÈm] [Role:MaJas_ServeR (acc:rage01)] [Item:V¹n T­îng-NhËt-Ngu Uyªn(cÊp 7) (0,122,567,1,4)]
20260612-013743	INFO	COMMON	[[LeftPearl][IdentifyLeftPearl]][gf_DelItem:Th­¬ng H¶i Ch©u CÊp 7 (*1 (2,102,214,bBind=1), Success][Role:MaJas_ServeR (acc:rage01)]
20260612-013743	INFO	COMMON	[[LeftPearl][IdentifyLeftPearl]] [AddItemEx:NhËn ®­îc vËt phÈm] [Role:MaJas_ServeR (acc:rage01)] [Item:Thiªn-Ngù K×nh(cÊp 7) (0,122,154,1,4)]
20260612-013743	INFO	COMMON	[acc:rage01 role:MaJas_ServeR][left_pearl][IdentifyLeftPearl][ItemName:Thiªn-Ngù K×nh][idx:1 attrid:4 values:{800,0,0,} probability:{10000,0,0,} frame:-1][idx:2 attrid:70 values:{50,0,0,} probability:{10000,0,0,} frame:-1][idx:3 attrid:89 values:{400,0,0,} probability:{10000,0,0,} frame:-1][idx:4 attrid:66 values:{1000,0,0,} probability:{10000,0,0,} frame:-1][idx:5 attrid:91 values:{1000,0,0,} probability:{10000,0,0,} frame:-1][quench times:0]
20260612-013744	INFO	COMMON	[[LeftPearl][IdentifyLeftPearl]][gf_DelItem:Th­¬ng H¶i Ch©u CÊp 7 (*1 (2,102,214,bBind=1), Success][Role:MaJas_ServeR (acc:rage01)]
20260612-013744	INFO	COMMON	[[LeftPearl][IdentifyLeftPearl]] [AddItemEx:NhËn ®­îc vËt phÈm] [Role:MaJas_ServeR (acc:rage01)] [Item:S­¬ng-Ngù K×nh(cÊp 7) (0,122,560,1,4)]
20260612-013744	INFO	COMMON	[acc:rage01 role:MaJas_ServeR][left_pearl][IdentifyLeftPearl][ItemName:S­¬ng-Ngù K×nh][idx:1 attrid:4 values:{800,0,0,} probability:{10000,0,0,} frame:-1][idx:2 attrid:70 values:{50,0,0,} probability:{10000,0,0,} frame:-1][idx:3 attrid:94 values:{10,0,0,} probability:{10000,0,0,} frame:-1][idx:4 attrid:73 values:{20,0,0,} probability:{10000,0,0,} frame:-1][idx:5 attrid:69 values:{50,0,0,} probability:{10000,0,0,} frame:-1][quench times:0]
20260612-013744	INFO	COMMON	[[LeftPearl][IdentifyLeftPearl]][gf_DelItem:Th­¬ng H¶i Ch©u CÊp 7 (*1 (2,102,214,bBind=1), Success][Role:MaJas_ServeR (acc:rage01)]
20260612-013744	INFO	COMMON	[[LeftPearl][IdentifyLeftPearl]] [AddItemEx:NhËn ®­îc vËt phÈm] [Role:MaJas_ServeR (acc:rage01)] [Item:Vò-Ngù K×nh(cÊp 7) (0,122,504,1,4)]
20260612-013744	INFO	COMMON	[acc:rage01 role:MaJas_ServeR][left_pearl][IdentifyLeftPearl][ItemName:Vò-Ngù K×nh][idx:1 attrid:4 values:{800,0,0,} probability:{10000,0,0,} frame:-1][idx:2 attrid:93 values:{500,0,0,} probability:{10000,0,0,} frame:-1][idx:3 attrid:64 values:{10,0,0,} probability:{10000,0,0,} frame:-1][idx:4 attrid:89 values:{400,0,0,} probability:{10000,0,0,} frame:-1][idx:5 attrid:78 values:{100,0,0,} probability:{2000,0,0,} frame:180][quench times:0]
20260612-013744	INFO	COMMON	[[LeftPearl][IdentifyLeftPearl]][gf_DelItem:Th­¬ng H¶i Ch©u CÊp 7 (*1 (2,102,214,bBind=1), Success][Role:MaJas_ServeR (acc:rage01)]
20260612-013744	INFO	COMMON	[[LeftPearl][IdentifyLeftPearl]] [AddItemEx:NhËn ®­îc vËt phÈm] [Role:MaJas_ServeR (acc:rage01)] [Item:V¹n T­îng-§Þa-Ngù K×nh(cÊp 7) (0,122,610,1,4)]
20260612-013744	INFO	COMMON	[[LeftPearl][IdentifyLeftPearl]][gf_DelItem:Th­¬ng H¶i Ch©u CÊp 7 (*1 (2,102,214,bBind=1), Success][Role:MaJas_ServeR (acc:rage01)]
20260612-013744	INFO	COMMON	[[LeftPearl][IdentifyLeftPearl]] [AddItemEx:NhËn ®­îc vËt phÈm] [Role:MaJas_ServeR (acc:rage01)] [Item:V¹n T­îng-§«ng-TuÕ D­(cÊp 7) (0,122,663,1,4)]
20260612-013744	INFO	COMMON	[[LeftPearl][IdentifyLeftPearl]][gf_DelItem:Th­¬ng H¶i Ch©u CÊp 7 (*1 (2,102,214,bBind=1), Success][Role:MaJas_ServeR (acc:rage01)]
20260612-013744	INFO	COMMON	[[LeftPearl][IdentifyLeftPearl]] [AddItemEx:NhËn ®­îc vËt phÈm] [Role:MaJas_ServeR (acc:rage01)] [Item:V¹n T­îng-S­¬ng-Ngù K×nh(cÊp 7) (0,122,720,1,4)]
20260612-013745	INFO	COMMON	[[LeftPearl][IdentifyLeftPearl]][gf_DelItem:Th­¬ng H¶i Ch©u CÊp 7 (*1 (2,102,214,bBind=1), Success][Role:MaJas_ServeR (acc:rage01)]
20260612-013745	INFO	COMMON	[[LeftPearl][IdentifyLeftPearl]] [AddItemEx:NhËn ®­îc vËt phÈm] [Role:MaJas_ServeR (acc:rage01)] [Item:V¹n T­îng-Tinh-Ngù K×nh(cÊp 7) (0,122,590,1,4)]
20260612-013745	INFO	COMMON	[[LeftPearl][IdentifyLeftPearl]][gf_DelItem:Th­¬ng H¶i Ch©u CÊp 7 (*1 (2,102,214,bBind=1), Success][Role:MaJas_ServeR (acc:rage01)]
20260612-013745	INFO	COMMON	[[LeftPearl][IdentifyLeftPearl]] [AddItemEx:NhËn ®­îc vËt phÈm] [Role:MaJas_ServeR (acc:rage01)] [Item:S­¬ng-Ngù K×nh(cÊp 7) (0,122,560,1,4)]
20260612-013745	INFO	COMMON	[acc:rage01 role:MaJas_ServeR][left_pearl][IdentifyLeftPearl][ItemName:S­¬ng-Ngù K×nh][idx:1 attrid:4 values:{800,0,0,} probability:{10000,0,0,} frame:-1][idx:2 attrid:95 values:{10,0,0,} probability:{10000,0,0,} frame:-1][idx:3 attrid:73 values:{20,0,0,} probability:{10000,0,0,} frame:-1][idx:4 attrid:69 values:{50,0,0,} probability:{10000,0,0,} frame:-1][idx:5 attrid:70 values:{50,0,0,} probability:{10000,0,0,} frame:-1][quench times:0]
20260612-013745	INFO	COMMON	[[LeftPearl][IdentifyLeftPearl]][gf_DelItem:Th­¬ng H¶i Ch©u CÊp 7 (*1 (2,102,214,bBind=1), Success][Role:MaJas_ServeR (acc:rage01)]
20260612-013745	INFO	COMMON	[[LeftPearl][IdentifyLeftPearl]] [AddItemEx:NhËn ®­îc vËt phÈm] [Role:MaJas_ServeR (acc:rage01)] [Item:V¹n T­îng-Thu-Ngù K×nh(cÊp 7) (0,122,656,1,4)]
20260612-013745	INFO	COMMON	[[LeftPearl][IdentifyLeftPearl]][gf_DelItem:Th­¬ng H¶i Ch©u CÊp 7 (*1 (2,102,214,bBind=1), Success][Role:MaJas_ServeR (acc:rage01)]
20260612-013745	INFO	COMMON	[[LeftPearl][IdentifyLeftPearl]] [AddItemEx:NhËn ®­îc vËt phÈm] [Role:MaJas_ServeR (acc:rage01)] [Item:ThÇn-Ngù K×nh(cÊp 7) (0,122,133,1,4)]
20260612-013745	INFO	COMMON	[acc:rage01 role:MaJas_ServeR][left_pearl][IdentifyLeftPearl][ItemName:ThÇn-Ngù K×nh][idx:1 attrid:4 values:{800,0,0,} probability:{10000,0,0,} frame:-1][idx:2 attrid:66 values:{1000,0,0,} probability:{10000,0,0,} frame:-1][idx:3 attrid:70 values:{50,0,0,} probability:{10000,0,0,} frame:-1][idx:4 attrid:85 values:{100,0,0,} probability:{10000,0,0,} frame:-1][idx:5 attrid:84 values:{100,0,0,} probability:{10000,0,0,} frame:-1][quench times:0]
20260612-013745	INFO	COMMON	[[LeftPearl][IdentifyLeftPearl]][gf_DelItem:Th­¬ng H¶i Ch©u CÊp 7 (*1 (2,102,214,bBind=1), Success][Role:MaJas_ServeR (acc:rage01)]
20260612-013745	INFO	COMMON	[[LeftPearl][IdentifyLeftPearl]] [AddItemEx:NhËn ®­îc vËt phÈm] [Role:MaJas_ServeR (acc:rage01)] [Item:V¹n T­îng-NhËt-Ngù K×nh(cÊp 7) (0,122,568,1,4)]
20260612-013745	INFO	COMMON	[[LeftPearl][IdentifyLeftPearl]][gf_DelItem:Th­¬ng H¶i Ch©u CÊp 7 (*1 (2,102,214,bBind=1), Success][Role:MaJas_ServeR (acc:rage01)]
20260612-013745	INFO	COMMON	[[LeftPearl][IdentifyLeftPearl]] [AddItemEx:NhËn ®­îc vËt phÈm] [Role:MaJas_ServeR (acc:rage01)] [Item:V¹n T­îng-V©n-Ngù K×nh(cÊp 7) (0,122,696,1,4)]
20260612-013746	INFO	COMMON	[[LeftPearl][IdentifyLeftPearl]][gf_DelItem:Th­¬ng H¶i Ch©u CÊp 7 (*1 (2,102,214,bBind=1), Success][Role:MaJas_ServeR (acc:rage01)]
20260612-013746	INFO	COMMON	[[LeftPearl][IdentifyLeftPearl]] [AddItemEx:NhËn ®­îc vËt phÈm] [Role:MaJas_ServeR (acc:rage01)] [Item:ThÇn-Ngù K×nh(cÊp 7) (0,122,133,1,4)]
20260612-013746	INFO	COMMON	[acc:rage01 role:MaJas_ServeR][left_pearl][IdentifyLeftPearl][ItemName:ThÇn-Ngù K×nh][idx:1 attrid:4 values:{800,0,0,} probability:{10000,0,0,} frame:-1][idx:2 attrid:70 values:{50,0,0,} probability:{10000,0,0,} frame:-1][idx:3 attrid:82 values:{100,0,0,} probability:{10000,0,0,} frame:-1][idx:4 attrid:66 values:{1000,0,0,} probability:{10000,0,0,} frame:-1][idx:5 attrid:84 values:{100,0,0,} probability:{10000,0,0,} frame:-1][quench times:0]
20260612-013746	INFO	COMMON	[[LeftPearl][IdentifyLeftPearl]][gf_DelItem:Th­¬ng H¶i Ch©u CÊp 7 (*1 (2,102,214,bBind=1), Success][Role:MaJas_ServeR (acc:rage01)]
20260612-013746	INFO	COMMON	[[LeftPearl][IdentifyLeftPearl]] [AddItemEx:NhËn ®­îc vËt phÈm] [Role:MaJas_ServeR (acc:rage01)] [Item:V¹n T­îng-Thñy-Ngù K×nh(cÊp 7) (0,122,672,1,4)]
20260612-013746	INFO	COMMON	[[LeftPearl][IdentifyLeftPearl]][gf_DelItem:Th­¬ng H¶i Ch©u CÊp 7 (*1 (2,102,214,bBind=1), Success][Role:MaJas_ServeR (acc:rage01)]
20260612-013746	INFO	COMMON	[[LeftPearl][IdentifyLeftPearl]] [AddItemEx:NhËn ®­îc vËt phÈm] [Role:MaJas_ServeR (acc:rage01)] [Item:S­¬ng-S­¬ng Tù(cÊp 7) (0,122,559,1,4)]
20260612-013746	INFO	COMMON	[acc:rage01 role:MaJas_ServeR][left_pearl][IdentifyLeftPearl][ItemName:S­¬ng-S­¬ng Tù][idx:1 attrid:15 values:{300,0,0,} probability:{10000,0,0,} frame:-1][idx:2 attrid:74 values:{10,0,0,} probability:{10000,0,0,} frame:-1][idx:3 attrid:70 values:{50,0,0,} probability:{10000,0,0,} frame:-1][idx:4 attrid:69 values:{50,0,0,} probability:{10000,0,0,} frame:-1][idx:5 attrid:94 values:{10,0,0,} probability:{10000,0,0,} frame:-1][quench times:0]
20260612-013746	INFO	COMMON	[[LeftPearl][IdentifyLeftPearl]][gf_DelItem:Th­¬ng H¶i Ch©u CÊp 7 (*1 (2,102,214,bBind=1), Success][Role:MaJas_ServeR (acc:rage01)]
20260612-013746	INFO	COMMON	[[LeftPearl][IdentifyLeftPearl]] [AddItemEx:NhËn ®­îc vËt phÈm] [Role:MaJas_ServeR (acc:rage01)] [Item:Xu©n-Thanh D­¬ng(cÊp 7) (0,122,292,1,4)]
20260612-013746	INFO	COMMON	[acc:rage01 role:MaJas_ServeR][left_pearl][IdentifyLeftPearl][ItemName:Xu©n-Thanh D­¬ng][idx:1 attrid:31 values:{350,0,0,} probability:{10000,0,0,} frame:-1][idx:2 attrid:61 values:{10,0,0,} probability:{2000,0,0,} frame:180][idx:3 attrid:69 values:{50,0,0,} probability:{10000,0,0,} frame:-1][idx:4 attrid:70 values:{50,0,0,} probability:{10000,0,0,} frame:-1][idx:5 attrid:66 values:{1000,0,0,} probability:{10000,0,0,} frame:-1][quench times:0]
20260612-013746	INFO	COMMON	[[LeftPearl][IdentifyLeftPearl]][gf_DelItem:Th­¬ng H¶i Ch©u CÊp 7 (*1 (2,102,214,bBind=1), Success][Role:MaJas_ServeR (acc:rage01)]
20260612-013746	INFO	COMMON	[[LeftPearl][IdentifyLeftPearl]] [AddItemEx:NhËn ®­îc vËt phÈm] [Role:MaJas_ServeR (acc:rage01)] [Item:V¹n T­îng-Vô-Ngù K×nh(cÊp 7) (0,122,638,1,4)]
20260612-013746	INFO	COMMON	[[LeftPearl][IdentifyLeftPearl]][gf_DelItem:Th­¬ng H¶i Ch©u CÊp 7 (*1 (2,102,214,bBind=1), Success][Role:MaJas_ServeR (acc:rage01)]
20260612-013746	INFO	COMMON	[[LeftPearl][IdentifyLeftPearl]] [AddItemEx:NhËn ®­îc vËt phÈm] [Role:MaJas_ServeR (acc:rage01)] [Item:V¹n T­îng-H¶i-Ngù K×nh(cÊp 7) (0,122,622,1,4)]
20260612-013747	INFO	COMMON	[[LeftPearl][IdentifyLeftPearl]][gf_DelItem:Th­¬ng H¶i Ch©u CÊp 7 (*1 (2,102,214,bBind=1), Success][Role:MaJas_ServeR (acc:rage01)]
20260612-013747	INFO	COMMON	[[LeftPearl][IdentifyLeftPearl]] [AddItemEx:NhËn ®­îc vËt phÈm] [Role:MaJas_ServeR (acc:rage01)] [Item:V¹n T­îng-H¹-Chu Minh(cÊp 7) (0,122,648,1,4)]
20260612-013747	INFO	COMMON	[[LeftPearl][IdentifyLeftPearl]][gf_DelItem:Th­¬ng H¶i Ch©u CÊp 7 (*1 (2,102,214,bBind=1), Success][Role:MaJas_ServeR (acc:rage01)]
20260612-013747	INFO	COMMON	[[LeftPearl][IdentifyLeftPearl]] [AddItemEx:NhËn ®­îc vËt phÈm] [Role:MaJas_ServeR (acc:rage01)] [Item:V¹n T­îng-NguyÖt-Ngù K×nh(cÊp 7) (0,122,582,1,4)]
20260612-013747	INFO	COMMON	[[LeftPearl][IdentifyLeftPearl]][gf_DelItem:Th­¬ng H¶i Ch©u CÊp 7 (*1 (2,102,214,bBind=1), Success][Role:MaJas_ServeR (acc:rage01)]
20260612-013747	INFO	COMMON	[[LeftPearl][IdentifyLeftPearl]] [AddItemEx:NhËn ®­îc vËt phÈm] [Role:MaJas_ServeR (acc:rage01)] [Item:Th¹ch-V©n C¨n(cÊp 7) (0,122,430,1,4)]
20260612-013747	INFO	COMMON	[acc:rage01 role:MaJas_ServeR][left_pearl][IdentifyLeftPearl][ItemName:Th¹ch-V©n C¨n][idx:1 attrid:44 values:{140,0,0,} probability:{10000,0,0,} frame:-1][idx:2 attrid:83 values:{100,0,0,} probability:{10000,0,0,} frame:-1][idx:3 attrid:89 values:{400,0,0,} probability:{10000,0,0,} frame:-1][idx:4 attrid:93 values:{500,0,0,} probability:{10000,0,0,} frame:-1][idx:5 attrid:86 values:{100,0,0,} probability:{10000,0,0,} frame:-1][quench times:0]
20260612-013826	INFO	COMMON	[acc:rage01 role:MaJas_ServeR][left_pearl][DisassembleLeftPearl(before)][ItemName:§Þa-Th¸i Ninh][idx:1 attrid:20 values:{90,0,0,} probability:{2000,0,0,} frame:180][idx:2 attrid:86 values:{100,0,0,} probability:{10000,0,0,} frame:-1][idx:3 attrid:85 values:{100,0,0,} probability:{10000,0,0,} frame:-1][idx:4 attrid:89 values:{400,0,0,} probability:{10000,0,0,} frame:-1][idx:5 attrid:87 values:{100,0,0,} probability:{10000,0,0,} frame:-1][quench times:0]
20260612-013826	INFO	COMMON	[[LeftPearl][DisassembleLeftPearl]][gf_DelItem:*-1 (0,122,174,bBind=1), Success][Role:MaJas_ServeR (acc:rage01)]
20260612-013826	INFO	COMMON	[T¸ch th­¬ng h¶i ch©u] [AddItemEx:NhËn ®­îc vËt phÈm] [Role:MaJas_ServeR (acc:rage01)] [Item:Bét Tr©n Ch©u (2,102,215,200,4)]
20260612-013826	INFO	COMMON	[acc:rage01 role:MaJas_ServeR][left_pearl][DisassembleLeftPearl(before)][ItemName:V©n-V©n Õ][idx:1 attrid:49 values:{480,0,0,} probability:{10000,0,0,} frame:-1][idx:2 attrid:94 values:{10,0,0,} probability:{10000,0,0,} frame:-1][idx:3 attrid:64 values:{10,0,0,} probability:{10000,0,0,} frame:-1][idx:4 attrid:89 values:{400,0,0,} probability:{10000,0,0,} frame:-1][idx:5 attrid:88 values:{400,0,0,} probability:{10000,0,0,} frame:-1][quench times:0]
20260612-013826	INFO	COMMON	[[LeftPearl][DisassembleLeftPearl]][gf_DelItem:*-1 (0,122,472,bBind=1), Success][Role:MaJas_ServeR (acc:rage01)]
20260612-013826	INFO	COMMON	[T¸ch th­¬ng h¶i ch©u] [AddItemEx:NhËn ®­îc vËt phÈm] [Role:MaJas_ServeR (acc:rage01)] [Item:Bét Tr©n Ch©u (2,102,215,200,4)]
20260612-013826	INFO	COMMON	[acc:rage01 role:MaJas_ServeR][left_pearl][DisassembleLeftPearl(before)][ItemName:Th¹ch-V©n C¨n][idx:1 attrid:44 values:{140,0,0,} probability:{10000,0,0,} frame:-1][idx:2 attrid:83 values:{100,0,0,} probability:{10000,0,0,} frame:-1][idx:3 attrid:89 values:{400,0,0,} probability:{10000,0,0,} frame:-1][idx:4 attrid:93 values:{500,0,0,} probability:{10000,0,0,} frame:-1][idx:5 attrid:86 values:{100,0,0,} probability:{10000,0,0,} frame:-1][quench times:0]
20260612-013826	INFO	COMMON	[[LeftPearl][DisassembleLeftPearl]][gf_DelItem:*-1 (0,122,430,bBind=1), Success][Role:MaJas_ServeR (acc:rage01)]
20260612-013826	INFO	COMMON	[T¸ch th­¬ng h¶i ch©u] [AddItemEx:NhËn ®­îc vËt phÈm] [Role:MaJas_ServeR (acc:rage01)] [Item:Bét Tr©n Ch©u (2,102,215,200,4)]
20260612-013826	INFO	COMMON	[acc:rage01 role:MaJas_ServeR][left_pearl][DisassembleLeftPearl(before)][ItemName:Thiªn-Hång Qu©n][idx:1 attrid:17 values:{500,0,0,} probability:{2000,0,0,} frame:180][idx:2 attrid:66 values:{1000,0,0,} probability:{10000,0,0,} frame:-1][idx:3 attrid:65 values:{50000,0,0,} probability:{10000,0,0,} frame:-1][idx:4 attrid:88 values:{400,0,0,} probability:{10000,0,0,} frame:-1][idx:5 attrid:70 values:{50,0,0,} probability:{10000,0,0,} frame:-1][quench times:0]
20260612-013826	INFO	COMMON	[[LeftPearl][DisassembleLeftPearl]][gf_DelItem:*-1 (0,122,152,bBind=1), Success][Role:MaJas_ServeR (acc:rage01)]
20260612-013826	INFO	COMMON	[T¸ch th­¬ng h¶i ch©u] [AddItemEx:NhËn ®­îc vËt phÈm] [Role:MaJas_ServeR (acc:rage01)] [Item:Bét Tr©n Ch©u (2,102,215,200,4)]
20260612-013826	INFO	COMMON	[acc:rage01 role:MaJas_ServeR][left_pearl][DisassembleLeftPearl(before)][ItemName:H¶i-Ngù K×nh][idx:1 attrid:4 values:{800,0,0,} probability:{10000,0,0,} frame:-1][idx:2 attrid:88 values:{400,0,0,} probability:{10000,0,0,} frame:-1][idx:3 attrid:89 values:{400,0,0,} probability:{10000,0,0,} frame:-1][idx:4 attrid:65 values:{50000,0,0,} probability:{10000,0,0,} frame:-1][idx:5 attrid:90 values:{10,0,0,} probability:{10000,0,0,} frame:-1][quench times:0]
20260612-013826	INFO	COMMON	[[LeftPearl][DisassembleLeftPearl]][gf_DelItem:*-1 (0,122,217,bBind=1), Success][Role:MaJas_ServeR (acc:rage01)]
20260612-013826	INFO	COMMON	[T¸ch th­¬ng h¶i ch©u] [AddItemEx:NhËn ®­îc vËt phÈm] [Role:MaJas_ServeR (acc:rage01)] [Item:Bét Tr©n Ch©u (2,102,215,200,4)]
20260612-013826	INFO	COMMON	[acc:rage01 role:MaJas_ServeR][left_pearl][DisassembleLeftPearl(before)][ItemName:TuyÕt-Ngù K×nh][idx:1 attrid:4 values:{800,0,0,} probability:{10000,0,0,} frame:-1][idx:2 attrid:83 values:{100,0,0,} probability:{10000,0,0,} frame:-1][idx:3 attrid:87 values:{100,0,0,} probability:{10000,0,0,} frame:-1][idx:4 attrid:65 values:{50000,0,0,} probability:{10000,0,0,} frame:-1][idx:5 attrid:66 values:{1000,0,0,} probability:{10000,0,0,} frame:-1][quench times:0]
20260612-013826	INFO	COMMON	[[LeftPearl][DisassembleLeftPearl]][gf_DelItem:*-1 (0,122,532,bBind=1), Success][Role:MaJas_ServeR (acc:rage01)]
20260612-013826	INFO	COMMON	[T¸ch th­¬ng h¶i ch©u] [AddItemEx:NhËn ®­îc vËt phÈm] [Role:MaJas_ServeR (acc:rage01)] [Item:Bét Tr©n Ch©u (2,102,215,200,4)]
20260612-013826	INFO	COMMON	[acc:rage01 role:MaJas_ServeR][left_pearl][DisassembleLeftPearl(before)][ItemName:S­¬ng-Ngù K×nh][idx:1 attrid:4 values:{800,0,0,} probability:{10000,0,0,} frame:-1][idx:2 attrid:74 values:{10,0,0,} probability:{10000,0,0,} frame:-1][idx:3 attrid:67 values:{10,0,0,} probability:{10000,0,0,} frame:-1][idx:4 attrid:73 values:{20,0,0,} probability:{10000,0,0,} frame:-1][idx:5 attrid:94 values:{10,0,0,} probability:{10000,0,0,} frame:-1][quench times:0]
20260612-013826	INFO	COMMON	[[LeftPearl][DisassembleLeftPearl]][gf_DelItem:*-1 (0,122,560,bBind=1), Success][Role:MaJas_ServeR (acc:rage01)]
20260612-013826	INFO	COMMON	[T¸ch th­¬ng h¶i ch©u] [AddItemEx:NhËn ®­îc vËt phÈm] [Role:MaJas_ServeR (acc:rage01)] [Item:Bét Tr©n Ch©u (2,102,215,200,4)]
20260612-013826	INFO	COMMON	[acc:rage01 role:MaJas_ServeR][left_pearl][DisassembleLeftPearl(before)][ItemName:§Þa-Ngù K×nh][idx:1 attrid:4 values:{800,0,0,} probability:{10000,0,0,} frame:-1][idx:2 attrid:89 values:{400,0,0,} probability:{10000,0,0,} frame:-1][idx:3 attrid:88 values:{400,0,0,} probability:{10000,0,0,} frame:-1][idx:4 attrid:87 values:{100,0,0,} probability:{10000,0,0,} frame:-1][idx:5 attrid:83 values:{100,0,0,} probability:{10000,0,0,} frame:-1][quench times:0]
20260612-013826	INFO	COMMON	[[LeftPearl][DisassembleLeftPearl]][gf_DelItem:*-1 (0,122,175,bBind=1), Success][Role:MaJas_ServeR (acc:rage01)]
20260612-013826	INFO	COMMON	[T¸ch th­¬ng h¶i ch©u] [AddItemEx:NhËn ®­îc vËt phÈm] [Role:MaJas_ServeR (acc:rage01)] [Item:Bét Tr©n Ch©u (2,102,215,200,4)]
20260612-013826	INFO	COMMON	[acc:rage01 role:MaJas_ServeR][left_pearl][DisassembleLeftPearl(before)][ItemName:S¬n-Ngù K×nh][idx:1 attrid:4 values:{800,0,0,} probability:{10000,0,0,} frame:-1][idx:2 attrid:64 values:{10,0,0,} probability:{10000,0,0,} frame:-1][idx:3 attrid:62 values:{10,0,0,} probability:{10000,0,0,} frame:-1][idx:4 attrid:63 values:{10,0,0,} probability:{10000,0,0,} frame:-1][idx:5 attrid:66 values:{1000,0,0,} probability:{10000,0,0,} frame:-1][quench times:0]
20260612-013826	INFO	COMMON	[[LeftPearl][DisassembleLeftPearl]][gf_DelItem:*-1 (0,122,196,bBind=1), Success][Role:MaJas_ServeR (acc:rage01)]
20260612-013826	INFO	COMMON	[T¸ch th­¬ng h¶i ch©u] [AddItemEx:NhËn ®­îc vËt phÈm] [Role:MaJas_ServeR (acc:rage01)] [Item:Bét Tr©n Ch©u (2,102,215,200,4)]
20260612-013826	INFO	COMMON	[acc:rage01 role:MaJas_ServeR][left_pearl][DisassembleLeftPearl(before)][ItemName:Th¹ch-S¬n Cèt][idx:1 attrid:43 values:{140,0,0,} probability:{10000,0,0,} frame:-1][idx:2 attrid:83 values:{100,0,0,} probability:{10000,0,0,} frame:-1][idx:3 attrid:88 values:{400,0,0,} probability:{10000,0,0,} frame:-1][idx:4 attrid:82 values:{100,0,0,} probability:{10000,0,0,} frame:-1][idx:5 attrid:84 values:{100,0,0,} probability:{10000,0,0,} frame:-1][quench times:0]
20260612-013826	INFO	COMMON	[[LeftPearl][DisassembleLeftPearl]][gf_DelItem:*-1 (0,122,429,bBind=1), Success][Role:MaJas_ServeR (acc:rage01)]
20260612-013826	INFO	COMMON	[T¸ch th­¬ng h¶i ch©u] [AddItemEx:NhËn ®­îc vËt phÈm] [Role:MaJas_ServeR (acc:rage01)] [Item:Bét Tr©n Ch©u (2,102,215,200,4)]
20260612-013826	INFO	COMMON	[acc:rage01 role:MaJas_ServeR][left_pearl][DisassembleLeftPearl(before)][ItemName:Thiªn-Ngù K×nh][idx:1 attrid:4 values:{800,0,0,} probability:{10000,0,0,} frame:-1][idx:2 attrid:70 values:{50,0,0,} probability:{10000,0,0,} frame:-1][idx:3 attrid:89 values:{400,0,0,} probability:{10000,0,0,} frame:-1][idx:4 attrid:66 values:{1000,0,0,} probability:{10000,0,0,} frame:-1][idx:5 attrid:91 values:{1000,0,0,} probability:{10000,0,0,} frame:-1][quench times:0]
20260612-013826	INFO	COMMON	[[LeftPearl][DisassembleLeftPearl]][gf_DelItem:*-1 (0,122,154,bBind=1), Success][Role:MaJas_ServeR (acc:rage01)]
20260612-013826	INFO	COMMON	[T¸ch th­¬ng h¶i ch©u] [AddItemEx:NhËn ®­îc vËt phÈm] [Role:MaJas_ServeR (acc:rage01)] [Item:Bét Tr©n Ch©u (2,102,215,200,4)]
20260612-013826	INFO	COMMON	[acc:rage01 role:MaJas_ServeR][left_pearl][DisassembleLeftPearl(before)][ItemName:TuyÕt-Ngù K×nh][idx:1 attrid:4 values:{800,0,0,} probability:{10000,0,0,} frame:-1][idx:2 attrid:70 values:{50,0,0,} probability:{10000,0,0,} frame:-1][idx:3 attrid:83 values:{100,0,0,} probability:{10000,0,0,} frame:-1][idx:4 attrid:69 values:{50,0,0,} probability:{10000,0,0,} frame:-1][idx:5 attrid:87 values:{100,0,0,} probability:{10000,0,0,} frame:-1][quench times:0]
20260612-013826	INFO	COMMON	[[LeftPearl][DisassembleLeftPearl]][gf_DelItem:*-1 (0,122,532,bBind=1), Success][Role:MaJas_ServeR (acc:rage01)]
20260612-013826	INFO	COMMON	[T¸ch th­¬ng h¶i ch©u] [AddItemEx:NhËn ®­îc vËt phÈm] [Role:MaJas_ServeR (acc:rage01)] [Item:Bét Tr©n Ch©u (2,102,215,200,4)]
20260612-013826	INFO	COMMON	[acc:rage01 role:MaJas_ServeR][left_pearl][DisassembleLeftPearl(before)][ItemName:S­¬ng-Ngù K×nh][idx:1 attrid:4 values:{800,0,0,} probability:{10000,0,0,} frame:-1][idx:2 attrid:70 values:{50,0,0,} probability:{10000,0,0,} frame:-1][idx:3 attrid:94 values:{10,0,0,} probability:{10000,0,0,} frame:-1][idx:4 attrid:73 values:{20,0,0,} probability:{10000,0,0,} frame:-1][idx:5 attrid:69 values:{50,0,0,} probability:{10000,0,0,} frame:-1][quench times:0]
20260612-013826	INFO	COMMON	[[LeftPearl][DisassembleLeftPearl]][gf_DelItem:*-1 (0,122,560,bBind=1), Success][Role:MaJas_ServeR (acc:rage01)]
20260612-013826	INFO	COMMON	[T¸ch th­¬ng h¶i ch©u] [AddItemEx:NhËn ®­îc vËt phÈm] [Role:MaJas_ServeR (acc:rage01)] [Item:Bét Tr©n Ch©u (2,102,215,200,4)]
20260612-013826	INFO	COMMON	[acc:rage01 role:MaJas_ServeR][left_pearl][DisassembleLeftPearl(before)][ItemName:Vô-Ngù K×nh][idx:1 attrid:4 values:{800,0,0,} probability:{10000,0,0,} frame:-1][idx:2 attrid:76 values:{100,0,0,} probability:{10000,0,0,} frame:-1][idx:3 attrid:65 values:{50000,0,0,} probability:{10000,0,0,} frame:-1][idx:4 attrid:90 values:{10,0,0,} probability:{10000,0,0,} frame:-1][idx:5 attrid:89 values:{400,0,0,} probability:{10000,0,0,} frame:-1][quench times:0]
20260612-013826	INFO	COMMON	[[LeftPearl][DisassembleLeftPearl]][gf_DelItem:*-1 (0,122,273,bBind=1), Success][Role:MaJas_ServeR (acc:rage01)]
20260612-013826	INFO	COMMON	[T¸ch th­¬ng h¶i ch©u] [AddItemEx:NhËn ®­îc vËt phÈm] [Role:MaJas_ServeR (acc:rage01)] [Item:Bét Tr©n Ch©u (2,102,215,200,4)]
20260612-013826	INFO	COMMON	[acc:rage01 role:MaJas_ServeR][left_pearl][DisassembleLeftPearl(before)][ItemName:Vò-Ngù K×nh][idx:1 attrid:4 values:{800,0,0,} probability:{10000,0,0,} frame:-1][idx:2 attrid:93 values:{500,0,0,} probability:{10000,0,0,} frame:-1][idx:3 attrid:64 values:{10,0,0,} probability:{10000,0,0,} frame:-1][idx:4 attrid:89 values:{400,0,0,} probability:{10000,0,0,} frame:-1][idx:5 attrid:78 values:{100,0,0,} probability:{2000,0,0,} frame:180][quench times:0]
20260612-013826	INFO	COMMON	[[LeftPearl][DisassembleLeftPearl]][gf_DelItem:*-1 (0,122,504,bBind=1), Success][Role:MaJas_ServeR (acc:rage01)]
20260612-013826	INFO	COMMON	[T¸ch th­¬ng h¶i ch©u] [AddItemEx:NhËn ®­îc vËt phÈm] [Role:MaJas_ServeR (acc:rage01)] [Item:Bét Tr©n Ch©u (2,102,215,200,4)]
20260612-013826	INFO	COMMON	[acc:rage01 role:MaJas_ServeR][left_pearl][DisassembleLeftPearl(before)][ItemName:V©n-Ngù K×nh][idx:1 attrid:4 values:{800,0,0,} probability:{10000,0,0,} frame:-1][idx:2 attrid:64 values:{10,0,0,} probability:{10000,0,0,} frame:-1][idx:3 attrid:88 values:{400,0,0,} probability:{10000,0,0,} frame:-1][idx:4 attrid:95 values:{10,0,0,} probability:{10000,0,0,} frame:-1][idx:5 attrid:89 values:{400,0,0,} probability:{10000,0,0,} frame:-1][quench times:0]
20260612-013826	INFO	COMMON	[[LeftPearl][DisassembleLeftPearl]][gf_DelItem:*-1 (0,122,476,bBind=1), Success][Role:MaJas_ServeR (acc:rage01)]
20260612-013826	INFO	COMMON	[T¸ch th­¬ng h¶i ch©u] [AddItemEx:NhËn ®­îc vËt phÈm] [Role:MaJas_ServeR (acc:rage01)] [Item:Bét Tr©n Ch©u (2,102,215,200,4)]
20260612-013826	INFO	COMMON	[acc:rage01 role:MaJas_ServeR][left_pearl][DisassembleLeftPearl(before)][ItemName:S­¬ng-Ngù K×nh][idx:1 attrid:4 values:{800,0,0,} probability:{10000,0,0,} frame:-1][idx:2 attrid:95 values:{10,0,0,} probability:{10000,0,0,} frame:-1][idx:3 attrid:73 values:{20,0,0,} probability:{10000,0,0,} frame:-1][idx:4 attrid:69 values:{50,0,0,} probability:{10000,0,0,} frame:-1][idx:5 attrid:70 values:{50,0,0,} probability:{10000,0,0,} frame:-1][quench times:0]
20260612-013826	INFO	COMMON	[[LeftPearl][DisassembleLeftPearl]][gf_DelItem:*-1 (0,122,560,bBind=1), Success][Role:MaJas_ServeR (acc:rage01)]
20260612-013826	INFO	COMMON	[T¸ch th­¬ng h¶i ch©u] [AddItemEx:NhËn ®­îc vËt phÈm] [Role:MaJas_ServeR (acc:rage01)] [Item:Bét Tr©n Ch©u (2,102,215,200,4)]
20260612-013826	INFO	COMMON	[acc:rage01 role:MaJas_ServeR][left_pearl][DisassembleLeftPearl(before)][ItemName:NhËt-Ngù K×nh][idx:1 attrid:4 values:{800,0,0,} probability:{10000,0,0,} frame:-1][idx:2 attrid:64 values:{10,0,0,} probability:{10000,0,0,} frame:-1][idx:3 attrid:75 values:{10,0,0,} probability:{10000,0,0,} frame:-1][idx:4 attrid:74 values:{10,0,0,} probability:{10000,0,0,} frame:-1][idx:5 attrid:61 values:{10,0,0,} probability:{2000,0,0,} frame:180][quench times:0]
20260612-013826	INFO	COMMON	[[LeftPearl][DisassembleLeftPearl]][gf_DelItem:*-1 (0,122,28,bBind=1), Success][Role:MaJas_ServeR (acc:rage01)]
20260612-013826	INFO	COMMON	[T¸ch th­¬ng h¶i ch©u] [AddItemEx:NhËn ®­îc vËt phÈm] [Role:MaJas_ServeR (acc:rage01)] [Item:Bét Tr©n Ch©u (2,102,215,200,4)]
20260612-013826	INFO	COMMON	[acc:rage01 role:MaJas_ServeR][left_pearl][DisassembleLeftPearl(before)][ItemName:ThÇn-Ngù K×nh][idx:1 attrid:4 values:{800,0,0,} probability:{10000,0,0,} frame:-1][idx:2 attrid:66 values:{1000,0,0,} probability:{10000,0,0,} frame:-1][idx:3 attrid:70 values:{50,0,0,} probability:{10000,0,0,} frame:-1][idx:4 attrid:85 values:{100,0,0,} probability:{10000,0,0,} frame:-1][idx:5 attrid:84 values:{100,0,0,} probability:{10000,0,0,} frame:-1][quench times:0]
20260612-013826	INFO	COMMON	[[LeftPearl][DisassembleLeftPearl]][gf_DelItem:*-1 (0,122,133,bBind=1), Success][Role:MaJas_ServeR (acc:rage01)]
20260612-013826	INFO	COMMON	[T¸ch th­¬ng h¶i ch©u] [AddItemEx:NhËn ®­îc vËt phÈm] [Role:MaJas_ServeR (acc:rage01)] [Item:Bét Tr©n Ch©u (2,102,215,200,4)]
20260612-013826	INFO	COMMON	[acc:rage01 role:MaJas_ServeR][left_pearl][DisassembleLeftPearl(before)][ItemName:S¬n-Sïng A][idx:1 attrid:21 values:{700,0,0,} probability:{10000,0,0,} frame:-1][idx:2 attrid:66 values:{1000,0,0,} probability:{10000,0,0,} frame:-1][idx:3 attrid:62 values:{10,0,0,} probability:{10000,0,0,} frame:-1][idx:4 attrid:63 values:{10,0,0,} probability:{10000,0,0,} frame:-1][idx:5 attrid:65 values:{50000,0,0,} probability:{10000,0,0,} frame:-1][quench times:0]
20260612-013826	INFO	COMMON	[[LeftPearl][DisassembleLeftPearl]][gf_DelItem:*-1 (0,122,194,bBind=1), Success][Role:MaJas_ServeR (acc:rage01)]
20260612-013826	INFO	COMMON	[T¸ch th­¬ng h¶i ch©u] [AddItemEx:NhËn ®­îc vËt phÈm] [Role:MaJas_ServeR (acc:rage01)] [Item:Bét Tr©n Ch©u (2,102,215,200,4)]
20260612-013826	INFO	COMMON	[acc:rage01 role:MaJas_ServeR][left_pearl][DisassembleLeftPearl(before)][ItemName:ThÇn-Ngù K×nh][idx:1 attrid:4 values:{800,0,0,} probability:{10000,0,0,} frame:-1][idx:2 attrid:70 values:{50,0,0,} probability:{10000,0,0,} frame:-1][idx:3 attrid:82 values:{100,0,0,} probability:{10000,0,0,} frame:-1][idx:4 attrid:66 values:{1000,0,0,} probability:{10000,0,0,} frame:-1][idx:5 attrid:84 values:{100,0,0,} probability:{10000,0,0,} frame:-1][quench times:0]
20260612-013826	INFO	COMMON	[[LeftPearl][DisassembleLeftPearl]][gf_DelItem:*-1 (0,122,133,bBind=1), Success][Role:MaJas_ServeR (acc:rage01)]
20260612-013826	INFO	COMMON	[T¸ch th­¬ng h¶i ch©u] [AddItemEx:NhËn ®­îc vËt phÈm] [Role:MaJas_ServeR (acc:rage01)] [Item:Bét Tr©n Ch©u (2,102,215,200,4)]
20260612-013826	INFO	COMMON	[acc:rage01 role:MaJas_ServeR][left_pearl][DisassembleLeftPearl(before)][ItemName:NhËt-Ngu Uyªn][idx:1 attrid:3 values:{5000,0,0,} probability:{10000,0,0,} frame:-1][idx:2 attrid:68 values:{1000,0,0,} probability:{10000,0,0,} frame:18][idx:3 attrid:63 values:{10,0,0,} probability:{10000,0,0,} frame:-1][idx:4 attrid:65 values:{50000,0,0,} probability:{10000,0,0,} frame:-1][idx:5 attrid:67 values:{10,0,0,} probability:{10000,0,0,} frame:-1][quench times:0]
20260612-013826	INFO	COMMON	[[LeftPearl][DisassembleLeftPearl]][gf_DelItem:*-1 (0,122,27,bBind=1), Success][Role:MaJas_ServeR (acc:rage01)]
20260612-013826	INFO	COMMON	[T¸ch th­¬ng h¶i ch©u] [AddItemEx:NhËn ®­îc vËt phÈm] [Role:MaJas_ServeR (acc:rage01)] [Item:Bét Tr©n Ch©u (2,102,215,200,4)]
20260612-013826	INFO	COMMON	[acc:rage01 role:MaJas_ServeR][left_pearl][DisassembleLeftPearl(before)][ItemName:S­¬ng-S­¬ng Tù][idx:1 attrid:15 values:{300,0,0,} probability:{10000,0,0,} frame:-1][idx:2 attrid:74 values:{10,0,0,} probability:{10000,0,0,} frame:-1][idx:3 attrid:70 values:{50,0,0,} probability:{10000,0,0,} frame:-1][idx:4 attrid:69 values:{50,0,0,} probability:{10000,0,0,} frame:-1][idx:5 attrid:94 values:{10,0,0,} probability:{10000,0,0,} frame:-1][quench times:0]
20260612-013826	INFO	COMMON	[[LeftPearl][DisassembleLeftPearl]][gf_DelItem:*-1 (0,122,559,bBind=1), Success][Role:MaJas_ServeR (acc:rage01)]
20260612-013826	INFO	COMMON	[T¸ch th­¬ng h¶i ch©u] [AddItemEx:NhËn ®­îc vËt phÈm] [Role:MaJas_ServeR (acc:rage01)] [Item:Bét Tr©n Ch©u (2,102,215,200,4)]
20260612-013826	INFO	COMMON	[acc:rage01 role:MaJas_ServeR][left_pearl][DisassembleLeftPearl(before)][ItemName:ThÇn-Ngù K×nh][idx:1 attrid:4 values:{800,0,0,} probability:{10000,0,0,} frame:-1][idx:2 attrid:66 values:{1000,0,0,} probability:{10000,0,0,} frame:-1][idx:3 attrid:82 values:{100,0,0,} probability:{10000,0,0,} frame:-1][idx:4 attrid:84 values:{100,0,0,} probability:{10000,0,0,} frame:-1][idx:5 attrid:70 values:{50,0,0,} probability:{10000,0,0,} frame:-1][quench times:0]
20260612-013826	INFO	COMMON	[[LeftPearl][DisassembleLeftPearl]][gf_DelItem:*-1 (0,122,133,bBind=1), Success][Role:MaJas_ServeR (acc:rage01)]
20260612-013826	INFO	COMMON	[T¸ch th­¬ng h¶i ch©u] [AddItemEx:NhËn ®­îc vËt phÈm] [Role:MaJas_ServeR (acc:rage01)] [Item:Bét Tr©n Ch©u (2,102,215,200,4)]
20260612-013826	INFO	COMMON	[acc:rage01 role:MaJas_ServeR][left_pearl][DisassembleLeftPearl(before)][ItemName:Xu©n-Thanh D­¬ng][idx:1 attrid:31 values:{350,0,0,} probability:{10000,0,0,} frame:-1][idx:2 attrid:61 values:{10,0,0,} probability:{2000,0,0,} frame:180][idx:3 attrid:69 values:{50,0,0,} probability:{10000,0,0,} frame:-1][idx:4 attrid:70 values:{50,0,0,} probability:{10000,0,0,} frame:-1][idx:5 attrid:66 values:{1000,0,0,} probability:{10000,0,0,} frame:-1][quench times:0]
20260612-013826	INFO	COMMON	[[LeftPearl][DisassembleLeftPearl]][gf_DelItem:*-1 (0,122,292,bBind=1), Success][Role:MaJas_ServeR (acc:rage01)]
20260612-013826	INFO	COMMON	[T¸ch th­¬ng h¶i ch©u] [AddItemEx:NhËn ®­îc vËt phÈm] [Role:MaJas_ServeR (acc:rage01)] [Item:Bét Tr©n Ch©u (2,102,215,200,4)]
20260612-013849	INFO	COMMON	[AWARD_TEMPLATE] onKsgPlayerLogin received card, type = player	rage01	MaJas_ServeR	tbProp	 [Vâ L©m 2 Shiina] Thªm thµnh c«ng 1 c¸i, thªm thÊt b¹i 0 c¸i, r¬i ®Êt 0 c¸i.
20260612-014118	INFO	COMMON	[AWARD_TEMPLATE] AddJewelry	rage02	ServeR_Anh	tbProp	 [Tèng-Chu T­íc T­íng LÖn] Thªm thµnh c«ng 1 c¸i, thªm thÊt b¹i 0 c¸i, r¬i ®Êt 0 c¸i.
20260612-014118	INFO	COMMON	[AWARD_TEMPLATE] AddJewelry	rage02	ServeR_Anh	tbProp	 [Tèng-Chu T­íc T­íng LÖn] Thªm thµnh c«ng 1 c¸i, thªm thÊt b¹i 0 c¸i, r¬i ®Êt 0 c¸i.
20260612-014118	INFO	COMMON	[AWARD_TEMPLATE] AddJewelry	rage02	ServeR_Anh	tbProp	 [Tèng-Chu T­íc T­íng LÖn] Thªm thµnh c«ng 1 c¸i, thªm thÊt b¹i 0 c¸i, r¬i ®Êt 0 c¸i.
20260612-014422	INFO	COMMON	[AWARD_TEMPLATE] NhËn phiÕu vµ vÐ ®æi ngo¹i trang	rage01	MaJas_ServeR	tbProp	 [VËt phÈm Xu] Thªm thµnh c«ng 1 c¸i, thªm thÊt b¹i 0 c¸i, r¬i ®Êt 0 c¸i.
20260612-014424	INFO	COMMON	[AWARD_TEMPLATE] NhËn Ên Phông Tö Ên	rage01	MaJas_ServeR	tbProp	 [Phông Tö Ên] Thªm thµnh c«ng 1 c¸i, thªm thÊt b¹i 0 c¸i, r¬i ®Êt 0 c¸i.
20260612-014424	INFO	COMMON	[AWARD_TEMPLATE] NhËn ngo¹i trang chuyÓn sinh 10	rage01	MaJas_ServeR	tbProp	 [Thanh S­¬ng tr©m] Thªm thµnh c«ng 1 c¸i, thªm thÊt b¹i 0 c¸i, r¬i ®Êt 0 c¸i.
20260612-014424	INFO	COMMON	[AWARD_TEMPLATE] NhËn ngo¹i trang chuyÓn sinh 10	rage01	MaJas_ServeR	tbProp	 [Thanh S­¬ng ¸o] Thªm thµnh c«ng 1 c¸i, thªm thÊt b¹i 0 c¸i, r¬i ®Êt 0 c¸i.
20260612-014424	INFO	COMMON	[AWARD_TEMPLATE] NhËn ngo¹i trang chuyÓn sinh 10	rage01	MaJas_ServeR	tbProp	 [Thanh S­¬ng trang] Thªm thµnh c«ng 1 c¸i, thªm thÊt b¹i 0 c¸i, r¬i ®Êt 0 c¸i.
20260612-014424	INFO	COMMON	[AWARD_TEMPLATE] NhËn ngo¹i trang chuyÓn sinh 10	rage01	MaJas_ServeR	tbProp	 [Phông 10-H] Thªm thµnh c«ng 1 c¸i, thªm thÊt b¹i 0 c¸i, r¬i ®Êt 0 c¸i.
20260612-014424	INFO	COMMON	[AWARD_TEMPLATE] NhËn ngo¹i trang chuyÓn sinh 10	rage01	MaJas_ServeR	tbProp	 [Phông 10-C] Thªm thµnh c«ng 1 c¸i, thªm thÊt b¹i 0 c¸i, r¬i ®Êt 0 c¸i.
20260612-014424	INFO	COMMON	[AWARD_TEMPLATE] NhËn ngo¹i trang chuyÓn sinh 10	rage01	MaJas_ServeR	tbProp	 [Phông 10-T] Thªm thµnh c«ng 1 c¸i, thªm thÊt b¹i 0 c¸i, r¬i ®Êt 0 c¸i.
20260612-014452	INFO	COMMON	[ThÇn Tµi B¶o R­¬ng]	rage01	MaJas_ServeR		1	Méc R­¬ng		AllStar		Thªm thµnh c«ng 1 c¸i, thªm thÊt b¹i 0 c¸i, r¬i ®Êt 0 c¸i			0	90	5	0		192.168.70.1
20260612-014452	INFO	COMMON	[Than Tai Bao Ruong]	rage01	MaJas_ServeR	®æi thµnh c«ng	1	Méc r­¬ng online							0	90	5	0		192.168.70.1
20260612-014506	INFO	COMMON	[AWARD_TEMPLATE] AddJewelry	rage01	MaJas_ServeR	tbProp	 [NhÉn V« Cùc] Thªm thµnh c«ng 1 c¸i, thªm thÊt b¹i 0 c¸i, r¬i ®Êt 0 c¸i.
20260612-014506	INFO	COMMON	[AWARD_TEMPLATE] AddJewelry	rage01	MaJas_ServeR	tbProp	 [Minh Tinh Chi Giíi] Thªm thµnh c«ng 1 c¸i, thªm thÊt b¹i 0 c¸i, r¬i ®Êt 0 c¸i.
20260612-014524	INFO	COMMON	[AWARD_TEMPLATE] AddJewelry	rage01	MaJas_ServeR	tbProp	 [NhÉn V« Cùc] Thªm thµnh c«ng 1 c¸i, thªm thÊt b¹i 0 c¸i, r¬i ®Êt 0 c¸i.
20260612-014524	INFO	COMMON	[AWARD_TEMPLATE] AddJewelry	rage01	MaJas_ServeR	tbProp	 [Minh Tinh Chi Giíi] Thªm thµnh c«ng 1 c¸i, thªm thÊt b¹i 0 c¸i, r¬i ®Êt 0 c¸i.
20260612-014551	INFO	COMMON	[AWARD_TEMPLATE] onKsgPlayerLogin received card, type = player	rage01	MaJas_ServeR	tbProp	 [Vâ L©m 2 Shiina] Thªm thµnh c«ng 1 c¸i, thªm thÊt b¹i 0 c¸i, r¬i ®Êt 0 c¸i.
20260612-014611	INFO	COMMON	[AWARD_TEMPLATE] NhËn Kim Xµ cÊp 8	rage01	MaJas_ServeR	tbProp	 [Phi Phong Tinh Huy] Thªm thµnh c«ng 1 c¸i, thªm thÊt b¹i 0 c¸i, r¬i ®Êt 0 c¸i.
20260612-014611	INFO	COMMON	[AWARD_TEMPLATE] NhËn Kim Xµ cÊp 8	rage01	MaJas_ServeR	tbProp	 [Huy Ch­¬ng Tinh Huy] Thªm thµnh c«ng 1 c¸i, thªm thÊt b¹i 0 c¸i, r¬i ®Êt 0 c¸i.
20260612-014611	INFO	COMMON	[AWARD_TEMPLATE] NhËn Kim Xµ cÊp 8	rage01	MaJas_ServeR	tbProp	 [Giµy Tinh Huy] Thªm thµnh c«ng 1 c¸i, thªm thÊt b¹i 0 c¸i, r¬i ®Êt 0 c¸i.
20260612-014611	INFO	COMMON	[AWARD_TEMPLATE] NhËn Kim Xµ cÊp 8	rage01	MaJas_ServeR	tbProp	 [Phi Phong NguyÖt KhuyÕt] Thªm thµnh c«ng 1 c¸i, thªm thÊt b¹i 0 c¸i, r¬i ®Êt 0 c¸i.
20260612-014611	INFO	COMMON	[AWARD_TEMPLATE] NhËn Kim Xµ cÊp 8	rage01	MaJas_ServeR	tbProp	 [Huy Ch­¬ng NguyÖt KhuyÕ] Thªm thµnh c«ng 1 c¸i, thªm thÊt b¹i 0 c¸i, r¬i ®Êt 0 c¸i.
20260612-014611	INFO	COMMON	[AWARD_TEMPLATE] NhËn Kim Xµ cÊp 8	rage01	MaJas_ServeR	tbProp	 [Giµy NguyÖt KhuyÕt] Thªm thµnh c«ng 1 c¸i, thªm thÊt b¹i 0 c¸i, r¬i ®Êt 0 c¸i.
20260612-014611	INFO	COMMON	[AWARD_TEMPLATE] NhËn Kim Xµ cÊp 8	rage01	MaJas_ServeR	tbProp	 [Phi Phong Háa S¸t] Thªm thµnh c«ng 1 c¸i, thªm thÊt b¹i 0 c¸i, r¬i ®Êt 0 c¸i.
20260612-014611	INFO	COMMON	[AWARD_TEMPLATE] NhËn Kim Xµ cÊp 8	rage01	MaJas_ServeR	tbProp	 [Huy Ch­¬ng Háa S¸t] Thªm thµnh c«ng 1 c¸i, thªm thÊt b¹i 0 c¸i, r¬i ®Êt 0 c¸i.
20260612-014611	INFO	COMMON	[AWARD_TEMPLATE] NhËn Kim Xµ cÊp 8	rage01	MaJas_ServeR	tbProp	 [Giµy Háa S¸t] Thªm thµnh c«ng 1 c¸i, thªm thÊt b¹i 0 c¸i, r¬i ®Êt 0 c¸i.
20260612-014648	INFO	COMMON	[AWARD_TEMPLATE] NhËn bé Ph¸ Hån	rage01	MaJas_ServeR	tbProp	 [Ph¸ Hån LÖnh (§Çu)] Thªm thµnh c«ng 1 c¸i, thªm thÊt b¹i 0 c¸i, r¬i ®Êt 0 c¸i.
20260612-014648	INFO	COMMON	[AWARD_TEMPLATE] NhËn bé Ph¸ Hån	rage01	MaJas_ServeR	tbProp	 [Ph¸ Hån LÖnh (¸o)] Thªm thµnh c«ng 1 c¸i, thªm thÊt b¹i 0 c¸i, r¬i ®Êt 0 c¸i.
20260612-014648	INFO	COMMON	[AWARD_TEMPLATE] NhËn bé Ph¸ Hån	rage01	MaJas_ServeR	tbProp	 [Ph¸ Hån LÖnh (QuÇn)] Thªm thµnh c«ng 1 c¸i, thªm thÊt b¹i 0 c¸i, r¬i ®Êt 0 c¸i.
20260612-014648	INFO	COMMON	[AWARD_TEMPLATE] NhËn bé Ph¸ Hån	rage01	MaJas_ServeR	tbProp	 [Ph¸ Hån LÖnh (Vò KhÝ)] Thªm thµnh c«ng 1 c¸i, thªm thÊt b¹i 0 c¸i, r¬i ®Êt 0 c¸i.
20260612-014648	INFO	COMMON	[AWARD_TEMPLATE] NhËn bé Ph¸ Hån	rage01	MaJas_ServeR	tbProp	 [Ph¸ Hån LÖnh (Trang Søc] Thªm thµnh c«ng 1 c¸i, thªm thÊt b¹i 0 c¸i, r¬i ®Êt 0 c¸i.
20260612-014755	INFO	COMMON	[Ph¸ Hån LÖnh (§Çu)]	rage01	MaJas_ServeR	MÆt N¹ Ph¸ Hån	1	MÆt N¹ Ph¸ Hån		AllStar		Thªm thµnh c«ng 1 c¸i, thªm thÊt b¹i 0 c¸i, r¬i ®Êt 0 c¸i			0	90	5	0		192.168.70.1
20260612-014755	INFO	COMMON	[Ph¸ Hån LÖnh (§Çu)]	rage01	MaJas_ServeR	MÆt N¹ Ph¸ Hån	Index:66 LineID:3209|10000|0|3218|3229|3234								0	90	5	0		192.168.70.1
20260612-014805	INFO	COMMON	[ThÇn Tµi B¶o R­¬ng]	rage02	ServeR_Anh		1	Méc R­¬ng		AllStar		Thªm thµnh c«ng 1 c¸i, thªm thÊt b¹i 0 c¸i, r¬i ®Êt 0 c¸i			0	90	3	0		192.168.70.1
20260612-014805	INFO	COMMON	[Than Tai Bao Ruong]	rage02	ServeR_Anh	®æi thµnh c«ng	1	Méc r­¬ng online							0	90	3	0		192.168.70.1
20260612-014909	INFO	COMMON	[Ph¸ Hån LÖnh (Trang Søc]	rage01	MaJas_ServeR	NhÉn Ph¸ Hån	1	NhÉn Ph¸ Hån		AllStar		Thªm thµnh c«ng 1 c¸i, thªm thÊt b¹i 0 c¸i, r¬i ®Êt 0 c¸i			0	90	5	0		192.168.70.1
20260612-014909	INFO	COMMON	[Ph¸ Hån LÖnh (Trang Søc]	rage01	MaJas_ServeR	NhÉn Ph¸ Hån	Index:75 LineID:3236|0|0|3239|3248|3260								0	90	5	0		192.168.70.1
20260612-014944	INFO	COMMON	[Ph¸ Hån LÖnh (Trang Søc]	rage01	MaJas_ServeR	D©y §eo NhiÕp T©m	1	D©y §eo NhiÕp T©m		AllStar		Thªm thµnh c«ng 1 c¸i, thªm thÊt b¹i 0 c¸i, r¬i ®Êt 0 c¸i			0	90	5	0		192.168.70.1
20260612-014944	INFO	COMMON	[Ph¸ Hån LÖnh (Trang Søc]	rage01	MaJas_ServeR	D©y §eo NhiÕp T©m	Index:77 LineID:3236|0|0|3239|3248|3260								0	90	5	0		192.168.70.1
20260612-015032	INFO	COMMON	[Ph¸ Hån LÖnh (¸o)]	rage01	MaJas_ServeR	¸o Ph¸ Hån	1	¸o Ph¸ Hån		AllStar		Thªm thµnh c«ng 1 c¸i, thªm thÊt b¹i 0 c¸i, r¬i ®Êt 0 c¸i			0	90	5	0		192.168.70.1
20260612-015032	INFO	COMMON	[Ph¸ Hån LÖnh (¸o)]	rage01	MaJas_ServeR	¸o Ph¸ Hån	Index:19 LineID:3211|10000|0|3216|3229|3231								0	90	5	0		192.168.70.1
20260612-015143	INFO	COMMON	[Ph¸ Hån LÖnh (Vò KhÝ)]	rage01	MaJas_ServeR	Ph¸ Hån-NghÞch Phong Cù (ThiÕu L©m QuyÒn)	1	Ph¸ Hån-NghÞch Phong Cù (ThiÕu L©m QuyÒn)		AllStar		Thªm thµnh c«ng 1 c¸i, thªm thÊt b¹i 0 c¸i, r¬i ®Êt 0 c¸i			0	90	5	0		192.168.70.1
20260612-015143	INFO	COMMON	[Ph¸ Hån LÖnh (Vò KhÝ)]	rage01	MaJas_ServeR	Ph¸ Hån-NghÞch Phong Cù (ThiÕu L©m QuyÒn)	Index:7 LineID:3262|3272|0|3275|3283|3286								0	90	5	0		192.168.70.1
20260612-015203	INFO	COMMON	[Ph¸ Hån LÖnh (QuÇn)]	rage01	MaJas_ServeR	QuÇn Ph¸ Hån	1	QuÇn Ph¸ Hån		AllStar		Thªm thµnh c«ng 1 c¸i, thªm thÊt b¹i 0 c¸i, r¬i ®Êt 0 c¸i			0	90	5	0		192.168.70.1
20260612-015203	INFO	COMMON	[Ph¸ Hån LÖnh (QuÇn)]	rage01	MaJas_ServeR	QuÇn Ph¸ Hån	Index:18 LineID:3213|10000|0|3216|3229|3234								0	90	5	0		192.168.70.1
20260612-015248	INFO	COMMON	[AWARD_TEMPLATE] AddJewelry	rage01	MaJas_ServeR	tbProp	 [NhÉn V« Cùc] Thªm thµnh c«ng 1 c¸i, thªm thÊt b¹i 0 c¸i, r¬i ®Êt 0 c¸i.
20260612-015248	INFO	COMMON	[AWARD_TEMPLATE] AddJewelry	rage01	MaJas_ServeR	tbProp	 [Minh Tinh Chi Giíi] Thªm thµnh c«ng 1 c¸i, thªm thÊt b¹i 0 c¸i, r¬i ®Êt 0 c¸i.
20260612-015255	INFO	COMMON	[AWARD_TEMPLATE] NhËn NL C­êng Hãa V¨n Søc	rage01	MaJas_ServeR	tbProp	 [L­u Kim] Thªm thµnh c«ng 1 c¸i, thªm thÊt b¹i 0 c¸i, r¬i ®Êt 0 c¸i.
20260612-015255	INFO	COMMON	[AWARD_TEMPLATE] NhËn NL C­êng Hãa V¨n Søc	rage01	MaJas_ServeR	tbProp	 [Thiªn V¨n Th¹ch] Thªm thµnh c«ng 1 c¸i, thªm thÊt b¹i 0 c¸i, r¬i ®Êt 0 c¸i.
20260612-015255	INFO	COMMON	[AWARD_TEMPLATE] NhËn NL C­êng Hãa V¨n Søc	rage01	MaJas_ServeR	tbProp	 [Cæ Kim Th¹ch] Thªm thµnh c«ng 1 c¸i, thªm thÊt b¹i 0 c¸i, r¬i ®Êt 0 c¸i.
20260612-015255	INFO	COMMON	[AWARD_TEMPLATE] NhËn NL C­êng Hãa V¨n Søc	rage01	MaJas_ServeR	tbProp	 [§iÓm Tinh Ngäc-Nhá] Thªm thµnh c«ng 1 c¸i, thªm thÊt b¹i 0 c¸i, r¬i ®Êt 0 c¸i.
20260612-015301	INFO	COMMON	[AWARD_TEMPLATE] AddJewelry	rage01	MaJas_ServeR	tbProp	 [Tèng-Chu T­íc T­íng LÖn] Thªm thµnh c«ng 1 c¸i, thªm thÊt b¹i 0 c¸i, r¬i ®Êt 0 c¸i.
20260612-015301	INFO	COMMON	[AWARD_TEMPLATE] AddJewelry	rage01	MaJas_ServeR	tbProp	 [Tèng-Chu T­íc T­íng LÖn] Thªm thµnh c«ng 1 c¸i, thªm thÊt b¹i 0 c¸i, r¬i ®Êt 0 c¸i.
20260612-015301	INFO	COMMON	[AWARD_TEMPLATE] AddJewelry	rage01	MaJas_ServeR	tbProp	 [Tèng-Chu T­íc T­íng LÖn] Thªm thµnh c«ng 1 c¸i, thªm thÊt b¹i 0 c¸i, r¬i ®Êt 0 c¸i.
20260612-015307	INFO	COMMON	[AWARD_TEMPLATE] onKsgPlayerLogin received card, type = player	rage01	MaJas_ServeR	tbProp	 [Vâ L©m 2 Shiina] Thªm thµnh c«ng 1 c¸i, thªm thÊt b¹i 0 c¸i, r¬i ®Êt 0 c¸i.
20260612-015654	INFO	COMMON	[AWARD_TEMPLATE] AddJewelry	rage01	MaJas_ServeR	tbProp	 [Tèng-Chu T­íc T­íng LÖn] Thªm thµnh c«ng 1 c¸i, thªm thÊt b¹i 0 c¸i, r¬i ®Êt 0 c¸i.
20260612-015654	INFO	COMMON	[AWARD_TEMPLATE] AddJewelry	rage01	MaJas_ServeR	tbProp	 [Tèng-Chu T­íc T­íng LÖn] Thªm thµnh c«ng 1 c¸i, thªm thÊt b¹i 0 c¸i, r¬i ®Êt 0 c¸i.
20260612-015654	INFO	COMMON	[AWARD_TEMPLATE] AddJewelry	rage01	MaJas_ServeR	tbProp	 [Tèng-Chu T­íc T­íng LÖn] Thªm thµnh c«ng 1 c¸i, thªm thÊt b¹i 0 c¸i, r¬i ®Êt 0 c¸i.
20260612-015744	INFO	COMMON	[AWARD_TEMPLATE] NhËn TrÊn Ph¸i	rage01	MaJas_ServeR	tbProp	 [Nh­ Lai Kinh] Thªm thµnh c«ng 1 c¸i, thªm thÊt b¹i 0 c¸i, r¬i ®Êt 0 c¸i.
20260612-021056	INFO	COMMON	[_tjl_player_syn_record]PlayerLogout	rage02	ServeR_Anh	50	0
20260612-021152	INFO	COMMON	[AWARD_TEMPLATE] NhËn Kim Xµ cÊp 8	rage01	MaJas_ServeR	tbProp	 [Phi Phong Tinh Huy] Thªm thµnh c«ng 1 c¸i, thªm thÊt b¹i 0 c¸i, r¬i ®Êt 0 c¸i.
20260612-021152	INFO	COMMON	[AWARD_TEMPLATE] NhËn Kim Xµ cÊp 8	rage01	MaJas_ServeR	tbProp	 [Huy Ch­¬ng Tinh Huy] Thªm thµnh c«ng 1 c¸i, thªm thÊt b¹i 0 c¸i, r¬i ®Êt 0 c¸i.
20260612-021152	INFO	COMMON	[AWARD_TEMPLATE] NhËn Kim Xµ cÊp 8	rage01	MaJas_ServeR	tbProp	 [Giµy Tinh Huy] Thªm thµnh c«ng 1 c¸i, thªm thÊt b¹i 0 c¸i, r¬i ®Êt 0 c¸i.
20260612-021152	INFO	COMMON	[AWARD_TEMPLATE] NhËn Kim Xµ cÊp 8	rage01	MaJas_ServeR	tbProp	 [Phi Phong NguyÖt KhuyÕt] Thªm thµnh c«ng 1 c¸i, thªm thÊt b¹i 0 c¸i, r¬i ®Êt 0 c¸i.
20260612-021152	INFO	COMMON	[AWARD_TEMPLATE] NhËn Kim Xµ cÊp 8	rage01	MaJas_ServeR	tbProp	 [Huy Ch­¬ng NguyÖt KhuyÕ] Thªm thµnh c«ng 1 c¸i, thªm thÊt b¹i 0 c¸i, r¬i ®Êt 0 c¸i.
20260612-021152	INFO	COMMON	[AWARD_TEMPLATE] NhËn Kim Xµ cÊp 8	rage01	MaJas_ServeR	tbProp	 [Giµy NguyÖt KhuyÕt] Thªm thµnh c«ng 1 c¸i, thªm thÊt b¹i 0 c¸i, r¬i ®Êt 0 c¸i.
20260612-021152	INFO	COMMON	[AWARD_TEMPLATE] NhËn Kim Xµ cÊp 8	rage01	MaJas_ServeR	tbProp	 [Phi Phong Háa S¸t] Thªm thµnh c«ng 1 c¸i, thªm thÊt b¹i 0 c¸i, r¬i ®Êt 0 c¸i.
20260612-021152	INFO	COMMON	[AWARD_TEMPLATE] NhËn Kim Xµ cÊp 8	rage01	MaJas_ServeR	tbProp	 [Huy Ch­¬ng Háa S¸t] Thªm thµnh c«ng 1 c¸i, thªm thÊt b¹i 0 c¸i, r¬i ®Êt 0 c¸i.
20260612-021152	INFO	COMMON	[AWARD_TEMPLATE] NhËn Kim Xµ cÊp 8	rage01	MaJas_ServeR	tbProp	 [Giµy Háa S¸t] Thªm thµnh c«ng 1 c¸i, thªm thÊt b¹i 0 c¸i, r¬i ®Êt 0 c¸i.
20260612-021325	INFO	COMMON	[AWARD_TEMPLATE] Tói Cæ Phæ Tµn QuyÓn	rage01	MaJas_ServeR	tbProp	 [[Tµn quyÓn] Liªn Hoa T©] Thªm thµnh c«ng 1 c¸i, thªm thÊt b¹i 0 c¸i, r¬i ®Êt 0 c¸i.
20260612-021326	INFO	COMMON	[AWARD_TEMPLATE] Tói Cæ Phæ Tµn QuyÓn	rage01	MaJas_ServeR	tbProp	 [[Tµn quyÓn] Ngò Linh T¸] Thªm thµnh c«ng 1 c¸i, thªm thÊt b¹i 0 c¸i, r¬i ®Êt 0 c¸i.
20260612-021326	INFO	COMMON	[AWARD_TEMPLATE] Tói Cæ Phæ Tµn QuyÓn	rage01	MaJas_ServeR	tbProp	 [[Tµn quyÓn] Tóy §iÖp] Thªm thµnh c«ng 1 c¸i, thªm thÊt b¹i 0 c¸i, r¬i ®Êt 0 c¸i.
20260612-021326	INFO	COMMON	[AWARD_TEMPLATE] Tói Cæ Phæ Tµn QuyÓn	rage01	MaJas_ServeR	tbProp	 [[Tµn quyÓn] Th¸i Êt T©m] Thªm thµnh c«ng 1 c¸i, thªm thÊt b¹i 0 c¸i, r¬i ®Êt 0 c¸i.
20260612-021326	INFO	COMMON	[AWARD_TEMPLATE] Tói Cæ Phæ Tµn QuyÓn	rage01	MaJas_ServeR	tbProp	 [[Tµn quyÓn] Th¸i Êt T©m] Thªm thµnh c«ng 1 c¸i, thªm thÊt b¹i 0 c¸i, r¬i ®Êt 0 c¸i.
20260612-021326	INFO	COMMON	[AWARD_TEMPLATE] Tói Cæ Phæ Tµn QuyÓn	rage01	MaJas_ServeR	tbProp	 [[Tµn quyÓn] BÊt DiÖt Tæ] Thªm thµnh c«ng 1 c¸i, thªm thÊt b¹i 0 c¸i, r¬i ®Êt 0 c¸i.
20260612-021326	INFO	COMMON	[AWARD_TEMPLATE] Tói Cæ Phæ Tµn QuyÓn	rage01	MaJas_ServeR	tbProp	 [[Tµn quyÓn] Cuång Phong] Thªm thµnh c«ng 1 c¸i, thªm thÊt b¹i 0 c¸i, r¬i ®Êt 0 c¸i.
20260612-021327	INFO	COMMON	[AWARD_TEMPLATE] Tói Cæ Phæ Tµn QuyÓn	rage01	MaJas_ServeR	tbProp	 [[Tµn quyÓn] L­u Quang K] Thªm thµnh c«ng 1 c¸i, thªm thÊt b¹i 0 c¸i, r¬i ®Êt 0 c¸i.
20260612-021327	INFO	COMMON	[AWARD_TEMPLATE] Tói Cæ Phæ Tµn QuyÓn	rage01	MaJas_ServeR	tbProp	 [[Tµn quyÓn] §¹i Lùc Kim] Thªm thµnh c«ng 1 c¸i, thªm thÊt b¹i 0 c¸i, r¬i ®Êt 0 c¸i.
20260612-021327	INFO	COMMON	[AWARD_TEMPLATE] Tói Cæ Phæ Tµn QuyÓn	rage01	MaJas_ServeR	tbProp	 [[Tµn quyÓn] ThÊt Tinh Q] Thªm thµnh c«ng 1 c¸i, thªm thÊt b¹i 0 c¸i, r¬i ®Êt 0 c¸i.
20260612-021340	INFO	COMMON	[AWARD_TEMPLATE] NhËn phiÕu vµ vÐ ®æi ngo¹i trang	rage01	MaJas_ServeR	tbProp	 [VËt phÈm Xu] Thªm thµnh c«ng 1 c¸i, thªm thÊt b¹i 0 c¸i, r¬i ®Êt 0 c¸i.
20260612-021358	INFO	COMMON	[AWARD_TEMPLATE] onKsgPlayerLogin received card, type = player	rage01	MaJas_ServeR	tbProp	 [Vâ L©m 2 Shiina] Thªm thµnh c«ng 1 c¸i, thªm thÊt b¹i 0 c¸i, r¬i ®Êt 0 c¸i.
20260612-021521	INFO	COMMON	[AWARD_TEMPLATE] NhËn Linh §¬n	rage01	MaJas_ServeR	tbProp	 [Tinh Hån] Thªm thµnh c«ng 1 c¸i, thªm thÊt b¹i 0 c¸i, r¬i ®Êt 0 c¸i.
20260612-021521	INFO	COMMON	[AWARD_TEMPLATE] NhËn Linh §¬n	rage01	MaJas_ServeR	tbProp	 [NguyÖt Ph¸ch] Thªm thµnh c«ng 1 c¸i, thªm thÊt b¹i 0 c¸i, r¬i ®Êt 0 c¸i.
20260612-021524	INFO	COMMON	[AWARD_TEMPLATE] NhËn phiÕu vµ vÐ ®æi ngo¹i trang	rage01	MaJas_ServeR	tbProp	 [VËt phÈm Xu] Thªm thµnh c«ng 1 c¸i, thªm thÊt b¹i 0 c¸i, r¬i ®Êt 0 c¸i.
20260612-021531	INFO	COMMON	[AWARD_TEMPLATE] NhËn Linh §¬n	rage01	MaJas_ServeR	tbProp	 [Håi Tiªn §¬n] Thªm thµnh c«ng 1 c¸i, thªm thÊt b¹i 0 c¸i, r¬i ®Êt 0 c¸i.
20260612-021531	INFO	COMMON	[AWARD_TEMPLATE] NhËn Linh §¬n	rage01	MaJas_ServeR	tbProp	 [Linh Ph¸ch §¬n] Thªm thµnh c«ng 1 c¸i, thªm thÊt b¹i 0 c¸i, r¬i ®Êt 0 c¸i.
20260612-021555	INFO	COMMON	[AWARD_TEMPLATE] NhËn §¸ Khãa KX	rage01	MaJas_ServeR	tbProp	 [Linh Th¹ch khãa (1)] Thªm thµnh c«ng 1 c¸i, thªm thÊt b¹i 0 c¸i, r¬i ®Êt 0 c¸i.
20260612-021555	INFO	COMMON	[AWARD_TEMPLATE] NhËn §¸ Khãa KX	rage01	MaJas_ServeR	tbProp	 [Linh Th¹ch khãa (2)] Thªm thµnh c«ng 1 c¸i, thªm thÊt b¹i 0 c¸i, r¬i ®Êt 0 c¸i.
20260612-021555	INFO	COMMON	[AWARD_TEMPLATE] NhËn §¸ Khãa KX	rage01	MaJas_ServeR	tbProp	 [Linh Th¹ch khãa (3)] Thªm thµnh c«ng 1 c¸i, thªm thÊt b¹i 0 c¸i, r¬i ®Êt 0 c¸i.
20260612-021555	INFO	COMMON	[AWARD_TEMPLATE] NhËn §¸ Khãa KX	rage01	MaJas_ServeR	tbProp	 [Linh Th¹ch khãa (4)] Thªm thµnh c«ng 1 c¸i, thªm thÊt b¹i 0 c¸i, r¬i ®Êt 0 c¸i.
20260612-021555	INFO	COMMON	[AWARD_TEMPLATE] NhËn §¸ Khãa KX	rage01	MaJas_ServeR	tbProp	 [Linh Th¹ch khãa (5)] Thªm thµnh c«ng 1 c¸i, thªm thÊt b¹i 0 c¸i, r¬i ®Êt 0 c¸i.
20260612-021555	INFO	COMMON	[AWARD_TEMPLATE] NhËn §¸ Khãa KX	rage01	MaJas_ServeR	tbProp	 [Linh Th¹ch khãa (6)] Thªm thµnh c«ng 1 c¸i, thªm thÊt b¹i 0 c¸i, r¬i ®Êt 0 c¸i.
20260612-021555	INFO	COMMON	[AWARD_TEMPLATE] NhËn §¸ Khãa KX	rage01	MaJas_ServeR	tbProp	 [§æi Linh Th¹ch-Cao 1] Thªm thµnh c«ng 1 c¸i, thªm thÊt b¹i 0 c¸i, r¬i ®Êt 0 c¸i.
20260612-021555	INFO	COMMON	[AWARD_TEMPLATE] NhËn §¸ Khãa KX	rage01	MaJas_ServeR	tbProp	 [§æi Linh Th¹ch-Cao 2] Thªm thµnh c«ng 1 c¸i, thªm thÊt b¹i 0 c¸i, r¬i ®Êt 0 c¸i.
20260612-021555	INFO	COMMON	[AWARD_TEMPLATE] NhËn §¸ Khãa KX	rage01	MaJas_ServeR	tbProp	 [§æi Linh Th¹ch-Cao 3] Thªm thµnh c«ng 1 c¸i, thªm thÊt b¹i 0 c¸i, r¬i ®Êt 0 c¸i.
20260612-021555	INFO	COMMON	[AWARD_TEMPLATE] NhËn §¸ Khãa KX	rage01	MaJas_ServeR	tbProp	 [§æi Linh Th¹ch-Cao 4] Thªm thµnh c«ng 1 c¸i, thªm thÊt b¹i 0 c¸i, r¬i ®Êt 0 c¸i.
20260612-021555	INFO	COMMON	[AWARD_TEMPLATE] NhËn §¸ Khãa KX	rage01	MaJas_ServeR	tbProp	 [§æi Linh Th¹ch-Cao 5] Thªm thµnh c«ng 1 c¸i, thªm thÊt b¹i 0 c¸i, r¬i ®Êt 0 c¸i.
20260612-021555	INFO	COMMON	[AWARD_TEMPLATE] NhËn §¸ Khãa KX	rage01	MaJas_ServeR	tbProp	 [§æi Linh Th¹ch-Cao 6] Thªm thµnh c«ng 1 c¸i, thªm thÊt b¹i 0 c¸i, r¬i ®Êt 0 c¸i.
20260612-021555	INFO	COMMON	[AWARD_TEMPLATE] NhËn §¸ Khãa KX	rage01	MaJas_ServeR	tbProp	 [X· Qu©n Táa Linh Th¹ch ] Thªm thµnh c«ng 1 c¸i, thªm thÊt b¹i 0 c¸i, r¬i ®Êt 0 c¸i.
20260612-021555	INFO	COMMON	[AWARD_TEMPLATE] NhËn §¸ Khãa KX	rage01	MaJas_ServeR	tbProp	 [X· Qu©n Táa Linh Th¹ch ] Thªm thµnh c«ng 1 c¸i, thªm thÊt b¹i 0 c¸i, r¬i ®Êt 0 c¸i.
20260612-021555	INFO	COMMON	[AWARD_TEMPLATE] NhËn §¸ Khãa KX	rage01	MaJas_ServeR	tbProp	 [X· Qu©n Táa Linh Th¹ch ] Thªm thµnh c«ng 1 c¸i, thªm thÊt b¹i 0 c¸i, r¬i ®Êt 0 c¸i.
20260612-021555	INFO	COMMON	[AWARD_TEMPLATE] NhËn §¸ Khãa KX	rage01	MaJas_ServeR	tbProp	 [X· Qu©n Táa Linh Th¹ch ] Thªm thµnh c«ng 1 c¸i, thªm thÊt b¹i 0 c¸i, r¬i ®Êt 0 c¸i.
20260612-021555	INFO	COMMON	[AWARD_TEMPLATE] NhËn §¸ Khãa KX	rage01	MaJas_ServeR	tbProp	 [X· Qu©n Táa Linh Th¹ch ] Thªm thµnh c«ng 1 c¸i, thªm thÊt b¹i 0 c¸i, r¬i ®Êt 0 c¸i.
20260612-021555	INFO	COMMON	[AWARD_TEMPLATE] NhËn §¸ Khãa KX	rage01	MaJas_ServeR	tbProp	 [X· Qu©n Táa Linh Th¹ch ] Thªm thµnh c«ng 1 c¸i, thªm thÊt b¹i 0 c¸i, r¬i ®Êt 0 c¸i.
20260612-021555	INFO	COMMON	[AWARD_TEMPLATE] NhËn §¸ Khãa KX	rage01	MaJas_ServeR	tbProp	 [Tinh VÉn Táa Linh Th¹ch] Thªm thµnh c«ng 1 c¸i, thªm thÊt b¹i 0 c¸i, r¬i ®Êt 0 c¸i.
20260612-021555	INFO	COMMON	[AWARD_TEMPLATE] NhËn §¸ Khãa KX	rage01	MaJas_ServeR	tbProp	 [Tinh VÉn Táa Linh Th¹ch] Thªm thµnh c«ng 1 c¸i, thªm thÊt b¹i 0 c¸i, r¬i ®Êt 0 c¸i.
20260612-021555	INFO	COMMON	[AWARD_TEMPLATE] NhËn §¸ Khãa KX	rage01	MaJas_ServeR	tbProp	 [Tinh VÉn Táa Linh Th¹ch] Thªm thµnh c«ng 1 c¸i, thªm thÊt b¹i 0 c¸i, r¬i ®Êt 0 c¸i.
20260612-021555	INFO	COMMON	[AWARD_TEMPLATE] NhËn §¸ Khãa KX	rage01	MaJas_ServeR	tbProp	 [Tinh VÉn Táa Linh Th¹ch] Thªm thµnh c«ng 1 c¸i, thªm thÊt b¹i 0 c¸i, r¬i ®Êt 0 c¸i.
20260612-021555	INFO	COMMON	[AWARD_TEMPLATE] NhËn §¸ Khãa KX	rage01	MaJas_ServeR	tbProp	 [Tinh VÉn Táa Linh Th¹ch] Thªm thµnh c«ng 1 c¸i, thªm thÊt b¹i 0 c¸i, r¬i ®Êt 0 c¸i.
20260612-021555	INFO	COMMON	[AWARD_TEMPLATE] NhËn §¸ Khãa KX	rage01	MaJas_ServeR	tbProp	 [Tinh VÉn Táa Linh Th¹ch] Thªm thµnh c«ng 1 c¸i, thªm thÊt b¹i 0 c¸i, r¬i ®Êt 0 c¸i.
20260612-021600	INFO	COMMON	[AWARD_TEMPLATE] onKsgPlayerLogin received card, type = player	rage01	MaJas_ServeR	tbProp	 [Vâ L©m 2 Shiina] Thªm thµnh c«ng 1 c¸i, thªm thÊt b¹i 0 c¸i, r¬i ®Êt 0 c¸i.
20260612-021606	INFO	COMMON	[AWARD_TEMPLATE] NhËn §¸ TÈy KX	rage01	MaJas_ServeR	tbProp	 [TÈy T©m Th¹ch cÊp 1] Thªm thµnh c«ng 1 c¸i, thªm thÊt b¹i 0 c¸i, r¬i ®Êt 0 c¸i.
20260612-021606	INFO	COMMON	[AWARD_TEMPLATE] NhËn §¸ TÈy KX	rage01	MaJas_ServeR	tbProp	 [TÈy T©m Th¹ch cÊp 2] Thªm thµnh c«ng 1 c¸i, thªm thÊt b¹i 0 c¸i, r¬i ®Êt 0 c¸i.
20260612-021606	INFO	COMMON	[AWARD_TEMPLATE] NhËn §¸ TÈy KX	rage01	MaJas_ServeR	tbProp	 [TÈy T©m Th¹ch cÊp 3] Thªm thµnh c«ng 1 c¸i, thªm thÊt b¹i 0 c¸i, r¬i ®Êt 0 c¸i.
20260612-021606	INFO	COMMON	[AWARD_TEMPLATE] NhËn §¸ TÈy KX	rage01	MaJas_ServeR	tbProp	 [TÈy T©m Th¹ch cÊp 4] Thªm thµnh c«ng 1 c¸i, thªm thÊt b¹i 0 c¸i, r¬i ®Êt 0 c¸i.
20260612-021606	INFO	COMMON	[AWARD_TEMPLATE] NhËn §¸ TÈy KX	rage01	MaJas_ServeR	tbProp	 [TÈy T©m Th¹ch cÊp 5] Thªm thµnh c«ng 1 c¸i, thªm thÊt b¹i 0 c¸i, r¬i ®Êt 0 c¸i.
20260612-021606	INFO	COMMON	[AWARD_TEMPLATE] NhËn §¸ TÈy KX	rage01	MaJas_ServeR	tbProp	 [TÈy T©m Th¹ch cÊp 6] Thªm thµnh c«ng 1 c¸i, thªm thÊt b¹i 0 c¸i, r¬i ®Êt 0 c¸i.
20260612-021606	INFO	COMMON	[AWARD_TEMPLATE] NhËn §¸ TÈy KX	rage01	MaJas_ServeR	tbProp	 [LuyÖn L« ThiÕt CÊp 1] Thªm thµnh c«ng 1 c¸i, thªm thÊt b¹i 0 c¸i, r¬i ®Êt 0 c¸i.
20260612-021606	INFO	COMMON	[AWARD_TEMPLATE] NhËn §¸ TÈy KX	rage01	MaJas_ServeR	tbProp	 [LuyÖn L« ThiÕt CÊp 2] Thªm thµnh c«ng 1 c¸i, thªm thÊt b¹i 0 c¸i, r¬i ®Êt 0 c¸i.
20260612-021606	INFO	COMMON	[AWARD_TEMPLATE] NhËn §¸ TÈy KX	rage01	MaJas_ServeR	tbProp	 [LuyÖn L« ThiÕt CÊp 3] Thªm thµnh c«ng 1 c¸i, thªm thÊt b¹i 0 c¸i, r¬i ®Êt 0 c¸i.
20260612-021606	INFO	COMMON	[AWARD_TEMPLATE] NhËn §¸ TÈy KX	rage01	MaJas_ServeR	tbProp	 [LuyÖn L« ThiÕt cÊp 4] Thªm thµnh c«ng 1 c¸i, thªm thÊt b¹i 0 c¸i, r¬i ®Êt 0 c¸i.
20260612-021606	INFO	COMMON	[AWARD_TEMPLATE] NhËn §¸ TÈy KX	rage01	MaJas_ServeR	tbProp	 [LuyÖn L« ThiÕt cÊp 5] Thªm thµnh c«ng 1 c¸i, thªm thÊt b¹i 0 c¸i, r¬i ®Êt 0 c¸i.
20260612-021606	INFO	COMMON	[AWARD_TEMPLATE] NhËn §¸ TÈy KX	rage01	MaJas_ServeR	tbProp	 [LuyÖn L« ThiÕt cÊp 6] Thªm thµnh c«ng 1 c¸i, thªm thÊt b¹i 0 c¸i, r¬i ®Êt 0 c¸i.
20260612-021606	INFO	COMMON	[AWARD_TEMPLATE] NhËn §¸ TÈy KX	rage01	MaJas_ServeR	tbProp	 [LuyÖn L« ThiÕt CÊp 7] Thªm thµnh c«ng 1 c¸i, thªm thÊt b¹i 0 c¸i, r¬i ®Êt 0 c¸i.
20260612-021606	INFO	COMMON	[AWARD_TEMPLATE] NhËn §¸ TÈy KX	rage01	MaJas_ServeR	tbProp	 [TÈy T©m Th¹ch CÊp 7] Thªm thµnh c«ng 1 c¸i, thªm thÊt b¹i 0 c¸i, r¬i ®Êt 0 c¸i.
20260612-021606	INFO	COMMON	[AWARD_TEMPLATE] NhËn §¸ TÈy KX	rage01	MaJas_ServeR	tbProp	 [LuyÖn L« ThiÕt Lv8] Thªm thµnh c«ng 1 c¸i, thªm thÊt b¹i 0 c¸i, r¬i ®Êt 0 c¸i.
20260612-021606	INFO	COMMON	[AWARD_TEMPLATE] NhËn §¸ TÈy KX	rage01	MaJas_ServeR	tbProp	 [TÈy T©m Th¹ch Lv8] Thªm thµnh c«ng 1 c¸i, thªm thÊt b¹i 0 c¸i, r¬i ®Êt 0 c¸i.
20260612-021617	INFO	COMMON	[AWARD_TEMPLATE] NhËn ThiÕt Tinh 4	rage01	MaJas_ServeR	tbProp	 [ThiÕt tinh cÊp 4] Thªm thµnh c«ng 1 c¸i, thªm thÊt b¹i 0 c¸i, r¬i ®Êt 0 c¸i.
20260612-021626	INFO	COMMON	[AWARD_TEMPLATE] NhËn §¸ Kh¶m	rage01	MaJas_ServeR	tbProp	 [HuyÕtTrÝchTh¹ch Lv1] Thªm thµnh c«ng 1 c¸i, thªm thÊt b¹i 0 c¸i, r¬i ®Êt 0 c¸i.
20260612-021626	INFO	COMMON	[AWARD_TEMPLATE] NhËn §¸ Kh¶m	rage01	MaJas_ServeR	tbProp	 [NguyÖtB¹chTh¹ch Lv1] Thªm thµnh c«ng 1 c¸i, thªm thÊt b¹i 0 c¸i, r¬i ®Êt 0 c¸i.
20260612-021626	INFO	COMMON	[AWARD_TEMPLATE] NhËn §¸ Kh¶m	rage01	MaJas_ServeR	tbProp	 [Hæ Ph¸ch Th¹ch CÊp 1] Thªm thµnh c«ng 1 c¸i, thªm thÊt b¹i 0 c¸i, r¬i ®Êt 0 c¸i.
20260612-021626	INFO	COMMON	[AWARD_TEMPLATE] NhËn §¸ Kh¶m	rage01	MaJas_ServeR	tbProp	 [H¾c DiÖu Th¹ch CÊp 1] Thªm thµnh c«ng 1 c¸i, thªm thÊt b¹i 0 c¸i, r¬i ®Êt 0 c¸i.
20260612-021626	INFO	COMMON	[AWARD_TEMPLATE] NhËn §¸ Kh¶m	rage01	MaJas_ServeR	tbProp	 [HuyÕtTrÝchTh¹ch Lv2] Thªm thµnh c«ng 1 c¸i, thªm thÊt b¹i 0 c¸i, r¬i ®Êt 0 c¸i.
20260612-021626	INFO	COMMON	[AWARD_TEMPLATE] NhËn §¸ Kh¶m	rage01	MaJas_ServeR	tbProp	 [NguyÖtB¹chTh¹ch Lv2] Thªm thµnh c«ng 1 c¸i, thªm thÊt b¹i 0 c¸i, r¬i ®Êt 0 c¸i.
20260612-021626	INFO	COMMON	[AWARD_TEMPLATE] NhËn §¸ Kh¶m	rage01	MaJas_ServeR	tbProp	 [Hæ Ph¸ch Th¹ch CÊp 2] Thªm thµnh c«ng 1 c¸i, thªm thÊt b¹i 0 c¸i, r¬i ®Êt 0 c¸i.
20260612-021626	INFO	COMMON	[AWARD_TEMPLATE] NhËn §¸ Kh¶m	rage01	MaJas_ServeR	tbProp	 [H¾c DiÖu Th¹ch CÊp 2] Thªm thµnh c«ng 1 c¸i, thªm thÊt b¹i 0 c¸i, r¬i ®Êt 0 c¸i.
20260612-021626	INFO	COMMON	[AWARD_TEMPLATE] NhËn §¸ Kh¶m	rage01	MaJas_ServeR	tbProp	 [HuyÕtTrÝchTh¹ch Lv3] Thªm thµnh c«ng 1 c¸i, thªm thÊt b¹i 0 c¸i, r¬i ®Êt 0 c¸i.
20260612-021626	INFO	COMMON	[AWARD_TEMPLATE] NhËn §¸ Kh¶m	rage01	MaJas_ServeR	tbProp	 [NguyÖtB¹chTh¹ch Lv3] Thªm thµnh c«ng 1 c¸i, thªm thÊt b¹i 0 c¸i, r¬i ®Êt 0 c¸i.
20260612-021626	INFO	COMMON	[AWARD_TEMPLATE] NhËn §¸ Kh¶m	rage01	MaJas_ServeR	tbProp	 [Hæ Ph¸ch Th¹ch CÊp 3] Thªm thµnh c«ng 1 c¸i, thªm thÊt b¹i 0 c¸i, r¬i ®Êt 0 c¸i.
20260612-021626	INFO	COMMON	[AWARD_TEMPLATE] NhËn §¸ Kh¶m	rage01	MaJas_ServeR	tbProp	 [H¾c DiÖu Th¹ch CÊp 3] Thªm thµnh c«ng 1 c¸i, thªm thÊt b¹i 0 c¸i, r¬i ®Êt 0 c¸i.
20260612-021626	INFO	COMMON	[AWARD_TEMPLATE] NhËn §¸ Kh¶m	rage01	MaJas_ServeR	tbProp	 [HuyÕtTrÝchTh¹ch Lv4] Thªm thµnh c«ng 1 c¸i, thªm thÊt b¹i 0 c¸i, r¬i ®Êt 0 c¸i.
20260612-021626	INFO	COMMON	[AWARD_TEMPLATE] NhËn §¸ Kh¶m	rage01	MaJas_ServeR	tbProp	 [NguyÖtB¹chTh¹ch Lv4] Thªm thµnh c«ng 1 c¸i, thªm thÊt b¹i 0 c¸i, r¬i ®Êt 0 c¸i.
20260612-021626	INFO	COMMON	[AWARD_TEMPLATE] NhËn §¸ Kh¶m	rage01	MaJas_ServeR	tbProp	 [Hæ Ph¸ch Th¹ch CÊp 4] Thªm thµnh c«ng 1 c¸i, thªm thÊt b¹i 0 c¸i, r¬i ®Êt 0 c¸i.
20260612-021626	INFO	COMMON	[AWARD_TEMPLATE] NhËn §¸ Kh¶m	rage01	MaJas_ServeR	tbProp	 [H¾c DiÖu Th¹ch CÊp 4] Thªm thµnh c«ng 1 c¸i, thªm thÊt b¹i 0 c¸i, r¬i ®Êt 0 c¸i.
20260612-021626	INFO	COMMON	[AWARD_TEMPLATE] NhËn §¸ Kh¶m	rage01	MaJas_ServeR	tbProp	 [HuyÕtTrÝchTh¹ch Lv5] Thªm thµnh c«ng 1 c¸i, thªm thÊt b¹i 0 c¸i, r¬i ®Êt 0 c¸i.
20260612-021626	INFO	COMMON	[AWARD_TEMPLATE] NhËn §¸ Kh¶m	rage01	MaJas_ServeR	tbProp	 [NguyÖtB¹chTh¹ch Lv5] Thªm thµnh c«ng 1 c¸i, thªm thÊt b¹i 0 c¸i, r¬i ®Êt 0 c¸i.
20260612-021626	INFO	COMMON	[AWARD_TEMPLATE] NhËn §¸ Kh¶m	rage01	MaJas_ServeR	tbProp	 [Hæ Ph¸ch Th¹ch CÊp 5] Thªm thµnh c«ng 1 c¸i, thªm thÊt b¹i 0 c¸i, r¬i ®Êt 0 c¸i.
20260612-021626	INFO	COMMON	[AWARD_TEMPLATE] NhËn §¸ Kh¶m	rage01	MaJas_ServeR	tbProp	 [H¾c DiÖu Th¹ch CÊp 5] Thªm thµnh c«ng 1 c¸i, thªm thÊt b¹i 0 c¸i, r¬i ®Êt 0 c¸i.
20260612-021626	INFO	COMMON	[AWARD_TEMPLATE] NhËn §¸ Kh¶m	rage01	MaJas_ServeR	tbProp	 [HuyÕtTrÝchTh¹ch Lv6] Thªm thµnh c«ng 1 c¸i, thªm thÊt b¹i 0 c¸i, r¬i ®Êt 0 c¸i.
20260612-021626	INFO	COMMON	[AWARD_TEMPLATE] NhËn §¸ Kh¶m	rage01	MaJas_ServeR	tbProp	 [NguyÖtB¹chTh¹ch Lv6] Thªm thµnh c«ng 1 c¸i, thªm thÊt b¹i 0 c¸i, r¬i ®Êt 0 c¸i.
20260612-021626	INFO	COMMON	[AWARD_TEMPLATE] NhËn §¸ Kh¶m	rage01	MaJas_ServeR	tbProp	 [Hæ Ph¸ch Th¹ch CÊp 6] Thªm thµnh c«ng 1 c¸i, thªm thÊt b¹i 0 c¸i, r¬i ®Êt 0 c¸i.
20260612-021626	INFO	COMMON	[AWARD_TEMPLATE] NhËn §¸ Kh¶m	rage01	MaJas_ServeR	tbProp	 [H¾c DiÖu Th¹ch CÊp 6] Thªm thµnh c«ng 1 c¸i, thªm thÊt b¹i 0 c¸i, r¬i ®Êt 0 c¸i.
20260612-021626	INFO	COMMON	[AWARD_TEMPLATE] NhËn §¸ Kh¶m	rage01	MaJas_ServeR	tbProp	 [HuyÕt TrÝch Th¹ch cÊp 7] Thªm thµnh c«ng 1 c¸i, thªm thÊt b¹i 0 c¸i, r¬i ®Êt 0 c¸i.
20260612-021626	INFO	COMMON	[AWARD_TEMPLATE] NhËn §¸ Kh¶m	rage01	MaJas_ServeR	tbProp	 [NguyÖt B¹ch Th¹ch cÊp 7] Thªm thµnh c«ng 1 c¸i, thªm thÊt b¹i 0 c¸i, r¬i ®Êt 0 c¸i.
20260612-021626	INFO	COMMON	[AWARD_TEMPLATE] NhËn §¸ Kh¶m	rage01	MaJas_ServeR	tbProp	 [Hæ Ph¸ch Th¹ch cÊp 7] Thªm thµnh c«ng 1 c¸i, thªm thÊt b¹i 0 c¸i, r¬i ®Êt 0 c¸i.
20260612-021626	INFO	COMMON	[AWARD_TEMPLATE] NhËn §¸ Kh¶m	rage01	MaJas_ServeR	tbProp	 [H¾c DiÖu Th¹ch cÊp 7] Thªm thµnh c«ng 1 c¸i, thªm thÊt b¹i 0 c¸i, r¬i ®Êt 0 c¸i.
20260612-021626	INFO	COMMON	[AWARD_TEMPLATE] NhËn §¸ Kh¶m	rage01	MaJas_ServeR	tbProp	 [HuyÕt TrÝch Th¹ch CÊp 8] Thªm thµnh c«ng 1 c¸i, thªm thÊt b¹i 0 c¸i, r¬i ®Êt 0 c¸i.
20260612-021626	INFO	COMMON	[AWARD_TEMPLATE] NhËn §¸ Kh¶m	rage01	MaJas_ServeR	tbProp	 [NguyÖt B¹ch Th¹ch CÊp 8] Thªm thµnh c«ng 1 c¸i, thªm thÊt b¹i 0 c¸i, r¬i ®Êt 0 c¸i.
20260612-021626	INFO	COMMON	[AWARD_TEMPLATE] NhËn §¸ Kh¶m	rage01	MaJas_ServeR	tbProp	 [Hæ Ph¸ch Th¹ch CÊp 8] Thªm thµnh c«ng 1 c¸i, thªm thÊt b¹i 0 c¸i, r¬i ®Êt 0 c¸i.
20260612-021626	INFO	COMMON	[AWARD_TEMPLATE] NhËn §¸ Kh¶m	rage01	MaJas_ServeR	tbProp	 [H¾c DiÖu Th¹ch CÊp 8] Thªm thµnh c«ng 1 c¸i, thªm thÊt b¹i 0 c¸i, r¬i ®Êt 0 c¸i.
20260612-021630	INFO	COMMON	[AWARD_TEMPLATE] onKsgPlayerLogin received card, type = player	rage01	MaJas_ServeR	tbProp	 [Vâ L©m 2 Shiina] Thªm thµnh c«ng 1 c¸i, thªm thÊt b¹i 0 c¸i, r¬i ®Êt 0 c¸i.
20260612-021635	INFO	COMMON	[AWARD_TEMPLATE] NhËn NL C­êng Hãa	rage01	MaJas_ServeR	tbProp	 [§Þnh Hån Thiªn Th¹ch Th] Thªm thµnh c«ng 1 c¸i, thªm thÊt b¹i 0 c¸i, r¬i ®Êt 0 c¸i.
20260612-021635	INFO	COMMON	[AWARD_TEMPLATE] NhËn NL C­êng Hãa	rage01	MaJas_ServeR	tbProp	 [§¹i §Þnh Hån ] Thªm thµnh c«ng 1 c¸i, thªm thÊt b¹i 0 c¸i, r¬i ®Êt 0 c¸i.
20260612-021635	INFO	COMMON	[AWARD_TEMPLATE] NhËn NL C­êng Hãa	rage01	MaJas_ServeR	tbProp	 [Thiªn Th¹ch linh th¹ch] Thªm thµnh c«ng 1 c¸i, thªm thÊt b¹i 0 c¸i, r¬i ®Êt 0 c¸i.
20260612-021635	INFO	COMMON	[AWARD_TEMPLATE] NhËn NL C­êng Hãa	rage01	MaJas_ServeR	tbProp	 [Thiªn Th¹ch Tinh Th¹ch] Thªm thµnh c«ng 1 c¸i, thªm thÊt b¹i 0 c¸i, r¬i ®Êt 0 c¸i.
20260612-021635	INFO	COMMON	[AWARD_TEMPLATE] NhËn NL C­êng Hãa	rage01	MaJas_ServeR	tbProp	 [C­êng hãa quyÓn 12] Thªm thµnh c«ng 1 c¸i, thªm thÊt b¹i 0 c¸i, r¬i ®Êt 0 c¸i.
20260612-021635	INFO	COMMON	[AWARD_TEMPLATE] NhËn NL C­êng Hãa	rage01	MaJas_ServeR	tbProp	 [C­êng hãa quyÓn 13] Thªm thµnh c«ng 1 c¸i, thªm thÊt b¹i 0 c¸i, r¬i ®Êt 0 c¸i.
20260612-021635	INFO	COMMON	[AWARD_TEMPLATE] NhËn NL C­êng Hãa	rage01	MaJas_ServeR	tbProp	 [C­êng hãa quyÓn 14] Thªm thµnh c«ng 1 c¸i, thªm thÊt b¹i 0 c¸i, r¬i ®Êt 0 c¸i.
20260612-021635	INFO	COMMON	[AWARD_TEMPLATE] NhËn NL C­êng Hãa	rage01	MaJas_ServeR	tbProp	 [C­êng hãa quyÓn 15] Thªm thµnh c«ng 1 c¸i, thªm thÊt b¹i 0 c¸i, r¬i ®Êt 0 c¸i.
20260612-021635	INFO	COMMON	[AWARD_TEMPLATE] NhËn NL C­êng Hãa	rage01	MaJas_ServeR	tbProp	 [Ma §ao Th¹ch cÊp 1] Thªm thµnh c«ng 1 c¸i, thªm thÊt b¹i 0 c¸i, r¬i ®Êt 0 c¸i.
20260612-021635	INFO	COMMON	[AWARD_TEMPLATE] NhËn NL C­êng Hãa	rage01	MaJas_ServeR	tbProp	 [Ma §¹o Th¹ch cÊp 2] Thªm thµnh c«ng 1 c¸i, thªm thÊt b¹i 0 c¸i, r¬i ®Êt 0 c¸i.
20260612-021635	INFO	COMMON	[AWARD_TEMPLATE] NhËn NL C­êng Hãa	rage01	MaJas_ServeR	tbProp	 [Ma §ao Th¹ch cÊp 3] Thªm thµnh c«ng 1 c¸i, thªm thÊt b¹i 0 c¸i, r¬i ®Êt 0 c¸i.
20260612-021722	INFO	COMMON	[AWARD_TEMPLATE] NhËn NL C­êng Hãa	rage01	MaJas_ServeR	tbProp	 [§Þnh Hån Thiªn Th¹ch Th] Thªm thµnh c«ng 1 c¸i, thªm thÊt b¹i 0 c¸i, r¬i ®Êt 0 c¸i.
20260612-021722	INFO	COMMON	[AWARD_TEMPLATE] NhËn NL C­êng Hãa	rage01	MaJas_ServeR	tbProp	 [§¹i §Þnh Hån ] Thªm thµnh c«ng 1 c¸i, thªm thÊt b¹i 0 c¸i, r¬i ®Êt 0 c¸i.
20260612-021722	INFO	COMMON	[AWARD_TEMPLATE] NhËn NL C­êng Hãa	rage01	MaJas_ServeR	tbProp	 [Thiªn Th¹ch linh th¹ch] Thªm thµnh c«ng 1 c¸i, thªm thÊt b¹i 0 c¸i, r¬i ®Êt 0 c¸i.
20260612-021722	INFO	COMMON	[AWARD_TEMPLATE] NhËn NL C­êng Hãa	rage01	MaJas_ServeR	tbProp	 [Thiªn Th¹ch Tinh Th¹ch] Thªm thµnh c«ng 1 c¸i, thªm thÊt b¹i 0 c¸i, r¬i ®Êt 0 c¸i.
20260612-021722	INFO	COMMON	[AWARD_TEMPLATE] NhËn NL C­êng Hãa	rage01	MaJas_ServeR	tbProp	 [C­êng hãa quyÓn 12] Thªm thµnh c«ng 1 c¸i, thªm thÊt b¹i 0 c¸i, r¬i ®Êt 0 c¸i.
20260612-021722	INFO	COMMON	[AWARD_TEMPLATE] NhËn NL C­êng Hãa	rage01	MaJas_ServeR	tbProp	 [C­êng hãa quyÓn 13] Thªm thµnh c«ng 1 c¸i, thªm thÊt b¹i 0 c¸i, r¬i ®Êt 0 c¸i.
20260612-021722	INFO	COMMON	[AWARD_TEMPLATE] NhËn NL C­êng Hãa	rage01	MaJas_ServeR	tbProp	 [C­êng hãa quyÓn 14] Thªm thµnh c«ng 1 c¸i, thªm thÊt b¹i 0 c¸i, r¬i ®Êt 0 c¸i.
20260612-021722	INFO	COMMON	[AWARD_TEMPLATE] NhËn NL C­êng Hãa	rage01	MaJas_ServeR	tbProp	 [C­êng hãa quyÓn 15] Thªm thµnh c«ng 1 c¸i, thªm thÊt b¹i 0 c¸i, r¬i ®Êt 0 c¸i.
20260612-021722	INFO	COMMON	[AWARD_TEMPLATE] NhËn NL C­êng Hãa	rage01	MaJas_ServeR	tbProp	 [Ma §ao Th¹ch cÊp 1] Thªm thµnh c«ng 1 c¸i, thªm thÊt b¹i 0 c¸i, r¬i ®Êt 0 c¸i.
20260612-021722	INFO	COMMON	[AWARD_TEMPLATE] NhËn NL C­êng Hãa	rage01	MaJas_ServeR	tbProp	 [Ma §¹o Th¹ch cÊp 2] Thªm thµnh c«ng 1 c¸i, thªm thÊt b¹i 0 c¸i, r¬i ®Êt 0 c¸i.
20260612-021722	INFO	COMMON	[AWARD_TEMPLATE] NhËn NL C­êng Hãa	rage01	MaJas_ServeR	tbProp	 [Ma §ao Th¹ch cÊp 3] Thªm thµnh c«ng 1 c¸i, thªm thÊt b¹i 0 c¸i, r¬i ®Êt 0 c¸i.
20260612-022106	INFO	COMMON	[AWARD_TEMPLATE] NhËn phiÕu vµ vÐ ®æi ngo¹i trang	rage01	MaJas_ServeR	tbProp	 [VËt phÈm Xu] Thªm thµnh c«ng 1 c¸i, thªm thÊt b¹i 0 c¸i, r¬i ®Êt 0 c¸i.
20260612-022109	INFO	COMMON	[AWARD_TEMPLATE] NhËn phiÕu vµ vÐ ®æi ngo¹i trang	rage01	MaJas_ServeR	tbProp	 [VËt phÈm Xu] Thªm thµnh c«ng 1 c¸i, thªm thÊt b¹i 0 c¸i, r¬i ®Êt 0 c¸i.
20260612-022118	INFO	COMMON	Hãa C¶nh Tinh Hån kÝch ho¹t Name=MaJas_ServeR PreLevel=100 CurLevel=101
20260612-022139	INFO	COMMON	[AWARD_TEMPLATE] NhËn bé S¸t Tinh	rage01	MaJas_ServeR	tbProp	 [S¸t Tinh LÖnh Bµi (§Çu)] Thªm thµnh c«ng 1 c¸i, thªm thÊt b¹i 0 c¸i, r¬i ®Êt 0 c¸i.
20260612-022139	INFO	COMMON	[AWARD_TEMPLATE] NhËn bé S¸t Tinh	rage01	MaJas_ServeR	tbProp	 [S¸t Tinh LÖnh Bµi (¸o)] Thªm thµnh c«ng 1 c¸i, thªm thÊt b¹i 0 c¸i, r¬i ®Êt 0 c¸i.
20260612-022139	INFO	COMMON	[AWARD_TEMPLATE] NhËn bé S¸t Tinh	rage01	MaJas_ServeR	tbProp	 [S¸t Tinh LÖnh Bµi (QuÇn] Thªm thµnh c«ng 1 c¸i, thªm thÊt b¹i 0 c¸i, r¬i ®Êt 0 c¸i.
20260612-022139	INFO	COMMON	[AWARD_TEMPLATE] NhËn bé S¸t Tinh	rage01	MaJas_ServeR	tbProp	 [S¸t Tinh LÖnh Bµi (Vò K] Thªm thµnh c«ng 1 c¸i, thªm thÊt b¹i 0 c¸i, r¬i ®Êt 0 c¸i.
20260612-022139	INFO	COMMON	[AWARD_TEMPLATE] NhËn bé S¸t Tinh	rage01	MaJas_ServeR	tbProp	 [S¸t Tinh LÖnh Bµi (Tran] Thªm thµnh c«ng 1 c¸i, thªm thÊt b¹i 0 c¸i, r¬i ®Êt 0 c¸i.
20260612-022144	INFO	COMMON	[AWARD_TEMPLATE] NhËn bé diÖu d­¬ng	rage01	MaJas_ServeR	tbProp	 [DiÖu D­¬ng-§é KiÕp T«n ] Thªm thµnh c«ng 1 c¸i, thªm thÊt b¹i 0 c¸i, r¬i ®Êt 0 c¸i.
20260612-022144	INFO	COMMON	[AWARD_TEMPLATE] NhËn bé diÖu d­¬ng	rage01	MaJas_ServeR	tbProp	 [DiÖu D­¬ng-§é KiÕp T«n ] Thªm thµnh c«ng 1 c¸i, thªm thÊt b¹i 0 c¸i, r¬i ®Êt 0 c¸i.
20260612-022144	INFO	COMMON	[AWARD_TEMPLATE] NhËn bé diÖu d­¬ng	rage01	MaJas_ServeR	tbProp	 [DiÖu D­¬ng-§é KiÕp T«n ] Thªm thµnh c«ng 1 c¸i, thªm thÊt b¹i 0 c¸i, r¬i ®Êt 0 c¸i.
20260612-022144	INFO	COMMON	[AWARD_TEMPLATE] NhËn bé diÖu d­¬ng	rage01	MaJas_ServeR	tbProp	 [DiÖu D­¬ng-§é KiÕp T«n ] Thªm thµnh c«ng 1 c¸i, thªm thÊt b¹i 0 c¸i, r¬i ®Êt 0 c¸i.
20260612-022144	INFO	COMMON	[AWARD_TEMPLATE] NhËn bé diÖu d­¬ng	rage01	MaJas_ServeR	tbProp	 [DiÖu D­¬ng Thiªn Cung-¤] Thªm thµnh c«ng 1 c¸i, thªm thÊt b¹i 0 c¸i, r¬i ®Êt 0 c¸i.
20260612-022144	INFO	COMMON	[AWARD_TEMPLATE] NhËn bé diÖu d­¬ng	rage01	MaJas_ServeR	tbProp	 [DiÖu D­¬ng Thiªn Cung-T] Thªm thµnh c«ng 1 c¸i, thªm thÊt b¹i 0 c¸i, r¬i ®Êt 0 c¸i.
20260612-022144	INFO	COMMON	[AWARD_TEMPLATE] NhËn bé diÖu d­¬ng	rage01	MaJas_ServeR	tbProp	 [DiÖu D­¬ng Thiªn Cung-V] Thªm thµnh c«ng 1 c¸i, thªm thÊt b¹i 0 c¸i, r¬i ®Êt 0 c¸i.
20260612-022144	INFO	COMMON	[AWARD_TEMPLATE] NhËn bé diÖu d­¬ng	rage01	MaJas_ServeR	tbProp	 [DiÖu D­¬ng Thiªn Cung-X] Thªm thµnh c«ng 1 c¸i, thªm thÊt b¹i 0 c¸i, r¬i ®Êt 0 c¸i.
20260612-022144	INFO	COMMON	[AWARD_TEMPLATE] NhËn bé diÖu d­¬ng	rage01	MaJas_ServeR	tbProp	 [DiÖu D­¬ng Thiªn Cung-B] Thªm thµnh c«ng 1 c¸i, thªm thÊt b¹i 0 c¸i, r¬i ®Êt 0 c¸i.
20260612-022148	INFO	COMMON	[AWARD_TEMPLATE] NhËn bé chiÕn cuång	rage01	MaJas_ServeR	tbProp	 [ChiÕn Cuång Thiªn T«n M] Thªm thµnh c«ng 1 c¸i, thªm thÊt b¹i 0 c¸i, r¬i ®Êt 0 c¸i.
20260612-022148	INFO	COMMON	[AWARD_TEMPLATE] NhËn bé chiÕn cuång	rage01	MaJas_ServeR	tbProp	 [ChiÕn Cuång Thiªn T«n B] Thªm thµnh c«ng 1 c¸i, thªm thÊt b¹i 0 c¸i, r¬i ®Êt 0 c¸i.
20260612-022148	INFO	COMMON	[AWARD_TEMPLATE] NhËn bé chiÕn cuång	rage01	MaJas_ServeR	tbProp	 [ChiÕn Cuång Thiªn T«n T] Thªm thµnh c«ng 1 c¸i, thªm thÊt b¹i 0 c¸i, r¬i ®Êt 0 c¸i.
20260612-022148	INFO	COMMON	[AWARD_TEMPLATE] NhËn bé chiÕn cuång	rage01	MaJas_ServeR	tbProp	 [ChiÕn Cuång Th¸nh ChiÕn] Thªm thµnh c«ng 1 c¸i, thªm thÊt b¹i 0 c¸i, r¬i ®Êt 0 c¸i.
20260612-022203	INFO	COMMON	[AWARD_TEMPLATE] onKsgPlayerLogin received card, type = player	rage01	MaJas_ServeR	tbProp	 [Vâ L©m 2 Shiina] Thªm thµnh c«ng 1 c¸i, thªm thÊt b¹i 0 c¸i, r¬i ®Êt 0 c¸i.
20260612-022207	INFO	COMMON	[AWARD_TEMPLATE] NhËn Trang Søc HH	rage01	MaJas_ServeR	tbProp	 [Hµo HiÖp Giíi] Thªm thµnh c«ng 1 c¸i, thªm thÊt b¹i 0 c¸i, r¬i ®Êt 0 c¸i.
20260612-022207	INFO	COMMON	[AWARD_TEMPLATE] NhËn Trang Søc HH	rage01	MaJas_ServeR	tbProp	 [Hµo HiÖp Béi] Thªm thµnh c«ng 1 c¸i, thªm thÊt b¹i 0 c¸i, r¬i ®Êt 0 c¸i.
20260612-022207	INFO	COMMON	[AWARD_TEMPLATE] NhËn Vò KhÝ HH	rage01	MaJas_ServeR	tbProp	 [Hµo HiÖp Thñ] Thªm thµnh c«ng 1 c¸i, thªm thÊt b¹i 0 c¸i, r¬i ®Êt 0 c¸i.
20260612-022212	INFO	COMMON	[AWARD_TEMPLATE] NhËn Trang Søc AH	rage01	MaJas_ServeR	tbProp	 [Èm HuyÕt T¶ Giíi] Thªm thµnh c«ng 1 c¸i, thªm thÊt b¹i 0 c¸i, r¬i ®Êt 0 c¸i.
20260612-022212	INFO	COMMON	[AWARD_TEMPLATE] NhËn Trang Søc AH	rage01	MaJas_ServeR	tbProp	 [Èm HuyÕt H÷u Giíi] Thªm thµnh c«ng 1 c¸i, thªm thÊt b¹i 0 c¸i, r¬i ®Êt 0 c¸i.
20260612-022212	INFO	COMMON	[AWARD_TEMPLATE] NhËn Trang Søc AH	rage01	MaJas_ServeR	tbProp	 [Èm HuyÕt Béi] Thªm thµnh c«ng 1 c¸i, thªm thÊt b¹i 0 c¸i, r¬i ®Êt 0 c¸i.
20260612-022212	INFO	COMMON	[AWARD_TEMPLATE] NhËn Trang Søc AH	rage01	MaJas_ServeR	tbProp	 [Èm HuyÕt Trôy] Thªm thµnh c«ng 1 c¸i, thªm thÊt b¹i 0 c¸i, r¬i ®Êt 0 c¸i.
20260612-022212	INFO	COMMON	[AWARD_TEMPLATE] NhËn Vò KhÝ Èm HuyÕt	rage01	MaJas_ServeR	tbProp	 [Èm HuyÕt Thñ] Thªm thµnh c«ng 1 c¸i, thªm thÊt b¹i 0 c¸i, r¬i ®Êt 0 c¸i.
20260612-022224	INFO	COMMON	[AWARD_TEMPLATE] NhËn bé HHVH	rage01	MaJas_ServeR	tbProp	 [V« H¹ Hµo HiÖp LÖnh (Nã] Thªm thµnh c«ng 1 c¸i, thªm thÊt b¹i 0 c¸i, r¬i ®Êt 0 c¸i.
20260612-022224	INFO	COMMON	[AWARD_TEMPLATE] NhËn bé HHVH	rage01	MaJas_ServeR	tbProp	 [V« H¹ Hµo HiÖp LÖnh (¸o] Thªm thµnh c«ng 1 c¸i, thªm thÊt b¹i 0 c¸i, r¬i ®Êt 0 c¸i.
20260612-022224	INFO	COMMON	[AWARD_TEMPLATE] NhËn bé HHVH	rage01	MaJas_ServeR	tbProp	 [V« H¹ Hµo HiÖp LÖnh (Qu] Thªm thµnh c«ng 1 c¸i, thªm thÊt b¹i 0 c¸i, r¬i ®Êt 0 c¸i.
20260612-022224	INFO	COMMON	[AWARD_TEMPLATE] NhËn bé HHVH	rage01	MaJas_ServeR	tbProp	 [V« H¹ Hµo HiÖp LÖnh (Vò] Thªm thµnh c«ng 1 c¸i, thªm thÊt b¹i 0 c¸i, r¬i ®Êt 0 c¸i.
20260612-022224	INFO	COMMON	[AWARD_TEMPLATE] NhËn bé HHVH	rage01	MaJas_ServeR	tbProp	 [V« H¹ Hµo HiÖp LÖnh (Tr] Thªm thµnh c«ng 1 c¸i, thªm thÊt b¹i 0 c¸i, r¬i ®Êt 0 c¸i.
20260612-022240	INFO	COMMON	[AWARD_TEMPLATE] NhËn Bé Thiªn Chi Tµng KiÕm	rage01	MaJas_ServeR	tbProp	 [Thiªn Chi Tµng KiÕm Tö ] Thªm thµnh c«ng 1 c¸i, thªm thÊt b¹i 0 c¸i, r¬i ®Êt 0 c¸i.
20260612-022240	INFO	COMMON	[AWARD_TEMPLATE] NhËn Bé Thiªn Chi Tµng KiÕm	rage01	MaJas_ServeR	tbProp	 [Thiªn Chi Tµng KiÕm Kim] Thªm thµnh c«ng 1 c¸i, thªm thÊt b¹i 0 c¸i, r¬i ®Êt 0 c¸i.
20260612-022240	INFO	COMMON	[AWARD_TEMPLATE] NhËn Bé Thiªn Chi Tµng KiÕm	rage01	MaJas_ServeR	tbProp	 [Thiªn Chi Tµng KiÕm ¤ K] Thªm thµnh c«ng 1 c¸i, thªm thÊt b¹i 0 c¸i, r¬i ®Êt 0 c¸i.
20260612-022240	INFO	COMMON	[AWARD_TEMPLATE] NhËn Bé Thiªn Chi Tµng KiÕm_Trang Søc	rage01	MaJas_ServeR	tbProp	 [Thiªn Chi Tµng KiÕm B¶o] Thªm thµnh c«ng 1 c¸i, thªm thÊt b¹i 0 c¸i, r¬i ®Êt 0 c¸i.
20260612-022240	INFO	COMMON	[AWARD_TEMPLATE] NhËn Bé Thiªn Chi Tµng KiÕm_Trang Søc	rage01	MaJas_ServeR	tbProp	 [Thiªn Chi Tµng KiÕm Kú ] Thªm thµnh c«ng 1 c¸i, thªm thÊt b¹i 0 c¸i, r¬i ®Êt 0 c¸i.
20260612-022240	INFO	COMMON	[AWARD_TEMPLATE] NhËn Bé Thiªn Chi Tµng KiÕm_Trang Søc	rage01	MaJas_ServeR	tbProp	 [Thiªn Chi Tµng KiÕm Kim] Thªm thµnh c«ng 1 c¸i, thªm thÊt b¹i 0 c¸i, r¬i ®Êt 0 c¸i.
