20260612-000146	Key	Action	Acc1	Role1	Lv1	Tong1	Num1	Map1	PosX	PosY	Acc2	Role2	Lv2	Tong2	Num2	Map2	Pos2X	Pos2Y	ItemName	ItemG	ItemD	IitemP	ItemDur	ItemSeed	GenTime	Socket1	Socket2	Socket3	EnhanceTimes	Place	X	Y
20260612-000522	large_str	AddItem[/script/global/playerloginin.lua|NoFunc]			0		3831940933	0	0	0			0		0	0	0	0		0	0	0	0	0		0	0	0	0	-1	-1	-1
20260612-000522	ItemAdd	3831940933	thuong	SdachSM	1		1	100	1445	2802			0		0	0	0	0	Vâ L©m 2 Shiina	2	1	50001	1	98598955	2026-06-12 00:05:22	4294905825	0	0	0	-1	-1	-1
20260612-000522	ItemAdd	3831940933	thuong	SdachSM	1		1	100	1445	2802			0		0	0	0	0	S­ §å ThiÕp	2	1	587	1	-360956051	2026-06-12 00:05:22	2048	2048	2048	0	-1	-1	-1
20260612-000522	ItemAdd	3831940933	thuong	SdachSM	1		1	100	1445	2802			0		0	0	0	0	CÈm Nang §¹i Sù KiÖn	2	1	30045	1	635991657	2026-06-12 00:05:22	2048	2048	2048	0	-1	-1	-1
20260612-000522	ItemAdd	3831940933	thuong	SdachSM	1		1	100	1445	2802			0		0	0	0	0	NguyÖt L­îng Thè luyÖn 	2	0	1043	1	1237430346	2026-06-12 00:05:22	2048	2048	2048	0	-1	-1	-1
20260612-000522	ItemAdd	3831940933	thuong	SdachSM	1		1	100	1445	2802			0		0	0	0	0	TiÕu ng¹o giang hå lôc	2	1	30240	1	-991502189	2026-06-12 00:05:22	2048	2048	2048	0	-1	-1	-1
20260612-000522	ItemAdd	3831940933	thuong	SdachSM	1		1	100	1445	2802			0		0	0	0	0	Tñ ¸o Thiªn BiÕn TiÕu	2	1	30494	1	677227088	2026-06-12 00:05:22	2048	2048	2048	0	-1	-1	-1
20260612-000543	large_str	AddItem[/script/ksgvn/item/item_test_card.lua|kgm_ChangeRoute]			0		1110134170	0	0	0			0		0	0	0	0		0	0	0	0	0		0	0	0	0	-1	-1	-1
20260612-000543	ItemAdd	1110134170	thuong	SdachSM	55		1	100	1449	2806			0		0	0	0	0	Tói quµ t©n thñ	2	1	50264	1	-300306739	2026-06-12 00:05:43	4294903590	0	0	0	-1	-1	-1
20260612-000550	large_str	AddItem[/script/ksgvn/item/item_test_card.lua|kgm_SetTangKiem]			0		1897178843	0	0	0			0		0	0	0	0		0	0	0	0	0		0	0	0	0	-1	-1	-1
20260612-000550	ItemAdd	1897178843	thuong	SdachSM	55		1	100	1456	2811			0		0	0	0	0	Tµng KiÕm Tö Kim m·o	0	103	95	200	-537818292	2026-06-12 00:05:50	18095606	19010939	24062743	7	-1	-1	-1
20260612-000550	ItemAdd	1897178843	thuong	SdachSM	55		1	100	1456	2811			0		0	0	0	0	Kim Lò Th­êng	0	100	95	250	1563722557	2026-06-12 00:05:50	26681735	18156500	24062139	7	-1	-1	-1
20260612-000550	ItemAdd	1897178843	thuong	SdachSM	55		1	100	1456	2811			0		0	0	0	0	Tµng KiÕm ¤ kim phôc	0	101	95	200	-43240510	2026-06-12 00:05:50	25503223	24388926	24062645	7	-1	-1	-1
20260612-000550	ItemAdd	1897178843	thuong	SdachSM	55		1	100	1456	2811			0		0	0	0	0	TiÓu Th­ Giíi ChØ	0	102	36	50	-718660757	2026-06-12 00:05:50	19011148	19075685	24058610	0	-1	-1	-1
20260612-000550	ItemAdd	1897178843	thuong	SdachSM	55		1	100	1456	2811			0		0	0	0	0	Tr­ëng L·o ChØ Hoµn	0	102	37	50	437803016	2026-06-12 00:05:50	1516332	8533361	24062575	0	-1	-1	-1
20260612-000550	ItemAdd	1897178843	thuong	SdachSM	55		1	100	1456	2811			0		0	0	0	0	Tµng KiÕm B¶o Ch©u	0	102	38	100	-1233795159	2026-06-12 00:05:50	6696495	5189380	5254502	0	-1	-1	-1
20260612-000550	ItemAdd	1897178843	thuong	SdachSM	55		1	100	1456	2811			0		0	0	0	0	Tµng KiÕm Kú Th¹ch	0	102	39	100	1420983710	2026-06-12 00:05:50	6696259	25564140	0	0	-1	-1	-1
20260612-000550	ItemAdd	1897178843	thuong	SdachSM	55		1	100	1456	2811			0		0	0	0	0	Tµng KiÕm Kim Ên	0	102	40	100	1417029258	2026-06-12 00:05:50	6696639	23935481	0	0	-1	-1	-1
20260612-000553	ItemConsume	ExpendIdx	thuong	SdachSM	55		1	100	1460	2813			0		0	0	0	0	Tói quµ t©n thñ	2	1	50264	1	-300306739	2026-06-12 00:05:43	4294903590	0	0	0	2	1	1
20260612-000553	large_str	AddItem[/script/ksgvn/item/item_tuiquatanthu.lua|NoFunc]			0		1675513110	0	0	0			0		0	0	0	0		0	0	0	0	0		0	0	0	0	-1	-1	-1
20260612-000553	ItemAdd	1675513110	thuong	SdachSM	55		1	100	1460	2813			0		0	0	0	0	DiÖu D­¬ng-§é ¸ch T«n G	0	103	3132	200	-133057138	2026-06-12 00:05:53	18097404	852496047	42416428	9	-1	-1	-1
20260612-000553	ItemAdd	1675513110	thuong	SdachSM	55		1	100	1460	2813			0		0	0	0	0	DiÖu D­¬ng-§é ¸ch T«n G	0	100	3132	250	486299175	2026-06-12 00:05:53	852110516	55910173	42612907	9	-1	-1	-1
20260612-000553	ItemAdd	1675513110	thuong	SdachSM	55		1	100	1460	2813			0		0	0	0	0	DiÖu D­¬ng-§é ¸ch T«n G	0	101	3132	200	1136796276	2026-06-12 00:05:53	852176252	852630428	42482903	9	-1	-1	-1
20260612-000553	ItemAdd	1675513110	thuong	SdachSM	55		1	100	1460	2813			0		0	0	0	0	DiÖu D­¬ng-§é ¸ch T«n G	0	8	8994	300	1198624645	2026-06-12 00:05:53	55321353	42613044	55450039	9	-1	-1	-1
20260612-000553	ItemAdd	1675513110	thuong	SdachSM	55		1	100	1460	2813			0		0	0	0	0	DiÖu D­¬ng Thiªn Cung-¤	0	102	3190	100	1391874986	2026-06-12 00:05:53	42285817	55250683	55190022	0	-1	-1	-1
20260612-000553	ItemAdd	1675513110	thuong	SdachSM	55		1	100	1460	2813			0		0	0	0	0	DiÖu D­¬ng Thiªn Cung-T	0	102	3191	100	435531635	2026-06-12 00:05:53	42483212	55249317	55189514	0	-1	-1	-1
20260612-000553	ItemAdd	1675513110	thuong	SdachSM	55		1	100	1460	2813			0		0	0	0	0	DiÖu D­¬ng Thiªn Cung-V	0	102	3192	100	1236544176	2026-06-12 00:05:53	42613033	55250461	55190959	0	-1	-1	-1
20260612-000553	ItemAdd	1675513110	thuong	SdachSM	55		1	100	1460	2813			0		0	0	0	0	DiÖu D­¬ng Thiªn Cung-X	0	102	3193	100	1893520753	2026-06-12 00:05:53	42547833	55250135	55191439	0	-1	-1	-1
20260612-000553	ItemAdd	1675513110	thuong	SdachSM	55		1	100	1460	2813			0		0	0	0	0	DiÖu D­¬ng Thiªn Cung-B	0	102	3194	100	-1958781690	2026-06-12 00:05:53	42417733	55249938	55191187	0	-1	-1	-1
20260612-000553	ItemAdd	1675513110	thuong	SdachSM	55		1	100	1460	2813			0		0	0	0	0	V« TrÇn Bå §Ò Ch©n QuyÓ	0	107	30020	0	1708164351	2026-06-12 00:05:53	335610880	336856068	196609	0	-1	-1	-1
20260612-000553	ItemAdd	1675513110	thuong	SdachSM	55		1	100	1460	2813			0		0	0	0	0	Cöu Thiªn V« Cùc §¬n	2	1	1006	1	-2085236123	2026-06-12 00:05:53	4000593	4294904393	0	0	-1	-1	-1
20260612-000553	ItemAdd	1675513110	thuong	SdachSM	55		10	100	1460	2813			0		0	0	0	0	Tói Quµ Vâ L©m	2	1	50016	10	-1227557322	2026-06-12 00:05:53	3869901	4294903983	0	0	-1	-1	-1
20260612-000553	ItemAdd	1675513110	thuong	SdachSM	55		1	100	1460	2813			0		0	0	0	0	R­¬ng YÕu QuyÕt_S¬	2	1	50005	1	915587787	2026-06-12 00:05:53	4294904342	0	0	0	-1	-1	-1
20260612-000553	ItemAdd	1675513110	thuong	SdachSM	55		1	100	1460	2813			0		0	0	0	0	TuyÖt §Þa	0	105	14	15000	1942998797	2026-06-12 00:05:53	1100158976	0	0	0	-1	-1	-1
20260612-000553	ItemAdd	1675513110	thuong	SdachSM	790		1	100	1460	2813			0		0	0	0	0	ThiÕu D­¬ng ThÊt Tinh K	0	105	10107	2500	1373394898	2026-06-12 00:05:53	26422693	0	0	0	-1	-1	-1
20260612-000553	ItemAdd	1675513110	thuong	SdachSM	790		1	100	1460	2813			0		0	0	0	0	Long tö Ên	2	0	30002	1	1218192709	2026-06-12 00:05:53	4294903837	0	0	0	-1	-1	-1
20260612-000553	ItemAdd	1675513110	thuong	SdachSM	790		1	100	1460	2813			0		0	0	0	0	ThÊt TÞch-ngo¹i trang ®	0	108	30029	120	-1631212438	2026-06-12 00:05:53	1115633664	1098061824	1080440832	0	-1	-1	-1
20260612-000553	ItemAdd	1675513110	thuong	SdachSM	790		1	100	1460	2813			0		0	0	0	0	ThÊt TÞch-ngo¹i trang y	0	109	30029	120	1958364979	2026-06-12 00:05:53	1096165376	1080440832	2048	0	-1	-1	-1
20260612-000553	ItemAdd	1675513110	thuong	SdachSM	790		1	100	1460	2813			0		0	0	0	0	ThÊt TÞch-ngo¹i trang k	0	110	30029	120	-1441714832	2026-06-12 00:05:53	1092231168	1090140160	1080440832	0	-1	-1	-1
20260612-000553	large_str	Pay[/script/ksgvn/item/item_tuiquatanthu.lua|NoFunc]			0		1285239560	0	0	0			0		0	0	0	0		0	0	0	0	0		0	0	0	0	-1	-1	-1
20260612-000553	MoneyEarn	1285239560	thuong	SdachSM	790		1	100	1460	2813			0		0	0	0	0		0	0	0	0	0		0	0	0	0	-1	-1	-1
20260612-000608	ItemConsume	ExpendIdx	thuong	SdachSM	790		1	100	1463	2812			0		0	0	0	0	Cöu Thiªn V« Cùc §¬n	2	1	1006	1	-2085236123	2026-06-12 00:05:53	4000593	4294904393	0	0	2	4	4
20260612-000610	ItemConsume	ExpendIdx	thuong	SdachSM	790		1	100	1463	2812			0		0	0	0	0	R­¬ng YÕu QuyÕt_S¬	2	1	50005	1	915587787	2026-06-12 00:05:53	4294904342	0	0	0	2	1	5
20260612-000610	large_str	AddItem[/script/ksgvn/item/item_ruong_yeuquyet.lua|NoFunc]			0		2916245822	0	0	0			0		0	0	0	0		0	0	0	0	0		0	0	0	0	-1	-1	-1
20260612-000610	ItemAdd	2916245822	thuong	SdachSM	790		1	100	1463	2812			0		0	0	0	0	Phôc Hæ quyÕt	2	6	21	1	1043300441	2026-06-12 00:06:10	4294917843	0	0	0	-1	-1	-1
20260612-000610	ItemAdd	2916245822	thuong	SdachSM	790		1	100	1463	2812			0		0	0	0	0	Tu T©m quyÕt	2	6	22	1	-902981618	2026-06-12 00:06:10	4294916638	0	0	0	-1	-1	-1
20260612-000610	ItemAdd	2916245822	thuong	SdachSM	790		1	100	1463	2812			0		0	0	0	0	Ngò ChuyÓn ChØ quyÕt	2	6	23	1	-1303098713	2026-06-12 00:06:10	4294917861	0	0	0	-1	-1	-1
20260612-000610	ItemAdd	2916245822	thuong	SdachSM	790		1	100	1463	2812			0		0	0	0	0	Ph¸ Ma Chó quyÕt	2	6	24	1	-2033250060	2026-06-12 00:06:10	4294918124	0	0	0	-1	-1	-1
20260612-000610	ItemAdd	2916245822	thuong	SdachSM	790		1	100	1463	2812			0		0	0	0	0	Kim Cang yÕu quyÕt	2	6	25	1	1412906814	2026-06-12 00:06:10	4294916315	0	0	0	-1	-1	-1
20260612-000610	ItemAdd	2916245822	thuong	SdachSM	790		1	100	1463	2812			0		0	0	0	0	La L«i quyÕt	2	6	26	1	2096190871	2026-06-12 00:06:10	4294916618	0	0	0	-1	-1	-1
20260612-000610	ItemAdd	2916245822	thuong	SdachSM	790		1	100	1463	2812			0		0	0	0	0	Phôc Ma ThÇn quyÕt	2	6	27	1	617851193	2026-06-12 00:06:10	3677915	4294916662	0	0	-1	-1	-1
20260612-000610	ItemAdd	2916245822	thuong	SdachSM	790		1	100	1463	2812			0		0	0	0	0	V« T­íng quyÕt	2	6	28	1	-2070682022	2026-06-12 00:06:10	4294917031	0	0	0	-1	-1	-1
20260612-000610	ItemAdd	2916245822	thuong	SdachSM	790		1	100	1463	2812			0		0	0	0	0	S­ Tö Hèng	2	6	29	1	-685298717	2026-06-12 00:06:10	595576	0	0	0	-1	-1	-1
20260612-000610	ItemAdd	2916245822	thuong	SdachSM	790		1	100	1463	2812			0		0	0	0	0	Minh Chó quyÕt	2	6	30	1	-377322779	2026-06-12 00:06:10	4294917848	0	0	0	-1	-1	-1
20260612-000610	ItemAdd	2916245822	thuong	SdachSM	790		1	100	1463	2812			0		0	0	0	0	Kim Cang ChØ quyÕt	2	6	31	1	1004778122	2026-06-12 00:06:10	602772	0	0	0	-1	-1	-1
20260612-000621	ItemAdd	IBShop	thuong	SdachSM	790		1	100	1463	2804			0		0	0	0	0	§¹i HiÖp LÖnh	2	1	50254	1	-938999261	2026-06-12 00:06:21	0	0	0	0	2	1	4
20260612-000727	large_str	AddItem[/script/ksgvn/item/item_test_card.lua|kgm_ShowMenuHorseAndCoat]			0		3912887248	0	0	0			0		0	0	0	0		0	0	0	0	0		0	0	0	0	-1	-1	-1
20260612-000727	ItemAdd	3912887248	thuong	SdachSM	790		1000	100	1463	2804			0		0	0	0	0	VËt phÈm Xu	2	1	30230	1000	714192736	2026-06-12 00:07:27	4294905210	0	0	0	-1	-1	-1
20260612-000748	large_str	AddItem[/script/ksgvn/item/item_test_card.lua|kgm_ShowMenuUpgradableItem]			0		3574353432	0	0	0			0		0	0	0	0		0	0	0	0	0		0	0	0	0	-1	-1	-1
20260612-000748	ItemAdd	3574353432	thuong	SdachSM	790		1	100	1463	2804			0		0	0	0	0	ChiÕn Cuång Phæ TÕ M¹o	0	103	30147	200	647336041	2026-06-12 00:07:48	871959965	852500050	47263090	15	-1	-1	-1
20260612-000748	ItemAdd	3574353432	thuong	SdachSM	790		1	100	1463	2804			0		0	0	0	0	ChiÕn Cuång Phæ TÕ Bµo	0	100	30147	250	-1517009570	2026-06-12 00:07:48	872488564	872422879	47131210	15	-1	-1	-1
20260612-000748	ItemAdd	3574353432	thuong	SdachSM	790		1	100	1463	2804			0		0	0	0	0	ChiÕn Cuång Phæ TÕ Tran	0	101	30147	200	1256984119	2026-06-12 00:07:48	872485779	872814231	47262612	15	-1	-1	-1
20260612-000748	ItemAdd	3574353432	thuong	SdachSM	790		1	100	1463	2804			0		0	0	0	0	ChiÕn Cuång ThiÒn §Þnh 	0	8	30147	300	511285188	2026-06-12 00:07:48	872488946	873076375	873793616	15	-1	-1	-1
20260612-000810	ItemAdd	3574353432	thuong	SdachSM	790		1	100	1462	2834			0		0	0	0	0	DiÖu D­¬ng-§é ¸ch T«n G	0	103	3132	200	-431213114	2026-06-12 00:08:10	18097022	852496310	42418006	15	-1	-1	-1
20260612-000810	ItemAdd	3574353432	thuong	SdachSM	790		1	100	1462	2834			0		0	0	0	0	DiÖu D­¬ng-§é ¸ch T«n G	0	100	3132	250	-364864321	2026-06-12 00:08:10	852111227	55909031	42614483	15	-1	-1	-1
20260612-000810	ItemAdd	3574353432	thuong	SdachSM	790		1	100	1462	2834			0		0	0	0	0	DiÖu D­¬ng-§é ¸ch T«n G	0	101	3132	200	942298860	2026-06-12 00:08:10	852175073	852629562	42483629	15	-1	-1	-1
20260612-000810	ItemAdd	3574353432	thuong	SdachSM	790		1	100	1462	2834			0		0	0	0	0	DiÖu D­¬ng-§é ¸ch T«n G	0	8	8994	300	95293277	2026-06-12 00:08:10	55320814	42613142	55451285	15	-1	-1	-1
20260612-000810	ItemAdd	3574353432	thuong	SdachSM	790		1	100	1462	2834			0		0	0	0	0	DiÖu D­¬ng Thiªn Cung-¤	0	102	3190	100	1558211170	2026-06-12 00:08:10	42285420	55250569	55191257	0	-1	-1	-1
20260612-000810	ItemAdd	3574353432	thuong	SdachSM	790		1	100	1462	2834			0		0	0	0	0	DiÖu D­¬ng Thiªn Cung-T	0	102	3191	100	-893735285	2026-06-12 00:08:10	42482251	55249906	55191301	0	-1	-1	-1
20260612-000810	ItemAdd	3574353432	thuong	SdachSM	790		1	100	1462	2834			0		0	0	0	0	DiÖu D­¬ng Thiªn Cung-V	0	102	3192	100	598237608	2026-06-12 00:08:10	42613454	55249539	55189878	0	-1	-1	-1
20260612-000810	ItemAdd	3574353432	thuong	SdachSM	790		1	100	1462	2834			0		0	0	0	0	DiÖu D­¬ng Thiªn Cung-X	0	102	3193	100	2002512329	2026-06-12 00:08:10	42548894	55249439	55190688	0	-1	-1	-1
20260612-000810	ItemAdd	3574353432	thuong	SdachSM	790		1	100	1462	2834			0		0	0	0	0	DiÖu D­¬ng Thiªn Cung-B	0	102	3194	100	-661814722	2026-06-12 00:08:10	42417556	55249935	55189893	0	-1	-1	-1
20260612-000839	ItemAdd	Player.AddItem	thuong	SdachSM	790		1	100	1458	2828			0		0	0	0	0	Häa KiÒu	0	119	451	100	-2091092382	2026-06-12 00:08:39	2048	2048	2048	0	-1	-1	-1
20260612-000839	ItemAdd	SellCollection	thuong	SdachSM	790		1	100	1458	2828			0		0	0	0	0	Häa KiÒu	0	119	451	100	-2091092382	2026-06-12 00:08:39	2048	2048	2048	0	2	2	9
20260612-000839	ItemAdd	SellCollection	thuong	SdachSM	790		1	100	1458	2828			0		0	0	0	0	Häa KiÒu	0	119	451	100	-2091092382	2026-06-12 00:08:39	2048	2048	2048	0	2	2	9
20260612-000839	ItemAdd	Player.AddItem	thuong	SdachSM	790		1	100	1458	2828			0		0	0	0	0	Bµ Sa	0	120	451	100	1550625419	2026-06-12 00:08:39	2048	2048	2048	0	-1	-1	-1
20260612-000839	ItemAdd	SellCollection	thuong	SdachSM	790		1	100	1458	2828			0		0	0	0	0	Bµ Sa	0	120	451	100	1550625419	2026-06-12 00:08:39	2048	2048	2048	0	2	3	9
20260612-000839	ItemAdd	SellCollection	thuong	SdachSM	790		1	100	1458	2828			0		0	0	0	0	Bµ Sa	0	120	451	100	1550625419	2026-06-12 00:08:39	2048	2048	2048	0	2	3	9
20260612-000839	ItemAdd	Player.AddItem	thuong	SdachSM	790		1	100	1458	2828			0		0	0	0	0	Mai A¶nh	0	121	451	100	-336917080	2026-06-12 00:08:39	2048	2048	2048	0	-1	-1	-1
20260612-000839	ItemAdd	SellCollection	thuong	SdachSM	790		1	100	1458	2828			0		0	0	0	0	Mai A¶nh	0	121	451	100	-336917080	2026-06-12 00:08:39	2048	2048	2048	0	2	4	9
20260612-000839	ItemAdd	SellCollection	thuong	SdachSM	790		1	100	1458	2828			0		0	0	0	0	Mai A¶nh	0	121	451	100	-336917080	2026-06-12 00:08:39	2048	2048	2048	0	2	4	9
20260612-001007	ItemAdd	IBShop	thuong	SdachSM	790		1	100	1519	2885			0		0	0	0	0	Hoµng Kim §¹i Ng©n PhiÕ	2	1	30490	1	-11923867	2026-06-12 00:10:07	0	0	0	0	2	2	9
20260612-001010	ItemConsume	ExpendIdx	thuong	SdachSM	790		1	100	1519	2885			0		0	0	0	0	Hoµng Kim §¹i Ng©n PhiÕ	2	1	30490	1	-11923867	2026-06-12 00:10:07	0	0	0	0	2	2	9
20260612-001010	large_str	AddItem[/script/item/item_billing/dayinpiao.lua|NoFunc]			0		1081526215	0	0	0			0		0	0	0	0		0	0	0	0	0		0	0	0	0	-1	-1	-1
20260612-001010	ItemAdd	1081526215	thuong	SdachSM	790		1000	100	1519	2885			0		0	0	0	0	VËt phÈm Xu	2	1	30230	1000	-406726533	2026-06-12 00:10:10	2048	2048	2048	0	-1	-1	-1
20260612-001142	large_str	AddItem[/script/ksgvn/item/item_test_card.lua|kgm_ShowMenuPear]			0		1997990311	0	0	0			0		0	0	0	0		0	0	0	0	0		0	0	0	0	-1	-1	-1
20260612-001142	ItemAdd	1997990311	thuong	SdachSM	790		200	100	1515	2887			0		0	0	0	0	Th­¬ng H¶i Ch©u CÊp 7 (	2	102	214	200	2126810044	2026-06-12 00:11:42	792328	4294917173	0	0	-1	-1	-1
20260612-001200	ItemConsume	ClearItemInPos	thuong	SdachSM	790		1	100	1518	2868			0		0	0	0	0	Vâ L©m 2 Shiina	2	1	50001	1	98598955	2026-06-12 00:05:22	4294905825	0	0	0	2	0	0
20260612-001200	ItemConsume	ClearItemInPos	thuong	SdachSM	790		1	100	1518	2868			0		0	0	0	0	S­ §å ThiÕp	2	1	587	1	-360956051	2026-06-12 00:05:22	2048	2048	2048	0	2	1	0
20260612-001200	ItemConsume	ClearItemInPos	thuong	SdachSM	790		1	100	1518	2868			0		0	0	0	0	CÈm Nang §¹i Sù KiÖn	2	1	30045	1	635991657	2026-06-12 00:05:22	2048	2048	2048	0	2	2	0
20260612-001200	ItemConsume	ClearItemInPos	thuong	SdachSM	790		1	100	1518	2868			0		0	0	0	0	NguyÖt L­îng Thè luyÖn 	2	0	1043	1	1237430346	2026-06-12 00:05:22	2048	2048	2048	0	2	3	0
20260612-001200	ItemConsume	ClearItemInPos	thuong	SdachSM	790		1	100	1518	2868			0		0	0	0	0	TiÕu ng¹o giang hå lôc	2	1	30240	1	-991502189	2026-06-12 00:05:22	2048	2048	2048	0	2	4	0
20260612-001200	ItemConsume	ClearItemInPos	thuong	SdachSM	790		1	100	1518	2868			0		0	0	0	0	Phôc Hæ quyÕt	2	6	21	1	1043300441	2026-06-12 00:06:10	4294917843	0	0	0	2	1	1
20260612-001200	ItemConsume	ClearItemInPos	thuong	SdachSM	790		1	100	1518	2868			0		0	0	0	0	Tµng KiÕm Tö Kim m·o	0	103	95	200	-537818292	2026-06-12 00:05:50	18095606	19010939	24062743	7	2	2	1
20260612-001200	ItemConsume	ClearItemInPos	thuong	SdachSM	790		1	100	1518	2868			0		0	0	0	0	Kim Lò Th­êng	0	100	95	250	1563722557	2026-06-12 00:05:50	26681735	18156500	24062139	7	2	3	1
20260612-001200	ItemConsume	ClearItemInPos	thuong	SdachSM	790		1	100	1518	2868			0		0	0	0	0	Tµng KiÕm ¤ kim phôc	0	101	95	200	-43240510	2026-06-12 00:05:50	25503223	24388926	24062645	7	2	4	1
20260612-001200	ItemConsume	ClearItemInPos	thuong	SdachSM	790		1	100	1518	2868			0		0	0	0	0	TiÓu Th­ Giíi ChØ	0	102	36	50	-718660757	2026-06-12 00:05:50	19011148	19075685	24058610	0	2	0	2
20260612-001200	ItemConsume	ClearItemInPos	thuong	SdachSM	790		1	100	1518	2868			0		0	0	0	0	Tr­ëng L·o ChØ Hoµn	0	102	37	50	437803016	2026-06-12 00:05:50	1516332	8533361	24062575	0	2	1	2
20260612-001200	ItemConsume	ClearItemInPos	thuong	SdachSM	790		1	100	1518	2868			0		0	0	0	0	Tµng KiÕm B¶o Ch©u	0	102	38	100	-1233795159	2026-06-12 00:05:50	6696495	5189380	5254502	0	2	2	2
20260612-001200	ItemConsume	ClearItemInPos	thuong	SdachSM	790		1	100	1518	2868			0		0	0	0	0	Tµng KiÕm Kú Th¹ch	0	102	39	100	1420983710	2026-06-12 00:05:50	6696259	25564140	0	0	2	3	2
20260612-001200	ItemConsume	ClearItemInPos	thuong	SdachSM	790		1	100	1518	2868			0		0	0	0	0	Tµng KiÕm Kim Ên	0	102	40	100	1417029258	2026-06-12 00:05:50	6696639	23935481	0	0	2	4	2
20260612-001200	ItemConsume	ClearItemInPos	thuong	SdachSM	790		1	100	1518	2868			0		0	0	0	0	Tu T©m quyÕt	2	6	22	1	-902981618	2026-06-12 00:06:10	4294916638	0	0	0	2	0	3
20260612-001200	ItemConsume	ClearItemInPos	thuong	SdachSM	790		1	100	1518	2868			0		0	0	0	0	Ngò ChuyÓn ChØ quyÕt	2	6	23	1	-1303098713	2026-06-12 00:06:10	4294917861	0	0	0	2	1	3
20260612-001200	ItemConsume	ClearItemInPos	thuong	SdachSM	790		1	100	1518	2868			0		0	0	0	0	HiÖp ThiÕu kiÕm	0	2	14	70	0	1970-01-01 08:00:00	0	0	0	1	2	2	3
20260612-001200	ItemConsume	ClearItemInPos	thuong	SdachSM	790		1	100	1518	2868			0		0	0	0	0	Ph¸ Ma Chó quyÕt	2	6	24	1	-2033250060	2026-06-12 00:06:10	4294918124	0	0	0	2	3	3
20260612-001200	ItemConsume	ClearItemInPos	thuong	SdachSM	790		1	100	1518	2868			0		0	0	0	0	DiÖu D­¬ng Thiªn Cung-T	0	102	3191	100	435531635	2026-06-12 00:05:53	42483212	55249317	55189514	0	2	4	3
20260612-001200	ItemConsume	ClearItemInPos	thuong	SdachSM	790		1	100	1518	2868			0		0	0	0	0	DiÖu D­¬ng Thiªn Cung-¤	0	102	3190	100	1391874986	2026-06-12 00:05:53	42285817	55250683	55190022	0	2	0	4
20260612-001200	ItemConsume	ClearItemInPos	thuong	SdachSM	790		1	100	1518	2868			0		0	0	0	0	§¹i HiÖp LÖnh	2	1	50254	1	-938999261	2026-06-12 00:06:21	0	0	0	0	2	1	4
20260612-001200	ItemConsume	ClearItemInPos	thuong	SdachSM	790		1	100	1518	2868			0		0	0	0	0	DiÖu D­¬ng Thiªn Cung-X	0	102	3193	100	1893520753	2026-06-12 00:05:53	42547833	55250135	55191439	0	2	2	4
20260612-001200	ItemConsume	ClearItemInPos	thuong	SdachSM	790		1	100	1518	2868			0		0	0	0	0	Kim Cang yÕu quyÕt	2	6	25	1	1412906814	2026-06-12 00:06:10	4294916315	0	0	0	2	3	4
20260612-001200	ItemConsume	ClearItemInPos	thuong	SdachSM	790		1	100	1518	2868			0		0	0	0	0	La L«i quyÕt	2	6	26	1	2096190871	2026-06-12 00:06:10	4294916618	0	0	0	2	4	4
20260612-001200	ItemConsume	ClearItemInPos	thuong	SdachSM	790		10	100	1518	2868			0		0	0	0	0	Tói Quµ Vâ L©m	2	1	50016	10	-1227557322	2026-06-12 00:05:53	3869901	4294903983	0	0	2	0	5
20260612-001200	ItemConsume	ClearItemInPos	thuong	SdachSM	790		1	100	1518	2868			0		0	0	0	0	Phôc Ma ThÇn quyÕt	2	6	27	1	617851193	2026-06-12 00:06:10	3677915	4294916662	0	0	2	1	5
20260612-001200	ItemConsume	ClearItemInPos	thuong	SdachSM	790		2000	100	1518	2868			0		0	0	0	0	VËt phÈm Xu	2	1	30230	2000	714192736	2026-06-12 00:07:27	4294905210	0	0	0	2	2	5
20260612-001200	ItemConsume	ClearItemInPos	thuong	SdachSM	790		1	100	1518	2868			0		0	0	0	0	TuyÖt §Þa	0	105	14	15000	1942998797	2026-06-12 00:05:53	1100158976	0	0	0	2	3	5
20260612-001200	ItemConsume	ClearItemInPos	thuong	SdachSM	790		1	100	1518	2868			0		0	0	0	0	Long tö Ên	2	0	30002	1	1218192709	2026-06-12 00:05:53	4294903837	0	0	0	2	4	5
20260612-001200	ItemConsume	ClearItemInPos	thuong	SdachSM	790		1	100	1518	2868			0		0	0	0	0	V« T­íng quyÕt	2	6	28	1	-2070682022	2026-06-12 00:06:10	4294917031	0	0	0	2	0	6
20260612-001200	ItemConsume	ClearItemInPos	thuong	SdachSM	790		1	100	1518	2868			0		0	0	0	0	S­ Tö Hèng	2	6	29	1	-685298717	2026-06-12 00:06:10	595576	0	0	0	2	1	6
20260612-001200	ItemConsume	ClearItemInPos	thuong	SdachSM	790		1	100	1518	2868			0		0	0	0	0	Minh Chó quyÕt	2	6	30	1	-377322779	2026-06-12 00:06:10	4294917848	0	0	0	2	2	6
20260612-001200	ItemConsume	ClearItemInPos	thuong	SdachSM	790		1	100	1518	2868			0		0	0	0	0	Kim Cang ChØ quyÕt	2	6	31	1	1004778122	2026-06-12 00:06:10	602772	0	0	0	2	3	6
20260612-001200	ItemConsume	ClearItemInPos	thuong	SdachSM	790		1	100	1518	2868			0		0	0	0	0	DiÖu D­¬ng-§é ¸ch T«n G	0	103	3132	200	-133057138	2026-06-12 00:05:53	18097404	852496047	42416428	9	2	4	6
20260612-001200	ItemConsume	ClearItemInPos	thuong	SdachSM	790		1	100	1518	2868			0		0	0	0	0	DiÖu D­¬ng-§é ¸ch T«n G	0	100	3132	250	486299175	2026-06-12 00:05:53	852110516	55910173	42612907	9	2	0	7
20260612-001200	ItemConsume	ClearItemInPos	thuong	SdachSM	790		1	100	1518	2868			0		0	0	0	0	DiÖu D­¬ng-§é ¸ch T«n G	0	101	3132	200	1136796276	2026-06-12 00:05:53	852176252	852630428	42482903	9	2	1	7
20260612-001200	ItemConsume	ClearItemInPos	thuong	SdachSM	790		1	100	1518	2868			0		0	0	0	0	ChiÕn Cuång ThiÒn §Þnh 	0	8	30147	300	511285188	2026-06-12 00:07:48	872488946	873076375	873793616	15	2	2	7
20260612-001200	ItemConsume	ClearItemInPos	thuong	SdachSM	790		1	100	1518	2868			0		0	0	0	0	DiÖu D­¬ng-§é ¸ch T«n G	0	103	3132	200	-431213114	2026-06-12 00:08:10	18097022	852496310	42418006	15	2	3	7
20260612-001200	ItemConsume	ClearItemInPos	thuong	SdachSM	790		1	100	1518	2868			0		0	0	0	0	DiÖu D­¬ng-§é ¸ch T«n G	0	100	3132	250	-364864321	2026-06-12 00:08:10	852111227	55909031	42614483	15	2	4	7
20260612-001200	ItemConsume	ClearItemInPos	thuong	SdachSM	790		1	100	1518	2868			0		0	0	0	0	DiÖu D­¬ng-§é ¸ch T«n G	0	101	3132	200	942298860	2026-06-12 00:08:10	852175073	852629562	42483629	15	2	0	8
20260612-001200	ItemConsume	ClearItemInPos	thuong	SdachSM	790		1	100	1518	2868			0		0	0	0	0	DiÖu D­¬ng-§é ¸ch T«n G	0	8	8994	300	1198624645	2026-06-12 00:05:53	55321353	42613044	55450039	9	2	1	8
20260612-001200	ItemConsume	ClearItemInPos	thuong	SdachSM	790		1	100	1518	2868			0		0	0	0	0	DiÖu D­¬ng Thiªn Cung-¤	0	102	3190	100	1558211170	2026-06-12 00:08:10	42285420	55250569	55191257	0	2	2	8
20260612-001200	ItemConsume	ClearItemInPos	thuong	SdachSM	790		1	100	1518	2868			0		0	0	0	0	DiÖu D­¬ng Thiªn Cung-T	0	102	3191	100	-893735285	2026-06-12 00:08:10	42482251	55249906	55191301	0	2	3	8
20260612-001200	ItemConsume	ClearItemInPos	thuong	SdachSM	790		1	100	1518	2868			0		0	0	0	0	DiÖu D­¬ng Thiªn Cung-V	0	102	3192	100	598237608	2026-06-12 00:08:10	42613454	55249539	55189878	0	2	4	8
20260612-001200	ItemConsume	ClearItemInPos	thuong	SdachSM	790		1	100	1518	2868			0		0	0	0	0	DiÖu D­¬ng Thiªn Cung-X	0	102	3193	100	2002512329	2026-06-12 00:08:10	42548894	55249439	55190688	0	2	0	9
20260612-001200	ItemConsume	ClearItemInPos	thuong	SdachSM	790		1	100	1518	2868			0		0	0	0	0	DiÖu D­¬ng Thiªn Cung-B	0	102	3194	100	-661814722	2026-06-12 00:08:10	42417556	55249935	55189893	0	2	1	9
20260612-001200	large_str	AddItem[/script/ksgvn/item/item_test_card.lua|kgm_ClearBagItems]			0		3086646439	0	0	0			0		0	0	0	0		0	0	0	0	0		0	0	0	0	-1	-1	-1
20260612-001200	ItemAdd	3086646439	thuong	SdachSM	790		1	100	1518	2868			0		0	0	0	0	Vâ L©m 2 Shiina	2	1	50001	1	-1695580571	2026-06-12 00:12:00	1969976	4263719	0	0	-1	-1	-1
20260612-001205	ItemConsume	ExpendIdx	thuong	SdachSM	790		1	100	1518	2868			0		0	0	0	0	Th­¬ng H¶i Ch©u CÊp 7 (	2	102	214	199	2126810044	2026-06-12 00:11:42	792328	4294917173	0	0	0	0	0
20260612-001205	large_str	AddItem[/script/misc/left_pearl/left_pearl_identify.lua|IdentifyLeftPearl]			0		2648439867	0	0	0			0		0	0	0	0		0	0	0	0	0		0	0	0	0	-1	-1	-1
20260612-001205	ItemAdd	2648439867	thuong	SdachSM	790		1	100	1518	2868			0		0	0	0	0	NguyÖt-Ngù K×nh	0	122	77	100	-1793916423	2026-06-12 00:12:05	0	0	0	0	-1	-1	-1
20260612-001206	ItemConsume	ExpendIdx	thuong	SdachSM	790		1	100	1518	2868			0		0	0	0	0	Th­¬ng H¶i Ch©u CÊp 7 (	2	102	214	198	2126810044	2026-06-12 00:11:42	792328	4294917173	0	0	0	0	0
20260612-001206	ItemAdd	2648439867	thuong	SdachSM	790		1	100	1518	2868			0		0	0	0	0		0	122	578	100	-368546173	2026-06-12 00:12:06	0	0	0	0	-1	-1	-1
20260612-001207	ItemConsume	ExpendIdx	thuong	SdachSM	790		1	100	1518	2868			0		0	0	0	0	Th­¬ng H¶i Ch©u CÊp 7 (	2	102	214	197	2126810044	2026-06-12 00:11:42	792328	4294917173	0	0	0	0	0
20260612-001207	ItemAdd	2648439867	thuong	SdachSM	790		1	100	1518	2868			0		0	0	0	0		0	122	620	100	-1625658580	2026-06-12 00:12:07	0	0	0	0	-1	-1	-1
20260612-001208	ItemConsume	ExpendIdx	thuong	SdachSM	790		1	100	1518	2868			0		0	0	0	0	Th­¬ng H¶i Ch©u CÊp 7 (	2	102	214	196	2126810044	2026-06-12 00:11:42	792328	4294917173	0	0	0	0	0
20260612-001208	ItemAdd	2648439867	thuong	SdachSM	790		1	100	1518	2868			0		0	0	0	0		0	122	590	100	387085891	2026-06-12 00:12:08	0	0	0	0	-1	-1	-1
20260612-001209	ItemConsume	ExpendIdx	thuong	SdachSM	790		1	100	1518	2868			0		0	0	0	0	Th­¬ng H¶i Ch©u CÊp 7 (	2	102	214	195	2126810044	2026-06-12 00:11:42	792328	4294917173	0	0	0	0	0
20260612-001209	ItemAdd	2648439867	thuong	SdachSM	790		1	100	1518	2868			0		0	0	0	0		0	122	610	100	-1538278482	2026-06-12 00:12:09	0	0	0	0	-1	-1	-1
20260612-001209	ItemConsume	ExpendIdx	thuong	SdachSM	790		1	100	1518	2868			0		0	0	0	0	Th­¬ng H¶i Ch©u CÊp 7 (	2	102	214	194	2126810044	2026-06-12 00:11:42	792328	4294917173	0	0	0	0	0
20260612-001209	ItemAdd	2648439867	thuong	SdachSM	790		1	100	1518	2868			0		0	0	0	0	S­¬ng-S­¬ng Tù	0	122	559	100	592772088	2026-06-12 00:12:09	0	0	0	0	-1	-1	-1
20260612-001209	ItemConsume	ExpendIdx	thuong	SdachSM	790		1	100	1518	2868			0		0	0	0	0	Th­¬ng H¶i Ch©u CÊp 7 (	2	102	214	193	2126810044	2026-06-12 00:11:42	792328	4294917173	0	0	0	0	0
20260612-001209	ItemAdd	2648439867	thuong	SdachSM	790		1	100	1518	2868			0		0	0	0	0		0	122	664	100	-677570432	2026-06-12 00:12:09	0	0	0	0	-1	-1	-1
20260612-001210	ItemConsume	ExpendIdx	thuong	SdachSM	790		1	100	1518	2868			0		0	0	0	0	Th­¬ng H¶i Ch©u CÊp 7 (	2	102	214	192	2126810044	2026-06-12 00:11:42	792328	4294917173	0	0	0	0	0
20260612-001210	ItemAdd	2648439867	thuong	SdachSM	790		1	100	1518	2868			0		0	0	0	0		0	122	712	100	-798047359	2026-06-12 00:12:10	0	0	0	0	-1	-1	-1
20260612-001210	ItemConsume	ExpendIdx	thuong	SdachSM	790		1	100	1518	2868			0		0	0	0	0	Th­¬ng H¶i Ch©u CÊp 7 (	2	102	214	191	2126810044	2026-06-12 00:11:42	792328	4294917173	0	0	0	0	0
20260612-001210	ItemAdd	2648439867	thuong	SdachSM	790		1	100	1518	2868			0		0	0	0	0	H¶i-Th­¬ng Minh	0	122	215	100	477255551	2026-06-12 00:12:10	0	0	0	0	-1	-1	-1
20260612-001210	ItemConsume	ExpendIdx	thuong	SdachSM	790		1	100	1518	2868			0		0	0	0	0	Th­¬ng H¶i Ch©u CÊp 7 (	2	102	214	190	2126810044	2026-06-12 00:11:42	792328	4294917173	0	0	0	0	0
20260612-001210	ItemAdd	2648439867	thuong	SdachSM	790		1	100	1518	2868			0		0	0	0	0		0	122	683	100	67631201	2026-06-12 00:12:10	0	0	0	0	-1	-1	-1
20260612-001210	ItemConsume	ExpendIdx	thuong	SdachSM	790		1	100	1518	2868			0		0	0	0	0	Th­¬ng H¶i Ch©u CÊp 7 (	2	102	214	189	2126810044	2026-06-12 00:11:42	792328	4294917173	0	0	0	0	0
20260612-001210	ItemAdd	2648439867	thuong	SdachSM	790		1	100	1518	2868			0		0	0	0	0		0	122	650	100	-1373768268	2026-06-12 00:12:10	0	0	0	0	-1	-1	-1
20260612-001211	ItemConsume	ExpendIdx	thuong	SdachSM	790		1	100	1518	2868			0		0	0	0	0	Th­¬ng H¶i Ch©u CÊp 7 (	2	102	214	188	2126810044	2026-06-12 00:11:42	792328	4294917173	0	0	0	0	0
20260612-001211	ItemAdd	2648439867	thuong	SdachSM	790		1	100	1518	2868			0		0	0	0	0		0	122	588	100	496421696	2026-06-12 00:12:11	0	0	0	0	-1	-1	-1
20260612-001211	ItemConsume	ExpendIdx	thuong	SdachSM	790		1	100	1518	2868			0		0	0	0	0	Th­¬ng H¶i Ch©u CÊp 7 (	2	102	214	187	2126810044	2026-06-12 00:11:42	792328	4294917173	0	0	0	0	0
20260612-001211	ItemAdd	2648439867	thuong	SdachSM	790		1	100	1518	2868			0		0	0	0	0	ThÇn-Ngù K×nh	0	122	133	100	370294081	2026-06-12 00:12:11	0	0	0	0	-1	-1	-1
20260612-001211	ItemConsume	ExpendIdx	thuong	SdachSM	790		1	100	1518	2868			0		0	0	0	0	Th­¬ng H¶i Ch©u CÊp 7 (	2	102	214	186	2126810044	2026-06-12 00:11:42	792328	4294917173	0	0	0	0	0
20260612-001211	ItemAdd	2648439867	thuong	SdachSM	790		1	100	1518	2868			0		0	0	0	0	TuyÕt-Ng­ng Vò	0	122	530	100	1361469875	2026-06-12 00:12:11	0	0	0	0	-1	-1	-1
20260612-001211	ItemConsume	ExpendIdx	thuong	SdachSM	790		1	100	1518	2868			0		0	0	0	0	Th­¬ng H¶i Ch©u CÊp 7 (	2	102	214	185	2126810044	2026-06-12 00:11:42	792328	4294917173	0	0	0	0	0
20260612-001211	ItemAdd	2648439867	thuong	SdachSM	790		1	100	1518	2868			0		0	0	0	0	§«ng-Hµn ThÇn	0	122	362	100	1447399969	2026-06-12 00:12:11	0	0	0	0	-1	-1	-1
20260612-001211	ItemConsume	ExpendIdx	thuong	SdachSM	790		1	100	1518	2868			0		0	0	0	0	Th­¬ng H¶i Ch©u CÊp 7 (	2	102	214	184	2126810044	2026-06-12 00:11:42	792328	4294917173	0	0	0	0	0
20260612-001211	ItemAdd	2648439867	thuong	SdachSM	790		1	100	1518	2868			0		0	0	0	0		0	122	663	100	-114504842	2026-06-12 00:12:11	0	0	0	0	-1	-1	-1
20260612-001211	ItemConsume	ExpendIdx	thuong	SdachSM	790		1	100	1518	2868			0		0	0	0	0	Th­¬ng H¶i Ch©u CÊp 7 (	2	102	214	183	2126810044	2026-06-12 00:11:42	792328	4294917173	0	0	0	0	0
20260612-001211	ItemAdd	2648439867	thuong	SdachSM	790		1	100	1518	2868			0		0	0	0	0	§«ng-Ngù K×nh	0	122	364	100	1800575023	2026-06-12 00:12:11	0	0	0	0	-1	-1	-1
20260612-001212	ItemConsume	ExpendIdx	thuong	SdachSM	790		1	100	1518	2868			0		0	0	0	0	Th­¬ng H¶i Ch©u CÊp 7 (	2	102	214	182	2126810044	2026-06-12 00:11:42	792328	4294917173	0	0	0	0	0
20260612-001212	ItemAdd	2648439867	thuong	SdachSM	790		1	100	1518	2868			0		0	0	0	0		0	122	603	100	-897960534	2026-06-12 00:12:12	0	0	0	0	-1	-1	-1
20260612-001212	ItemConsume	ExpendIdx	thuong	SdachSM	790		1	100	1518	2868			0		0	0	0	0	Th­¬ng H¶i Ch©u CÊp 7 (	2	102	214	181	2126810044	2026-06-12 00:11:42	792328	4294917173	0	0	0	0	0
20260612-001212	ItemAdd	2648439867	thuong	SdachSM	790		1	100	1518	2868			0		0	0	0	0		0	122	620	100	-818472490	2026-06-12 00:12:12	0	0	0	0	-1	-1	-1
20260612-001212	ItemConsume	ExpendIdx	thuong	SdachSM	790		1	100	1518	2868			0		0	0	0	0	Th­¬ng H¶i Ch©u CÊp 7 (	2	102	214	180	2126810044	2026-06-12 00:11:42	792328	4294917173	0	0	0	0	0
20260612-001212	ItemAdd	2648439867	thuong	SdachSM	790		1	100	1518	2868			0		0	0	0	0	ThÇn-Ngù K×nh	0	122	133	100	1754515701	2026-06-12 00:12:12	0	0	0	0	-1	-1	-1
20260612-001212	ItemConsume	ExpendIdx	thuong	SdachSM	790		1	100	1518	2868			0		0	0	0	0	Th­¬ng H¶i Ch©u CÊp 7 (	2	102	214	179	2126810044	2026-06-12 00:11:42	792328	4294917173	0	0	0	0	0
20260612-001212	ItemAdd	2648439867	thuong	SdachSM	790		1	100	1518	2868			0		0	0	0	0	ThÇn-§¬n KhuyÕt	0	122	131	100	166443062	2026-06-12 00:12:12	0	0	0	0	-1	-1	-1
20260612-001212	ItemConsume	ExpendIdx	thuong	SdachSM	790		1	100	1518	2868			0		0	0	0	0	Th­¬ng H¶i Ch©u CÊp 7 (	2	102	214	178	2126810044	2026-06-12 00:11:42	792328	4294917173	0	0	0	0	0
20260612-001212	ItemAdd	2648439867	thuong	SdachSM	790		1	100	1518	2868			0		0	0	0	0		0	122	604	100	1829852143	2026-06-12 00:12:12	0	0	0	0	-1	-1	-1
20260612-001212	ItemConsume	ExpendIdx	thuong	SdachSM	790		1	100	1518	2868			0		0	0	0	0	Th­¬ng H¶i Ch©u CÊp 7 (	2	102	214	177	2126810044	2026-06-12 00:11:42	792328	4294917173	0	0	0	0	0
20260612-001212	ItemAdd	2648439867	thuong	SdachSM	790		1	100	1518	2868			0		0	0	0	0	Tinh-Ngù K×nh	0	122	105	100	1681982439	2026-06-12 00:12:12	0	0	0	0	-1	-1	-1
20260612-001213	ItemConsume	ExpendIdx	thuong	SdachSM	790		1	100	1518	2868			0		0	0	0	0	Th­¬ng H¶i Ch©u CÊp 7 (	2	102	214	176	2126810044	2026-06-12 00:11:42	792328	4294917173	0	0	0	0	0
20260612-001213	ItemAdd	2648439867	thuong	SdachSM	790		1	100	1518	2868			0		0	0	0	0		0	122	650	100	-1628690935	2026-06-12 00:12:13	0	0	0	0	-1	-1	-1
20260612-001213	ItemConsume	ExpendIdx	thuong	SdachSM	790		1	100	1518	2868			0		0	0	0	0	Th­¬ng H¶i Ch©u CÊp 7 (	2	102	214	175	2126810044	2026-06-12 00:11:42	792328	4294917173	0	0	0	0	0
20260612-001213	ItemAdd	2648439867	thuong	SdachSM	790		1	100	1518	2868			0		0	0	0	0		0	122	588	100	-2091784900	2026-06-12 00:12:13	0	0	0	0	-1	-1	-1
20260612-001213	ItemConsume	ExpendIdx	thuong	SdachSM	790		1	100	1518	2868			0		0	0	0	0	Th­¬ng H¶i Ch©u CÊp 7 (	2	102	214	174	2126810044	2026-06-12 00:11:42	792328	4294917173	0	0	0	0	0
20260612-001213	ItemAdd	2648439867	thuong	SdachSM	790		1	100	1518	2868			0		0	0	0	0		0	122	711	100	-2103678392	2026-06-12 00:12:13	0	0	0	0	-1	-1	-1
20260612-001213	ItemConsume	ExpendIdx	thuong	SdachSM	790		1	100	1518	2868			0		0	0	0	0	Th­¬ng H¶i Ch©u CÊp 7 (	2	102	214	173	2126810044	2026-06-12 00:11:42	792328	4294917173	0	0	0	0	0
20260612-001213	ItemAdd	2648439867	thuong	SdachSM	790		1	100	1518	2868			0		0	0	0	0	Thñy-Ngù K×nh	0	122	392	100	-37668656	2026-06-12 00:12:13	0	0	0	0	-1	-1	-1
20260612-001213	ItemConsume	ExpendIdx	thuong	SdachSM	790		1	100	1518	2868			0		0	0	0	0	Th­¬ng H¶i Ch©u CÊp 7 (	2	102	214	172	2126810044	2026-06-12 00:11:42	792328	4294917173	0	0	0	0	0
20260612-001213	ItemAdd	2648439867	thuong	SdachSM	790		1	100	1518	2868			0		0	0	0	0		0	122	719	100	-107366707	2026-06-12 00:12:13	0	0	0	0	-1	-1	-1
20260612-001214	ItemConsume	ExpendIdx	thuong	SdachSM	790		1	100	1518	2868			0		0	0	0	0	Th­¬ng H¶i Ch©u CÊp 7 (	2	102	214	171	2126810044	2026-06-12 00:11:42	792328	4294917173	0	0	0	0	0
20260612-001214	ItemAdd	2648439867	thuong	SdachSM	790		1	100	1518	2868			0		0	0	0	0	TuyÕt-Ngù K×nh	0	122	532	100	-1341696055	2026-06-12 00:12:14	0	0	0	0	-1	-1	-1
20260612-001214	ItemConsume	ExpendIdx	thuong	SdachSM	790		1	100	1518	2868			0		0	0	0	0	Th­¬ng H¶i Ch©u CÊp 7 (	2	102	214	170	2126810044	2026-06-12 00:11:42	792328	4294917173	0	0	0	0	0
20260612-001214	ItemAdd	2648439867	thuong	SdachSM	790		1	100	1518	2868			0		0	0	0	0		0	122	610	100	1878394942	2026-06-12 00:12:14	0	0	0	0	-1	-1	-1
20260612-001214	ItemConsume	ExpendIdx	thuong	SdachSM	790		1	100	1518	2868			0		0	0	0	0	Th­¬ng H¶i Ch©u CÊp 7 (	2	102	214	169	2126810044	2026-06-12 00:11:42	792328	4294917173	0	0	0	0	0
20260612-001214	ItemAdd	2648439867	thuong	SdachSM	790		1	100	1518	2868			0		0	0	0	0		0	122	648	100	254105827	2026-06-12 00:12:14	0	0	0	0	-1	-1	-1
20260612-001214	ItemConsume	ExpendIdx	thuong	SdachSM	790		1	100	1518	2868			0		0	0	0	0	Th­¬ng H¶i Ch©u CÊp 7 (	2	102	214	168	2126810044	2026-06-12 00:11:42	792328	4294917173	0	0	0	0	0
20260612-001214	ItemAdd	2648439867	thuong	SdachSM	790		1	100	1518	2868			0		0	0	0	0		0	122	635	100	-1828170528	2026-06-12 00:12:14	0	0	0	0	-1	-1	-1
20260612-001214	ItemConsume	ExpendIdx	thuong	SdachSM	790		1	100	1518	2868			0		0	0	0	0	Th­¬ng H¶i Ch©u CÊp 7 (	2	102	214	167	2126810044	2026-06-12 00:11:42	792328	4294917173	0	0	0	0	0
20260612-001214	ItemAdd	2648439867	thuong	SdachSM	790		1	100	1518	2868			0		0	0	0	0		0	122	587	100	2038404012	2026-06-12 00:12:14	0	0	0	0	-1	-1	-1
20260612-001216	ItemConsume	ExpendIdx	thuong	SdachSM	790		1	100	1518	2868			0		0	0	0	0	Th­¬ng H¶i Ch©u CÊp 7 (	2	102	214	166	2126810044	2026-06-12 00:11:42	792328	4294917173	0	0	0	0	0
20260612-001216	ItemAdd	2648439867	thuong	SdachSM	790		1	100	1518	2868			0		0	0	0	0		0	122	648	100	1013323292	2026-06-12 00:12:16	0	0	0	0	-1	-1	-1
20260612-001217	ItemConsume	ExpendIdx	thuong	SdachSM	790		1	100	1518	2868			0		0	0	0	0	Th­¬ng H¶i Ch©u CÊp 7 (	2	102	214	165	2126810044	2026-06-12 00:11:42	792328	4294917173	0	0	0	0	0
20260612-001217	ItemAdd	2648439867	thuong	SdachSM	790		1	100	1518	2868			0		0	0	0	0		0	122	604	100	543856755	2026-06-12 00:12:17	0	0	0	0	-1	-1	-1
20260612-001217	ItemConsume	ExpendIdx	thuong	SdachSM	790		1	100	1518	2868			0		0	0	0	0	Th­¬ng H¶i Ch©u CÊp 7 (	2	102	214	164	2126810044	2026-06-12 00:11:42	792328	4294917173	0	0	0	0	0
20260612-001217	ItemAdd	2648439867	thuong	SdachSM	790		1	100	1518	2868			0		0	0	0	0	§«ng-Linh Tr¹ch	0	122	363	100	-1314706194	2026-06-12 00:12:17	0	0	0	0	-1	-1	-1
20260612-001217	ItemConsume	ExpendIdx	thuong	SdachSM	790		1	100	1518	2868			0		0	0	0	0	Th­¬ng H¶i Ch©u CÊp 7 (	2	102	214	163	2126810044	2026-06-12 00:11:42	792328	4294917173	0	0	0	0	0
20260612-001217	ItemAdd	2648439867	thuong	SdachSM	790		1	100	1518	2868			0		0	0	0	0		0	122	643	100	294505113	2026-06-12 00:12:17	0	0	0	0	-1	-1	-1
20260612-001217	ItemConsume	ExpendIdx	thuong	SdachSM	790		1	100	1518	2868			0		0	0	0	0	Th­¬ng H¶i Ch©u CÊp 7 (	2	102	214	162	2126810044	2026-06-12 00:11:42	792328	4294917173	0	0	0	0	0
20260612-001217	ItemAdd	2648439867	thuong	SdachSM	790		1	100	1518	2868			0		0	0	0	0		0	122	656	100	-627007666	2026-06-12 00:12:17	0	0	0	0	-1	-1	-1
20260612-001217	ItemConsume	ExpendIdx	thuong	SdachSM	790		1	100	1518	2868			0		0	0	0	0	Th­¬ng H¶i Ch©u CÊp 7 (	2	102	214	161	2126810044	2026-06-12 00:11:42	792328	4294917173	0	0	0	0	0
20260612-001217	ItemAdd	2648439867	thuong	SdachSM	790		1	100	1518	2868			0		0	0	0	0		0	122	719	100	-266455064	2026-06-12 00:12:17	0	0	0	0	-1	-1	-1
20260612-001218	ItemConsume	ExpendIdx	thuong	SdachSM	790		1	100	1518	2868			0		0	0	0	0	Th­¬ng H¶i Ch©u CÊp 7 (	2	102	214	160	2126810044	2026-06-12 00:11:42	792328	4294917173	0	0	0	0	0
20260612-001218	ItemAdd	2648439867	thuong	SdachSM	790		1	100	1518	2868			0		0	0	0	0	Thu-Ngù K×nh	0	122	336	100	-639694224	2026-06-12 00:12:18	0	0	0	0	-1	-1	-1
20260612-001218	ItemConsume	ExpendIdx	thuong	SdachSM	790		1	100	1518	2868			0		0	0	0	0	Th­¬ng H¶i Ch©u CÊp 7 (	2	102	214	159	2126810044	2026-06-12 00:11:42	792328	4294917173	0	0	0	0	0
20260612-001218	ItemAdd	2648439867	thuong	SdachSM	790		1	100	1518	2868			0		0	0	0	0	Xu©n-Ngù K×nh	0	122	294	100	-1606696911	2026-06-12 00:12:18	0	0	0	0	-1	-1	-1
20260612-001218	ItemConsume	ExpendIdx	thuong	SdachSM	790		1	100	1518	2868			0		0	0	0	0	Th­¬ng H¶i Ch©u CÊp 7 (	2	102	214	158	2126810044	2026-06-12 00:11:42	792328	4294917173	0	0	0	0	0
20260612-001218	ItemAdd	2648439867	thuong	SdachSM	790		1	100	1518	2868			0		0	0	0	0		0	122	590	100	-1818555969	2026-06-12 00:12:18	0	0	0	0	-1	-1	-1
20260612-001218	ItemConsume	ExpendIdx	thuong	SdachSM	790		1	100	1518	2868			0		0	0	0	0	Th­¬ng H¶i Ch©u CÊp 7 (	2	102	214	157	2126810044	2026-06-12 00:11:42	792328	4294917173	0	0	0	0	0
20260612-001218	ItemAdd	2648439867	thuong	SdachSM	790		1	100	1518	2868			0		0	0	0	0		0	122	604	100	-2077166181	2026-06-12 00:12:18	0	0	0	0	-1	-1	-1
20260612-001218	ItemConsume	ExpendIdx	thuong	SdachSM	790		1	100	1518	2868			0		0	0	0	0	Th­¬ng H¶i Ch©u CÊp 7 (	2	102	214	156	2126810044	2026-06-12 00:11:42	792328	4294917173	0	0	0	0	0
20260612-001218	ItemAdd	2648439867	thuong	SdachSM	790		1	100	1518	2868			0		0	0	0	0		0	122	610	100	-1408668211	2026-06-12 00:12:18	0	0	0	0	-1	-1	-1
20260612-001218	ItemConsume	ExpendIdx	thuong	SdachSM	790		1	100	1518	2868			0		0	0	0	0	Th­¬ng H¶i Ch©u CÊp 7 (	2	102	214	155	2126810044	2026-06-12 00:11:42	792328	4294917173	0	0	0	0	0
20260612-001218	ItemAdd	2648439867	thuong	SdachSM	790		1	100	1518	2868			0		0	0	0	0	Xu©n-Ngù K×nh	0	122	294	100	-339109985	2026-06-12 00:12:18	0	0	0	0	-1	-1	-1
20260612-001219	ItemConsume	ExpendIdx	thuong	SdachSM	790		1	100	1518	2868			0		0	0	0	0	Th­¬ng H¶i Ch©u CÊp 7 (	2	102	214	154	2126810044	2026-06-12 00:11:42	792328	4294917173	0	0	0	0	0
20260612-001219	ItemAdd	2648439867	thuong	SdachSM	790		1	100	1518	2868			0		0	0	0	0	Thiªn-Ngù K×nh	0	122	154	100	-358521000	2026-06-12 00:12:19	0	0	0	0	-1	-1	-1
20260612-001219	ItemConsume	ExpendIdx	thuong	SdachSM	790		1	100	1518	2868			0		0	0	0	0	Th­¬ng H¶i Ch©u CÊp 7 (	2	102	214	153	2126810044	2026-06-12 00:11:42	792328	4294917173	0	0	0	0	0
20260612-001219	ItemAdd	2648439867	thuong	SdachSM	790		1	100	1518	2868			0		0	0	0	0		0	122	680	100	-1151289985	2026-06-12 00:12:19	0	0	0	0	-1	-1	-1
20260612-001219	ItemConsume	ExpendIdx	thuong	SdachSM	790		1	100	1518	2868			0		0	0	0	0	Th­¬ng H¶i Ch©u CÊp 7 (	2	102	214	152	2126810044	2026-06-12 00:11:42	792328	4294917173	0	0	0	0	0
20260612-001219	ItemAdd	2648439867	thuong	SdachSM	790		1	100	1518	2868			0		0	0	0	0		0	122	582	100	383692460	2026-06-12 00:12:19	0	0	0	0	-1	-1	-1
20260612-001219	ItemConsume	ExpendIdx	thuong	SdachSM	790		1	100	1518	2868			0		0	0	0	0	Th­¬ng H¶i Ch©u CÊp 7 (	2	102	214	151	2126810044	2026-06-12 00:11:42	792328	4294917173	0	0	0	0	0
20260612-001219	ItemAdd	2648439867	thuong	SdachSM	790		1	100	1518	2868			0		0	0	0	0	S¬n-Ngäc Ch­íng	0	122	195	100	793104925	2026-06-12 00:12:19	0	0	0	0	-1	-1	-1
20260612-001219	ItemConsume	ExpendIdx	thuong	SdachSM	790		1	100	1518	2868			0		0	0	0	0	Th­¬ng H¶i Ch©u CÊp 7 (	2	102	214	150	2126810044	2026-06-12 00:11:42	792328	4294917173	0	0	0	0	0
20260612-001219	ItemAdd	2648439867	thuong	SdachSM	790		1	100	1518	2868			0		0	0	0	0		0	122	576	100	-1634115264	2026-06-12 00:12:19	0	0	0	0	-1	-1	-1
20260612-001220	ItemConsume	ExpendIdx	thuong	SdachSM	790		1	100	1518	2868			0		0	0	0	0	Th­¬ng H¶i Ch©u CÊp 7 (	2	102	214	149	2126810044	2026-06-12 00:11:42	792328	4294917173	0	0	0	0	0
20260612-001220	ItemAdd	2648439867	thuong	SdachSM	790		1	100	1518	2868			0		0	0	0	0	TuyÕt-Hµn T«	0	122	529	100	1296501569	2026-06-12 00:12:20	0	0	0	0	-1	-1	-1
20260612-001330	ItemConsume	ClearItemInPos	thuong	SdachSM	790		1	100	1519	2884			0		0	0	0	0	Vâ L©m 2 Shiina	2	1	50001	1	-1695580571	2026-06-12 00:12:00	1969976	4263719	0	0	2	0	0
20260612-001330	ItemConsume	ClearItemInPos	thuong	SdachSM	790		1	100	1519	2884			0		0	0	0	0	NguyÖt-Ngù K×nh	0	122	77	100	-1793916423	2026-06-12 00:12:05	0	0	0	0	2	1	0
20260612-001330	ItemConsume	ClearItemInPos	thuong	SdachSM	790		1	100	1519	2884			0		0	0	0	0		0	122	578	100	-368546173	2026-06-12 00:12:06	0	0	0	0	2	2	0
20260612-001330	ItemConsume	ClearItemInPos	thuong	SdachSM	790		1	100	1519	2884			0		0	0	0	0		0	122	620	100	-1625658580	2026-06-12 00:12:07	0	0	0	0	2	3	0
20260612-001330	ItemConsume	ClearItemInPos	thuong	SdachSM	790		1	100	1519	2884			0		0	0	0	0		0	122	590	100	387085891	2026-06-12 00:12:08	0	0	0	0	2	4	0
20260612-001330	ItemConsume	ClearItemInPos	thuong	SdachSM	790		1	100	1519	2884			0		0	0	0	0		0	122	610	100	-1538278482	2026-06-12 00:12:09	0	0	0	0	2	0	1
20260612-001330	ItemConsume	ClearItemInPos	thuong	SdachSM	790		1	100	1519	2884			0		0	0	0	0	S­¬ng-S­¬ng Tù	0	122	559	100	592772088	2026-06-12 00:12:09	0	0	0	0	2	1	1
20260612-001330	ItemConsume	ClearItemInPos	thuong	SdachSM	790		1	100	1519	2884			0		0	0	0	0		0	122	664	100	-677570432	2026-06-12 00:12:09	0	0	0	0	2	2	1
20260612-001330	ItemConsume	ClearItemInPos	thuong	SdachSM	790		1	100	1519	2884			0		0	0	0	0		0	122	712	100	-798047359	2026-06-12 00:12:10	0	0	0	0	2	3	1
20260612-001330	ItemConsume	ClearItemInPos	thuong	SdachSM	790		1	100	1519	2884			0		0	0	0	0	H¶i-Th­¬ng Minh	0	122	215	100	477255551	2026-06-12 00:12:10	0	0	0	0	2	4	1
20260612-001330	ItemConsume	ClearItemInPos	thuong	SdachSM	790		1	100	1519	2884			0		0	0	0	0		0	122	683	100	67631201	2026-06-12 00:12:10	0	0	0	0	2	0	2
20260612-001330	ItemConsume	ClearItemInPos	thuong	SdachSM	790		1	100	1519	2884			0		0	0	0	0		0	122	650	100	-1373768268	2026-06-12 00:12:10	0	0	0	0	2	1	2
20260612-001330	ItemConsume	ClearItemInPos	thuong	SdachSM	790		1	100	1519	2884			0		0	0	0	0		0	122	588	100	496421696	2026-06-12 00:12:11	0	0	0	0	2	2	2
20260612-001330	ItemConsume	ClearItemInPos	thuong	SdachSM	790		1	100	1519	2884			0		0	0	0	0	ThÇn-Ngù K×nh	0	122	133	100	370294081	2026-06-12 00:12:11	0	0	0	0	2	3	2
20260612-001330	ItemConsume	ClearItemInPos	thuong	SdachSM	790		1	100	1519	2884			0		0	0	0	0	TuyÕt-Ng­ng Vò	0	122	530	100	1361469875	2026-06-12 00:12:11	0	0	0	0	2	4	2
20260612-001330	ItemConsume	ClearItemInPos	thuong	SdachSM	790		1	100	1519	2884			0		0	0	0	0	§«ng-Hµn ThÇn	0	122	362	100	1447399969	2026-06-12 00:12:11	0	0	0	0	2	0	3
20260612-001330	ItemConsume	ClearItemInPos	thuong	SdachSM	790		1	100	1519	2884			0		0	0	0	0		0	122	663	100	-114504842	2026-06-12 00:12:11	0	0	0	0	2	1	3
20260612-001330	ItemConsume	ClearItemInPos	thuong	SdachSM	790		1	100	1519	2884			0		0	0	0	0	§«ng-Ngù K×nh	0	122	364	100	1800575023	2026-06-12 00:12:11	0	0	0	0	2	2	3
20260612-001330	ItemConsume	ClearItemInPos	thuong	SdachSM	790		1	100	1519	2884			0		0	0	0	0		0	122	603	100	-897960534	2026-06-12 00:12:12	0	0	0	0	2	3	3
20260612-001330	ItemConsume	ClearItemInPos	thuong	SdachSM	790		1	100	1519	2884			0		0	0	0	0		0	122	620	100	-818472490	2026-06-12 00:12:12	0	0	0	0	2	4	3
20260612-001330	ItemConsume	ClearItemInPos	thuong	SdachSM	790		1	100	1519	2884			0		0	0	0	0	ThÇn-Ngù K×nh	0	122	133	100	1754515701	2026-06-12 00:12:12	0	0	0	0	2	0	4
20260612-001330	ItemConsume	ClearItemInPos	thuong	SdachSM	790		1	100	1519	2884			0		0	0	0	0	ThÇn-§¬n KhuyÕt	0	122	131	100	166443062	2026-06-12 00:12:12	0	0	0	0	2	1	4
20260612-001330	ItemConsume	ClearItemInPos	thuong	SdachSM	790		1	100	1519	2884			0		0	0	0	0		0	122	604	100	1829852143	2026-06-12 00:12:12	0	0	0	0	2	2	4
20260612-001330	ItemConsume	ClearItemInPos	thuong	SdachSM	790		1	100	1519	2884			0		0	0	0	0	Tinh-Ngù K×nh	0	122	105	100	1681982439	2026-06-12 00:12:12	0	0	0	0	2	3	4
20260612-001330	ItemConsume	ClearItemInPos	thuong	SdachSM	790		1	100	1519	2884			0		0	0	0	0		0	122	650	100	-1628690935	2026-06-12 00:12:13	0	0	0	0	2	4	4
20260612-001330	ItemConsume	ClearItemInPos	thuong	SdachSM	790		1	100	1519	2884			0		0	0	0	0		0	122	588	100	-2091784900	2026-06-12 00:12:13	0	0	0	0	2	0	5
20260612-001330	ItemConsume	ClearItemInPos	thuong	SdachSM	790		1	100	1519	2884			0		0	0	0	0		0	122	711	100	-2103678392	2026-06-12 00:12:13	0	0	0	0	2	1	5
20260612-001330	ItemConsume	ClearItemInPos	thuong	SdachSM	790		1	100	1519	2884			0		0	0	0	0	Thñy-Ngù K×nh	0	122	392	100	-37668656	2026-06-12 00:12:13	0	0	0	0	2	2	5
20260612-001330	ItemConsume	ClearItemInPos	thuong	SdachSM	790		1	100	1519	2884			0		0	0	0	0		0	122	719	100	-107366707	2026-06-12 00:12:13	0	0	0	0	2	3	5
20260612-001330	ItemConsume	ClearItemInPos	thuong	SdachSM	790		1	100	1519	2884			0		0	0	0	0	TuyÕt-Ngù K×nh	0	122	532	100	-1341696055	2026-06-12 00:12:14	0	0	0	0	2	4	5
20260612-001330	ItemConsume	ClearItemInPos	thuong	SdachSM	790		1	100	1519	2884			0		0	0	0	0		0	122	610	100	1878394942	2026-06-12 00:12:14	0	0	0	0	2	0	6
20260612-001330	ItemConsume	ClearItemInPos	thuong	SdachSM	790		1	100	1519	2884			0		0	0	0	0		0	122	648	100	254105827	2026-06-12 00:12:14	0	0	0	0	2	1	6
20260612-001330	ItemConsume	ClearItemInPos	thuong	SdachSM	790		1	100	1519	2884			0		0	0	0	0		0	122	635	100	-1828170528	2026-06-12 00:12:14	0	0	0	0	2	2	6
20260612-001330	ItemConsume	ClearItemInPos	thuong	SdachSM	790		1	100	1519	2884			0		0	0	0	0		0	122	587	100	2038404012	2026-06-12 00:12:14	0	0	0	0	2	3	6
20260612-001330	ItemConsume	ClearItemInPos	thuong	SdachSM	790		1	100	1519	2884			0		0	0	0	0		0	122	648	100	1013323292	2026-06-12 00:12:16	0	0	0	0	2	4	6
20260612-001330	ItemConsume	ClearItemInPos	thuong	SdachSM	790		1	100	1519	2884			0		0	0	0	0		0	122	604	100	543856755	2026-06-12 00:12:17	0	0	0	0	2	0	7
20260612-001330	ItemConsume	ClearItemInPos	thuong	SdachSM	790		1	100	1519	2884			0		0	0	0	0	§«ng-Linh Tr¹ch	0	122	363	100	-1314706194	2026-06-12 00:12:17	0	0	0	0	2	1	7
20260612-001330	ItemConsume	ClearItemInPos	thuong	SdachSM	790		1	100	1519	2884			0		0	0	0	0		0	122	643	100	294505113	2026-06-12 00:12:17	0	0	0	0	2	2	7
20260612-001330	ItemConsume	ClearItemInPos	thuong	SdachSM	790		1	100	1519	2884			0		0	0	0	0		0	122	656	100	-627007666	2026-06-12 00:12:17	0	0	0	0	2	3	7
20260612-001330	ItemConsume	ClearItemInPos	thuong	SdachSM	790		1	100	1519	2884			0		0	0	0	0		0	122	719	100	-266455064	2026-06-12 00:12:17	0	0	0	0	2	4	7
20260612-001330	ItemConsume	ClearItemInPos	thuong	SdachSM	790		1	100	1519	2884			0		0	0	0	0	Thu-Ngù K×nh	0	122	336	100	-639694224	2026-06-12 00:12:18	0	0	0	0	2	0	8
20260612-001330	ItemConsume	ClearItemInPos	thuong	SdachSM	790		1	100	1519	2884			0		0	0	0	0	Xu©n-Ngù K×nh	0	122	294	100	-1606696911	2026-06-12 00:12:18	0	0	0	0	2	1	8
20260612-001330	ItemConsume	ClearItemInPos	thuong	SdachSM	790		1	100	1519	2884			0		0	0	0	0		0	122	590	100	-1818555969	2026-06-12 00:12:18	0	0	0	0	2	2	8
20260612-001330	ItemConsume	ClearItemInPos	thuong	SdachSM	790		1	100	1519	2884			0		0	0	0	0		0	122	604	100	-2077166181	2026-06-12 00:12:18	0	0	0	0	2	3	8
20260612-001330	ItemConsume	ClearItemInPos	thuong	SdachSM	790		1	100	1519	2884			0		0	0	0	0		0	122	610	100	-1408668211	2026-06-12 00:12:18	0	0	0	0	2	4	8
20260612-001330	ItemConsume	ClearItemInPos	thuong	SdachSM	790		1	100	1519	2884			0		0	0	0	0	Xu©n-Ngù K×nh	0	122	294	100	-339109985	2026-06-12 00:12:18	0	0	0	0	2	0	9
20260612-001330	ItemConsume	ClearItemInPos	thuong	SdachSM	790		1	100	1519	2884			0		0	0	0	0	Thiªn-Ngù K×nh	0	122	154	100	-358521000	2026-06-12 00:12:19	0	0	0	0	2	1	9
20260612-001330	ItemConsume	ClearItemInPos	thuong	SdachSM	790		1	100	1519	2884			0		0	0	0	0		0	122	680	100	-1151289985	2026-06-12 00:12:19	0	0	0	0	2	2	9
20260612-001330	ItemConsume	ClearItemInPos	thuong	SdachSM	790		1	100	1519	2884			0		0	0	0	0		0	122	582	100	383692460	2026-06-12 00:12:19	0	0	0	0	2	3	9
20260612-001330	ItemConsume	ClearItemInPos	thuong	SdachSM	790		1	100	1519	2884			0		0	0	0	0	S¬n-Ngäc Ch­íng	0	122	195	100	793104925	2026-06-12 00:12:19	0	0	0	0	2	4	9
20260612-001330	ItemConsume	ClearItemInPos	thuong	SdachSM	790		1	100	1519	2884			0		0	0	0	0		0	122	576	100	-1634115264	2026-06-12 00:12:19	0	0	0	0	2	0	10
20260612-001330	ItemConsume	ClearItemInPos	thuong	SdachSM	790		1	100	1519	2884			0		0	0	0	0	TuyÕt-Hµn T«	0	122	529	100	1296501569	2026-06-12 00:12:20	0	0	0	0	2	1	10
20260612-001330	ItemAdd	3086646439	thuong	SdachSM	790		1	100	1519	2884			0		0	0	0	0	Vâ L©m 2 Shiina	2	1	50001	1	1288215336	2026-06-12 00:13:30	4294905171	0	0	0	-1	-1	-1
20260612-001336	ItemAdd	1897178843	thuong	SdachSM	790		1	100	1519	2884			0		0	0	0	0	Tµng KiÕm Tö Kim m·o	0	103	95	200	1210106090	2026-06-12 00:13:36	18095608	19010846	24063547	7	-1	-1	-1
20260612-001336	ItemAdd	1897178843	thuong	SdachSM	790		1	100	1519	2884			0		0	0	0	0	Kim Lò Th­êng	0	100	95	250	-738142797	2026-06-12 00:13:36	26682049	18156661	24062592	7	-1	-1	-1
20260612-001336	ItemAdd	1897178843	thuong	SdachSM	790		1	100	1519	2884			0		0	0	0	0	Tµng KiÕm ¤ kim phôc	0	101	95	200	-142197264	2026-06-12 00:13:36	25502420	24387768	24063484	7	-1	-1	-1
20260612-001336	ItemAdd	1897178843	thuong	SdachSM	790		1	100	1519	2884			0		0	0	0	0	TiÓu Th­ Giíi ChØ	0	102	36	50	-2101143119	2026-06-12 00:13:36	19009790	19075497	24059117	0	-1	-1	-1
20260612-001336	ItemAdd	1897178843	thuong	SdachSM	790		1	100	1519	2884			0		0	0	0	0	Tr­ëng L·o ChØ Hoµn	0	102	37	50	-627612090	2026-06-12 00:13:36	1516425	8532110	24063150	0	-1	-1	-1
20260612-001336	ItemAdd	1897178843	thuong	SdachSM	790		1	100	1519	2884			0		0	0	0	0	Tµng KiÕm B¶o Ch©u	0	102	38	100	1595569983	2026-06-12 00:13:36	6695899	5188681	5254138	0	-1	-1	-1
20260612-001336	ItemAdd	1897178843	thuong	SdachSM	790		1	100	1519	2884			0		0	0	0	0	Tµng KiÕm Kú Th¹ch	0	102	39	100	-169237652	2026-06-12 00:13:36	6695451	25563318	0	0	-1	-1	-1
20260612-001336	ItemAdd	1897178843	thuong	SdachSM	790		1	100	1519	2884			0		0	0	0	0	Tµng KiÕm Kim Ên	0	102	40	100	488715640	2026-06-12 00:13:36	6696035	23935491	0	0	-1	-1	-1
20260612-001340	ItemAdd	3574353432	thuong	SdachSM	790		1	100	1519	2884			0		0	0	0	0	DiÖu D­¬ng-§é ¸ch T«n G	0	103	3132	200	-709211914	2026-06-12 00:13:40	18096825	852495966	42417932	15	-1	-1	-1
20260612-001340	ItemAdd	3574353432	thuong	SdachSM	790		1	100	1519	2884			0		0	0	0	0	DiÖu D­¬ng-§é ¸ch T«n G	0	100	3132	250	-1446542417	2026-06-12 00:13:40	852111217	55908933	42613000	15	-1	-1	-1
20260612-001340	ItemAdd	3574353432	thuong	SdachSM	790		1	100	1519	2884			0		0	0	0	0	DiÖu D­¬ng-§é ¸ch T«n G	0	101	3132	200	-1114624868	2026-06-12 00:13:40	852175860	852630252	42482838	15	-1	-1	-1
20260612-001340	ItemAdd	3574353432	thuong	SdachSM	790		1	100	1519	2884			0		0	0	0	0	DiÖu D­¬ng-§é ¸ch T«n G	0	8	8994	300	-2049029427	2026-06-12 00:13:40	55320589	42614201	55450980	15	-1	-1	-1
20260612-001340	ItemAdd	3574353432	thuong	SdachSM	790		1	100	1519	2884			0		0	0	0	0	DiÖu D­¬ng Thiªn Cung-¤	0	102	3190	100	2028474002	2026-06-12 00:13:40	42285452	55249714	55189872	0	-1	-1	-1
20260612-001340	ItemAdd	3574353432	thuong	SdachSM	790		1	100	1519	2884			0		0	0	0	0	DiÖu D­¬ng Thiªn Cung-T	0	102	3191	100	-1416873349	2026-06-12 00:13:40	42482330	55250606	55191326	0	-1	-1	-1
20260612-001340	ItemAdd	3574353432	thuong	SdachSM	790		1	100	1519	2884			0		0	0	0	0	DiÖu D­¬ng Thiªn Cung-V	0	102	3192	100	-53313448	2026-06-12 00:13:40	42613250	55250186	55190874	0	-1	-1	-1
20260612-001340	ItemAdd	3574353432	thuong	SdachSM	790		1	100	1519	2884			0		0	0	0	0	DiÖu D­¬ng Thiªn Cung-X	0	102	3193	100	-746986951	2026-06-12 00:13:40	42548101	55250460	55191398	0	-1	-1	-1
20260612-001340	ItemAdd	3574353432	thuong	SdachSM	790		1	100	1519	2884			0		0	0	0	0	DiÖu D­¬ng Thiªn Cung-B	0	102	3194	100	-1845205138	2026-06-12 00:13:40	42416185	55250046	55190950	0	-1	-1	-1
20260612-001344	large_str	AddItem[/script/ksgvn/item/item_test_card.lua|kgm_SetThienChiTangKiem]			0		4174011357	0	0	0			0		0	0	0	0		0	0	0	0	0		0	0	0	0	-1	-1	-1
20260612-001344	ItemAdd	4174011357	thuong	SdachSM	790		1	100	1519	2884			0		0	0	0	0	Thiªn Chi Tµng KiÕm Tö 	0	103	30001	200	1486109959	2026-06-12 00:13:44	18094226	19009551	24062476	7	-1	-1	-1
20260612-001344	ItemAdd	4174011357	thuong	SdachSM	790		1	100	1519	2884			0		0	0	0	0	Thiªn Chi Tµng KiÕm Kim	0	100	30001	250	-752772396	2026-06-12 00:13:44	26683360	18156083	24063873	7	-1	-1	-1
20260612-001344	ItemAdd	4174011357	thuong	SdachSM	790		1	100	1519	2884			0		0	0	0	0	Thiªn Chi Tµng KiÕm ¤ K	0	101	30001	200	-1061382299	2026-06-12 00:13:44	25503718	24389096	24062341	7	-1	-1	-1
20260612-001344	ItemAdd	4174011357	thuong	SdachSM	790		1	100	1519	2884			0		0	0	0	0	Thiªn Chi Tµng KiÕm B¶o	0	102	30001	100	1890926858	2026-06-12 00:13:44	6695913	5188547	5253292	0	-1	-1	-1
20260612-001344	ItemAdd	4174011357	thuong	SdachSM	790		1	100	1519	2884			0		0	0	0	0	Thiªn Chi Tµng KiÕm Kú 	0	102	30002	100	6688851	2026-06-12 00:13:44	6695776	25563790	0	0	-1	-1	-1
20260612-001344	ItemAdd	4174011357	thuong	SdachSM	790		1	100	1519	2884			0		0	0	0	0	Thiªn Chi Tµng KiÕm Kim	0	102	30003	100	659289839	2026-06-12 00:13:44	6695930	23935808	0	0	-1	-1	-1
20260612-001348	large_str	AddItem[/script/ksgvn/item/item_test_card.lua|kgm_ShowMenuNewItem]			0		1112201696	0	0	0			0		0	0	0	0		0	0	0	0	0		0	0	0	0	-1	-1	-1
20260612-001348	ItemAdd	1112201696	thuong	SdachSM	790		1	100	1519	2884			0		0	0	0	0	Viªm §Õ kh«i	0	103	8001	200	-432956719	2026-06-12 00:13:48	1581873	5181789	5247556	15	-1	-1	-1
20260612-001348	ItemAdd	1112201696	thuong	SdachSM	790		1	100	1519	2884			0		0	0	0	0	Viªm §Õ gi¸p	0	100	8001	250	1930720742	2026-06-12 00:13:48	25509589	27532800	5183255	15	-1	-1	-1
20260612-001348	ItemAdd	1112201696	thuong	SdachSM	790		1	100	1519	2884			0		0	0	0	0	Viªm §Õ trang	0	101	8001	200	-1938516129	2026-06-12 00:13:48	25496803	27532708	19009946	15	-1	-1	-1
20260612-001354	ItemAdd	1112201696	thuong	SdachSM	790		1	100	1519	2884			0		0	0	0	0	Thiªn Chi Viªm §Õ kh«i	0	103	8055	200	37388994	2026-06-12 00:13:54	31270502	18158784	18223111	15	-1	-1	-1
20260612-001354	ItemAdd	1112201696	thuong	SdachSM	790		1	100	1519	2884			0		0	0	0	0	Thiªn Chi Viªm §Õ gi¸p	0	100	8055	250	11327083	2026-06-12 00:13:54	38148185	26813029	18158565	15	-1	-1	-1
20260612-001354	ItemAdd	1112201696	thuong	SdachSM	790		1	100	1519	2884			0		0	0	0	0	Thiªn Chi Viªm §Õ trang	0	101	8055	200	-1575686392	2026-06-12 00:13:54	38144856	26813615	18159080	15	-1	-1	-1
20260612-001359	ItemAdd	1112201696	thuong	SdachSM	790		1	100	1519	2884			0		0	0	0	0	B¹ch Kim Viªm §Õ Kh«i	0	103	30013	200	-895181345	2026-06-12 00:13:59	31269607	18159202	18224182	15	-1	-1	-1
20260612-001359	ItemAdd	1112201696	thuong	SdachSM	790		1	100	1519	2884			0		0	0	0	0	B¹ch Kim Viªm §Õ Gi¸p	0	100	30013	250	1550509708	2026-06-12 00:13:59	38148860	26813170	18157874	15	-1	-1	-1
20260612-001359	ItemAdd	1112201696	thuong	SdachSM	790		1	100	1519	2884			0		0	0	0	0	B¹ch Kim Viªm §Õ Trang	0	101	30013	200	-1238257795	2026-06-12 00:13:59	38146932	26813448	18157645	15	-1	-1	-1
20260612-001407	ItemAdd	3574353432	thuong	SdachSM	790		1	100	1519	2884			0		0	0	0	0	DiÖu D­¬ng-§é ¸ch T«n G	0	103	3132	200	-1082467100	2026-06-12 00:14:07	18097775	852495407	42417344	15	-1	-1	-1
20260612-001407	ItemAdd	3574353432	thuong	SdachSM	790		1	100	1519	2884			0		0	0	0	0	DiÖu D­¬ng-§é ¸ch T«n G	0	100	3132	250	-606740811	2026-06-12 00:14:07	852111021	55910378	42613788	15	-1	-1	-1
20260612-001407	ItemAdd	3574353432	thuong	SdachSM	790		1	100	1519	2884			0		0	0	0	0	DiÖu D­¬ng-§é ¸ch T«n G	0	101	3132	200	-1547098470	2026-06-12 00:14:07	852175454	852630060	42481675	15	-1	-1	-1
20260612-001407	ItemAdd	3574353432	thuong	SdachSM	790		1	100	1519	2884			0		0	0	0	0	DiÖu D­¬ng-§é ¸ch T«n G	0	8	8994	300	-916266717	2026-06-12 00:14:07	55322031	42613456	55449746	15	-1	-1	-1
20260612-001407	ItemAdd	3574353432	thuong	SdachSM	790		1	100	1519	2884			0		0	0	0	0	DiÖu D­¬ng Thiªn Cung-¤	0	102	3190	100	1846538784	2026-06-12 00:14:07	42286413	55249502	55189888	0	-1	-1	-1
20260612-001407	ItemAdd	3574353432	thuong	SdachSM	790		1	100	1519	2884			0		0	0	0	0	DiÖu D­¬ng Thiªn Cung-T	0	102	3191	100	-954468959	2026-06-12 00:14:07	42482272	55249101	55191252	0	-1	-1	-1
20260612-001407	ItemAdd	3574353432	thuong	SdachSM	790		1	100	1519	2884			0		0	0	0	0	DiÖu D­¬ng Thiªn Cung-V	0	102	3192	100	-823716618	2026-06-12 00:14:07	42613494	55250272	55191088	0	-1	-1	-1
20260612-001407	ItemAdd	3574353432	thuong	SdachSM	790		1	100	1519	2884			0		0	0	0	0	DiÖu D­¬ng Thiªn Cung-X	0	102	3193	100	4800431	2026-06-12 00:14:07	42548322	55249284	55190920	0	-1	-1	-1
20260612-001407	ItemAdd	3574353432	thuong	SdachSM	790		1	100	1519	2884			0		0	0	0	0	DiÖu D­¬ng Thiªn Cung-B	0	102	3194	100	-1452435300	2026-06-12 00:14:07	42416841	55249923	55190929	0	-1	-1	-1
20260612-001415	ItemConsume	ClearItemInPos	thuong	SdachSM	790		1	100	1519	2884			0		0	0	0	0	Vâ L©m 2 Shiina	2	1	50001	1	1288215336	2026-06-12 00:13:30	4294905171	0	0	0	2	0	0
20260612-001415	ItemConsume	ClearItemInPos	thuong	SdachSM	790		149	100	1519	2884			0		0	0	0	0	Th­¬ng H¶i Ch©u CÊp 7 (	2	102	214	149	2126810044	2026-06-12 00:11:42	792328	4294917173	0	0	2	1	0
20260612-001415	ItemConsume	ClearItemInPos	thuong	SdachSM	790		1	100	1519	2884			0		0	0	0	0	Tµng KiÕm Tö Kim m·o	0	103	95	200	1210106090	2026-06-12 00:13:36	18095608	19010846	24063547	7	2	2	0
20260612-001415	ItemConsume	ClearItemInPos	thuong	SdachSM	790		1	100	1519	2884			0		0	0	0	0	Kim Lò Th­êng	0	100	95	250	-738142797	2026-06-12 00:13:36	26682049	18156661	24062592	7	2	3	0
20260612-001415	ItemConsume	ClearItemInPos	thuong	SdachSM	790		1	100	1519	2884			0		0	0	0	0	Tµng KiÕm ¤ kim phôc	0	101	95	200	-142197264	2026-06-12 00:13:36	25502420	24387768	24063484	7	2	4	0
20260612-001415	ItemConsume	ClearItemInPos	thuong	SdachSM	790		1	100	1519	2884			0		0	0	0	0	TiÓu Th­ Giíi ChØ	0	102	36	50	-2101143119	2026-06-12 00:13:36	19009790	19075497	24059117	0	2	0	1
20260612-001415	ItemConsume	ClearItemInPos	thuong	SdachSM	790		1	100	1519	2884			0		0	0	0	0	Tr­ëng L·o ChØ Hoµn	0	102	37	50	-627612090	2026-06-12 00:13:36	1516425	8532110	24063150	0	2	1	1
20260612-001415	ItemConsume	ClearItemInPos	thuong	SdachSM	790		1	100	1519	2884			0		0	0	0	0	Tµng KiÕm B¶o Ch©u	0	102	38	100	1595569983	2026-06-12 00:13:36	6695899	5188681	5254138	0	2	2	1
20260612-001415	ItemConsume	ClearItemInPos	thuong	SdachSM	790		1	100	1519	2884			0		0	0	0	0	Tµng KiÕm Kú Th¹ch	0	102	39	100	-169237652	2026-06-12 00:13:36	6695451	25563318	0	0	2	3	1
20260612-001415	ItemConsume	ClearItemInPos	thuong	SdachSM	790		1	100	1519	2884			0		0	0	0	0	Tµng KiÕm Kim Ên	0	102	40	100	488715640	2026-06-12 00:13:36	6696035	23935491	0	0	2	4	1
20260612-001415	ItemConsume	ClearItemInPos	thuong	SdachSM	790		1	100	1519	2884			0		0	0	0	0	DiÖu D­¬ng-§é ¸ch T«n G	0	103	3132	200	-709211914	2026-06-12 00:13:40	18096825	852495966	42417932	15	2	0	2
20260612-001415	ItemConsume	ClearItemInPos	thuong	SdachSM	790		1	100	1519	2884			0		0	0	0	0	DiÖu D­¬ng-§é ¸ch T«n G	0	100	3132	250	-1446542417	2026-06-12 00:13:40	852111217	55908933	42613000	15	2	1	2
20260612-001415	ItemConsume	ClearItemInPos	thuong	SdachSM	790		1	100	1519	2884			0		0	0	0	0	DiÖu D­¬ng-§é ¸ch T«n G	0	101	3132	200	-1114624868	2026-06-12 00:13:40	852175860	852630252	42482838	15	2	2	2
20260612-001415	ItemConsume	ClearItemInPos	thuong	SdachSM	790		1	100	1519	2884			0		0	0	0	0	DiÖu D­¬ng-§é ¸ch T«n G	0	8	8994	300	-2049029427	2026-06-12 00:13:40	55320589	42614201	55450980	15	2	3	2
20260612-001415	ItemConsume	ClearItemInPos	thuong	SdachSM	790		1	100	1519	2884			0		0	0	0	0	DiÖu D­¬ng Thiªn Cung-¤	0	102	3190	100	2028474002	2026-06-12 00:13:40	42285452	55249714	55189872	0	2	4	2
20260612-001415	ItemConsume	ClearItemInPos	thuong	SdachSM	790		1	100	1519	2884			0		0	0	0	0	DiÖu D­¬ng Thiªn Cung-T	0	102	3191	100	-1416873349	2026-06-12 00:13:40	42482330	55250606	55191326	0	2	0	3
20260612-001415	ItemConsume	ClearItemInPos	thuong	SdachSM	790		1	100	1519	2884			0		0	0	0	0	DiÖu D­¬ng Thiªn Cung-V	0	102	3192	100	-53313448	2026-06-12 00:13:40	42613250	55250186	55190874	0	2	1	3
20260612-001415	ItemConsume	ClearItemInPos	thuong	SdachSM	790		1	100	1519	2884			0		0	0	0	0	DiÖu D­¬ng Thiªn Cung-X	0	102	3193	100	-746986951	2026-06-12 00:13:40	42548101	55250460	55191398	0	2	2	3
20260612-001415	ItemConsume	ClearItemInPos	thuong	SdachSM	790		1	100	1519	2884			0		0	0	0	0	DiÖu D­¬ng Thiªn Cung-B	0	102	3194	100	-1845205138	2026-06-12 00:13:40	42416185	55250046	55190950	0	2	3	3
20260612-001415	ItemConsume	ClearItemInPos	thuong	SdachSM	790		1	100	1519	2884			0		0	0	0	0	Thiªn Chi Tµng KiÕm Tö 	0	103	30001	200	1486109959	2026-06-12 00:13:44	18094226	19009551	24062476	7	2	4	3
20260612-001415	ItemConsume	ClearItemInPos	thuong	SdachSM	790		1	100	1519	2884			0		0	0	0	0	Thiªn Chi Tµng KiÕm Kim	0	100	30001	250	-752772396	2026-06-12 00:13:44	26683360	18156083	24063873	7	2	0	4
20260612-001415	ItemConsume	ClearItemInPos	thuong	SdachSM	790		1	100	1519	2884			0		0	0	0	0	Thiªn Chi Tµng KiÕm ¤ K	0	101	30001	200	-1061382299	2026-06-12 00:13:44	25503718	24389096	24062341	7	2	1	4
20260612-001415	ItemConsume	ClearItemInPos	thuong	SdachSM	790		1	100	1519	2884			0		0	0	0	0	Thiªn Chi Tµng KiÕm B¶o	0	102	30001	100	1890926858	2026-06-12 00:13:44	6695913	5188547	5253292	0	2	2	4
20260612-001415	ItemConsume	ClearItemInPos	thuong	SdachSM	790		1	100	1519	2884			0		0	0	0	0	Thiªn Chi Tµng KiÕm Kú 	0	102	30002	100	6688851	2026-06-12 00:13:44	6695776	25563790	0	0	2	3	4
20260612-001415	ItemConsume	ClearItemInPos	thuong	SdachSM	790		1	100	1519	2884			0		0	0	0	0	Thiªn Chi Tµng KiÕm Kim	0	102	30003	100	659289839	2026-06-12 00:13:44	6695930	23935808	0	0	2	4	4
20260612-001415	ItemConsume	ClearItemInPos	thuong	SdachSM	790		1	100	1519	2884			0		0	0	0	0	Viªm §Õ kh«i	0	103	8001	200	-432956719	2026-06-12 00:13:48	1581873	5181789	5247556	15	2	0	5
20260612-001415	ItemConsume	ClearItemInPos	thuong	SdachSM	790		1	100	1519	2884			0		0	0	0	0	Viªm §Õ gi¸p	0	100	8001	250	1930720742	2026-06-12 00:13:48	25509589	27532800	5183255	15	2	1	5
20260612-001415	ItemConsume	ClearItemInPos	thuong	SdachSM	790		1	100	1519	2884			0		0	0	0	0	Viªm §Õ trang	0	101	8001	200	-1938516129	2026-06-12 00:13:48	25496803	27532708	19009946	15	2	2	5
20260612-001415	ItemConsume	ClearItemInPos	thuong	SdachSM	790		1	100	1519	2884			0		0	0	0	0	Thiªn Chi Viªm §Õ kh«i	0	103	8055	200	37388994	2026-06-12 00:13:54	31270502	18158784	18223111	15	2	3	5
20260612-001415	ItemConsume	ClearItemInPos	thuong	SdachSM	790		1	100	1519	2884			0		0	0	0	0	Thiªn Chi Viªm §Õ gi¸p	0	100	8055	250	11327083	2026-06-12 00:13:54	38148185	26813029	18158565	15	2	4	5
20260612-001415	ItemConsume	ClearItemInPos	thuong	SdachSM	790		1	100	1519	2884			0		0	0	0	0	Thiªn Chi Viªm §Õ trang	0	101	8055	200	-1575686392	2026-06-12 00:13:54	38144856	26813615	18159080	15	2	0	6
20260612-001415	ItemConsume	ClearItemInPos	thuong	SdachSM	790		1	100	1519	2884			0		0	0	0	0	B¹ch Kim Viªm §Õ Kh«i	0	103	30013	200	-895181345	2026-06-12 00:13:59	31269607	18159202	18224182	15	2	1	6
20260612-001415	ItemConsume	ClearItemInPos	thuong	SdachSM	790		1	100	1519	2884			0		0	0	0	0	B¹ch Kim Viªm §Õ Gi¸p	0	100	30013	250	1550509708	2026-06-12 00:13:59	38148860	26813170	18157874	15	2	2	6
20260612-001415	ItemConsume	ClearItemInPos	thuong	SdachSM	790		1	100	1519	2884			0		0	0	0	0	B¹ch Kim Viªm §Õ Trang	0	101	30013	200	-1238257795	2026-06-12 00:13:59	38146932	26813448	18157645	15	2	3	6
20260612-001415	ItemConsume	ClearItemInPos	thuong	SdachSM	790		1	100	1519	2884			0		0	0	0	0	DiÖu D­¬ng-§é ¸ch T«n G	0	103	3132	200	-1082467100	2026-06-12 00:14:07	18097775	852495407	42417344	15	2	4	6
20260612-001415	ItemConsume	ClearItemInPos	thuong	SdachSM	790		1	100	1519	2884			0		0	0	0	0	DiÖu D­¬ng-§é ¸ch T«n G	0	100	3132	250	-606740811	2026-06-12 00:14:07	852111021	55910378	42613788	15	2	0	7
20260612-001415	ItemConsume	ClearItemInPos	thuong	SdachSM	790		1	100	1519	2884			0		0	0	0	0	DiÖu D­¬ng-§é ¸ch T«n G	0	101	3132	200	-1547098470	2026-06-12 00:14:07	852175454	852630060	42481675	15	2	1	7
20260612-001415	ItemConsume	ClearItemInPos	thuong	SdachSM	790		1	100	1519	2884			0		0	0	0	0	DiÖu D­¬ng-§é ¸ch T«n G	0	8	8994	300	-916266717	2026-06-12 00:14:07	55322031	42613456	55449746	15	2	2	7
20260612-001415	ItemConsume	ClearItemInPos	thuong	SdachSM	790		1	100	1519	2884			0		0	0	0	0	DiÖu D­¬ng Thiªn Cung-¤	0	102	3190	100	1846538784	2026-06-12 00:14:07	42286413	55249502	55189888	0	2	3	7
20260612-001415	ItemConsume	ClearItemInPos	thuong	SdachSM	790		1	100	1519	2884			0		0	0	0	0	DiÖu D­¬ng Thiªn Cung-T	0	102	3191	100	-954468959	2026-06-12 00:14:07	42482272	55249101	55191252	0	2	4	7
20260612-001415	ItemConsume	ClearItemInPos	thuong	SdachSM	790		1	100	1519	2884			0		0	0	0	0	DiÖu D­¬ng Thiªn Cung-V	0	102	3192	100	-823716618	2026-06-12 00:14:07	42613494	55250272	55191088	0	2	0	8
20260612-001415	ItemConsume	ClearItemInPos	thuong	SdachSM	790		1	100	1519	2884			0		0	0	0	0	DiÖu D­¬ng Thiªn Cung-X	0	102	3193	100	4800431	2026-06-12 00:14:07	42548322	55249284	55190920	0	2	1	8
20260612-001415	ItemConsume	ClearItemInPos	thuong	SdachSM	790		1	100	1519	2884			0		0	0	0	0	DiÖu D­¬ng Thiªn Cung-B	0	102	3194	100	-1452435300	2026-06-12 00:14:07	42416841	55249923	55190929	0	2	2	8
20260612-001415	ItemAdd	3086646439	thuong	SdachSM	790		1	100	1519	2884			0		0	0	0	0	Vâ L©m 2 Shiina	2	1	50001	1	782648999	2026-06-12 00:14:15	4294904989	0	0	0	-1	-1	-1
20260612-001418	ItemAdd	3574353432	thuong	SdachSM	790		1	100	1519	2884			0		0	0	0	0	ChiÕn Cuång Phæ TÕ M¹o	0	103	30147	200	-1920204835	2026-06-12 00:14:18	871959399	852499430	47262346	15	-1	-1	-1
20260612-001418	ItemAdd	3574353432	thuong	SdachSM	790		1	100	1519	2884			0		0	0	0	0	ChiÕn Cuång Phæ TÕ Bµo	0	100	30147	250	-594279198	2026-06-12 00:14:18	872488498	872421976	47130998	15	-1	-1	-1
20260612-001418	ItemAdd	3574353432	thuong	SdachSM	790		1	100	1519	2884			0		0	0	0	0	ChiÕn Cuång Phæ TÕ Tran	0	101	30147	200	73841419	2026-06-12 00:14:18	872486303	872814140	47263513	15	-1	-1	-1
20260612-001418	ItemAdd	3574353432	thuong	SdachSM	790		1	100	1519	2884			0		0	0	0	0	ChiÕn Cuång ThiÒn §Þnh 	0	8	30147	300	1168459816	2026-06-12 00:14:18	872486933	873074709	873793969	15	-1	-1	-1
20260612-001426	large_str	AddItem[/script/ksgvn/item/item_test_card.lua|kgm_ShowMenuBook]			0		3220264017	0	0	0			0		0	0	0	0		0	0	0	0	0		0	0	0	0	-1	-1	-1
20260612-001426	ItemAdd	3220264017	thuong	SdachSM	790		1	100	1519	2884			0		0	0	0	0	V« TrÇn Bå §Ò Ch©n QuyÓ	0	107	30003	0	756959385	2026-06-12 00:14:26	251724544	252642051	131585	0	-1	-1	-1
20260612-001426	ItemAdd	3220264017	thuong	SdachSM	790		1	100	1519	2884			0		0	0	0	0	V« TrÇn Bå §Ò Ch©n QuyÓ	0	107	30003	0	1795723503	2026-06-12 00:14:26	251724544	252642051	131585	0	-1	-1	-1
20260612-001431	large_str	AddItem[/script/ksgvn/item/item_test_card.lua|book_AddMasterBook]			0		1128904464	0	0	0			0		0	0	0	0		0	0	0	0	0		0	0	0	0	-1	-1	-1
20260612-001431	ItemAdd	1128904464	thuong	SdachSM	790		1	100	1519	2884			0		0	0	0	0	TÈy Tñy Kinh	0	112	103	0	-494915285	2026-06-12 00:14:31	0	0	7680	0	-1	-1	-1
20260612-001434	ItemAdd	3220264017	thuong	SdachSM	790		1	100	1519	2884			0		0	0	0	0	[BÝ §iÓn] MËt TÞch V« T	0	107	30047	0	-924431547	2026-06-12 00:14:34	335610880	336855812	197377	0	-1	-1	-1
20260612-001434	ItemAdd	3220264017	thuong	SdachSM	790		1	100	1519	2884			0		0	0	0	0	[BÝ §iÓn] MËt TÞch V« T	0	107	30047	0	274768571	2026-06-12 00:14:34	335610624	336855812	196865	0	-1	-1	-1
20260612-001452	ItemAdd	3220264017	thuong	SdachSM	790		1	100	1519	2884			0		0	0	0	0	V« TrÇn MËt tÞch	0	107	5	0	-559197453	2026-06-12 00:14:52	151061248	117703170	131073	0	-1	-1	-1
20260612-001452	ItemAdd	3220264017	thuong	SdachSM	790		1	100	1519	2884			0		0	0	0	0	V« TrÇn MËt tÞch	0	107	5	0	-1975441351	2026-06-12 00:14:52	117507072	84083202	132097	0	-1	-1	-1
20260612-001452	ItemAdd	3220264017	thuong	SdachSM	790		1	100	1519	2884			0		0	0	0	0	V« TrÇn T©m Ph¸p	0	107	6	0	1002844047	2026-06-12 00:14:52	117506560	184812290	131329	0	-1	-1	-1
20260612-001452	ItemAdd	3220264017	thuong	SdachSM	790		1	100	1519	2884			0		0	0	0	0	V« TrÇn T©m Ph¸p	0	107	6	0	-863023499	2026-06-12 00:14:52	83952128	151323650	131329	0	-1	-1	-1
20260612-001455	large_str	AddItem[/script/ksgvn/item/item_test_card.lua|book_AddYeuQuyet]			0		4247153898	0	0	0			0		0	0	0	0		0	0	0	0	0		0	0	0	0	-1	-1	-1
20260612-001455	ItemAdd	4247153898	thuong	SdachSM	790		1	100	1519	2884			0		0	0	0	0	R­¬ng YÕu QuyÕt_S¬	2	1	50005	1	-1132344801	2026-06-12 00:14:55	1314477	0	0	0	-1	-1	-1
20260612-001456	ItemConsume	ExpendIdx	thuong	SdachSM	790		1	100	1519	2884			0		0	0	0	0	R­¬ng YÕu QuyÕt_S¬	2	1	50005	1	-1132344801	2026-06-12 00:14:55	1314477	0	0	0	2	4	2
20260612-001456	ItemAdd	2916245822	thuong	SdachSM	790		1	100	1519	2884			0		0	0	0	0	Phôc Hæ quyÕt	2	6	21	1	-548712291	2026-06-12 00:14:56	4294917172	0	0	0	-1	-1	-1
20260612-001456	ItemAdd	2916245822	thuong	SdachSM	790		1	100	1519	2884			0		0	0	0	0	Tu T©m quyÕt	2	6	22	1	1113191586	2026-06-12 00:14:56	4294917662	597948	0	0	-1	-1	-1
20260612-001456	ItemAdd	2916245822	thuong	SdachSM	790		1	100	1519	2884			0		0	0	0	0	Ngò ChuyÓn ChØ quyÕt	2	6	23	1	700046567	2026-06-12 00:14:56	4294917754	0	0	0	-1	-1	-1
20260612-001456	ItemAdd	2916245822	thuong	SdachSM	790		1	100	1519	2884			0		0	0	0	0	Ph¸ Ma Chó quyÕt	2	6	24	1	-1572829431	2026-06-12 00:14:56	4066858	0	0	0	-1	-1	-1
20260612-001456	ItemAdd	2916245822	thuong	SdachSM	790		1	100	1519	2884			0		0	0	0	0	Kim Cang yÕu quyÕt	2	6	25	1	2038423483	2026-06-12 00:14:56	4294916180	0	0	0	-1	-1	-1
20260612-001456	ItemAdd	2916245822	thuong	SdachSM	790		1	100	1519	2884			0		0	0	0	0	La L«i quyÕt	2	6	26	1	1256275608	2026-06-12 00:14:56	4294918054	0	0	0	-1	-1	-1
20260612-001456	ItemAdd	2916245822	thuong	SdachSM	790		1	100	1519	2884			0		0	0	0	0	Phôc Ma ThÇn quyÕt	2	6	27	1	459234562	2026-06-12 00:14:56	4294916575	0	0	0	-1	-1	-1
20260612-001456	ItemAdd	2916245822	thuong	SdachSM	790		1	100	1519	2884			0		0	0	0	0	V« T­íng quyÕt	2	6	28	1	-912289220	2026-06-12 00:14:56	4294917405	0	0	0	-1	-1	-1
20260612-001456	ItemAdd	2916245822	thuong	SdachSM	790		1	100	1519	2884			0		0	0	0	0	S­ Tö Hèng	2	6	29	1	-360886074	2026-06-12 00:14:56	4294916198	0	0	0	-1	-1	-1
20260612-001456	ItemAdd	2916245822	thuong	SdachSM	790		1	100	1519	2884			0		0	0	0	0	Minh Chó quyÕt	2	6	30	1	-986508353	2026-06-12 00:14:56	4294917049	0	0	0	-1	-1	-1
20260612-001456	ItemAdd	2916245822	thuong	SdachSM	790		1	100	1519	2884			0		0	0	0	0	Kim Cang ChØ quyÕt	2	6	31	1	1287931553	2026-06-12 00:14:56	4294916791	0	0	0	-1	-1	-1
20260612-001501	large_str	AddItem[/script/ksgvn/item/item_test_card.lua|book_AddCoPho]			0		2745890032	0	0	0			0		0	0	0	0		0	0	0	0	0		0	0	0	0	-1	-1	-1
20260612-001501	ItemAdd	2745890032	thuong	SdachSM	790		10	100	1519	2884			0		0	0	0	0	Cæ Phæ-Tói Tµn QuyÓn	2	1	50028	10	-1157456780	2026-06-12 00:15:01	4294903989	4001010	0	0	-1	-1	-1
20260612-001502	ItemConsume	ExpendIdx	thuong	SdachSM	790		1	100	1519	2884			0		0	0	0	0	Cæ Phæ-Tói Tµn QuyÓn	2	1	50028	9	-1157456780	2026-06-12 00:15:01	4294903989	4001010	0	0	2	0	5
20260612-001502	large_str	AddItem[/script/ksgvn/item/item_tui_copho_tanquyen.lua|NoFunc]			0		2433920595	0	0	0			0		0	0	0	0		0	0	0	0	0		0	0	0	0	-1	-1	-1
20260612-001502	ItemAdd	2433920595	thuong	SdachSM	790		1	100	1519	2884			0		0	0	0	0	[Tµn quyÓn] D­¬ng Gia B	2	1	50130	1	-203569251	2026-06-12 00:15:02	4294904041	0	0	0	-1	-1	-1
20260612-001503	ItemConsume	ExpendIdx	thuong	SdachSM	790		1	100	1519	2884			0		0	0	0	0	Cæ Phæ-Tói Tµn QuyÓn	2	1	50028	8	-1157456780	2026-06-12 00:15:01	4294903989	4001010	0	0	2	0	5
20260612-001503	ItemAdd	2433920595	thuong	SdachSM	790		1	100	1519	2884			0		0	0	0	0	[Tµn quyÓn] M·n Thiªn H	2	1	50060	1	441505454	2026-06-12 00:15:03	4294905301	0	0	0	-1	-1	-1
20260612-001503	ItemConsume	ExpendIdx	thuong	SdachSM	790		1	100	1519	2884			0		0	0	0	0	Cæ Phæ-Tói Tµn QuyÓn	2	1	50028	7	-1157456780	2026-06-12 00:15:01	4294903989	4001010	0	0	2	0	5
20260612-001503	ItemAdd	2433920595	thuong	SdachSM	790		1	100	1519	2884			0		0	0	0	0	[Tµn quyÓn] D­¬ng Gia B	2	1	50130	1	976127431	2026-06-12 00:15:03	1968359	4294903963	0	0	-1	-1	-1
20260612-001512	large_str	AddItem[/script/ksgvn/item/item_test_card.lua|kgm_SetHaoHiep]			0		3459182290	0	0	0			0		0	0	0	0		0	0	0	0	0		0	0	0	0	-1	-1	-1
20260612-001512	ItemAdd	3459182290	thuong	SdachSM	790		1	100	1519	2884			0		0	0	0	0	Hµo HiÖp §Çu	0	103	30568	200	-1572734132	2026-06-12 00:15:12	0	0	0	0	-1	-1	-1
20260612-001512	ItemAdd	3459182290	thuong	SdachSM	790		1	100	1519	2884			0		0	0	0	0	Hµo HiÖp y	0	100	30568	250	-498078122	2026-06-12 00:15:12	0	0	0	0	-1	-1	-1
20260612-001512	ItemAdd	3459182290	thuong	SdachSM	790		1	100	1519	2884			0		0	0	0	0	Hµo HiÖp Trang	0	101	30568	200	-1455830165	2026-06-12 00:15:12	0	0	0	0	-1	-1	-1
20260612-001512	ItemAdd	3459182290	thuong	SdachSM	790		1	100	1519	2884			0		0	0	0	0	Hµo HiÖp Giíi	0	102	31126	100	43370504	2026-06-12 00:15:12	0	0	0	0	-1	-1	-1
20260612-001512	ItemAdd	3459182290	thuong	SdachSM	790		1	100	1519	2884			0		0	0	0	0	Hµo HiÖp Béi	0	102	31127	100	-1357502990	2026-06-12 00:15:12	0	0	0	0	-1	-1	-1
20260612-001512	ItemAdd	3459182290	thuong	SdachSM	790		1	100	1519	2884			0		0	0	0	0	Hµo HiÖp Tr­îng	0	8	30725	300	-1044826452	2026-06-12 00:15:12	0	0	0	7	-1	-1	-1
20260612-001525	large_str	AddItem[/script/ksgvn/item/item_test_card.lua|kgm_SetHaoHiepVoHa]			0		3174822709	0	0	0			0		0	0	0	0		0	0	0	0	0		0	0	0	0	-1	-1	-1
20260612-001525	ItemAdd	3174822709	thuong	SdachSM	790		1	100	1519	2884			0		0	0	0	0	V« H¹ Hµo HiÖp LÖnh (Nã	2	1	30944	1	-960486909	2026-06-12 00:15:25	4294905125	0	0	0	-1	-1	-1
20260612-001525	ItemAdd	3174822709	thuong	SdachSM	790		1	100	1519	2884			0		0	0	0	0	V« H¹ Hµo HiÖp LÖnh (¸o	2	1	30945	1	-1824174976	2026-06-12 00:15:25	4294905417	0	0	0	-1	-1	-1
20260612-001525	ItemAdd	3174822709	thuong	SdachSM	790		1	100	1519	2884			0		0	0	0	0	V« H¹ Hµo HiÖp LÖnh (Qu	2	1	30946	1	-403695574	2026-06-12 00:15:25	4294905534	0	0	0	-1	-1	-1
20260612-001525	ItemAdd	3174822709	thuong	SdachSM	790		1	100	1519	2884			0		0	0	0	0	V« H¹ Hµo HiÖp LÖnh (Vò	2	1	30973	1	-565259100	2026-06-12 00:15:25	4394962	4294904428	0	0	-1	-1	-1
20260612-001525	ItemAdd	3174822709	thuong	SdachSM	790		1	100	1519	2884			0		0	0	0	0	V« H¹ Hµo HiÖp LÖnh (Tr	2	1	30974	1	-1408303119	2026-06-12 00:15:25	4294904472	0	0	0	-1	-1	-1
20260612-001525	ItemAdd	3174822709	thuong	SdachSM	790		1	100	1519	2884			0		0	0	0	0	V« H¹ Hµo HiÖp LÖnh (Tr	2	1	30974	1	1627994502	2026-06-12 00:15:25	4294905795	0	0	0	-1	-1	-1
20260612-001533	ItemConsume	ExpendIdx	thuong	SdachSM	790		1	100	1519	2884			0		0	0	0	0	V« H¹ Hµo HiÖp LÖnh (¸o	2	1	30945	1	-1824174976	2026-06-12 00:15:25	4294905417	0	0	0	2	0	7
20260612-001533	large_str	AddItem[/settings/static_script/item/item_hfl_haoxia2.lua|NoFunc]			0		3178215494	0	0	0			0		0	0	0	0		0	0	0	0	0		0	0	0	0	-1	-1	-1
20260612-001533	ItemAdd	3178215494	thuong	SdachSM	790		1	100	1519	2884			0		0	0	0	0	¸o Hµo HiÖp-V« H¹	0	100	30569	250	2030897945	2026-06-12 00:15:33	0	0	0	0	-1	-1	-1
20260612-001542	large_str	AddItem[/script/ksgvn/item/item_test_card.lua|kgm_ShowMenuVipItem]			0		96862040	0	0	0			0		0	0	0	0		0	0	0	0	0		0	0	0	0	-1	-1	-1
20260612-001542	ItemAdd	96862040	thuong	SdachSM	790		1	100	1519	2884			0		0	0	0	0	V« Song ChiÕn ThÇn Kh«i	0	103	30651	200	-758392761	2026-06-12 00:15:42	0	0	0	15	-1	-1	-1
20260612-001542	ItemAdd	96862040	thuong	SdachSM	790		1	100	1519	2884			0		0	0	0	0	V« Song ChiÕn ThÇn Gi¸p	0	100	30651	200	1425909097	2026-06-12 00:15:42	0	0	0	15	-1	-1	-1
20260612-001542	ItemAdd	96862040	thuong	SdachSM	790		1	100	1519	2884			0		0	0	0	0	V« Song ChiÕn ThÇn Tran	0	101	30651	200	-1524532965	2026-06-12 00:15:42	0	0	0	15	-1	-1	-1
20260612-001549	ItemAdd	96862040	thuong	SdachSM	790		1	100	1519	2884			0		0	0	0	0	Thiªn H¹ V« Song Kh«i	0	103	30207	200	-327874104	2026-06-12 00:15:49	0	0	0	15	-1	-1	-1
20260612-001549	ItemAdd	96862040	thuong	SdachSM	790		1	100	1519	2884			0		0	0	0	0	Thiªn H¹ V« Song Gi¸p	0	100	30207	200	-1904982606	2026-06-12 00:15:49	0	0	0	15	-1	-1	-1
20260612-001549	ItemAdd	96862040	thuong	SdachSM	790		1	100	1519	2884			0		0	0	0	0	Thiªn H¹ V« Song Trang	0	101	30207	200	1140656695	2026-06-12 00:15:49	0	0	0	15	-1	-1	-1
20260612-001620	ItemConsume	ClearItemInPos	thuong	SdachSM	790		1	100	1519	2884			0		0	0	0	0	Vâ L©m 2 Shiina	2	1	50001	1	782648999	2026-06-12 00:14:15	4294904989	0	0	0	2	0	0
20260612-001620	ItemConsume	ClearItemInPos	thuong	SdachSM	790		1	100	1519	2884			0		0	0	0	0	ChiÕn Cuång Phæ TÕ M¹o	0	103	30147	200	-1920204835	2026-06-12 00:14:18	871959399	852499430	47262346	15	2	1	0
20260612-001620	ItemConsume	ClearItemInPos	thuong	SdachSM	790		1	100	1519	2884			0		0	0	0	0	ChiÕn Cuång Phæ TÕ Bµo	0	100	30147	250	-594279198	2026-06-12 00:14:18	872488498	872421976	47130998	15	2	2	0
20260612-001620	ItemConsume	ClearItemInPos	thuong	SdachSM	790		1	100	1519	2884			0		0	0	0	0	ChiÕn Cuång Phæ TÕ Tran	0	101	30147	200	73841419	2026-06-12 00:14:18	872486303	872814140	47263513	15	2	3	0
20260612-001620	ItemConsume	ClearItemInPos	thuong	SdachSM	790		1	100	1519	2884			0		0	0	0	0	ChiÕn Cuång ThiÒn §Þnh 	0	8	30147	300	1168459816	2026-06-12 00:14:18	872486933	873074709	873793969	15	2	4	0
20260612-001620	ItemConsume	ClearItemInPos	thuong	SdachSM	790		1	100	1519	2884			0		0	0	0	0	V« TrÇn Bå §Ò Ch©n QuyÓ	0	107	30003	0	756959385	2026-06-12 00:14:26	251724544	252642051	131585	0	2	0	1
20260612-001620	ItemConsume	ClearItemInPos	thuong	SdachSM	790		1	100	1519	2884			0		0	0	0	0	V« TrÇn Bå §Ò Ch©n QuyÓ	0	107	30003	0	1795723503	2026-06-12 00:14:26	251724544	252642051	131585	0	2	1	1
20260612-001620	ItemConsume	ClearItemInPos	thuong	SdachSM	790		1	100	1519	2884			0		0	0	0	0	TÈy Tñy Kinh	0	112	103	0	-494915285	2026-06-12 00:14:31	0	0	7680	0	2	2	1
20260612-001620	ItemConsume	ClearItemInPos	thuong	SdachSM	790		1	100	1519	2884			0		0	0	0	0	[BÝ §iÓn] MËt TÞch V« T	0	107	30047	0	-924431547	2026-06-12 00:14:34	335610880	336855812	197377	0	2	3	1
20260612-001620	ItemConsume	ClearItemInPos	thuong	SdachSM	790		1	100	1519	2884			0		0	0	0	0	[BÝ §iÓn] MËt TÞch V« T	0	107	30047	0	274768571	2026-06-12 00:14:34	335610624	336855812	196865	0	2	4	1
20260612-001620	ItemConsume	ClearItemInPos	thuong	SdachSM	790		1	100	1519	2884			0		0	0	0	0	V« TrÇn MËt tÞch	0	107	5	0	-559197453	2026-06-12 00:14:52	151061248	117703170	131073	0	2	0	2
20260612-001620	ItemConsume	ClearItemInPos	thuong	SdachSM	790		1	100	1519	2884			0		0	0	0	0	V« TrÇn MËt tÞch	0	107	5	0	-1975441351	2026-06-12 00:14:52	117507072	84083202	132097	0	2	1	2
20260612-001620	ItemConsume	ClearItemInPos	thuong	SdachSM	790		1	100	1519	2884			0		0	0	0	0	V« TrÇn T©m Ph¸p	0	107	6	0	1002844047	2026-06-12 00:14:52	117506560	184812290	131329	0	2	2	2
20260612-001620	ItemConsume	ClearItemInPos	thuong	SdachSM	790		1	100	1519	2884			0		0	0	0	0	V« TrÇn T©m Ph¸p	0	107	6	0	-863023499	2026-06-12 00:14:52	83952128	151323650	131329	0	2	3	2
20260612-001620	ItemConsume	ClearItemInPos	thuong	SdachSM	790		1	100	1519	2884			0		0	0	0	0	Phôc Hæ quyÕt	2	6	21	1	-548712291	2026-06-12 00:14:56	4294917172	0	0	0	2	4	2
20260612-001620	ItemConsume	ClearItemInPos	thuong	SdachSM	790		1	100	1519	2884			0		0	0	0	0	Tu T©m quyÕt	2	6	22	1	1113191586	2026-06-12 00:14:56	4294917662	597948	0	0	2	0	3
20260612-001620	ItemConsume	ClearItemInPos	thuong	SdachSM	790		1	100	1519	2884			0		0	0	0	0	Ngò ChuyÓn ChØ quyÕt	2	6	23	1	700046567	2026-06-12 00:14:56	4294917754	0	0	0	2	1	3
20260612-001620	ItemConsume	ClearItemInPos	thuong	SdachSM	790		1	100	1519	2884			0		0	0	0	0	Ph¸ Ma Chó quyÕt	2	6	24	1	-1572829431	2026-06-12 00:14:56	4066858	0	0	0	2	2	3
20260612-001620	ItemConsume	ClearItemInPos	thuong	SdachSM	790		1	100	1519	2884			0		0	0	0	0	Kim Cang yÕu quyÕt	2	6	25	1	2038423483	2026-06-12 00:14:56	4294916180	0	0	0	2	3	3
20260612-001620	ItemConsume	ClearItemInPos	thuong	SdachSM	790		1	100	1519	2884			0		0	0	0	0	La L«i quyÕt	2	6	26	1	1256275608	2026-06-12 00:14:56	4294918054	0	0	0	2	4	3
20260612-001620	ItemConsume	ClearItemInPos	thuong	SdachSM	790		1	100	1519	2884			0		0	0	0	0	Phôc Ma ThÇn quyÕt	2	6	27	1	459234562	2026-06-12 00:14:56	4294916575	0	0	0	2	0	4
20260612-001620	ItemConsume	ClearItemInPos	thuong	SdachSM	790		1	100	1519	2884			0		0	0	0	0	V« T­íng quyÕt	2	6	28	1	-912289220	2026-06-12 00:14:56	4294917405	0	0	0	2	1	4
20260612-001620	ItemConsume	ClearItemInPos	thuong	SdachSM	790		1	100	1519	2884			0		0	0	0	0	S­ Tö Hèng	2	6	29	1	-360886074	2026-06-12 00:14:56	4294916198	0	0	0	2	2	4
20260612-001620	ItemConsume	ClearItemInPos	thuong	SdachSM	790		1	100	1519	2884			0		0	0	0	0	Minh Chó quyÕt	2	6	30	1	-986508353	2026-06-12 00:14:56	4294917049	0	0	0	2	3	4
20260612-001620	ItemConsume	ClearItemInPos	thuong	SdachSM	790		1	100	1519	2884			0		0	0	0	0	Kim Cang ChØ quyÕt	2	6	31	1	1287931553	2026-06-12 00:14:56	4294916791	0	0	0	2	4	4
20260612-001620	ItemConsume	ClearItemInPos	thuong	SdachSM	790		7	100	1519	2884			0		0	0	0	0	Cæ Phæ-Tói Tµn QuyÓn	2	1	50028	7	-1157456780	2026-06-12 00:15:01	4294903989	4001010	0	0	2	0	5
20260612-001620	ItemConsume	ClearItemInPos	thuong	SdachSM	790		2	100	1519	2884			0		0	0	0	0	[Tµn quyÓn] D­¬ng Gia B	2	1	50130	2	-203569251	2026-06-12 00:15:02	4294904041	0	0	0	2	1	5
20260612-001620	ItemConsume	ClearItemInPos	thuong	SdachSM	790		1	100	1519	2884			0		0	0	0	0	[Tµn quyÓn] M·n Thiªn H	2	1	50060	1	441505454	2026-06-12 00:15:03	4294905301	0	0	0	2	2	5
20260612-001620	ItemConsume	ClearItemInPos	thuong	SdachSM	790		1	100	1519	2884			0		0	0	0	0	Hµo HiÖp §Çu	0	103	30568	200	-1572734132	2026-06-12 00:15:12	0	0	0	0	2	3	5
20260612-001620	ItemConsume	ClearItemInPos	thuong	SdachSM	790		1	100	1519	2884			0		0	0	0	0	Hµo HiÖp y	0	100	30568	250	-498078122	2026-06-12 00:15:12	0	0	0	0	2	4	5
20260612-001620	ItemConsume	ClearItemInPos	thuong	SdachSM	790		1	100	1519	2884			0		0	0	0	0	Hµo HiÖp Trang	0	101	30568	200	-1455830165	2026-06-12 00:15:12	0	0	0	0	2	0	6
20260612-001620	ItemConsume	ClearItemInPos	thuong	SdachSM	790		1	100	1519	2884			0		0	0	0	0	DiÖu D­¬ng Thiªn Cung-V	0	102	3192	100	1236544176	2026-06-12 00:05:53	42613033	55250461	55190959	0	2	1	6
20260612-001620	ItemConsume	ClearItemInPos	thuong	SdachSM	790		1	100	1519	2884			0		0	0	0	0	DiÖu D­¬ng Thiªn Cung-B	0	102	3194	100	-1958781690	2026-06-12 00:05:53	42417733	55249938	55191187	0	2	2	6
20260612-001620	ItemConsume	ClearItemInPos	thuong	SdachSM	790		1	100	1519	2884			0		0	0	0	0	Hµo HiÖp Tr­îng	0	8	30725	300	-1044826452	2026-06-12 00:15:12	0	0	0	7	2	3	6
20260612-001620	ItemConsume	ClearItemInPos	thuong	SdachSM	790		1	100	1519	2884			0		0	0	0	0	V« H¹ Hµo HiÖp LÖnh (Nã	2	1	30944	1	-960486909	2026-06-12 00:15:25	4294905125	0	0	0	2	4	6
20260612-001620	ItemConsume	ClearItemInPos	thuong	SdachSM	790		1	100	1519	2884			0		0	0	0	0	¸o Hµo HiÖp-V« H¹	0	100	30569	250	2030897945	2026-06-12 00:15:33	0	0	0	0	2	0	7
20260612-001620	ItemConsume	ClearItemInPos	thuong	SdachSM	790		1	100	1519	2884			0		0	0	0	0	V« H¹ Hµo HiÖp LÖnh (Qu	2	1	30946	1	-403695574	2026-06-12 00:15:25	4294905534	0	0	0	2	1	7
20260612-001620	ItemConsume	ClearItemInPos	thuong	SdachSM	790		1	100	1519	2884			0		0	0	0	0	V« H¹ Hµo HiÖp LÖnh (Vò	2	1	30973	1	-565259100	2026-06-12 00:15:25	4394962	4294904428	0	0	2	2	7
20260612-001620	ItemConsume	ClearItemInPos	thuong	SdachSM	790		1	100	1519	2884			0		0	0	0	0	V« H¹ Hµo HiÖp LÖnh (Tr	2	1	30974	1	-1408303119	2026-06-12 00:15:25	4294904472	0	0	0	2	3	7
20260612-001620	ItemConsume	ClearItemInPos	thuong	SdachSM	790		1	100	1519	2884			0		0	0	0	0	V« H¹ Hµo HiÖp LÖnh (Tr	2	1	30974	1	1627994502	2026-06-12 00:15:25	4294905795	0	0	0	2	4	7
20260612-001620	ItemConsume	ClearItemInPos	thuong	SdachSM	790		1	100	1519	2884			0		0	0	0	0	V« Song ChiÕn ThÇn Kh«i	0	103	30651	200	-758392761	2026-06-12 00:15:42	0	0	0	15	2	0	8
20260612-001620	ItemConsume	ClearItemInPos	thuong	SdachSM	790		1	100	1519	2884			0		0	0	0	0	V« Song ChiÕn ThÇn Gi¸p	0	100	30651	200	1425909097	2026-06-12 00:15:42	0	0	0	15	2	1	8
20260612-001620	ItemConsume	ClearItemInPos	thuong	SdachSM	790		1	100	1519	2884			0		0	0	0	0	V« Song ChiÕn ThÇn Tran	0	101	30651	200	-1524532965	2026-06-12 00:15:42	0	0	0	15	2	2	8
20260612-001620	ItemConsume	ClearItemInPos	thuong	SdachSM	790		1	100	1519	2884			0		0	0	0	0	Thiªn H¹ V« Song Kh«i	0	103	30207	200	-327874104	2026-06-12 00:15:49	0	0	0	15	2	3	8
20260612-001620	ItemConsume	ClearItemInPos	thuong	SdachSM	790		1	100	1519	2884			0		0	0	0	0	Thiªn H¹ V« Song Gi¸p	0	100	30207	200	-1904982606	2026-06-12 00:15:49	0	0	0	15	2	4	8
20260612-001620	ItemConsume	ClearItemInPos	thuong	SdachSM	790		1	100	1519	2884			0		0	0	0	0	Thiªn H¹ V« Song Trang	0	101	30207	200	1140656695	2026-06-12 00:15:49	0	0	0	15	2	0	9
20260612-001620	ItemAdd	3086646439	thuong	SdachSM	790		1	100	1519	2884			0		0	0	0	0	Vâ L©m 2 Shiina	2	1	50001	1	-867217787	2026-06-12 00:16:20	4459845	4328573	0	0	-1	-1	-1
20260612-001625	ItemAdd	96862040	thuong	SdachSM	790		1	100	1519	2884			0		0	0	0	0	NhÉn V« Cùc	0	102	31130	100	-125499906	2026-06-12 00:16:25	925239452	925306335	0	0	-1	-1	-1
20260612-001625	ItemAdd	96862040	thuong	SdachSM	790		1	100	1519	2884			0		0	0	0	0	Minh Tinh Chi Giíi	0	102	31131	100	-1985083158	2026-06-12 00:16:25	925239656	925306250	0	0	-1	-1	-1
20260612-001649	large_str	AddItem[/script/ksgvn/item/item_test_card.lua|kgm_ShowMenuVanSucItem]			0		1064233157	0	0	0			0		0	0	0	0		0	0	0	0	0		0	0	0	0	-1	-1	-1
20260612-001649	ItemAdd	1064233157	thuong	SdachSM	790		1	100	1519	2884			0		0	0	0	0	Kh¾c B¶n Hoµn Mü CÊp 4 	2	1	31405	1	701817790	2026-06-12 00:16:49	4294908960	0	0	0	-1	-1	-1
20260612-001649	ItemAdd	1064233157	thuong	SdachSM	790		1	100	1519	2884			0		0	0	0	0	Kh¾c B¶n Hoµn Mü CÊp 4 	2	1	31406	1	-546720745	2026-06-12 00:16:49	4461295	4294908838	0	0	-1	-1	-1
20260612-001649	ItemAdd	1064233157	thuong	SdachSM	790		1	100	1519	2884			0		0	0	0	0	Kh¾c B¶n Hoµn Mü CÊp 4 	2	1	31407	1	1906944432	2026-06-12 00:16:49	4294908912	0	0	0	-1	-1	-1
20260612-001649	ItemAdd	1064233157	thuong	SdachSM	790		1	100	1519	2884			0		0	0	0	0	Kh¾c B¶n Hoµn Mü CÊp 4 	2	1	31408	1	-253067151	2026-06-12 00:16:49	4294909539	0	0	0	-1	-1	-1
20260612-001649	ItemAdd	1064233157	thuong	SdachSM	790		1	100	1519	2884			0		0	0	0	0	Kh¾c B¶n Hoµn Mü CÊp 4 	2	1	31409	1	1173193315	2026-06-12 00:16:49	4294908369	0	0	0	-1	-1	-1
20260612-001700	ItemConsume	ExpendIdx	thuong	SdachSM	790		1	100	1519	2884			0		0	0	0	0	Kh¾c B¶n Hoµn Mü CÊp 4 	2	1	31405	1	701817790	2026-06-12 00:16:49	4294908960	0	0	0	2	3	0
20260612-001700	large_str	AddItem[/script/isolate/functions/armory/item/armory_box_nb_lv4.lua|NoFunc]			0		1354988485	0	0	0			0		0	0	0	0		0	0	0	0	0		0	0	0	0	-1	-1	-1
20260612-001700	ItemAdd	1354988485	thuong	SdachSM	790		1	100	1519	2884			0		0	0	0	0	TrÇm Sa Thiªn V¨n	0	116	35	100	1032425606	2026-06-12 00:17:00	2047936512	2048526336	2049574912	0	-1	-1	-1
20260612-001713	ItemConsume	ExpendIdx	thuong	SdachSM	790		1	100	1519	2884			0		0	0	0	0	Kh¾c B¶n Hoµn Mü CÊp 4 	2	1	31406	1	-546720745	2026-06-12 00:16:49	4461295	4294908838	0	0	2	4	0
20260612-001713	ItemAdd	1354988485	thuong	SdachSM	790		1	100	1519	2884			0		0	0	0	0	ChÝch Viªm ChiÕn V¨n	0	113	34	100	-53323028	2026-06-12 00:17:13	2047936512	2048526336	2049574912	0	-1	-1	-1
20260612-001718	ItemConsume	ExpendIdx	thuong	SdachSM	790		1	100	1519	2884			0		0	0	0	0	Kh¾c B¶n Hoµn Mü CÊp 4 	2	1	31407	1	1906944432	2026-06-12 00:16:49	4294908912	0	0	0	2	0	1
20260612-001718	ItemAdd	1354988485	thuong	SdachSM	790		1	100	1519	2884			0		0	0	0	0	L¹c Thñy HuyÒn V¨n	0	114	33	100	1151878632	2026-06-12 00:17:18	2047936512	2048526336	2049574912	0	-1	-1	-1
20260612-001725	ItemConsume	ExpendIdx	thuong	SdachSM	790		1	100	1519	2884			0		0	0	0	0	Kh¾c B¶n Hoµn Mü CÊp 4 	2	1	31408	1	-253067151	2026-06-12 00:16:49	4294909539	0	0	0	2	1	1
20260612-001725	ItemAdd	1354988485	thuong	SdachSM	790		1	100	1519	2884			0		0	0	0	0	Xu©n Huy §iªu Søc	0	115	32	100	-156090870	2026-06-12 00:17:25	2047936512	2048526336	2049574912	0	-1	-1	-1
20260612-001730	ItemConsume	ExpendIdx	thuong	SdachSM	790		1	100	1519	2884			0		0	0	0	0	Kh¾c B¶n Hoµn Mü CÊp 4 	2	1	31409	1	1173193315	2026-06-12 00:16:49	4294908369	0	0	0	2	2	1
20260612-001730	ItemAdd	1354988485	thuong	SdachSM	790		1	100	1519	2884			0		0	0	0	0	Hóc D­¬ng Béi Søc	0	117	31	100	-427507082	2026-06-12 00:17:30	2047936512	2048526336	2049574912	0	-1	-1	-1
20260612-001755	large_str	AddItem[/script/ksgvn/item/item_test_card.lua|kgm_NhanNLVanSuc]			0		4062716329	0	0	0			0		0	0	0	0		0	0	0	0	0		0	0	0	0	-1	-1	-1
20260612-001755	ItemAdd	4062716329	thuong	SdachSM	790		100	100	1519	2884			0		0	0	0	0	L­u Kim	2	1	31096	100	-1471452524	2026-06-12 00:17:55	592849	4294905460	0	0	-1	-1	-1
20260612-001755	ItemAdd	4062716329	thuong	SdachSM	790		100	100	1519	2884			0		0	0	0	0	Thiªn V¨n Th¹ch	2	201	13	100	867943114	2026-06-12 00:17:55	67862	0	0	0	-1	-1	-1
20260612-001755	ItemAdd	4062716329	thuong	SdachSM	790		1	100	1519	2884			0		0	0	0	0	Cæ Kim Th¹ch	2	201	14	1	1562861666	2026-06-12 00:17:55	4294904251	0	0	0	-1	-1	-1
20260612-001755	ItemAdd	4062716329	thuong	SdachSM	790		1	100	1519	2884			0		0	0	0	0	Cæ Kim Th¹ch	2	201	14	1	760805532	2026-06-12 00:17:55	4294904879	724447	0	0	-1	-1	-1
20260612-001755	ItemAdd	4062716329	thuong	SdachSM	790		1	100	1519	2884			0		0	0	0	0	Cæ Kim Th¹ch	2	201	14	1	562133650	2026-06-12 00:17:55	69379	0	0	0	-1	-1	-1
20260612-001755	ItemAdd	4062716329	thuong	SdachSM	790		1	100	1519	2884			0		0	0	0	0	Cæ Kim Th¹ch	2	201	14	1	184543308	2026-06-12 00:17:55	4294905142	0	0	0	-1	-1	-1
20260612-001755	ItemAdd	4062716329	thuong	SdachSM	790		1	100	1519	2884			0		0	0	0	0	Cæ Kim Th¹ch	2	201	14	1	-1945566378	2026-06-12 00:17:55	4294904306	0	0	0	-1	-1	-1
20260612-001755	ItemAdd	4062716329	thuong	SdachSM	790		1	100	1519	2884			0		0	0	0	0	§iÓm Tinh Ngäc-Nhá	2	201	16	1	-4533712	2026-06-12 00:17:55	4294904546	0	0	0	-1	-1	-1
20260612-001755	ItemAdd	4062716329	thuong	SdachSM	790		1	100	1519	2884			0		0	0	0	0	§iÓm Tinh Ngäc-Nhá	2	201	16	1	555052890	2026-06-12 00:17:55	4294904866	0	0	0	-1	-1	-1
20260612-001755	ItemAdd	4062716329	thuong	SdachSM	790		1	100	1519	2884			0		0	0	0	0	§iÓm Tinh Ngäc-Nhá	2	201	16	1	1656924500	2026-06-12 00:17:55	4294905346	0	0	0	-1	-1	-1
20260612-001755	ItemAdd	4062716329	thuong	SdachSM	790		1	100	1519	2884			0		0	0	0	0	§iÓm Tinh Ngäc-Nhá	2	201	16	1	1174284261	2026-06-12 00:17:55	7212442	0	0	0	-1	-1	-1
20260612-001755	ItemAdd	4062716329	thuong	SdachSM	790		1	100	1519	2884			0		0	0	0	0	§iÓm Tinh Ngäc-Nhá	2	201	16	1	390310685	2026-06-12 00:17:55	790262	4294904308	0	0	-1	-1	-1
20260612-001814	ItemConsume	ExpendIdx	thuong	SdachSM	790		1	100	1519	2884			0		0	0	0	0	§iÓm Tinh Ngäc-Nhá	2	201	16	1	-4533712	2026-06-12 00:17:55	4294904546	0	0	0	8	1	0
20260612-001822	ItemConsume	ExpendIdx	thuong	SdachSM	790		1	100	1519	2884			0		0	0	0	0	§iÓm Tinh Ngäc-Nhá	2	201	16	1	555052890	2026-06-12 00:17:55	4294904866	0	0	0	8	1	0
20260612-001831	ItemConsume	ExpendIdx	thuong	SdachSM	790		1	100	1519	2884			0		0	0	0	0	§iÓm Tinh Ngäc-Nhá	2	201	16	1	1656924500	2026-06-12 00:17:55	4294905346	0	0	0	8	1	0
20260612-001839	ItemConsume	ExpendIdx	thuong	SdachSM	790		1	100	1519	2884			0		0	0	0	0	§iÓm Tinh Ngäc-Nhá	2	201	16	1	1174284261	2026-06-12 00:17:55	7212442	0	0	0	8	1	0
20260612-001850	ItemConsume	ExpendIdx	thuong	SdachSM	790		1	100	1519	2884			0		0	0	0	0	§iÓm Tinh Ngäc-Nhá	2	201	16	1	390310685	2026-06-12 00:17:55	790262	4294904308	0	0	8	1	0
20260612-001901	large_str	AddItem[/script/ksgvn/item/item_test_card.lua|kgm_ShowMenuKimXaItem]			0		1324356344	0	0	0			0		0	0	0	0		0	0	0	0	0		0	0	0	0	-1	-1	-1
20260612-001901	ItemAdd	1324356344	thuong	SdachSM	790		1	100	1519	2884			0		0	0	0	0	Phi Phong Tinh Huy	0	152	38	100	563418367	2026-06-12 00:19:01	0	0	0	15	-1	-1	-1
20260612-001901	ItemAdd	1324356344	thuong	SdachSM	790		1	100	1519	2884			0		0	0	0	0	Huy Ch­¬ng Tinh Huy	0	153	38	100	1056416812	2026-06-12 00:19:01	0	0	0	15	-1	-1	-1
20260612-001901	ItemAdd	1324356344	thuong	SdachSM	790		1	100	1519	2884			0		0	0	0	0	Giµy Tinh Huy	0	154	38	100	945117593	2026-06-12 00:19:01	0	0	0	15	-1	-1	-1
20260612-001901	ItemAdd	1324356344	thuong	SdachSM	790		1	100	1519	2884			0		0	0	0	0	Phi Phong NguyÖt KhuyÕt	0	152	40	100	1150964427	2026-06-12 00:19:01	0	0	0	15	-1	-1	-1
20260612-001901	ItemAdd	1324356344	thuong	SdachSM	790		1	100	1519	2884			0		0	0	0	0	Huy Ch­¬ng NguyÖt KhuyÕ	0	153	40	100	2001484809	2026-06-12 00:19:01	0	0	0	15	-1	-1	-1
20260612-001901	ItemAdd	1324356344	thuong	SdachSM	790		1	100	1519	2884			0		0	0	0	0	Giµy NguyÖt KhuyÕt	0	154	40	100	-113705878	2026-06-12 00:19:01	0	0	0	15	-1	-1	-1
20260612-001901	ItemAdd	1324356344	thuong	SdachSM	790		1	100	1519	2884			0		0	0	0	0	Phi Phong Háa S¸t	0	152	39	100	-1606251804	2026-06-12 00:19:01	0	0	0	15	-1	-1	-1
20260612-001901	ItemAdd	1324356344	thuong	SdachSM	790		1	100	1519	2884			0		0	0	0	0	Huy Ch­¬ng Háa S¸t	0	153	39	100	1989794990	2026-06-12 00:19:01	0	0	0	15	-1	-1	-1
20260612-001901	ItemAdd	1324356344	thuong	SdachSM	790		1	100	1519	2884			0		0	0	0	0	Giµy Háa S¸t	0	154	39	100	-1875999801	2026-06-12 00:19:01	0	0	0	15	-1	-1	-1
20260612-001911	large_str	AddItem[/script/global/playerloginin.lua|get_type_callback]			0		340420183	0	0	0			0		0	0	0	0		0	0	0	0	0		0	0	0	0	-1	-1	-1
20260612-001911	ItemAdd	340420183	thuong	SdachSM	790		1	100	1519	2884			0		0	0	0	0	CÈm Nang §¹i Sù KiÖn	2	1	30045	1	1525226662	2026-06-12 00:19:11	2048	2048	2048	0	-1	-1	-1
20260612-001911	ItemAdd	340420183	thuong	SdachSM	790		1	100	1519	2884			0		0	0	0	0	NguyÖt L­îng Thè luyÖn 	2	0	1043	1	1942557983	2026-06-12 00:19:11	2048	2048	2048	0	-1	-1	-1
20260612-001911	ItemAdd	340420183	thuong	SdachSM	790		1	100	1519	2884			0		0	0	0	0	TiÕu ng¹o giang hå lôc	2	1	30240	1	-1061475589	2026-06-12 00:19:11	2048	2048	2048	0	-1	-1	-1
20260612-001911	ItemAdd	340420183	thuong	SdachSM	790		1	100	1519	2884			0		0	0	0	0	Bøc th­ thÇn bÝ	2	0	30052	1	1441471192	2026-06-12 00:19:11	2048	2048	2048	0	-1	-1	-1
20260612-001942	ItemAdd	1324356344	thuong	SdachSM	790		1	100	1520	2890			0		0	0	0	0	Phi Phong S¸t Lang	0	152	35	100	-1049297581	2026-06-12 00:19:42	0	0	0	15	-1	-1	-1
20260612-001942	ItemAdd	1324356344	thuong	SdachSM	790		1	100	1520	2890			0		0	0	0	0	Huy Ch­¬ng S¸t Lang	0	153	35	100	980375056	2026-06-12 00:19:42	0	0	0	15	-1	-1	-1
20260612-001942	ItemAdd	1324356344	thuong	SdachSM	790		1	100	1520	2890			0		0	0	0	0	Giµy S¸t Lang	0	154	35	100	2103491130	2026-06-12 00:19:42	0	0	0	15	-1	-1	-1
20260612-001942	ItemAdd	1324356344	thuong	SdachSM	790		1	100	1520	2890			0		0	0	0	0	Phi Phong Méng S¸t	0	152	37	100	820845791	2026-06-12 00:19:42	0	0	0	15	-1	-1	-1
20260612-001942	ItemAdd	1324356344	thuong	SdachSM	790		1	100	1520	2890			0		0	0	0	0	Huy Ch­¬ng Méng S¸t	0	153	37	100	-921509480	2026-06-12 00:19:42	0	0	0	15	-1	-1	-1
20260612-001942	ItemAdd	1324356344	thuong	SdachSM	790		1	100	1520	2890			0		0	0	0	0	Giµy Méng S¸t	0	154	37	100	2128500738	2026-06-12 00:19:42	0	0	0	15	-1	-1	-1
20260612-001942	ItemAdd	1324356344	thuong	SdachSM	790		1	100	1520	2890			0		0	0	0	0	Phi Phong NhuÖ Nha	0	152	36	100	461940028	2026-06-12 00:19:42	0	0	0	15	-1	-1	-1
20260612-001942	ItemAdd	1324356344	thuong	SdachSM	790		1	100	1520	2890			0		0	0	0	0	Huy Ch­¬ng NhuÖ Nha	0	153	36	100	-118360343	2026-06-12 00:19:42	0	0	0	15	-1	-1	-1
20260612-001942	ItemAdd	1324356344	thuong	SdachSM	790		1	100	1520	2890			0		0	0	0	0	Giµy NhuÖ Nha	0	154	36	100	1441664478	2026-06-12 00:19:42	0	0	0	15	-1	-1	-1
20260612-002001	large_str	AddItem[/script/ksgvn/item/item_test_card.lua|kgm_ShowMenuBattleItem]			0		2834304296	0	0	0			0		0	0	0	0		0	0	0	0	0		0	0	0	0	-1	-1	-1
20260612-002001	ItemAdd	2834304296	thuong	SdachSM	790		1	100	1520	2890			0		0	0	0	0	Tèng-Chu T­íc T­íng Kh«	0	103	32260	360	125433706	2026-06-12 00:20:01	977144013	977275904	977341663	15	-1	-1	-1
20260612-002001	ItemAdd	2834304296	thuong	SdachSM	790		1	100	1520	2890			0		0	0	0	0	Tèng-Chu T­íc T­íng Y	0	100	32260	360	298036787	2026-06-12 00:20:01	977145273	977275111	977407800	15	-1	-1	-1
20260612-002001	ItemAdd	2834304296	thuong	SdachSM	790		1	100	1520	2890			0		0	0	0	0	Tèng-Chu T­íc T­íng Tra	0	101	32260	360	-155787152	2026-06-12 00:20:01	977145825	977276464	977473510	15	-1	-1	-1
20260612-002001	ItemAdd	2834304296	thuong	SdachSM	790		1	100	1520	2890			0		0	0	0	0	Tèng-Chu T­íc T­íng LÖn	0	102	31853	100	-971059663	2026-06-12 00:20:01	977144448	977865083	977603555	0	-1	-1	-1
20260612-002001	ItemAdd	2834304296	thuong	SdachSM	790		1	100	1520	2890			0		0	0	0	0	Tèng-Chu T­íc T­íng LÖn	0	102	31875	100	226694342	2026-06-12 00:20:01	977145325	977865793	980158770	0	-1	-1	-1
20260612-002001	ItemAdd	2834304296	thuong	SdachSM	790		1	100	1520	2890			0		0	0	0	0	Tèng-Chu T­íc T­íng LÖn	0	102	31897	100	-996988993	2026-06-12 00:20:01	977145454	977866597	980224111	0	-1	-1	-1
20260612-002001	ItemAdd	2834304296	thuong	SdachSM	790		1	100	1520	2890			0		0	0	0	0	Tèng-Chu T­íc T­íng Tr­	0	8	32550	300	-1054933524	2026-06-12 00:20:01	977733898	978127993	949294612	15	-1	-1	-1
20260612-002108	ItemAdd	1324356344	thuong	SdachSM	790		1	100	1519	2885			0		0	0	0	0	Phi Phong Tinh Huy	0	152	38	100	2112159905	2026-06-12 00:21:08	0	0	0	15	-1	-1	-1
20260612-002108	ItemAdd	1324356344	thuong	SdachSM	790		1	100	1519	2885			0		0	0	0	0	Huy Ch­¬ng Tinh Huy	0	153	38	100	1994700642	2026-06-12 00:21:08	0	0	0	15	-1	-1	-1
20260612-002108	ItemAdd	1324356344	thuong	SdachSM	790		1	100	1519	2885			0		0	0	0	0	Giµy Tinh Huy	0	154	38	100	-65287513	2026-06-12 00:21:08	0	0	0	15	-1	-1	-1
20260612-002108	ItemAdd	1324356344	thuong	SdachSM	790		1	100	1519	2885			0		0	0	0	0	Phi Phong NguyÖt KhuyÕt	0	152	40	100	1858076677	2026-06-12 00:21:08	0	0	0	15	-1	-1	-1
20260612-002108	ItemAdd	1324356344	thuong	SdachSM	790		1	100	1519	2885			0		0	0	0	0	Huy Ch­¬ng NguyÖt KhuyÕ	0	153	40	100	96759338	2026-06-12 00:21:08	0	0	0	15	-1	-1	-1
20260612-002108	ItemAdd	1324356344	thuong	SdachSM	790		1	100	1519	2885			0		0	0	0	0	Giµy NguyÖt KhuyÕt	0	154	40	100	-1792132109	2026-06-12 00:21:08	0	0	0	15	-1	-1	-1
20260612-002108	ItemAdd	1324356344	thuong	SdachSM	790		1	100	1519	2885			0		0	0	0	0	Phi Phong Háa S¸t	0	152	39	100	1625964405	2026-06-12 00:21:08	0	0	0	15	-1	-1	-1
20260612-002108	ItemAdd	1324356344	thuong	SdachSM	790		1	100	1519	2885			0		0	0	0	0	Huy Ch­¬ng Háa S¸t	0	153	39	100	61171290	2026-06-12 00:21:08	0	0	0	15	-1	-1	-1
20260612-002108	ItemAdd	1324356344	thuong	SdachSM	790		1	100	1519	2885			0		0	0	0	0	Giµy Háa S¸t	0	154	39	100	-335964076	2026-06-12 00:21:08	0	0	0	15	-1	-1	-1
20260612-002112	ItemConsume	ClearItemInPos	thuong	SdachSM	790		1	100	1519	2885			0		0	0	0	0	Vâ L©m 2 Shiina	2	1	50001	1	-867217787	2026-06-12 00:16:20	4459845	4328573	0	0	2	0	0
20260612-002112	ItemConsume	ClearItemInPos	thuong	SdachSM	790		1	100	1519	2885			0		0	0	0	0	Hµo HiÖp Giíi	0	102	31126	100	43370504	2026-06-12 00:15:12	0	0	0	0	2	1	0
20260612-002112	ItemConsume	ClearItemInPos	thuong	SdachSM	790		1	100	1519	2885			0		0	0	0	0	Hµo HiÖp Béi	0	102	31127	100	-1357502990	2026-06-12 00:15:12	0	0	0	0	2	2	0
20260612-002112	ItemConsume	ClearItemInPos	thuong	SdachSM	790		100	100	1519	2885			0		0	0	0	0	L­u Kim	2	1	31096	100	-1471452524	2026-06-12 00:17:55	592849	4294905460	0	0	2	3	0
20260612-002112	ItemConsume	ClearItemInPos	thuong	SdachSM	790		100	100	1519	2885			0		0	0	0	0	Thiªn V¨n Th¹ch	2	201	13	100	867943114	2026-06-12 00:17:55	67862	0	0	0	2	4	0
20260612-002112	ItemConsume	ClearItemInPos	thuong	SdachSM	790		1	100	1519	2885			0		0	0	0	0	Cæ Kim Th¹ch	2	201	14	1	1562861666	2026-06-12 00:17:55	4294904251	0	0	0	2	0	1
20260612-002112	ItemConsume	ClearItemInPos	thuong	SdachSM	790		1	100	1519	2885			0		0	0	0	0	Cæ Kim Th¹ch	2	201	14	1	760805532	2026-06-12 00:17:55	4294904879	724447	0	0	2	1	1
20260612-002112	ItemConsume	ClearItemInPos	thuong	SdachSM	790		1	100	1519	2885			0		0	0	0	0	Cæ Kim Th¹ch	2	201	14	1	562133650	2026-06-12 00:17:55	69379	0	0	0	2	2	1
20260612-002112	ItemConsume	ClearItemInPos	thuong	SdachSM	790		1	100	1519	2885			0		0	0	0	0	Cæ Kim Th¹ch	2	201	14	1	184543308	2026-06-12 00:17:55	4294905142	0	0	0	2	3	1
20260612-002112	ItemConsume	ClearItemInPos	thuong	SdachSM	790		1	100	1519	2885			0		0	0	0	0	Cæ Kim Th¹ch	2	201	14	1	-1945566378	2026-06-12 00:17:55	4294904306	0	0	0	2	4	1
20260612-002112	ItemConsume	ClearItemInPos	thuong	SdachSM	790		1	100	1519	2885			0		0	0	0	0	Phi Phong Tinh Huy	0	152	38	100	563418367	2026-06-12 00:19:01	0	0	0	15	2	0	2
20260612-002112	ItemConsume	ClearItemInPos	thuong	SdachSM	790		1	100	1519	2885			0		0	0	0	0	Huy Ch­¬ng Tinh Huy	0	153	38	100	1056416812	2026-06-12 00:19:01	0	0	0	15	2	1	2
20260612-002112	ItemConsume	ClearItemInPos	thuong	SdachSM	790		1	100	1519	2885			0		0	0	0	0	Giµy Tinh Huy	0	154	38	100	945117593	2026-06-12 00:19:01	0	0	0	15	2	2	2
20260612-002112	ItemConsume	ClearItemInPos	thuong	SdachSM	790		1	100	1519	2885			0		0	0	0	0	Phi Phong NguyÖt KhuyÕt	0	152	40	100	1150964427	2026-06-12 00:19:01	0	0	0	15	2	3	2
20260612-002112	ItemConsume	ClearItemInPos	thuong	SdachSM	790		1	100	1519	2885			0		0	0	0	0	Huy Ch­¬ng NguyÖt KhuyÕ	0	153	40	100	2001484809	2026-06-12 00:19:01	0	0	0	15	2	4	2
20260612-002112	ItemConsume	ClearItemInPos	thuong	SdachSM	790		1	100	1519	2885			0		0	0	0	0	Giµy NguyÖt KhuyÕt	0	154	40	100	-113705878	2026-06-12 00:19:01	0	0	0	15	2	0	3
20260612-002112	ItemConsume	ClearItemInPos	thuong	SdachSM	790		1	100	1519	2885			0		0	0	0	0	Phi Phong Háa S¸t	0	152	39	100	-1606251804	2026-06-12 00:19:01	0	0	0	15	2	1	3
20260612-002112	ItemConsume	ClearItemInPos	thuong	SdachSM	790		1	100	1519	2885			0		0	0	0	0	Huy Ch­¬ng Háa S¸t	0	153	39	100	1989794990	2026-06-12 00:19:01	0	0	0	15	2	2	3
20260612-002112	ItemConsume	ClearItemInPos	thuong	SdachSM	790		1	100	1519	2885			0		0	0	0	0	Giµy Háa S¸t	0	154	39	100	-1875999801	2026-06-12 00:19:01	0	0	0	15	2	3	3
20260612-002112	ItemConsume	ClearItemInPos	thuong	SdachSM	790		1	100	1519	2885			0		0	0	0	0	CÈm Nang §¹i Sù KiÖn	2	1	30045	1	1525226662	2026-06-12 00:19:11	2048	2048	2048	0	2	4	3
20260612-002112	ItemConsume	ClearItemInPos	thuong	SdachSM	790		1	100	1519	2885			0		0	0	0	0	NguyÖt L­îng Thè luyÖn 	2	0	1043	1	1942557983	2026-06-12 00:19:11	2048	2048	2048	0	2	0	4
20260612-002112	ItemConsume	ClearItemInPos	thuong	SdachSM	790		1	100	1519	2885			0		0	0	0	0	TiÕu ng¹o giang hå lôc	2	1	30240	1	-1061475589	2026-06-12 00:19:11	2048	2048	2048	0	2	1	4
20260612-002112	ItemConsume	ClearItemInPos	thuong	SdachSM	790		1	100	1519	2885			0		0	0	0	0	Bøc th­ thÇn bÝ	2	0	30052	1	1441471192	2026-06-12 00:19:11	2048	2048	2048	0	2	2	4
20260612-002112	ItemConsume	ClearItemInPos	thuong	SdachSM	790		1	100	1519	2885			0		0	0	0	0	Phi Phong NhuÖ Nha	0	152	36	100	461940028	2026-06-12 00:19:42	0	0	0	15	2	3	4
20260612-002112	ItemConsume	ClearItemInPos	thuong	SdachSM	790		1	100	1519	2885			0		0	0	0	0	Huy Ch­¬ng NhuÖ Nha	0	153	36	100	-118360343	2026-06-12 00:19:42	0	0	0	15	2	4	4
20260612-002112	ItemConsume	ClearItemInPos	thuong	SdachSM	790		1	100	1519	2885			0		0	0	0	0	Giµy NhuÖ Nha	0	154	36	100	1441664478	2026-06-12 00:19:42	0	0	0	15	2	0	5
20260612-002112	ItemConsume	ClearItemInPos	thuong	SdachSM	790		1	100	1519	2885			0		0	0	0	0	Phi Phong Méng S¸t	0	152	37	100	820845791	2026-06-12 00:19:42	0	0	0	15	2	1	5
20260612-002112	ItemConsume	ClearItemInPos	thuong	SdachSM	790		1	100	1519	2885			0		0	0	0	0	Huy Ch­¬ng Méng S¸t	0	153	37	100	-921509480	2026-06-12 00:19:42	0	0	0	15	2	2	5
20260612-002112	ItemConsume	ClearItemInPos	thuong	SdachSM	790		1	100	1519	2885			0		0	0	0	0	Giµy Méng S¸t	0	154	37	100	2128500738	2026-06-12 00:19:42	0	0	0	15	2	3	5
20260612-002112	ItemConsume	ClearItemInPos	thuong	SdachSM	790		1	100	1519	2885			0		0	0	0	0	ChiÕn Cuång Phæ TÕ M¹o	0	103	30147	200	647336041	2026-06-12 00:07:48	871959965	852500050	47263090	15	2	4	5
20260612-002112	ItemConsume	ClearItemInPos	thuong	SdachSM	790		1	100	1519	2885			0		0	0	0	0	ChiÕn Cuång Phæ TÕ Bµo	0	100	30147	250	-1517009570	2026-06-12 00:07:48	872488564	872422879	47131210	15	2	0	6
20260612-002112	ItemConsume	ClearItemInPos	thuong	SdachSM	790		1	100	1519	2885			0		0	0	0	0	ChiÕn Cuång Phæ TÕ Tran	0	101	30147	200	1256984119	2026-06-12 00:07:48	872485779	872814231	47262612	15	2	1	6
20260612-002112	ItemConsume	ClearItemInPos	thuong	SdachSM	790		1	100	1519	2885			0		0	0	0	0	NhÉn V« Cùc	0	102	31130	100	-125499906	2026-06-12 00:16:25	925239452	925306335	0	0	2	2	6
20260612-002112	ItemConsume	ClearItemInPos	thuong	SdachSM	790		1	100	1519	2885			0		0	0	0	0	Minh Tinh Chi Giíi	0	102	31131	100	-1985083158	2026-06-12 00:16:25	925239656	925306250	0	0	2	3	6
20260612-002112	ItemConsume	ClearItemInPos	thuong	SdachSM	790		1	100	1519	2885			0		0	0	0	0	Tèng-Chu T­íc T­íng LÖn	0	102	31897	100	-996988993	2026-06-12 00:20:01	977145454	977866597	980224111	0	2	4	6
20260612-002112	ItemConsume	ClearItemInPos	thuong	SdachSM	790		1	100	1519	2885			0		0	0	0	0	DiÖu D­¬ng-§é ¸ch T«n G	0	8	8994	300	95293277	2026-06-12 00:08:10	55320814	42613142	55451285	15	2	0	7
20260612-002112	ItemConsume	ClearItemInPos	thuong	SdachSM	790		1	100	1519	2885			0		0	0	0	0	Phi Phong Tinh Huy	0	152	38	100	2112159905	2026-06-12 00:21:08	0	0	0	15	2	1	7
20260612-002112	ItemConsume	ClearItemInPos	thuong	SdachSM	790		1	100	1519	2885			0		0	0	0	0	Huy Ch­¬ng Tinh Huy	0	153	38	100	1994700642	2026-06-12 00:21:08	0	0	0	15	2	2	7
20260612-002112	ItemConsume	ClearItemInPos	thuong	SdachSM	790		1	100	1519	2885			0		0	0	0	0	Giµy Tinh Huy	0	154	38	100	-65287513	2026-06-12 00:21:08	0	0	0	15	2	3	7
20260612-002112	ItemConsume	ClearItemInPos	thuong	SdachSM	790		1	100	1519	2885			0		0	0	0	0	Phi Phong NguyÖt KhuyÕt	0	152	40	100	1858076677	2026-06-12 00:21:08	0	0	0	15	2	4	7
20260612-002112	ItemConsume	ClearItemInPos	thuong	SdachSM	790		1	100	1519	2885			0		0	0	0	0	Huy Ch­¬ng NguyÖt KhuyÕ	0	153	40	100	96759338	2026-06-12 00:21:08	0	0	0	15	2	0	8
20260612-002112	ItemConsume	ClearItemInPos	thuong	SdachSM	790		1	100	1519	2885			0		0	0	0	0	Giµy NguyÖt KhuyÕt	0	154	40	100	-1792132109	2026-06-12 00:21:08	0	0	0	15	2	1	8
20260612-002112	ItemConsume	ClearItemInPos	thuong	SdachSM	790		1	100	1519	2885			0		0	0	0	0	Phi Phong Háa S¸t	0	152	39	100	1625964405	2026-06-12 00:21:08	0	0	0	15	2	2	8
20260612-002112	ItemConsume	ClearItemInPos	thuong	SdachSM	790		1	100	1519	2885			0		0	0	0	0	Huy Ch­¬ng Háa S¸t	0	153	39	100	61171290	2026-06-12 00:21:08	0	0	0	15	2	3	8
20260612-002112	ItemConsume	ClearItemInPos	thuong	SdachSM	790		1	100	1519	2885			0		0	0	0	0	Giµy Háa S¸t	0	154	39	100	-335964076	2026-06-12 00:21:08	0	0	0	15	2	4	8
20260612-002112	ItemAdd	3086646439	thuong	SdachSM	790		1	100	1519	2885			0		0	0	0	0	Vâ L©m 2 Shiina	2	1	50001	1	1704905461	2026-06-12 00:21:12	1314363	0	0	0	-1	-1	-1
20260612-002120	ItemAdd	2834304296	thuong	SdachSM	790		1	100	1519	2885			0		0	0	0	0	Tèng-Uy Hæ T­íng Qu©n K	0	103	32172	360	-1699356028	2026-06-12 00:21:20	946998952	952240724	947128685	15	-1	-1	-1
20260612-002120	ItemAdd	2834304296	thuong	SdachSM	790		1	100	1519	2885			0		0	0	0	0	Tèng-Uy Hæ T­íng Qu©n Y	0	100	32172	360	-1406423851	2026-06-12 00:21:20	946997553	952241550	947259784	15	-1	-1	-1
20260612-002120	ItemAdd	2834304296	thuong	SdachSM	790		1	100	1519	2885			0		0	0	0	0	Tèng-Uy Hæ T­íng Qu©n T	0	101	32172	360	204097338	2026-06-12 00:21:20	946999036	952241521	947195557	15	-1	-1	-1
20260612-002120	ItemAdd	2834304296	thuong	SdachSM	790		1	100	1519	2885			0		0	0	0	0	Tèng-Uy Hæ T­íng Qu©n L	0	102	31543	100	-1585174973	2026-06-12 00:21:20	946998154	947391120	947652701	0	-1	-1	-1
20260612-002120	ItemAdd	2834304296	thuong	SdachSM	790		1	100	1519	2885			0		0	0	0	0	Tèng-Uy Hæ T­íng Qu©n L	0	102	31565	100	1272845760	2026-06-12 00:21:20	946997290	947391628	856302167	0	-1	-1	-1
20260612-002120	ItemAdd	2834304296	thuong	SdachSM	790		1	100	1519	2885			0		0	0	0	0	Tèng-Uy Hæ T­íng Qu©n L	0	102	31587	100	1544534465	2026-06-12 00:21:20	946997606	947391039	856367613	0	-1	-1	-1
20260612-002120	ItemAdd	2834304296	thuong	SdachSM	790		1	100	1519	2885			0		0	0	0	0	Tèng-Uy Hæ T­íng Qu©n T	0	8	32264	300	1235477398	2026-06-12 00:21:20	948833267	949028944	949293103	15	-1	-1	-1
20260612-002128	large_str	AddItem[/script/ksgvn/item/item_test_card.lua|kgm_SetPhaHon]			0		1990807953	0	0	0			0		0	0	0	0		0	0	0	0	0		0	0	0	0	-1	-1	-1
20260612-002128	ItemAdd	1990807953	thuong	SdachSM	790		1	100	1519	2885			0		0	0	0	0	Ph¸ Hån LÖnh (§Çu)	2	1	31529	1	-667182945	2026-06-12 00:21:28	1969841	1380276	0	0	-1	-1	-1
20260612-002128	ItemAdd	1990807953	thuong	SdachSM	790		1	100	1519	2885			0		0	0	0	0	Ph¸ Hån LÖnh (¸o)	2	1	31530	1	-1264073667	2026-06-12 00:21:28	4294903928	0	0	0	-1	-1	-1
20260612-002128	ItemAdd	1990807953	thuong	SdachSM	790		1	100	1519	2885			0		0	0	0	0	Ph¸ Hån LÖnh (QuÇn)	2	1	31531	1	256264386	2026-06-12 00:21:28	4294904149	0	0	0	-1	-1	-1
20260612-002128	ItemAdd	1990807953	thuong	SdachSM	790		1	100	1519	2885			0		0	0	0	0	Ph¸ Hån LÖnh (Vò KhÝ)	2	1	31532	1	-1703504789	2026-06-12 00:21:28	4294905493	1510475	0	0	-1	-1	-1
20260612-002128	ItemAdd	1990807953	thuong	SdachSM	790		1	100	1519	2885			0		0	0	0	0	Ph¸ Hån LÖnh (Trang Søc	2	1	31533	1	-1473115820	2026-06-12 00:21:28	4294904698	0	0	0	-1	-1	-1
20260612-002128	ItemAdd	1990807953	thuong	SdachSM	790		1	100	1519	2885			0		0	0	0	0	Ph¸ Hån LÖnh (Trang Søc	2	1	31533	1	-1970731035	2026-06-12 00:21:28	4294905430	0	0	0	-1	-1	-1
20260612-002134	ItemConsume	ExpendIdx	thuong	SdachSM	790		1	100	1519	2885			0		0	0	0	0	Ph¸ Hån LÖnh (QuÇn)	2	1	31531	1	256264386	2026-06-12 00:21:28	4294904149	0	0	0	2	0	2
20260612-002134	large_str	AddItem[/settings/static_script/item/item_pohun.lua|NoFunc]			0		2447690182	0	0	0			0		0	0	0	0		0	0	0	0	0		0	0	0	0	-1	-1	-1
20260612-002134	ItemAdd	2447690182	thuong	SdachSM	790		1	100	1519	2885			0		0	0	0	0	QuÇn Ph¸ Hån	0	101	32347	360	-314678258	2026-06-12 00:21:34	0	0	0	0	-1	-1	-1
20260612-002141	ItemAdd	1990807953	thuong	SdachSM	790		1	100	1519	2885			0		0	0	0	0	Ph¸ Hån LÖnh (§Çu)	2	1	31529	1	-2130064203	2026-06-12 00:21:41	4001444	2821466	0	0	-1	-1	-1
20260612-002141	ItemAdd	1990807953	thuong	SdachSM	790		1	100	1519	2885			0		0	0	0	0	Ph¸ Hån LÖnh (¸o)	2	1	31530	1	44023956	2026-06-12 00:21:41	3673778	4294903939	0	0	-1	-1	-1
20260612-002141	ItemAdd	1990807953	thuong	SdachSM	790		1	100	1519	2885			0		0	0	0	0	Ph¸ Hån LÖnh (QuÇn)	2	1	31531	1	1100972961	2026-06-12 00:21:41	3673464	4294905145	0	0	-1	-1	-1
20260612-002141	ItemAdd	1990807953	thuong	SdachSM	790		1	100	1519	2885			0		0	0	0	0	Ph¸ Hån LÖnh (Vò KhÝ)	2	1	31532	1	1518198191	2026-06-12 00:21:41	4294905787	0	0	0	-1	-1	-1
20260612-002141	ItemAdd	1990807953	thuong	SdachSM	790		1	100	1519	2885			0		0	0	0	0	Ph¸ Hån LÖnh (Trang Søc	2	1	31533	1	-2031415652	2026-06-12 00:21:41	4294904994	0	0	0	-1	-1	-1
20260612-002141	ItemAdd	1990807953	thuong	SdachSM	790		1	100	1519	2885			0		0	0	0	0	Ph¸ Hån LÖnh (Trang Søc	2	1	31533	1	-1270459187	2026-06-12 00:21:41	4294905639	0	0	0	-1	-1	-1
20260612-002145	ItemConsume	ClearItemInPos	thuong	SdachSM	790		1	100	1519	2885			0		0	0	0	0	Vâ L©m 2 Shiina	2	1	50001	1	1704905461	2026-06-12 00:21:12	1314363	0	0	0	2	0	0
20260612-002145	ItemConsume	ClearItemInPos	thuong	SdachSM	790		1	100	1519	2885			0		0	0	0	0	Tèng-Uy Hæ T­íng Qu©n K	0	103	32172	360	-1699356028	2026-06-12 00:21:20	946998952	952240724	947128685	15	2	1	0
20260612-002145	ItemConsume	ClearItemInPos	thuong	SdachSM	790		1	100	1519	2885			0		0	0	0	0	Tèng-Uy Hæ T­íng Qu©n Y	0	100	32172	360	-1406423851	2026-06-12 00:21:20	946997553	952241550	947259784	15	2	2	0
20260612-002145	ItemConsume	ClearItemInPos	thuong	SdachSM	790		1	100	1519	2885			0		0	0	0	0	Tèng-Uy Hæ T­íng Qu©n T	0	101	32172	360	204097338	2026-06-12 00:21:20	946999036	952241521	947195557	15	2	3	0
20260612-002145	ItemConsume	ClearItemInPos	thuong	SdachSM	790		1	100	1519	2885			0		0	0	0	0	Tèng-Uy Hæ T­íng Qu©n L	0	102	31543	100	-1585174973	2026-06-12 00:21:20	946998154	947391120	947652701	0	2	4	0
20260612-002145	ItemConsume	ClearItemInPos	thuong	SdachSM	790		1	100	1519	2885			0		0	0	0	0	Tèng-Uy Hæ T­íng Qu©n L	0	102	31565	100	1272845760	2026-06-12 00:21:20	946997290	947391628	856302167	0	2	0	1
20260612-002145	ItemConsume	ClearItemInPos	thuong	SdachSM	790		1	100	1519	2885			0		0	0	0	0	Tèng-Uy Hæ T­íng Qu©n L	0	102	31587	100	1544534465	2026-06-12 00:21:20	946997606	947391039	856367613	0	2	1	1
20260612-002145	ItemConsume	ClearItemInPos	thuong	SdachSM	790		1	100	1519	2885			0		0	0	0	0	Tèng-Uy Hæ T­íng Qu©n T	0	8	32264	300	1235477398	2026-06-12 00:21:20	948833267	949028944	949293103	15	2	2	1
20260612-002145	ItemConsume	ClearItemInPos	thuong	SdachSM	790		1	100	1519	2885			0		0	0	0	0	Ph¸ Hån LÖnh (§Çu)	2	1	31529	1	-667182945	2026-06-12 00:21:28	1969841	1380276	0	0	2	3	1
20260612-002145	ItemConsume	ClearItemInPos	thuong	SdachSM	790		1	100	1519	2885			0		0	0	0	0	Ph¸ Hån LÖnh (¸o)	2	1	31530	1	-1264073667	2026-06-12 00:21:28	4294903928	0	0	0	2	4	1
20260612-002145	ItemConsume	ClearItemInPos	thuong	SdachSM	790		1	100	1519	2885			0		0	0	0	0	QuÇn Ph¸ Hån	0	101	32347	360	-314678258	2026-06-12 00:21:34	0	0	0	0	2	0	2
20260612-002145	ItemConsume	ClearItemInPos	thuong	SdachSM	790		1	100	1519	2885			0		0	0	0	0	Ph¸ Hån LÖnh (Vò KhÝ)	2	1	31532	1	-1703504789	2026-06-12 00:21:28	4294905493	1510475	0	0	2	1	2
20260612-002145	ItemConsume	ClearItemInPos	thuong	SdachSM	790		1	100	1519	2885			0		0	0	0	0	Ph¸ Hån LÖnh (Trang Søc	2	1	31533	1	-1473115820	2026-06-12 00:21:28	4294904698	0	0	0	2	2	2
20260612-002145	ItemConsume	ClearItemInPos	thuong	SdachSM	790		1	100	1519	2885			0		0	0	0	0	Ph¸ Hån LÖnh (Trang Søc	2	1	31533	1	-1970731035	2026-06-12 00:21:28	4294905430	0	0	0	2	3	2
20260612-002145	ItemConsume	ClearItemInPos	thuong	SdachSM	790		1	100	1519	2885			0		0	0	0	0	Ph¸ Hån LÖnh (§Çu)	2	1	31529	1	-2130064203	2026-06-12 00:21:41	4001444	2821466	0	0	2	4	2
20260612-002145	ItemConsume	ClearItemInPos	thuong	SdachSM	790		1	100	1519	2885			0		0	0	0	0	Ph¸ Hån LÖnh (¸o)	2	1	31530	1	44023956	2026-06-12 00:21:41	3673778	4294903939	0	0	2	0	3
20260612-002145	ItemConsume	ClearItemInPos	thuong	SdachSM	790		1	100	1519	2885			0		0	0	0	0	Ph¸ Hån LÖnh (QuÇn)	2	1	31531	1	1100972961	2026-06-12 00:21:41	3673464	4294905145	0	0	2	1	3
20260612-002145	ItemConsume	ClearItemInPos	thuong	SdachSM	790		1	100	1519	2885			0		0	0	0	0	Ph¸ Hån LÖnh (Vò KhÝ)	2	1	31532	1	1518198191	2026-06-12 00:21:41	4294905787	0	0	0	2	2	3
20260612-002145	ItemConsume	ClearItemInPos	thuong	SdachSM	790		1	100	1519	2885			0		0	0	0	0	Ph¸ Hån LÖnh (Trang Søc	2	1	31533	1	-2031415652	2026-06-12 00:21:41	4294904994	0	0	0	2	3	3
20260612-002145	ItemConsume	ClearItemInPos	thuong	SdachSM	790		1	100	1519	2885			0		0	0	0	0	Ph¸ Hån LÖnh (Trang Søc	2	1	31533	1	-1270459187	2026-06-12 00:21:41	4294905639	0	0	0	2	4	3
20260612-002145	ItemAdd	3086646439	thuong	SdachSM	790		1	100	1519	2885			0		0	0	0	0	Vâ L©m 2 Shiina	2	1	50001	1	-693792277	2026-06-12 00:21:45	4294904825	0	0	0	-1	-1	-1
20260612-002153	ItemAdd	1990807953	thuong	SdachSM	790		1	100	1519	2885			0		0	0	0	0	Ph¸ Hån LÖnh (§Çu)	2	1	31529	1	681417608	2026-06-12 00:21:53	4294905475	0	0	0	-1	-1	-1
20260612-002153	ItemAdd	1990807953	thuong	SdachSM	790		1	100	1519	2885			0		0	0	0	0	Ph¸ Hån LÖnh (¸o)	2	1	31530	1	588280105	2026-06-12 00:21:53	4294904480	0	0	0	-1	-1	-1
20260612-002153	ItemAdd	1990807953	thuong	SdachSM	790		1	100	1519	2885			0		0	0	0	0	Ph¸ Hån LÖnh (QuÇn)	2	1	31531	1	1300951771	2026-06-12 00:21:53	4294905409	0	0	0	-1	-1	-1
20260612-002153	ItemAdd	1990807953	thuong	SdachSM	790		1	100	1519	2885			0		0	0	0	0	Ph¸ Hån LÖnh (Vò KhÝ)	2	1	31532	1	215861304	2026-06-12 00:21:53	200457	4294904307	0	0	-1	-1	-1
20260612-002153	ItemAdd	1990807953	thuong	SdachSM	790		1	100	1519	2885			0		0	0	0	0	Ph¸ Hån LÖnh (Trang Søc	2	1	31533	1	33753166	2026-06-12 00:21:53	4294904444	0	0	0	-1	-1	-1
20260612-002153	ItemAdd	1990807953	thuong	SdachSM	790		1	100	1519	2885			0		0	0	0	0	Ph¸ Hån LÖnh (Trang Søc	2	1	31533	1	-1010307097	2026-06-12 00:21:53	4294903913	4262786	0	0	-1	-1	-1
20260612-002156	large_str	AddItem[/script/ksgvn/item/item_test_card.lua|kgm_SetSatTinh]			0		3833981613	0	0	0			0		0	0	0	0		0	0	0	0	0		0	0	0	0	-1	-1	-1
20260612-002156	ItemAdd	3833981613	thuong	SdachSM	790		1	100	1519	2885			0		0	0	0	0	S¸t Tinh LÖnh Bµi (§Çu)	2	1	31313	1	2108995472	2026-06-12 00:21:56	1510038	4294904080	0	0	-1	-1	-1
20260612-002156	ItemAdd	3833981613	thuong	SdachSM	790		1	100	1519	2885			0		0	0	0	0	S¸t Tinh LÖnh Bµi (¸o)	2	1	31314	1	-1331605363	2026-06-12 00:21:56	4294904280	199951	0	0	-1	-1	-1
20260612-002156	ItemAdd	3833981613	thuong	SdachSM	790		1	100	1519	2885			0		0	0	0	0	S¸t Tinh LÖnh Bµi (QuÇn	2	1	31315	1	212510974	2026-06-12 00:21:56	593088	1773058	0	0	-1	-1	-1
20260612-002156	ItemAdd	3833981613	thuong	SdachSM	790		1	100	1519	2885			0		0	0	0	0	S¸t Tinh LÖnh Bµi (Vò K	2	1	31316	1	-1156798876	2026-06-12 00:21:56	4294904256	0	0	0	-1	-1	-1
20260612-002156	ItemAdd	3833981613	thuong	SdachSM	790		1	100	1519	2885			0		0	0	0	0	S¸t Tinh LÖnh Bµi (Tran	2	1	31317	1	1251608117	2026-06-12 00:21:56	4294904121	0	0	0	-1	-1	-1
20260612-002156	ItemAdd	3833981613	thuong	SdachSM	790		1	100	1519	2885			0		0	0	0	0	S¸t Tinh LÖnh Bµi (Tran	2	1	31317	1	2110263623	2026-06-12 00:21:56	4294904355	0	0	0	-1	-1	-1
20260612-002201	ItemAdd	3174822709	thuong	SdachSM	790		1	100	1519	2885			0		0	0	0	0	V« H¹ Hµo HiÖp LÖnh (Nã	2	1	30944	1	1658520479	2026-06-12 00:22:01	4294904270	0	0	0	-1	-1	-1
20260612-002201	ItemAdd	3174822709	thuong	SdachSM	790		1	100	1519	2885			0		0	0	0	0	V« H¹ Hµo HiÖp LÖnh (¸o	2	1	30945	1	1327386444	2026-06-12 00:22:01	4294903953	0	0	0	-1	-1	-1
20260612-002201	ItemAdd	3174822709	thuong	SdachSM	790		1	100	1519	2885			0		0	0	0	0	V« H¹ Hµo HiÖp LÖnh (Qu	2	1	30946	1	1275565885	2026-06-12 00:22:01	592653	0	0	0	-1	-1	-1
20260612-002201	ItemAdd	3174822709	thuong	SdachSM	790		1	100	1519	2885			0		0	0	0	0	V« H¹ Hµo HiÖp LÖnh (Vò	2	1	30973	1	-1936785265	2026-06-12 00:22:01	592537	0	0	0	-1	-1	-1
20260612-002201	ItemAdd	3174822709	thuong	SdachSM	790		1	100	1519	2885			0		0	0	0	0	V« H¹ Hµo HiÖp LÖnh (Tr	2	1	30974	1	-626525049	2026-06-12 00:22:01	593239	4294905240	0	0	-1	-1	-1
20260612-002201	ItemAdd	3174822709	thuong	SdachSM	790		1	100	1519	2885			0		0	0	0	0	V« H¹ Hµo HiÖp LÖnh (Tr	2	1	30974	1	932690912	2026-06-12 00:22:01	4294904545	0	0	0	-1	-1	-1
20260612-002205	ItemAdd	3912887248	thuong	SdachSM	790		1000	100	1519	2885			0		0	0	0	0	VËt phÈm Xu	2	1	30230	1000	937175409	2026-06-12 00:22:05	1510413	0	0	0	-1	-1	-1
20260612-002214	ItemAdd	3912887248	thuong	SdachSM	790		1000	100	1519	2885			0		0	0	0	0	VËt phÈm Xu	2	1	30230	1000	-876725788	2026-06-12 00:22:14	4294905363	0	0	0	-1	-1	-1
20260612-002219	large_str	AddItem[/script/ksgvn/item/item_test_card.lua|kgm_ShowMenuReborn]			0		1306792653	0	0	0			0		0	0	0	0		0	0	0	0	0		0	0	0	0	-1	-1	-1
20260612-002219	ItemAdd	1306792653	thuong	SdachSM	1090		1	100	1519	2885			0		0	0	0	0	Cöu VÜ TuyÕt Hå	0	105	163	2500	1257715552	2026-06-12 00:22:19	26422511	0	0	0	-1	-1	-1
20260612-002219	ItemAdd	1306792653	thuong	SdachSM	1090		1	100	1519	2885			0		0	0	0	0	Long tö Ên	2	0	30002	1	-1436553509	2026-06-12 00:22:19	4294904787	0	0	0	-1	-1	-1
20260612-002219	ItemConsume	ExpendGDP	thuong	SdachSM	1090		1	100	1519	2885			0		0	0	0	0	ThÊt TÞch-ngo¹i trang ®	0	108	30029	120	-1631212438	2026-06-12 00:05:53	1115633664	1098061824	1080440832	0	1	0	6
20260612-002219	ItemConsume	ExpendGDP	thuong	SdachSM	1090		1	100	1519	2885			0		0	0	0	0	ThÊt TÞch-ngo¹i trang y	0	109	30029	120	1958364979	2026-06-12 00:05:53	1096165376	1080440832	2048	0	1	0	7
20260612-002219	ItemConsume	ExpendGDP	thuong	SdachSM	1090		1	100	1519	2885			0		0	0	0	0	ThÊt TÞch-ngo¹i trang k	0	110	30029	120	-1441714832	2026-06-12 00:05:53	1092231168	1090140160	1080440832	0	1	0	8
20260612-002219	ItemAdd	1306792653	thuong	SdachSM	1090		1	100	1519	2885			0		0	0	0	0	Thanh S­¬ng tr©m	0	108	634	360	-1740671944	2026-06-12 00:22:19	2755403	0	0	0	-1	-1	-1
20260612-002219	ItemAdd	1306792653	thuong	SdachSM	1090		1	100	1519	2885			0		0	0	0	0	Thanh S­¬ng ¸o	0	109	634	360	-1764051038	2026-06-12 00:22:19	2755460	4294905495	0	0	-1	-1	-1
20260612-002219	ItemAdd	1306792653	thuong	SdachSM	1090		1	100	1519	2885			0		0	0	0	0	Thanh S­¬ng trang	0	110	634	360	880946151	2026-06-12 00:22:19	7211568	4294905220	0	0	-1	-1	-1
20260612-002219	ItemAdd	1306792653	thuong	SdachSM	1090		1	100	1519	2885			0		0	0	0	0	Long 10-H	0	148	137	800	791001280	2026-06-12 00:22:19	898771019	932321224	0	0	-1	-1	-1
20260612-002219	ItemAdd	1306792653	thuong	SdachSM	1090		1	100	1519	2885			0		0	0	0	0	Long 10-C	0	149	141	800	971905420	2026-06-12 00:22:19	898381623	932648636	0	0	-1	-1	-1
20260612-002219	ItemAdd	1306792653	thuong	SdachSM	1090		1	100	1519	2885			0		0	0	0	0	Long 10-T	0	150	137	800	1773726104	2026-06-12 00:22:19	898018358	927339644	0	0	-1	-1	-1
20260612-002316	ItemConsume	ExpendIdx	thuong	SdachSM	1090		1000	100	1519	2885			0		0	0	0	0	VËt phÈm Xu	2	1	30230	1000	937175409	2026-06-12 00:22:05	1510413	0	0	0	2	4	3
20260612-002316	ItemConsume	ExpendIdx	thuong	SdachSM	1090		1	100	1519	2885			0		0	0	0	0	Long tö Ên	2	0	30002	1	-1436553509	2026-06-12 00:22:19	4294904787	0	0	0	2	1	4
20260612-002316	large_str	AddItem[/script/ksgvn/item/item_test_card.lua|kgm_ShowMenuChangeRebornRoute]			0		572208334	0	0	0			0		0	0	0	0		0	0	0	0	0		0	0	0	0	-1	-1	-1
20260612-002316	ItemAdd	572208334	thuong	SdachSM	1090		1	100	1519	2885			0		0	0	0	0	Phông tö Ên	2	0	30005	1	1123642842	2026-06-12 00:23:16	4294904818	592280	0	0	-1	-1	-1
20260612-002316	ItemConsume	ExpendGDP	thuong	SdachSM	1090		1	100	1519	2885			0		0	0	0	0	Thanh S­¬ng tr©m	0	108	634	359	-1740671944	2026-06-12 00:22:19	2755403	0	0	0	2	2	4
20260612-002316	ItemConsume	ExpendGDP	thuong	SdachSM	1090		1	100	1519	2885			0		0	0	0	0	Thanh S­¬ng ¸o	0	109	634	360	-1764051038	2026-06-12 00:22:19	2755460	4294905495	0	0	1	0	7
20260612-002316	ItemConsume	ExpendGDP	thuong	SdachSM	1090		1	100	1519	2885			0		0	0	0	0	Thanh S­¬ng trang	0	110	634	360	880946151	2026-06-12 00:22:19	7211568	4294905220	0	0	1	0	8
20260612-002316	ItemAdd	572208334	thuong	SdachSM	1090		1	100	1519	2885			0		0	0	0	0	Thanh S­¬ng tr©m	0	108	634	360	840044287	2026-06-12 00:23:16	4294905616	0	0	0	-1	-1	-1
20260612-002316	ItemAdd	572208334	thuong	SdachSM	1090		1	100	1519	2885			0		0	0	0	0	Thanh S­¬ng ¸o	0	109	634	360	1739957804	2026-06-12 00:23:16	4294903943	0	0	0	-1	-1	-1
20260612-002316	ItemAdd	572208334	thuong	SdachSM	1090		1	100	1519	2885			0		0	0	0	0	Thanh S­¬ng trang	0	110	634	360	908017565	2026-06-12 00:23:16	4294904026	0	0	0	-1	-1	-1
20260612-002316	ItemAdd	572208334	thuong	SdachSM	1090		1	100	1519	2885			0		0	0	0	0	Phông 10-H	0	148	138	800	1490744303	2026-06-12 00:23:16	926123734	932386397	0	0	-1	-1	-1
20260612-002316	ItemAdd	572208334	thuong	SdachSM	1090		1	100	1519	2885			0		0	0	0	0	Phông 10-C	0	149	142	800	-1204343605	2026-06-12 00:23:16	926163077	932718665	0	0	-1	-1	-1
20260612-002316	ItemAdd	572208334	thuong	SdachSM	1090		1	100	1519	2885			0		0	0	0	0	Phông 10-T	0	150	138	800	1421255655	2026-06-12 00:23:16	898181318	932845695	0	0	-1	-1	-1
20260612-002412	large_str	AddItem[/script/ksgvn/item/item_test_card.lua|kgm_ShowMenuMeridian]			0		1095043133	0	0	0			0		0	0	0	0		0	0	0	0	0		0	0	0	0	-1	-1	-1
20260612-002412	ItemAdd	1095043133	thuong	SdachSM	1090		25	100	1516	2897			0		0	0	0	0	Kinh M¹ch Ng©n Nh©n	2	1	30731	25	1353144969	2026-06-12 00:24:12	2048	2048	2048	0	-1	-1	-1
20260612-002507	ItemAdd	1095043133	thuong	SdachSM	1090		25	100	1516	2897			0		0	0	0	0	Kinh M¹ch §ång Nh©n	2	1	30730	25	-1107212994	2026-06-12 00:25:07	2048	2048	2048	0	-1	-1	-1
20260612-002510	ItemAdd	1095043133	thuong	SdachSM	1090		25	100	1516	2897			0		0	0	0	0	Kinh M¹ch Ng©n Nh©n	2	1	30731	25	170673225	2026-06-12 00:25:10	2048	2048	2048	0	-1	-1	-1
20260612-002516	ItemAdd	1997990311	thuong	SdachSM	1090		200	100	1516	2897			0		0	0	0	0	Th­¬ng H¶i Ch©u CÊp 7 (	2	102	214	200	1401805193	2026-06-12 00:25:16	801569	0	0	0	-1	-1	-1
20260612-002532	ItemConsume	ClearItemInPos	thuong	SdachSM	1090		1	100	1516	2897			0		0	0	0	0	Vâ L©m 2 Shiina	2	1	50001	1	-693792277	2026-06-12 00:21:45	4294904825	0	0	0	2	0	0
20260612-002532	ItemConsume	ClearItemInPos	thuong	SdachSM	1090		1	100	1516	2897			0		0	0	0	0	Ph¸ Hån LÖnh (§Çu)	2	1	31529	1	681417608	2026-06-12 00:21:53	4294905475	0	0	0	2	1	0
20260612-002532	ItemConsume	ClearItemInPos	thuong	SdachSM	1090		1	100	1516	2897			0		0	0	0	0	Ph¸ Hån LÖnh (¸o)	2	1	31530	1	588280105	2026-06-12 00:21:53	4294904480	0	0	0	2	2	0
20260612-002532	ItemConsume	ClearItemInPos	thuong	SdachSM	1090		1	100	1516	2897			0		0	0	0	0	Ph¸ Hån LÖnh (QuÇn)	2	1	31531	1	1300951771	2026-06-12 00:21:53	4294905409	0	0	0	2	3	0
20260612-002532	ItemConsume	ClearItemInPos	thuong	SdachSM	1090		1	100	1516	2897			0		0	0	0	0	Ph¸ Hån LÖnh (Vò KhÝ)	2	1	31532	1	215861304	2026-06-12 00:21:53	200457	4294904307	0	0	2	4	0
20260612-002532	ItemConsume	ClearItemInPos	thuong	SdachSM	1090		1	100	1516	2897			0		0	0	0	0	Ph¸ Hån LÖnh (Trang Søc	2	1	31533	1	33753166	2026-06-12 00:21:53	4294904444	0	0	0	2	0	1
20260612-002532	ItemConsume	ClearItemInPos	thuong	SdachSM	1090		1	100	1516	2897			0		0	0	0	0	Ph¸ Hån LÖnh (Trang Søc	2	1	31533	1	-1010307097	2026-06-12 00:21:53	4294903913	4262786	0	0	2	1	1
20260612-002532	ItemConsume	ClearItemInPos	thuong	SdachSM	1090		1	100	1516	2897			0		0	0	0	0	S¸t Tinh LÖnh Bµi (§Çu)	2	1	31313	1	2108995472	2026-06-12 00:21:56	1510038	4294904080	0	0	2	2	1
20260612-002532	ItemConsume	ClearItemInPos	thuong	SdachSM	1090		1	100	1516	2897			0		0	0	0	0	S¸t Tinh LÖnh Bµi (¸o)	2	1	31314	1	-1331605363	2026-06-12 00:21:56	4294904280	199951	0	0	2	3	1
20260612-002532	ItemConsume	ClearItemInPos	thuong	SdachSM	1090		1	100	1516	2897			0		0	0	0	0	S¸t Tinh LÖnh Bµi (QuÇn	2	1	31315	1	212510974	2026-06-12 00:21:56	593088	1773058	0	0	2	4	1
20260612-002532	ItemConsume	ClearItemInPos	thuong	SdachSM	1090		1	100	1516	2897			0		0	0	0	0	S¸t Tinh LÖnh Bµi (Vò K	2	1	31316	1	-1156798876	2026-06-12 00:21:56	4294904256	0	0	0	2	0	2
20260612-002532	ItemConsume	ClearItemInPos	thuong	SdachSM	1090		1	100	1516	2897			0		0	0	0	0	S¸t Tinh LÖnh Bµi (Tran	2	1	31317	1	1251608117	2026-06-12 00:21:56	4294904121	0	0	0	2	1	2
20260612-002532	ItemConsume	ClearItemInPos	thuong	SdachSM	1090		1	100	1516	2897			0		0	0	0	0	S¸t Tinh LÖnh Bµi (Tran	2	1	31317	1	2110263623	2026-06-12 00:21:56	4294904355	0	0	0	2	2	2
20260612-002532	ItemConsume	ClearItemInPos	thuong	SdachSM	1090		1	100	1516	2897			0		0	0	0	0	V« H¹ Hµo HiÖp LÖnh (Nã	2	1	30944	1	1658520479	2026-06-12 00:22:01	4294904270	0	0	0	2	3	2
20260612-002532	ItemConsume	ClearItemInPos	thuong	SdachSM	1090		1	100	1516	2897			0		0	0	0	0	V« H¹ Hµo HiÖp LÖnh (¸o	2	1	30945	1	1327386444	2026-06-12 00:22:01	4294903953	0	0	0	2	4	2
20260612-002532	ItemConsume	ClearItemInPos	thuong	SdachSM	1090		1	100	1516	2897			0		0	0	0	0	V« H¹ Hµo HiÖp LÖnh (Qu	2	1	30946	1	1275565885	2026-06-12 00:22:01	592653	0	0	0	2	0	3
20260612-002532	ItemConsume	ClearItemInPos	thuong	SdachSM	1090		1	100	1516	2897			0		0	0	0	0	V« H¹ Hµo HiÖp LÖnh (Vò	2	1	30973	1	-1936785265	2026-06-12 00:22:01	592537	0	0	0	2	1	3
20260612-002532	ItemConsume	ClearItemInPos	thuong	SdachSM	1090		1	100	1516	2897			0		0	0	0	0	V« H¹ Hµo HiÖp LÖnh (Tr	2	1	30974	1	-626525049	2026-06-12 00:22:01	593239	4294905240	0	0	2	2	3
20260612-002532	ItemConsume	ClearItemInPos	thuong	SdachSM	1090		1	100	1516	2897			0		0	0	0	0	V« H¹ Hµo HiÖp LÖnh (Tr	2	1	30974	1	932690912	2026-06-12 00:22:01	4294904545	0	0	0	2	3	3
20260612-002532	ItemConsume	ClearItemInPos	thuong	SdachSM	1090		1000	100	1516	2897			0		0	0	0	0	VËt phÈm Xu	2	1	30230	1000	937175409	2026-06-12 00:22:05	1510413	0	0	0	2	4	3
20260612-002532	ItemConsume	ClearItemInPos	thuong	SdachSM	1090		1	100	1516	2897			0		0	0	0	0	Cöu VÜ TuyÕt Hå	0	105	163	2500	1257715552	2026-06-12 00:22:19	26422511	0	0	0	2	0	4
20260612-002532	ItemConsume	ClearItemInPos	thuong	SdachSM	1090		1	100	1516	2897			0		0	0	0	0	Phông tö Ên	2	0	30005	1	1123642842	2026-06-12 00:23:16	4294904818	592280	0	0	2	1	4
20260612-002532	ItemConsume	ClearItemInPos	thuong	SdachSM	1090		1	100	1516	2897			0		0	0	0	0	Thanh S­¬ng tr©m	0	108	634	360	840044287	2026-06-12 00:23:16	4294905616	0	0	0	2	2	4
20260612-002532	ItemConsume	ClearItemInPos	thuong	SdachSM	1090		1	100	1516	2897			0		0	0	0	0	Long 10-H	0	148	137	800	791001280	2026-06-12 00:22:19	898771019	932321224	0	0	2	3	4
20260612-002532	ItemConsume	ClearItemInPos	thuong	SdachSM	1090		1	100	1516	2897			0		0	0	0	0	Thanh S­¬ng ¸o	0	109	634	360	1739957804	2026-06-12 00:23:16	4294903943	0	0	0	2	4	4
20260612-002532	ItemConsume	ClearItemInPos	thuong	SdachSM	1090		1	100	1516	2897			0		0	0	0	0	Thanh S­¬ng trang	0	110	634	360	908017565	2026-06-12 00:23:16	4294904026	0	0	0	2	0	5
20260612-002532	ItemConsume	ClearItemInPos	thuong	SdachSM	1090		1	100	1516	2897			0		0	0	0	0	Long 10-C	0	149	141	800	971905420	2026-06-12 00:22:19	898381623	932648636	0	0	2	1	5
20260612-002532	ItemConsume	ClearItemInPos	thuong	SdachSM	1090		1	100	1516	2897			0		0	0	0	0	Long 10-T	0	150	137	800	1773726104	2026-06-12 00:22:19	898018358	927339644	0	0	2	2	5
20260612-002532	ItemConsume	ClearItemInPos	thuong	SdachSM	1090		1	100	1516	2897			0		0	0	0	0	Phông 10-H	0	148	138	800	1490744303	2026-06-12 00:23:16	926123734	932386397	0	0	2	3	5
20260612-002532	ItemConsume	ClearItemInPos	thuong	SdachSM	1090		1	100	1516	2897			0		0	0	0	0	Phông 10-C	0	149	142	800	-1204343605	2026-06-12 00:23:16	926163077	932718665	0	0	2	4	5
20260612-002532	ItemConsume	ClearItemInPos	thuong	SdachSM	1090		1	100	1516	2897			0		0	0	0	0	Phông 10-T	0	150	138	800	1421255655	2026-06-12 00:23:16	898181318	932845695	0	0	2	0	6
20260612-002532	ItemConsume	ClearItemInPos	thuong	SdachSM	1090		50	100	1516	2897			0		0	0	0	0	Kinh M¹ch Ng©n Nh©n	2	1	30731	50	1353144969	2026-06-12 00:24:12	2048	2048	2048	0	2	1	6
20260612-002532	ItemConsume	ClearItemInPos	thuong	SdachSM	1090		25	100	1516	2897			0		0	0	0	0	Kinh M¹ch §ång Nh©n	2	1	30730	25	-1107212994	2026-06-12 00:25:07	2048	2048	2048	0	2	2	6
20260612-002532	ItemConsume	ClearItemInPos	thuong	SdachSM	1090		200	100	1516	2897			0		0	0	0	0	Th­¬ng H¶i Ch©u CÊp 7 (	2	102	214	200	1401805193	2026-06-12 00:25:16	801569	0	0	0	2	3	6
20260612-002532	ItemAdd	3086646439	thuong	SdachSM	1090		1	100	1516	2897			0		0	0	0	0	Vâ L©m 2 Shiina	2	1	50001	1	1639173795	2026-06-12 00:25:32	4294905570	0	0	0	-1	-1	-1
20260612-002541	large_str	AddItem[/script/ksgvn/item/item_test_card.lua|guild_ShowCreateDialog]			0		1482429952	0	0	0			0		0	0	0	0		0	0	0	0	0		0	0	0	0	-1	-1	-1
20260612-002541	ItemAdd	1482429952	thuong	SdachSM	1090		1	100	1516	2897			0		0	0	0	0	Cµn Kh«n phï	2	0	555	1	-1307147560	2026-06-12 00:25:41	2048	2048	2048	0	-1	-1	-1
20260612-002541	ItemAdd	1482429952	thuong	SdachSM	1090		1	100	1516	2897			0		0	0	0	0	Héi Minh LÖnh Bµi	2	0	125	1	-1925334492	2026-06-12 00:25:41	2048	2048	2048	0	-1	-1	-1
20260612-002541	large_str	Pay[/script/ksgvn/item/item_test_card.lua|guild_ShowCreateDialog]			0		37357111	0	0	0			0		0	0	0	0		0	0	0	0	0		0	0	0	0	-1	-1	-1
20260612-002541	MoneyEarn	37357111	thuong	SdachSM	1090		4999999	100	1516	2897			0		0	0	0	0		0	0	0	0	0		0	0	0	0	-1	-1	-1
20260612-002553	MoneyPay	CreateTong	thuong	SdachSM	1090		5000000	100	1516	2897			0		0	0	0	0		0	0	0	0	0		0	0	0	0	-1	-1	-1
20260612-002553	ItemConsume	ExpendIdx	thuong	SdachSM	1090		1	100	1516	2897			0		0	0	0	0	Héi Minh LÖnh Bµi	2	0	125	1	-1925334492	2026-06-12 00:25:41	2048	2048	2048	0	2	2	0
20260612-002553	ItemConsume	ExpendIdx	thuong	SdachSM	1090		1	100	1516	2897			0		0	0	0	0	Cµn Kh«n phï	2	0	555	1	-1307147560	2026-06-12 00:25:41	2048	2048	2048	0	2	1	0
20260612-002701	large_str	AddItem[/script/ksgvn/item/item_test_card.lua|guild_ShowAddGangToken]			0		2881190844	0	0	0			0		0	0	0	0		0	0	0	0	0		0	0	0	0	-1	-1	-1
20260612-002701	ItemAdd	2881190844	thuong	SdachSM	1090	All-Star	1	100	1514	2890			0		0	0	0	0	TÝn VËt Lv20	0	155	20	300	1272522328	2026-06-12 00:27:01	0	0	0	0	-1	-1	-1
20260612-002743	ItemAdd	IBShop	thuong	SdachSM	1090	All-Star	1	100	1509	2882			0		0	0	0	0	Tói Phóc Lîi-Lín	2	1	31382	1	-408250290	2026-06-12 00:27:43	0	0	0	0	2	1	0
20260612-002800	ItemAdd	IBShop	thuong	SdachSM	1090	All-Star	1	100	1512	2889			0		0	0	0	0	ThÇn hµnh b¶o ®iÓn	0	200	40	1000	224537090	2026-06-12 00:28:00	0	0	0	0	2	2	0
20260612-003002	large_str	AddItem[/script/ksgvn/item/item_test_card.lua|kgm_ShowMenuPet]			0		1466563955	0	0	0			0		0	0	0	0		0	0	0	0	0		0	0	0	0	-1	-1	-1
20260612-003002	ItemAdd	1466563955	thuong	SdachSM	1090	All-Star	1	200	1402	2842			0		0	0	0	0	Ng­ng ThÇn QuyÕt Lv3	2	150	123	1	-625447788	2026-06-12 00:30:02	2048	2048	2048	0	-1	-1	-1
20260612-003021	large_str	Pay[/script/ksgvn/item/item_test_card.lua|kgm_ShowMenuSupport]			0		1196062657	0	0	0			0		0	0	0	0		0	0	0	0	0		0	0	0	0	-1	-1	-1
20260612-003021	MoneyEarn	1196062657	thuong	SdachSM	1090	All-Star	1000000000	200	1413	2847			0		0	0	0	0		0	0	0	0	0		0	0	0	0	-1	-1	-1
20260612-003023	ItemConsume	DelItemByIndex	thuong	SdachSM	1090	All-Star	1	200	1413	2847			0		0	0	0	0	Ng­ng ThÇn QuyÕt Lv3	2	150	123	1	-625447788	2026-06-12 00:30:02	2048	2048	2048	0	-1	-1	-1
20260612-003023	large_str	Pay[/script/pet/pet_book.lua|CheckMutexGroup]			0		1514796938	0	0	0			0		0	0	0	0		0	0	0	0	0		0	0	0	0	-1	-1	-1
20260612-003023	MoneyPay	1514796938	thuong	SdachSM	1090	All-Star	100000	200	1413	2847			0		0	0	0	0		0	0	0	0	0		0	0	0	0	-1	-1	-1
20260612-003141	large_str	AddItem[/script/global/playerloginin.lua|process_biwudahui_update_zige_cb]			0		2406411443	0	0	0			0		0	0	0	0		0	0	0	0	0		0	0	0	0	-1	-1	-1
20260612-003141	ItemAdd	2406411443	thuong	SdachSM	1090	All-Star	1	200	1409	2854			0		0	0	0	0	Tu LuyÖn Ch©u	2	1	50017	1	-745555614	2026-06-12 00:31:41	4294905716	0	0	0	-1	-1	-1
20260612-003141	ItemAdd	2406411443	thuong	SdachSM	1090	All-Star	1	200	1409	2854			0		0	0	0	0	CÈm Nang §¹i Sù KiÖn	2	1	30045	1	-881694325	2026-06-12 00:31:41	2048	2048	2048	0	-1	-1	-1
20260612-003141	ItemAdd	2406411443	thuong	SdachSM	1090	All-Star	1	200	1409	2854			0		0	0	0	0	NguyÖt L­îng Thè luyÖn 	2	0	1043	1	168246221	2026-06-12 00:31:41	2048	2048	2048	0	-1	-1	-1
20260612-003141	ItemAdd	2406411443	thuong	SdachSM	1090	All-Star	1	200	1409	2854			0		0	0	0	0	TiÕu ng¹o giang hå lôc	2	1	30240	1	-936618593	2026-06-12 00:31:41	2048	2048	2048	0	-1	-1	-1
20260612-003141	ItemAdd	2406411443	thuong	SdachSM	1090	All-Star	1	200	1409	2854			0		0	0	0	0	Bøc th­ thÇn bÝ	2	0	30052	1	-2045612970	2026-06-12 00:31:41	2048	2048	2048	0	-1	-1	-1
20260612-003209	large_str	Pay[/script/ksgvn/item/item_tuluyenchau.lua|tuluyenchau_HutLinhKhi]			0		2281973029	0	0	0			0		0	0	0	0		0	0	0	0	0		0	0	0	0	-1	-1	-1
20260612-003209	MoneyPay	2281973029	thuong	SdachSM	1090	All-Star	500000000	200	1415	2864			0		0	0	0	0		0	0	0	0	0		0	0	0	0	-1	-1	-1
20260612-003231	large_str	AddItem[/script/ksgvn/item/item_test_card.lua|factionSupport_TLT]			0		3948424175	0	0	0			0		0	0	0	0		0	0	0	0	0		0	0	0	0	-1	-1	-1
20260612-003231	ItemAdd	3948424175	thuong	SdachSM	1090	All-Star	99	200	1415	2864			0		0	0	0	0	Thiªn PhËt Ch©u	2	3	4	99	530446318	2026-06-12 00:32:31	4131660	0	0	0	-1	-1	-1
20260612-003231	ItemAdd	3948424175	thuong	SdachSM	1090	All-Star	99	200	1415	2864			0		0	0	0	0	Ph¸ Ma Chó	2	3	12	99	-1592652408	2026-06-12 00:32:31	4294904244	0	0	0	-1	-1	-1
20260612-003237	ItemAdd	1466563955	thuong	SdachSM	1090	All-Star	1	200	1415	2864			0		0	0	0	0	Kim Linh Phô ThÓ Lv7	2	150	113	1	-1459550937	2026-06-12 00:32:37	2048	2048	2048	0	-1	-1	-1
20260612-003237	ItemAdd	1466563955	thuong	SdachSM	1090	All-Star	1	200	1415	2864			0		0	0	0	0	HuyÒn Vò V« Song Lv7	2	150	111	1	450746112	2026-06-12 00:32:37	2048	2048	2048	0	-1	-1	-1
20260612-003237	ItemAdd	1466563955	thuong	SdachSM	1090	All-Star	1	200	1415	2864			0		0	0	0	0	Kim Linh Phô ThÓ Lv7	2	150	113	1	1395250858	2026-06-12 00:32:37	2048	2048	2048	0	-1	-1	-1
20260612-003237	ItemAdd	1466563955	thuong	SdachSM	1090	All-Star	1	200	1415	2864			0		0	0	0	0	Thñy Linh Phô ThÓ Lv7	2	150	115	1	-212905201	2026-06-12 00:32:37	2048	2048	2048	0	-1	-1	-1
20260612-003237	ItemAdd	1466563955	thuong	SdachSM	1090	All-Star	1	200	1415	2864			0		0	0	0	0	C­êng Th©n B¸ ThÓ Lv7	2	150	109	1	2112788348	2026-06-12 00:32:37	2048	2048	2048	0	-1	-1	-1
20260612-003237	ItemAdd	1466563955	thuong	SdachSM	1090	All-Star	1	200	1415	2864			0		0	0	0	0	IÝch Thä Diªn D­¬ng Lv7	2	150	108	1	2083721769	2026-06-12 00:32:37	2048	2048	2048	0	-1	-1	-1
20260612-003237	ItemAdd	1466563955	thuong	SdachSM	1090	All-Star	1	200	1415	2864			0		0	0	0	0	Kim Linh Phô ThÓ Lv7	2	150	113	1	45964251	2026-06-12 00:32:37	2048	2048	2048	0	-1	-1	-1
20260612-003237	ItemAdd	1466563955	thuong	SdachSM	1090	All-Star	1	200	1415	2864			0		0	0	0	0	¢m Phong Thùc Cèt Lv7	2	150	110	1	-437248867	2026-06-12 00:32:37	2048	2048	2048	0	-1	-1	-1
20260612-003237	ItemAdd	1466563955	thuong	SdachSM	1090	All-Star	1	200	1415	2864			0		0	0	0	0	¢m Phong Thùc Cèt Lv7	2	150	110	1	2052225263	2026-06-12 00:32:37	2048	2048	2048	0	-1	-1	-1
20260612-003237	ItemAdd	1466563955	thuong	SdachSM	1090	All-Star	1	200	1415	2864			0		0	0	0	0	C­êng Th©n B¸ ThÓ Lv7	2	150	109	1	-963818941	2026-06-12 00:32:37	2048	2048	2048	0	-1	-1	-1
20260612-003259	MoneyEarn	1196062657	thuong	SdachSM	1090	All-Star	1000000000	200	1419	2859			0		0	0	0	0		0	0	0	0	0		0	0	0	0	-1	-1	-1
20260612-003316	large_str	AddItem[/script/ksgvn/item/item_test_card.lua|kgm_AddNLCuongHoa]			0		2388713172	0	0	0			0		0	0	0	0		0	0	0	0	0		0	0	0	0	-1	-1	-1
20260612-003316	ItemAdd	2388713172	thuong	SdachSM	1090	All-Star	1	200	1413	2857			0		0	0	0	0	§Þnh Hån Thiªn Th¹ch Th	2	1	1067	1	240376913	2026-06-12 00:33:16	1379400	4294904807	0	0	-1	-1	-1
20260612-003316	ItemAdd	2388713172	thuong	SdachSM	1090	All-Star	1	200	1413	2857			0		0	0	0	0	§¹i §Þnh Hån 	2	1	1113	1	-1020678945	2026-06-12 00:33:16	4294904000	0	0	0	-1	-1	-1
20260612-003316	ItemAdd	2388713172	thuong	SdachSM	1090	All-Star	1	200	1413	2857			0		0	0	0	0	Thiªn Th¹ch linh th¹ch	2	1	1068	1	79389068	2026-06-12 00:33:16	4294905093	0	0	0	-1	-1	-1
20260612-003316	ItemAdd	2388713172	thuong	SdachSM	1090	All-Star	100	200	1413	2857			0		0	0	0	0	Thiªn Th¹ch Tinh Th¹ch	2	1	1009	100	236914301	2026-06-12 00:33:16	593735	0	0	0	-1	-1	-1
20260612-003316	ItemAdd	2388713172	thuong	SdachSM	1090	All-Star	50	200	1413	2857			0		0	0	0	0	C­êng hãa quyÓn 12	2	1	30424	50	868499125	2026-06-12 00:33:16	4294903951	0	0	0	-1	-1	-1
20260612-003316	ItemAdd	2388713172	thuong	SdachSM	1090	All-Star	50	200	1413	2857			0		0	0	0	0	C­êng hãa quyÓn 13	2	1	30425	50	1145007559	2026-06-12 00:33:16	4000946	4294903836	0	0	-1	-1	-1
20260612-003316	ItemAdd	2388713172	thuong	SdachSM	1090	All-Star	50	200	1413	2857			0		0	0	0	0	C­êng hãa quyÓn 14	2	1	30426	50	-1699818976	2026-06-12 00:33:16	4294905677	0	0	0	-1	-1	-1
20260612-003316	ItemAdd	2388713172	thuong	SdachSM	1090	All-Star	50	200	1413	2857			0		0	0	0	0	C­êng hãa quyÓn 15	2	1	30427	50	2028815050	2026-06-12 00:33:16	5114225	2821063	0	0	-1	-1	-1
20260612-003316	ItemAdd	2388713172	thuong	SdachSM	1090	All-Star	20	200	1413	2857			0		0	0	0	0	Ma §ao Th¹ch cÊp 1	2	1	30428	20	-319239984	2026-06-12 00:33:16	4294904751	7277918	0	0	-1	-1	-1
20260612-003316	ItemAdd	2388713172	thuong	SdachSM	1090	All-Star	20	200	1413	2857			0		0	0	0	0	Ma §¹o Th¹ch cÊp 2	2	1	30429	20	-1564496637	2026-06-12 00:33:16	4294905556	0	0	0	-1	-1	-1
20260612-003316	ItemAdd	2388713172	thuong	SdachSM	1090	All-Star	20	200	1413	2857			0		0	0	0	0	Ma §ao Th¹ch cÊp 3	2	1	30430	20	-461757179	2026-06-12 00:33:16	1969330	0	0	0	-1	-1	-1
20260612-003341	ItemConsume	ClearItemInPos	thuong	SdachSM	1090	All-Star	1	200	1413	2857			0		0	0	0	0	Vâ L©m 2 Shiina	2	1	50001	1	1639173795	2026-06-12 00:25:32	4294905570	0	0	0	2	0	0
20260612-003341	ItemConsume	ClearItemInPos	thuong	SdachSM	1090	All-Star	1	200	1413	2857			0		0	0	0	0	Tói Phóc Lîi-Lín	2	1	31382	1	-408250290	2026-06-12 00:27:43	0	0	0	0	2	1	0
20260612-003341	ItemConsume	ClearItemInPos	thuong	SdachSM	1090	All-Star	1	200	1413	2857			0		0	0	0	0	ThÇn hµnh b¶o ®iÓn	0	200	40	995	224537090	2026-06-12 00:28:00	0	0	0	0	2	2	0
20260612-003341	ItemConsume	ClearItemInPos	thuong	SdachSM	1090	All-Star	1	200	1413	2857			0		0	0	0	0	Tu LuyÖn Ch©u	2	1	50017	1	-745555614	2026-06-12 00:31:41	4294905716	0	0	0	2	3	0
20260612-003341	ItemConsume	ClearItemInPos	thuong	SdachSM	1090	All-Star	1	200	1413	2857			0		0	0	0	0	CÈm Nang §¹i Sù KiÖn	2	1	30045	1	-881694325	2026-06-12 00:31:41	2048	2048	2048	0	2	4	0
20260612-003341	ItemConsume	ClearItemInPos	thuong	SdachSM	1090	All-Star	1	200	1413	2857			0		0	0	0	0	NguyÖt L­îng Thè luyÖn 	2	0	1043	1	168246221	2026-06-12 00:31:41	2048	2048	2048	0	2	0	1
20260612-003341	ItemConsume	ClearItemInPos	thuong	SdachSM	1090	All-Star	1	200	1413	2857			0		0	0	0	0	TiÕu ng¹o giang hå lôc	2	1	30240	1	-936618593	2026-06-12 00:31:41	2048	2048	2048	0	2	1	1
20260612-003341	ItemConsume	ClearItemInPos	thuong	SdachSM	1090	All-Star	1	200	1413	2857			0		0	0	0	0	Bøc th­ thÇn bÝ	2	0	30052	1	-2045612970	2026-06-12 00:31:41	2048	2048	2048	0	2	2	1
20260612-003341	ItemConsume	ClearItemInPos	thuong	SdachSM	1090	All-Star	99	200	1413	2857			0		0	0	0	0	Thiªn PhËt Ch©u	2	3	4	99	530446318	2026-06-12 00:32:31	4131660	0	0	0	2	3	1
20260612-003341	ItemConsume	ClearItemInPos	thuong	SdachSM	1090	All-Star	99	200	1413	2857			0		0	0	0	0	Ph¸ Ma Chó	2	3	12	99	-1592652408	2026-06-12 00:32:31	4294904244	0	0	0	2	4	1
20260612-003341	ItemConsume	ClearItemInPos	thuong	SdachSM	1090	All-Star	1	200	1413	2857			0		0	0	0	0	Kim Linh Phô ThÓ Lv7	2	150	113	1	-1459550937	2026-06-12 00:32:37	2048	2048	2048	0	2	0	2
20260612-003341	ItemConsume	ClearItemInPos	thuong	SdachSM	1090	All-Star	1	200	1413	2857			0		0	0	0	0	HuyÒn Vò V« Song Lv7	2	150	111	1	450746112	2026-06-12 00:32:37	2048	2048	2048	0	2	1	2
20260612-003341	ItemConsume	ClearItemInPos	thuong	SdachSM	1090	All-Star	1	200	1413	2857			0		0	0	0	0	Kim Linh Phô ThÓ Lv7	2	150	113	1	1395250858	2026-06-12 00:32:37	2048	2048	2048	0	2	2	2
20260612-003341	ItemConsume	ClearItemInPos	thuong	SdachSM	1090	All-Star	1	200	1413	2857			0		0	0	0	0	Thñy Linh Phô ThÓ Lv7	2	150	115	1	-212905201	2026-06-12 00:32:37	2048	2048	2048	0	2	3	2
20260612-003341	ItemConsume	ClearItemInPos	thuong	SdachSM	1090	All-Star	1	200	1413	2857			0		0	0	0	0	C­êng Th©n B¸ ThÓ Lv7	2	150	109	1	2112788348	2026-06-12 00:32:37	2048	2048	2048	0	2	4	2
20260612-003341	ItemConsume	ClearItemInPos	thuong	SdachSM	1090	All-Star	1	200	1413	2857			0		0	0	0	0	IÝch Thä Diªn D­¬ng Lv7	2	150	108	1	2083721769	2026-06-12 00:32:37	2048	2048	2048	0	2	0	3
20260612-003341	ItemConsume	ClearItemInPos	thuong	SdachSM	1090	All-Star	1	200	1413	2857			0		0	0	0	0	Kim Linh Phô ThÓ Lv7	2	150	113	1	45964251	2026-06-12 00:32:37	2048	2048	2048	0	2	1	3
20260612-003341	ItemConsume	ClearItemInPos	thuong	SdachSM	1090	All-Star	1	200	1413	2857			0		0	0	0	0	¢m Phong Thùc Cèt Lv7	2	150	110	1	-437248867	2026-06-12 00:32:37	2048	2048	2048	0	2	2	3
20260612-003341	ItemConsume	ClearItemInPos	thuong	SdachSM	1090	All-Star	1	200	1413	2857			0		0	0	0	0	¢m Phong Thùc Cèt Lv7	2	150	110	1	2052225263	2026-06-12 00:32:37	2048	2048	2048	0	2	3	3
20260612-003341	ItemConsume	ClearItemInPos	thuong	SdachSM	1090	All-Star	1	200	1413	2857			0		0	0	0	0	C­êng Th©n B¸ ThÓ Lv7	2	150	109	1	-963818941	2026-06-12 00:32:37	2048	2048	2048	0	2	4	3
20260612-003341	ItemConsume	ClearItemInPos	thuong	SdachSM	1090	All-Star	1	200	1413	2857			0		0	0	0	0	§Þnh Hån Thiªn Th¹ch Th	2	1	1067	1	240376913	2026-06-12 00:33:16	1379400	4294904807	0	0	2	0	4
20260612-003341	ItemConsume	ClearItemInPos	thuong	SdachSM	1090	All-Star	1	200	1413	2857			0		0	0	0	0	§¹i §Þnh Hån 	2	1	1113	1	-1020678945	2026-06-12 00:33:16	4294904000	0	0	0	2	1	4
20260612-003341	ItemConsume	ClearItemInPos	thuong	SdachSM	1090	All-Star	1	200	1413	2857			0		0	0	0	0	Thiªn Th¹ch linh th¹ch	2	1	1068	1	79389068	2026-06-12 00:33:16	4294905093	0	0	0	2	2	4
20260612-003341	ItemConsume	ClearItemInPos	thuong	SdachSM	1090	All-Star	100	200	1413	2857			0		0	0	0	0	Thiªn Th¹ch Tinh Th¹ch	2	1	1009	100	236914301	2026-06-12 00:33:16	593735	0	0	0	2	3	4
20260612-003341	ItemConsume	ClearItemInPos	thuong	SdachSM	1090	All-Star	50	200	1413	2857			0		0	0	0	0	C­êng hãa quyÓn 12	2	1	30424	50	868499125	2026-06-12 00:33:16	4294903951	0	0	0	2	4	4
20260612-003341	ItemConsume	ClearItemInPos	thuong	SdachSM	1090	All-Star	50	200	1413	2857			0		0	0	0	0	C­êng hãa quyÓn 13	2	1	30425	50	1145007559	2026-06-12 00:33:16	4000946	4294903836	0	0	2	0	5
20260612-003341	ItemConsume	ClearItemInPos	thuong	SdachSM	1090	All-Star	50	200	1413	2857			0		0	0	0	0	C­êng hãa quyÓn 14	2	1	30426	50	-1699818976	2026-06-12 00:33:16	4294905677	0	0	0	2	1	5
20260612-003341	ItemConsume	ClearItemInPos	thuong	SdachSM	1090	All-Star	50	200	1413	2857			0		0	0	0	0	C­êng hãa quyÓn 15	2	1	30427	50	2028815050	2026-06-12 00:33:16	5114225	2821063	0	0	2	2	5
20260612-003341	ItemConsume	ClearItemInPos	thuong	SdachSM	1090	All-Star	20	200	1413	2857			0		0	0	0	0	Ma §ao Th¹ch cÊp 1	2	1	30428	20	-319239984	2026-06-12 00:33:16	4294904751	7277918	0	0	2	3	5
20260612-003341	ItemConsume	ClearItemInPos	thuong	SdachSM	1090	All-Star	20	200	1413	2857			0		0	0	0	0	Ma §¹o Th¹ch cÊp 2	2	1	30429	20	-1564496637	2026-06-12 00:33:16	4294905556	0	0	0	2	4	5
20260612-003341	ItemConsume	ClearItemInPos	thuong	SdachSM	1090	All-Star	20	200	1413	2857			0		0	0	0	0	Ma §ao Th¹ch cÊp 3	2	1	30430	20	-461757179	2026-06-12 00:33:16	1969330	0	0	0	2	0	6
20260612-003341	ItemAdd	3086646439	thuong	SdachSM	1090	All-Star	1	200	1413	2857			0		0	0	0	0	Vâ L©m 2 Shiina	2	1	50001	1	2117283251	2026-06-12 00:33:41	592471	0	0	0	-1	-1	-1
20260612-003347	large_str	AddItem[/script/ksgvn/item/item_test_card.lua|kgm_AddGem]			0		2833709819	0	0	0			0		0	0	0	0		0	0	0	0	0		0	0	0	0	-1	-1	-1
20260612-003347	ItemAdd	2833709819	thuong	SdachSM	1090	All-Star	100	200	1413	2857			0		0	0	0	0	HuyÕtTrÝchTh¹ch Lv1	2	22	101	100	1985757245	2026-06-12 00:33:47	4294901899	0	0	0	-1	-1	-1
20260612-003347	ItemAdd	2833709819	thuong	SdachSM	1090	All-Star	100	200	1413	2857			0		0	0	0	0	NguyÖtB¹chTh¹ch Lv1	2	22	201	100	-1910672190	2026-06-12 00:33:47	4294902628	0	0	0	-1	-1	-1
20260612-003347	ItemAdd	2833709819	thuong	SdachSM	1090	All-Star	100	200	1413	2857			0		0	0	0	0	Hæ Ph¸ch Th¹ch CÊp 1	2	22	301	100	-1876969476	2026-06-12 00:33:47	4294903100	0	0	0	-1	-1	-1
20260612-003347	ItemAdd	2833709819	thuong	SdachSM	1090	All-Star	100	200	1413	2857			0		0	0	0	0	H¾c DiÖu Th¹ch CÊp 1	2	22	401	100	-107470419	2026-06-12 00:33:47	4294902601	0	0	0	-1	-1	-1
20260612-003347	ItemAdd	2833709819	thuong	SdachSM	1090	All-Star	100	200	1413	2857			0		0	0	0	0	HuyÕtTrÝchTh¹ch Lv2	2	22	102	100	-1308684064	2026-06-12 00:33:47	4294903195	0	0	0	-1	-1	-1
20260612-003347	ItemAdd	2833709819	thuong	SdachSM	1090	All-Star	100	200	1413	2857			0		0	0	0	0	NguyÖtB¹chTh¹ch Lv2	2	22	202	100	2001619809	2026-06-12 00:33:47	4294903641	0	0	0	-1	-1	-1
20260612-003347	ItemAdd	2833709819	thuong	SdachSM	1090	All-Star	100	200	1413	2857			0		0	0	0	0	Hæ Ph¸ch Th¹ch CÊp 2	2	22	302	100	-1226232394	2026-06-12 00:33:47	4294903592	0	0	0	-1	-1	-1
20260612-003347	ItemAdd	2833709819	thuong	SdachSM	1090	All-Star	100	200	1413	2857			0		0	0	0	0	H¾c DiÖu Th¹ch CÊp 2	2	22	402	100	1838746453	2026-06-12 00:33:47	4294903386	0	0	0	-1	-1	-1
20260612-003347	ItemAdd	2833709819	thuong	SdachSM	1090	All-Star	100	200	1413	2857			0		0	0	0	0	HuyÕtTrÝchTh¹ch Lv3	2	22	103	100	351954874	2026-06-12 00:33:47	0	0	0	0	-1	-1	-1
20260612-003347	ItemAdd	2833709819	thuong	SdachSM	1090	All-Star	100	200	1413	2857			0		0	0	0	0	NguyÖtB¹chTh¹ch Lv3	2	22	203	100	-426476826	2026-06-12 00:33:47	0	0	0	0	-1	-1	-1
20260612-003347	ItemAdd	2833709819	thuong	SdachSM	1090	All-Star	100	200	1413	2857			0		0	0	0	0	Hæ Ph¸ch Th¹ch CÊp 3	2	22	303	100	1580578642	2026-06-12 00:33:47	0	0	0	0	-1	-1	-1
20260612-003347	ItemAdd	2833709819	thuong	SdachSM	1090	All-Star	100	200	1413	2857			0		0	0	0	0	H¾c DiÖu Th¹ch CÊp 3	2	22	403	100	87148798	2026-06-12 00:33:47	4294903290	0	0	0	-1	-1	-1
20260612-003347	ItemAdd	2833709819	thuong	SdachSM	1090	All-Star	100	200	1413	2857			0		0	0	0	0	HuyÕtTrÝchTh¹ch Lv4	2	22	104	100	1078637143	2026-06-12 00:33:47	0	0	0	0	-1	-1	-1
20260612-003347	ItemAdd	2833709819	thuong	SdachSM	1090	All-Star	100	200	1413	2857			0		0	0	0	0	NguyÖtB¹chTh¹ch Lv4	2	22	204	100	-1206252365	2026-06-12 00:33:47	4294903666	0	0	0	-1	-1	-1
20260612-003347	ItemAdd	2833709819	thuong	SdachSM	1090	All-Star	100	200	1413	2857			0		0	0	0	0	Hæ Ph¸ch Th¹ch CÊp 4	2	22	304	100	845414640	2026-06-12 00:33:47	0	0	0	0	-1	-1	-1
20260612-003347	ItemAdd	2833709819	thuong	SdachSM	1090	All-Star	100	200	1413	2857			0		0	0	0	0	H¾c DiÖu Th¹ch CÊp 4	2	22	404	100	1126354620	2026-06-12 00:33:47	0	0	0	0	-1	-1	-1
20260612-003347	ItemAdd	2833709819	thuong	SdachSM	1090	All-Star	100	200	1413	2857			0		0	0	0	0	HuyÕtTrÝchTh¹ch Lv5	2	22	105	100	-1132577848	2026-06-12 00:33:47	0	0	0	0	-1	-1	-1
20260612-003347	ItemAdd	2833709819	thuong	SdachSM	1090	All-Star	100	200	1413	2857			0		0	0	0	0	NguyÖtB¹chTh¹ch Lv5	2	22	205	100	-1040149484	2026-06-12 00:33:47	4294902353	0	0	0	-1	-1	-1
20260612-003347	ItemAdd	2833709819	thuong	SdachSM	1090	All-Star	100	200	1413	2857			0		0	0	0	0	Hæ Ph¸ch Th¹ch CÊp 5	2	22	305	100	-1124320859	2026-06-12 00:33:47	0	0	0	0	-1	-1	-1
20260612-003347	ItemAdd	2833709819	thuong	SdachSM	1090	All-Star	100	200	1413	2857			0		0	0	0	0	H¾c DiÖu Th¹ch CÊp 5	2	22	405	100	1745937697	2026-06-12 00:33:47	4294902420	0	0	0	-1	-1	-1
20260612-003347	ItemAdd	2833709819	thuong	SdachSM	1090	All-Star	100	200	1413	2857			0		0	0	0	0	HuyÕtTrÝchTh¹ch Lv6	2	22	106	100	-235933549	2026-06-12 00:33:47	0	0	0	0	-1	-1	-1
20260612-003347	ItemAdd	2833709819	thuong	SdachSM	1090	All-Star	100	200	1413	2857			0		0	0	0	0	NguyÖtB¹chTh¹ch Lv6	2	22	206	100	-1708059857	2026-06-12 00:33:47	0	0	0	0	-1	-1	-1
20260612-003347	ItemAdd	2833709819	thuong	SdachSM	1090	All-Star	100	200	1413	2857			0		0	0	0	0	Hæ Ph¸ch Th¹ch CÊp 6	2	22	306	100	-1056991221	2026-06-12 00:33:47	0	0	0	0	-1	-1	-1
20260612-003347	ItemAdd	2833709819	thuong	SdachSM	1090	All-Star	100	200	1413	2857			0		0	0	0	0	H¾c DiÖu Th¹ch CÊp 6	2	22	406	100	499686183	2026-06-12 00:33:47	4294902767	0	0	0	-1	-1	-1
20260612-003347	ItemAdd	2833709819	thuong	SdachSM	1090	All-Star	100	200	1413	2857			0		0	0	0	0	HuyÕt TrÝch Th¹ch cÊp 7	2	22	107	100	1954581364	2026-06-12 00:33:47	0	0	0	0	-1	-1	-1
20260612-003347	ItemAdd	2833709819	thuong	SdachSM	1090	All-Star	100	200	1413	2857			0		0	0	0	0	NguyÖt B¹ch Th¹ch cÊp 7	2	22	207	100	-94059264	2026-06-12 00:33:47	4294902503	0	0	0	-1	-1	-1
20260612-003347	ItemAdd	2833709819	thuong	SdachSM	1090	All-Star	100	200	1413	2857			0		0	0	0	0	Hæ Ph¸ch Th¹ch cÊp 7	2	22	307	100	-1366832639	2026-06-12 00:33:47	0	0	0	0	-1	-1	-1
20260612-003347	ItemAdd	2833709819	thuong	SdachSM	1090	All-Star	100	200	1413	2857			0		0	0	0	0	H¾c DiÖu Th¹ch cÊp 7	2	22	407	100	1750055869	2026-06-12 00:33:47	0	0	0	0	-1	-1	-1
20260612-003347	ItemAdd	2833709819	thuong	SdachSM	1090	All-Star	100	200	1413	2857			0		0	0	0	0	HuyÕt TrÝch Th¹ch CÊp 8	2	22	108	100	1076870585	2026-06-12 00:33:47	0	0	0	0	-1	-1	-1
20260612-003347	ItemAdd	2833709819	thuong	SdachSM	1090	All-Star	100	200	1413	2857			0		0	0	0	0	NguyÖt B¹ch Th¹ch CÊp 8	2	22	208	100	1737493493	2026-06-12 00:33:47	0	0	0	0	-1	-1	-1
20260612-003347	ItemAdd	2833709819	thuong	SdachSM	1090	All-Star	100	200	1413	2857			0		0	0	0	0	Hæ Ph¸ch Th¹ch CÊp 8	2	22	308	100	1359028849	2026-06-12 00:33:47	0	0	0	0	-1	-1	-1
20260612-003347	ItemAdd	2833709819	thuong	SdachSM	1090	All-Star	100	200	1413	2857			0		0	0	0	0	H¾c DiÖu Th¹ch CÊp 8	2	22	408	100	-17318611	2026-06-12 00:33:47	0	0	0	0	-1	-1	-1
20260612-003442	MoneyPay	PrePay	thuong	SdachSM	1090	All-Star	300	200	1468	2985			0		0	0	0	0		0	0	0	0	0		0	0	0	0	-1	-1	-1
20260612-003453	large_str	AddItem[/script/ksgvn/item/item_test_card.lua|kgm_AddKimXaFeed]			0		2405051819	0	0	0			0		0	0	0	0		0	0	0	0	0		0	0	0	0	-1	-1	-1
20260612-003453	ItemAdd	2405051819	thuong	SdachSM	1090	All-Star	100	350	1416	2996			0		0	0	0	0	ThiÕt tinh cÊp 4	2	1	30612	100	-1227976885	2026-06-12 00:34:53	0	0	0	0	-1	-1	-1
20260612-003453	ItemAdd	2405051819	thuong	SdachSM	1090	All-Star	100	350	1416	2996			0		0	0	0	0	ThiÕt tinh cÊp 4	2	1	30612	100	-985899123	2026-06-12 00:34:53	0	0	0	0	-1	-1	-1
20260612-003453	ItemAdd	2405051819	thuong	SdachSM	1090	All-Star	100	350	1416	2996			0		0	0	0	0	ThiÕt tinh cÊp 4	2	1	30612	100	-1671753134	2026-06-12 00:34:53	0	0	0	0	-1	-1	-1
20260612-003453	ItemAdd	2405051819	thuong	SdachSM	1090	All-Star	100	350	1416	2996			0		0	0	0	0	ThiÕt tinh cÊp 4	2	1	30612	100	-2045276660	2026-06-12 00:34:53	0	0	0	0	-1	-1	-1
20260612-003453	ItemAdd	2405051819	thuong	SdachSM	1090	All-Star	100	350	1416	2996			0		0	0	0	0	ThiÕt tinh cÊp 4	2	1	30612	100	2076687097	2026-06-12 00:34:53	0	0	0	0	-1	-1	-1
20260612-003500	large_str	AddItem[/script/ksgvn/item/item_test_card.lua|kgm_AddKimXaGem]			0		1129359959	0	0	0			0		0	0	0	0		0	0	0	0	0		0	0	0	0	-1	-1	-1
20260612-003500	ItemAdd	1129359959	thuong	SdachSM	1090	All-Star	100	350	1398	3020			0		0	0	0	0	TÈy T©m Th¹ch cÊp 1	2	1	30521	100	-810871231	2026-06-12 00:35:00	4294905849	4460305	0	0	-1	-1	-1
20260612-003500	ItemAdd	1129359959	thuong	SdachSM	1090	All-Star	100	350	1398	3020			0		0	0	0	0	TÈy T©m Th¹ch cÊp 2	2	1	30522	100	-104885374	2026-06-12 00:35:00	4294905786	0	0	0	-1	-1	-1
20260612-003500	ItemAdd	1129359959	thuong	SdachSM	1090	All-Star	100	350	1398	3020			0		0	0	0	0	TÈy T©m Th¹ch cÊp 3	2	1	30523	100	-1531214293	2026-06-12 00:35:00	1379426	4294905455	0	0	-1	-1	-1
20260612-003500	ItemAdd	1129359959	thuong	SdachSM	1090	All-Star	100	350	1398	3020			0		0	0	0	0	TÈy T©m Th¹ch cÊp 4	2	1	30524	100	303915540	2026-06-12 00:35:00	4294904186	593270	0	0	-1	-1	-1
20260612-003500	ItemAdd	1129359959	thuong	SdachSM	1090	All-Star	100	350	1398	3020			0		0	0	0	0	TÈy T©m Th¹ch cÊp 5	2	1	30525	100	1425169994	2026-06-12 00:35:00	593311	0	0	0	-1	-1	-1
20260612-003500	ItemAdd	1129359959	thuong	SdachSM	1090	All-Star	100	350	1398	3020			0		0	0	0	0	TÈy T©m Th¹ch cÊp 6	2	1	30526	100	60564420	2026-06-12 00:35:00	3739166	0	0	0	-1	-1	-1
20260612-003500	ItemAdd	1129359959	thuong	SdachSM	1090	All-Star	100	350	1398	3020			0		0	0	0	0	LuyÖn L« ThiÕt CÊp 1	2	1	30527	100	-1922259826	2026-06-12 00:35:00	592720	4294904755	0	0	-1	-1	-1
20260612-003500	ItemAdd	1129359959	thuong	SdachSM	1090	All-Star	100	350	1398	3020			0		0	0	0	0	LuyÖn L« ThiÕt CÊp 2	2	1	30528	100	900803913	2026-06-12 00:35:00	4294905198	1314278	0	0	-1	-1	-1
20260612-003500	ItemAdd	1129359959	thuong	SdachSM	1090	All-Star	100	350	1398	3020			0		0	0	0	0	LuyÖn L« ThiÕt CÊp 3	2	1	30529	100	1217630890	2026-06-12 00:35:00	4294904457	0	0	0	-1	-1	-1
20260612-003500	ItemAdd	1129359959	thuong	SdachSM	1090	All-Star	100	350	1398	3020			0		0	0	0	0	LuyÖn L« ThiÕt cÊp 4	2	1	30530	100	-782886285	2026-06-12 00:35:00	4294905185	0	0	0	-1	-1	-1
20260612-003500	ItemAdd	1129359959	thuong	SdachSM	1090	All-Star	100	350	1398	3020			0		0	0	0	0	LuyÖn L« ThiÕt cÊp 5	2	1	30531	100	1318334896	2026-06-12 00:35:00	591890	0	0	0	-1	-1	-1
20260612-003500	ItemAdd	1129359959	thuong	SdachSM	1090	All-Star	100	350	1398	3020			0		0	0	0	0	LuyÖn L« ThiÕt cÊp 6	2	1	30532	100	379611866	2026-06-12 00:35:00	4394224	4294904080	0	0	-1	-1	-1
20260612-003500	ItemAdd	1129359959	thuong	SdachSM	1090	All-Star	50	350	1398	3020			0		0	0	0	0	LuyÖn L« ThiÕt CÊp 7	2	1	31401	50	-1817149441	2026-06-12 00:35:00	4294904183	0	0	0	-1	-1	-1
20260612-003500	ItemAdd	1129359959	thuong	SdachSM	1090	All-Star	50	350	1398	3020			0		0	0	0	0	TÈy T©m Th¹ch CÊp 7	2	1	31402	50	-1006189343	2026-06-12 00:35:00	4294905580	0	0	0	-1	-1	-1
20260612-003500	ItemAdd	1129359959	thuong	SdachSM	1090	All-Star	50	350	1398	3020			0		0	0	0	0	LuyÖn L« ThiÕt Lv8	2	1	31614	50	1699595574	2026-06-12 00:35:00	4294905007	0	0	0	-1	-1	-1
20260612-003500	ItemAdd	1129359959	thuong	SdachSM	1090	All-Star	50	350	1398	3020			0		0	0	0	0	TÈy T©m Th¹ch Lv8	2	1	31615	50	-220781329	2026-06-12 00:35:00	1379147	4328021	0	0	-1	-1	-1
20260612-003506	large_str	AddItem[/script/gem/npc_gem.lua|_getGemBox]			0		967309142	0	0	0			0		0	0	0	0		0	0	0	0	0		0	0	0	0	-1	-1	-1
20260612-003506	ItemAdd	967309142	thuong	SdachSM	1090	All-Star	1	350	1385	3015			0		0	0	0	0	CÈm Nang §¸ Quý	2	1	30699	1	884373390	2026-06-12 00:35:06	2048	2048	2048	0	-1	-1	-1
20260612-003509	ItemConsume	ExpendIdx	thuong	SdachSM	1090	All-Star	100	350	1385	3015			0		0	0	0	0	NguyÖtB¹chTh¹ch Lv1	2	22	201	100	-1910672190	2026-06-12 00:33:47	4294902628	0	0	0	2	2	0
20260612-003509	ItemConsume	ExpendIdx	thuong	SdachSM	1090	All-Star	100	350	1385	3015			0		0	0	0	0	NguyÖtB¹chTh¹ch Lv2	2	22	202	100	2001619809	2026-06-12 00:33:47	4294903641	0	0	0	2	1	1
20260612-003509	ItemConsume	ExpendIdx	thuong	SdachSM	1090	All-Star	100	350	1385	3015			0		0	0	0	0	NguyÖtB¹chTh¹ch Lv3	2	22	203	100	-426476826	2026-06-12 00:33:47	0	0	0	0	2	0	2
20260612-003509	ItemConsume	ExpendIdx	thuong	SdachSM	1090	All-Star	100	350	1385	3015			0		0	0	0	0	NguyÖtB¹chTh¹ch Lv4	2	22	204	100	-1206252365	2026-06-12 00:33:47	4294903666	0	0	0	2	4	2
20260612-003509	ItemConsume	ExpendIdx	thuong	SdachSM	1090	All-Star	100	350	1385	3015			0		0	0	0	0	NguyÖtB¹chTh¹ch Lv5	2	22	205	100	-1040149484	2026-06-12 00:33:47	4294902353	0	0	0	2	3	3
20260612-003509	ItemConsume	ExpendIdx	thuong	SdachSM	1090	All-Star	100	350	1385	3015			0		0	0	0	0	NguyÖtB¹chTh¹ch Lv6	2	22	206	100	-1708059857	2026-06-12 00:33:47	0	0	0	0	2	2	4
20260612-003509	ItemConsume	ExpendIdx	thuong	SdachSM	1090	All-Star	100	350	1385	3015			0		0	0	0	0	NguyÖt B¹ch Th¹ch cÊp 7	2	22	207	100	-94059264	2026-06-12 00:33:47	4294902503	0	0	0	2	1	5
20260612-003509	ItemConsume	ExpendIdx	thuong	SdachSM	1090	All-Star	100	350	1385	3015			0		0	0	0	0	NguyÖt B¹ch Th¹ch CÊp 8	2	22	208	100	1737493493	2026-06-12 00:33:47	0	0	0	0	2	0	6
20260612-003509	ItemConsume	ExpendIdx	thuong	SdachSM	1090	All-Star	100	350	1385	3015			0		0	0	0	0	H¾c DiÖu Th¹ch CÊp 1	2	22	401	100	-107470419	2026-06-12 00:33:47	4294902601	0	0	0	2	4	0
20260612-003509	ItemConsume	ExpendIdx	thuong	SdachSM	1090	All-Star	100	350	1385	3015			0		0	0	0	0	H¾c DiÖu Th¹ch CÊp 2	2	22	402	100	1838746453	2026-06-12 00:33:47	4294903386	0	0	0	2	3	1
20260612-003509	ItemConsume	ExpendIdx	thuong	SdachSM	1090	All-Star	100	350	1385	3015			0		0	0	0	0	H¾c DiÖu Th¹ch CÊp 3	2	22	403	100	87148798	2026-06-12 00:33:47	4294903290	0	0	0	2	2	2
20260612-003509	ItemConsume	ExpendIdx	thuong	SdachSM	1090	All-Star	100	350	1385	3015			0		0	0	0	0	H¾c DiÖu Th¹ch CÊp 4	2	22	404	100	1126354620	2026-06-12 00:33:47	0	0	0	0	2	1	3
20260612-003509	ItemConsume	ExpendIdx	thuong	SdachSM	1090	All-Star	100	350	1385	3015			0		0	0	0	0	H¾c DiÖu Th¹ch CÊp 5	2	22	405	100	1745937697	2026-06-12 00:33:47	4294902420	0	0	0	2	0	4
20260612-003509	ItemConsume	ExpendIdx	thuong	SdachSM	1090	All-Star	100	350	1385	3015			0		0	0	0	0	H¾c DiÖu Th¹ch CÊp 6	2	22	406	100	499686183	2026-06-12 00:33:47	4294902767	0	0	0	2	4	4
20260612-003509	ItemConsume	ExpendIdx	thuong	SdachSM	1090	All-Star	100	350	1385	3015			0		0	0	0	0	H¾c DiÖu Th¹ch cÊp 7	2	22	407	100	1750055869	2026-06-12 00:33:47	0	0	0	0	2	3	5
20260612-003509	ItemConsume	ExpendIdx	thuong	SdachSM	1090	All-Star	100	350	1385	3015			0		0	0	0	0	H¾c DiÖu Th¹ch CÊp 8	2	22	408	100	-17318611	2026-06-12 00:33:47	0	0	0	0	2	2	6
20260612-003509	ItemConsume	ExpendIdx	thuong	SdachSM	1090	All-Star	100	350	1385	3015			0		0	0	0	0	HuyÕtTrÝchTh¹ch Lv1	2	22	101	100	1985757245	2026-06-12 00:33:47	4294901899	0	0	0	2	1	0
20260612-003509	ItemConsume	ExpendIdx	thuong	SdachSM	1090	All-Star	100	350	1385	3015			0		0	0	0	0	HuyÕtTrÝchTh¹ch Lv2	2	22	102	100	-1308684064	2026-06-12 00:33:47	4294903195	0	0	0	2	0	1
20260612-003509	ItemConsume	ExpendIdx	thuong	SdachSM	1090	All-Star	100	350	1385	3015			0		0	0	0	0	HuyÕtTrÝchTh¹ch Lv3	2	22	103	100	351954874	2026-06-12 00:33:47	0	0	0	0	2	4	1
20260612-003509	ItemConsume	ExpendIdx	thuong	SdachSM	1090	All-Star	100	350	1385	3015			0		0	0	0	0	HuyÕtTrÝchTh¹ch Lv4	2	22	104	100	1078637143	2026-06-12 00:33:47	0	0	0	0	2	3	2
20260612-003509	ItemConsume	ExpendIdx	thuong	SdachSM	1090	All-Star	100	350	1385	3015			0		0	0	0	0	HuyÕtTrÝchTh¹ch Lv5	2	22	105	100	-1132577848	2026-06-12 00:33:47	0	0	0	0	2	2	3
20260612-003509	ItemConsume	ExpendIdx	thuong	SdachSM	1090	All-Star	100	350	1385	3015			0		0	0	0	0	HuyÕtTrÝchTh¹ch Lv6	2	22	106	100	-235933549	2026-06-12 00:33:47	0	0	0	0	2	1	4
20260612-003509	ItemConsume	ExpendIdx	thuong	SdachSM	1090	All-Star	100	350	1385	3015			0		0	0	0	0	HuyÕt TrÝch Th¹ch cÊp 7	2	22	107	100	1954581364	2026-06-12 00:33:47	0	0	0	0	2	0	5
20260612-003509	ItemConsume	ExpendIdx	thuong	SdachSM	1090	All-Star	100	350	1385	3015			0		0	0	0	0	HuyÕt TrÝch Th¹ch CÊp 8	2	22	108	100	1076870585	2026-06-12 00:33:47	0	0	0	0	2	4	5
20260612-003509	ItemConsume	ExpendIdx	thuong	SdachSM	1090	All-Star	100	350	1385	3015			0		0	0	0	0	Hæ Ph¸ch Th¹ch CÊp 1	2	22	301	100	-1876969476	2026-06-12 00:33:47	4294903100	0	0	0	2	3	0
20260612-003509	ItemConsume	ExpendIdx	thuong	SdachSM	1090	All-Star	100	350	1385	3015			0		0	0	0	0	Hæ Ph¸ch Th¹ch CÊp 2	2	22	302	100	-1226232394	2026-06-12 00:33:47	4294903592	0	0	0	2	2	1
20260612-003509	ItemConsume	ExpendIdx	thuong	SdachSM	1090	All-Star	100	350	1385	3015			0		0	0	0	0	Hæ Ph¸ch Th¹ch CÊp 3	2	22	303	100	1580578642	2026-06-12 00:33:47	0	0	0	0	2	1	2
20260612-003509	ItemConsume	ExpendIdx	thuong	SdachSM	1090	All-Star	100	350	1385	3015			0		0	0	0	0	Hæ Ph¸ch Th¹ch CÊp 4	2	22	304	100	845414640	2026-06-12 00:33:47	0	0	0	0	2	0	3
20260612-003509	ItemConsume	ExpendIdx	thuong	SdachSM	1090	All-Star	100	350	1385	3015			0		0	0	0	0	Hæ Ph¸ch Th¹ch CÊp 5	2	22	305	100	-1124320859	2026-06-12 00:33:47	0	0	0	0	2	4	3
20260612-003509	ItemConsume	ExpendIdx	thuong	SdachSM	1090	All-Star	100	350	1385	3015			0		0	0	0	0	Hæ Ph¸ch Th¹ch CÊp 6	2	22	306	100	-1056991221	2026-06-12 00:33:47	0	0	0	0	2	3	4
20260612-003509	ItemConsume	ExpendIdx	thuong	SdachSM	1090	All-Star	100	350	1385	3015			0		0	0	0	0	Hæ Ph¸ch Th¹ch cÊp 7	2	22	307	100	-1366832639	2026-06-12 00:33:47	0	0	0	0	2	2	5
20260612-003509	ItemConsume	ExpendIdx	thuong	SdachSM	1090	All-Star	100	350	1385	3015			0		0	0	0	0	Hæ Ph¸ch Th¹ch CÊp 8	2	22	308	100	1359028849	2026-06-12 00:33:47	0	0	0	0	2	1	6
20260612-003524	ItemConsume	ClearItemInPos	thuong	SdachSM	1090	All-Star	1	350	1385	3015			0		0	0	0	0	Vâ L©m 2 Shiina	2	1	50001	1	2117283251	2026-06-12 00:33:41	592471	0	0	0	2	0	0
20260612-003524	ItemConsume	ClearItemInPos	thuong	SdachSM	1090	All-Star	100	350	1385	3015			0		0	0	0	0	ThiÕt tinh cÊp 4	2	1	30612	100	-1227976885	2026-06-12 00:34:53	0	0	0	0	2	3	6
20260612-003524	ItemConsume	ClearItemInPos	thuong	SdachSM	1090	All-Star	100	350	1385	3015			0		0	0	0	0	ThiÕt tinh cÊp 4	2	1	30612	100	-985899123	2026-06-12 00:34:53	0	0	0	0	2	4	6
20260612-003524	ItemConsume	ClearItemInPos	thuong	SdachSM	1090	All-Star	100	350	1385	3015			0		0	0	0	0	ThiÕt tinh cÊp 4	2	1	30612	100	-1671753134	2026-06-12 00:34:53	0	0	0	0	2	0	7
20260612-003524	ItemConsume	ClearItemInPos	thuong	SdachSM	1090	All-Star	100	350	1385	3015			0		0	0	0	0	ThiÕt tinh cÊp 4	2	1	30612	100	-2045276660	2026-06-12 00:34:53	0	0	0	0	2	1	7
20260612-003524	ItemConsume	ClearItemInPos	thuong	SdachSM	1090	All-Star	100	350	1385	3015			0		0	0	0	0	ThiÕt tinh cÊp 4	2	1	30612	100	2076687097	2026-06-12 00:34:53	0	0	0	0	2	2	7
20260612-003524	ItemConsume	ClearItemInPos	thuong	SdachSM	1090	All-Star	100	350	1385	3015			0		0	0	0	0	TÈy T©m Th¹ch cÊp 1	2	1	30521	100	-810871231	2026-06-12 00:35:00	4294905849	4460305	0	0	2	3	7
20260612-003524	ItemConsume	ClearItemInPos	thuong	SdachSM	1090	All-Star	100	350	1385	3015			0		0	0	0	0	TÈy T©m Th¹ch cÊp 2	2	1	30522	100	-104885374	2026-06-12 00:35:00	4294905786	0	0	0	2	4	7
20260612-003524	ItemConsume	ClearItemInPos	thuong	SdachSM	1090	All-Star	100	350	1385	3015			0		0	0	0	0	TÈy T©m Th¹ch cÊp 3	2	1	30523	100	-1531214293	2026-06-12 00:35:00	1379426	4294905455	0	0	2	0	8
20260612-003524	ItemConsume	ClearItemInPos	thuong	SdachSM	1090	All-Star	100	350	1385	3015			0		0	0	0	0	TÈy T©m Th¹ch cÊp 4	2	1	30524	100	303915540	2026-06-12 00:35:00	4294904186	593270	0	0	2	1	8
20260612-003524	ItemConsume	ClearItemInPos	thuong	SdachSM	1090	All-Star	100	350	1385	3015			0		0	0	0	0	TÈy T©m Th¹ch cÊp 5	2	1	30525	100	1425169994	2026-06-12 00:35:00	593311	0	0	0	2	2	8
20260612-003524	ItemConsume	ClearItemInPos	thuong	SdachSM	1090	All-Star	100	350	1385	3015			0		0	0	0	0	TÈy T©m Th¹ch cÊp 6	2	1	30526	100	60564420	2026-06-12 00:35:00	3739166	0	0	0	2	3	8
20260612-003524	ItemConsume	ClearItemInPos	thuong	SdachSM	1090	All-Star	100	350	1385	3015			0		0	0	0	0	LuyÖn L« ThiÕt CÊp 1	2	1	30527	100	-1922259826	2026-06-12 00:35:00	592720	4294904755	0	0	2	4	8
20260612-003524	ItemConsume	ClearItemInPos	thuong	SdachSM	1090	All-Star	100	350	1385	3015			0		0	0	0	0	LuyÖn L« ThiÕt CÊp 2	2	1	30528	100	900803913	2026-06-12 00:35:00	4294905198	1314278	0	0	2	0	9
20260612-003524	ItemConsume	ClearItemInPos	thuong	SdachSM	1090	All-Star	100	350	1385	3015			0		0	0	0	0	LuyÖn L« ThiÕt CÊp 3	2	1	30529	100	1217630890	2026-06-12 00:35:00	4294904457	0	0	0	2	1	9
20260612-003524	ItemConsume	ClearItemInPos	thuong	SdachSM	1090	All-Star	100	350	1385	3015			0		0	0	0	0	LuyÖn L« ThiÕt cÊp 4	2	1	30530	100	-782886285	2026-06-12 00:35:00	4294905185	0	0	0	2	2	9
20260612-003524	ItemConsume	ClearItemInPos	thuong	SdachSM	1090	All-Star	100	350	1385	3015			0		0	0	0	0	LuyÖn L« ThiÕt cÊp 5	2	1	30531	100	1318334896	2026-06-12 00:35:00	591890	0	0	0	2	3	9
20260612-003524	ItemConsume	ClearItemInPos	thuong	SdachSM	1090	All-Star	100	350	1385	3015			0		0	0	0	0	LuyÖn L« ThiÕt cÊp 6	2	1	30532	100	379611866	2026-06-12 00:35:00	4394224	4294904080	0	0	2	4	9
20260612-003524	ItemConsume	ClearItemInPos	thuong	SdachSM	1090	All-Star	50	350	1385	3015			0		0	0	0	0	LuyÖn L« ThiÕt CÊp 7	2	1	31401	50	-1817149441	2026-06-12 00:35:00	4294904183	0	0	0	2	0	10
20260612-003524	ItemConsume	ClearItemInPos	thuong	SdachSM	1090	All-Star	50	350	1385	3015			0		0	0	0	0	TÈy T©m Th¹ch CÊp 7	2	1	31402	50	-1006189343	2026-06-12 00:35:00	4294905580	0	0	0	2	1	10
20260612-003524	ItemConsume	ClearItemInPos	thuong	SdachSM	1090	All-Star	50	350	1385	3015			0		0	0	0	0	LuyÖn L« ThiÕt Lv8	2	1	31614	50	1699595574	2026-06-12 00:35:00	4294905007	0	0	0	2	2	10
20260612-003524	ItemConsume	ClearItemInPos	thuong	SdachSM	1090	All-Star	50	350	1385	3015			0		0	0	0	0	TÈy T©m Th¹ch Lv8	2	1	31615	50	-220781329	2026-06-12 00:35:00	1379147	4328021	0	0	2	3	10
20260612-003524	ItemConsume	ClearItemInPos	thuong	SdachSM	1090	All-Star	1	350	1385	3015			0		0	0	0	0	CÈm Nang §¸ Quý	2	1	30699	1	884373390	2026-06-12 00:35:06	2048	2048	2048	0	2	4	10
20260612-003524	ItemAdd	3086646439	thuong	SdachSM	1090	All-Star	1	350	1385	3015			0		0	0	0	0	Vâ L©m 2 Shiina	2	1	50001	1	-2018750900	2026-06-12 00:35:24	593829	0	0	0	-1	-1	-1
20260612-003529	ItemAdd	2388713172	thuong	SdachSM	1090	All-Star	1	350	1385	3015			0		0	0	0	0	§Þnh Hån Thiªn Th¹ch Th	2	1	1067	1	-446271131	2026-06-12 00:35:29	3803159	0	0	0	-1	-1	-1
20260612-003529	ItemAdd	2388713172	thuong	SdachSM	1090	All-Star	1	350	1385	3015			0		0	0	0	0	§¹i §Þnh Hån 	2	1	1113	1	1737660919	2026-06-12 00:35:29	4294905731	0	0	0	-1	-1	-1
20260612-003529	ItemAdd	2388713172	thuong	SdachSM	1090	All-Star	1	350	1385	3015			0		0	0	0	0	Thiªn Th¹ch linh th¹ch	2	1	1068	1	-1185243516	2026-06-12 00:35:29	4294904584	0	0	0	-1	-1	-1
20260612-003529	ItemAdd	2388713172	thuong	SdachSM	1090	All-Star	100	350	1385	3015			0		0	0	0	0	Thiªn Th¹ch Tinh Th¹ch	2	1	1009	100	-601351979	2026-06-12 00:35:29	592246	0	0	0	-1	-1	-1
20260612-003529	ItemAdd	2388713172	thuong	SdachSM	1090	All-Star	50	350	1385	3015			0		0	0	0	0	C­êng hãa quyÓn 12	2	1	30424	50	-1756237593	2026-06-12 00:35:29	4294904333	0	0	0	-1	-1	-1
20260612-003529	ItemAdd	2388713172	thuong	SdachSM	1090	All-Star	50	350	1385	3015			0		0	0	0	0	C­êng hãa quyÓn 13	2	1	30425	50	164641545	2026-06-12 00:35:29	4294904677	0	0	0	-1	-1	-1
20260612-003529	ItemAdd	2388713172	thuong	SdachSM	1090	All-Star	50	350	1385	3015			0		0	0	0	0	C­êng hãa quyÓn 14	2	1	30426	50	-1220060034	2026-06-12 00:35:29	4294905197	0	0	0	-1	-1	-1
20260612-003529	ItemAdd	2388713172	thuong	SdachSM	1090	All-Star	50	350	1385	3015			0		0	0	0	0	C­êng hãa quyÓn 15	2	1	30427	50	1820847063	2026-06-12 00:35:29	4294904721	0	0	0	-1	-1	-1
20260612-003529	ItemAdd	2388713172	thuong	SdachSM	1090	All-Star	20	350	1385	3015			0		0	0	0	0	Ma §ao Th¹ch cÊp 1	2	1	30428	20	413933945	2026-06-12 00:35:29	7276916	4328762	0	0	-1	-1	-1
20260612-003529	ItemAdd	2388713172	thuong	SdachSM	1090	All-Star	20	350	1385	3015			0		0	0	0	0	Ma §¹o Th¹ch cÊp 2	2	1	30429	20	674466503	2026-06-12 00:35:29	4294904295	0	0	0	-1	-1	-1
20260612-003529	ItemAdd	2388713172	thuong	SdachSM	1090	All-Star	20	350	1385	3015			0		0	0	0	0	Ma §ao Th¹ch cÊp 3	2	1	30430	20	1545997204	2026-06-12 00:35:29	4294904107	0	0	0	-1	-1	-1
20260612-003534	ItemAdd	2833709819	thuong	SdachSM	1090	All-Star	100	350	1385	3015			0		0	0	0	0	HuyÕtTrÝchTh¹ch Lv1	2	22	101	100	-1667791502	2026-06-12 00:35:34	4294902727	0	0	0	-1	-1	-1
20260612-003534	ItemAdd	2833709819	thuong	SdachSM	1090	All-Star	100	350	1385	3015			0		0	0	0	0	NguyÖtB¹chTh¹ch Lv1	2	22	201	100	525763291	2026-06-12 00:35:34	4294903123	0	0	0	-1	-1	-1
20260612-003534	ItemAdd	2833709819	thuong	SdachSM	1090	All-Star	100	350	1385	3015			0		0	0	0	0	Hæ Ph¸ch Th¹ch CÊp 1	2	22	301	100	-1475569608	2026-06-12 00:35:34	4294902252	0	0	0	-1	-1	-1
20260612-003534	ItemAdd	2833709819	thuong	SdachSM	1090	All-Star	100	350	1385	3015			0		0	0	0	0	H¾c DiÖu Th¹ch CÊp 1	2	22	401	100	1396854767	2026-06-12 00:35:34	4294902555	0	0	0	-1	-1	-1
20260612-003534	ItemAdd	2833709819	thuong	SdachSM	1090	All-Star	100	350	1385	3015			0		0	0	0	0	HuyÕtTrÝchTh¹ch Lv2	2	22	102	100	-1079681572	2026-06-12 00:35:34	4294903656	0	0	0	-1	-1	-1
20260612-003534	ItemAdd	2833709819	thuong	SdachSM	1090	All-Star	100	350	1385	3015			0		0	0	0	0	NguyÖtB¹chTh¹ch Lv2	2	22	202	100	-1009613555	2026-06-12 00:35:34	4294902641	0	0	0	-1	-1	-1
20260612-003534	ItemAdd	2833709819	thuong	SdachSM	1090	All-Star	100	350	1385	3015			0		0	0	0	0	Hæ Ph¸ch Th¹ch CÊp 2	2	22	302	100	449562066	2026-06-12 00:35:34	0	0	0	0	-1	-1	-1
20260612-003534	ItemAdd	2833709819	thuong	SdachSM	1090	All-Star	100	350	1385	3015			0		0	0	0	0	H¾c DiÖu Th¹ch CÊp 2	2	22	402	100	-1860210818	2026-06-12 00:35:34	4294902408	0	0	0	-1	-1	-1
20260612-003534	ItemAdd	2833709819	thuong	SdachSM	1090	All-Star	100	350	1385	3015			0		0	0	0	0	HuyÕtTrÝchTh¹ch Lv3	2	22	103	100	2145538685	2026-06-12 00:35:34	0	0	0	0	-1	-1	-1
20260612-003534	ItemAdd	2833709819	thuong	SdachSM	1090	All-Star	100	350	1385	3015			0		0	0	0	0	NguyÖtB¹chTh¹ch Lv3	2	22	203	100	496150649	2026-06-12 00:35:34	4294902963	0	0	0	-1	-1	-1
20260612-003534	ItemAdd	2833709819	thuong	SdachSM	1090	All-Star	100	350	1385	3015			0		0	0	0	0	Hæ Ph¸ch Th¹ch CÊp 3	2	22	303	100	-45311314	2026-06-12 00:35:34	0	0	0	0	-1	-1	-1
20260612-003534	ItemAdd	2833709819	thuong	SdachSM	1090	All-Star	100	350	1385	3015			0		0	0	0	0	H¾c DiÖu Th¹ch CÊp 3	2	22	403	100	-402275686	2026-06-12 00:35:34	4294902326	0	0	0	-1	-1	-1
20260612-003534	ItemAdd	2833709819	thuong	SdachSM	1090	All-Star	100	350	1385	3015			0		0	0	0	0	HuyÕtTrÝchTh¹ch Lv4	2	22	104	100	1646046499	2026-06-12 00:35:34	0	0	0	0	-1	-1	-1
20260612-003534	ItemAdd	2833709819	thuong	SdachSM	1090	All-Star	100	350	1385	3015			0		0	0	0	0	NguyÖtB¹chTh¹ch Lv4	2	22	204	100	-1407789377	2026-06-12 00:35:34	0	0	0	0	-1	-1	-1
20260612-003534	ItemAdd	2833709819	thuong	SdachSM	1090	All-Star	100	350	1385	3015			0		0	0	0	0	Hæ Ph¸ch Th¹ch CÊp 4	2	22	304	100	382792347	2026-06-12 00:35:34	0	0	0	0	-1	-1	-1
20260612-003534	ItemAdd	2833709819	thuong	SdachSM	1090	All-Star	100	350	1385	3015			0		0	0	0	0	H¾c DiÖu Th¹ch CÊp 4	2	22	404	100	1230970039	2026-06-12 00:35:34	4294902619	0	0	0	-1	-1	-1
20260612-003534	ItemAdd	2833709819	thuong	SdachSM	1090	All-Star	100	350	1385	3015			0		0	0	0	0	HuyÕtTrÝchTh¹ch Lv5	2	22	105	100	-934592167	2026-06-12 00:35:34	4294902288	0	0	0	-1	-1	-1
20260612-003534	ItemAdd	2833709819	thuong	SdachSM	1090	All-Star	100	350	1385	3015			0		0	0	0	0	NguyÖtB¹chTh¹ch Lv5	2	22	205	100	616181006	2026-06-12 00:35:34	4294901995	0	0	0	-1	-1	-1
20260612-003534	ItemAdd	2833709819	thuong	SdachSM	1090	All-Star	100	350	1385	3015			0		0	0	0	0	Hæ Ph¸ch Th¹ch CÊp 5	2	22	305	100	681919399	2026-06-12 00:35:34	4294902710	0	0	0	-1	-1	-1
20260612-003534	ItemAdd	2833709819	thuong	SdachSM	1090	All-Star	100	350	1385	3015			0		0	0	0	0	H¾c DiÖu Th¹ch CÊp 5	2	22	405	100	-96780812	2026-06-12 00:35:34	0	0	0	0	-1	-1	-1
20260612-003534	ItemAdd	2833709819	thuong	SdachSM	1090	All-Star	100	350	1385	3015			0		0	0	0	0	HuyÕtTrÝchTh¹ch Lv6	2	22	106	100	-1176449152	2026-06-12 00:35:34	4294903045	0	0	0	-1	-1	-1
20260612-003534	ItemAdd	2833709819	thuong	SdachSM	1090	All-Star	100	350	1385	3015			0		0	0	0	0	NguyÖtB¹chTh¹ch Lv6	2	22	206	100	-1859582335	2026-06-12 00:35:34	4294902764	0	0	0	-1	-1	-1
20260612-003534	ItemAdd	2833709819	thuong	SdachSM	1090	All-Star	100	350	1385	3015			0		0	0	0	0	Hæ Ph¸ch Th¹ch CÊp 6	2	22	306	100	814204836	2026-06-12 00:35:34	4294903413	0	0	0	-1	-1	-1
20260612-003534	ItemAdd	2833709819	thuong	SdachSM	1090	All-Star	100	350	1385	3015			0		0	0	0	0	H¾c DiÖu Th¹ch CÊp 6	2	22	406	100	2131685493	2026-06-12 00:35:34	4294901788	0	0	0	-1	-1	-1
20260612-003534	ItemAdd	2833709819	thuong	SdachSM	1090	All-Star	100	350	1385	3015			0		0	0	0	0	HuyÕt TrÝch Th¹ch cÊp 7	2	22	107	100	-606569081	2026-06-12 00:35:34	4294902765	0	0	0	-1	-1	-1
20260612-003534	ItemAdd	2833709819	thuong	SdachSM	1090	All-Star	100	350	1385	3015			0		0	0	0	0	NguyÖt B¹ch Th¹ch cÊp 7	2	22	207	100	-207591694	2026-06-12 00:35:34	0	0	0	0	-1	-1	-1
20260612-003534	ItemAdd	2833709819	thuong	SdachSM	1090	All-Star	100	350	1385	3015			0		0	0	0	0	Hæ Ph¸ch Th¹ch cÊp 7	2	22	307	100	-1938055522	2026-06-12 00:35:34	4294902654	0	0	0	-1	-1	-1
20260612-003534	ItemAdd	2833709819	thuong	SdachSM	1090	All-Star	100	350	1385	3015			0		0	0	0	0	H¾c DiÖu Th¹ch cÊp 7	2	22	407	100	268127672	2026-06-12 00:35:34	4294903039	0	0	0	-1	-1	-1
20260612-003534	ItemAdd	2833709819	thuong	SdachSM	1090	All-Star	100	350	1385	3015			0		0	0	0	0	HuyÕt TrÝch Th¹ch CÊp 8	2	22	108	100	615218466	2026-06-12 00:35:34	4294903150	0	0	0	-1	-1	-1
20260612-003534	ItemAdd	2833709819	thuong	SdachSM	1090	All-Star	100	350	1385	3015			0		0	0	0	0	NguyÖt B¹ch Th¹ch CÊp 8	2	22	208	100	-596441013	2026-06-12 00:35:34	4294902632	0	0	0	-1	-1	-1
20260612-003534	ItemAdd	2833709819	thuong	SdachSM	1090	All-Star	100	350	1385	3015			0		0	0	0	0	Hæ Ph¸ch Th¹ch CÊp 8	2	22	308	100	974217357	2026-06-12 00:35:34	0	0	0	0	-1	-1	-1
20260612-003534	ItemAdd	2833709819	thuong	SdachSM	1090	All-Star	100	350	1385	3015			0		0	0	0	0	H¾c DiÖu Th¹ch CÊp 8	2	22	408	100	511518089	2026-06-12 00:35:34	0	0	0	0	-1	-1	-1
20260612-003538	ItemAdd	967309142	thuong	SdachSM	1090	All-Star	1	350	1385	3015			0		0	0	0	0	CÈm Nang §¸ Quý	2	1	30699	1	-2064705396	2026-06-12 00:35:38	2048	2048	2048	0	-1	-1	-1
20260612-003549	ItemConsume	ExpendIdx	thuong	SdachSM	1090	All-Star	2	350	1385	3015			0		0	0	0	0	HuyÕtTrÝchTh¹ch Lv2	2	22	102	98	-1079681572	2026-06-12 00:35:34	4294903656	0	0	0	2	1	3
20260612-003549	ItemConsume	ExpendIdx	thuong	SdachSM	1090	All-Star	2	350	1385	3015			0		0	0	0	0	NguyÖtB¹chTh¹ch Lv2	2	22	202	98	-1009613555	2026-06-12 00:35:34	4294902641	0	0	0	2	2	3
20260612-003549	ItemConsume	ExpendIdx	thuong	SdachSM	1090	All-Star	2	350	1385	3015			0		0	0	0	0	Hæ Ph¸ch Th¹ch CÊp 2	2	22	302	98	449562066	2026-06-12 00:35:34	0	0	0	0	2	3	3
20260612-003549	ItemConsume	ExpendIdx	thuong	SdachSM	1090	All-Star	2	350	1385	3015			0		0	0	0	0	H¾c DiÖu Th¹ch CÊp 2	2	22	402	98	-1860210818	2026-06-12 00:35:34	4294902408	0	0	0	2	4	3
20260612-003549	item_info	set_gem_socket_ok	thuong	SdachSM	1090	All-Star	0	350	1385	3015			0		1	0	0	0	Tèng-Chu T­íc T­íng Tr­	0	8	32550	300	-1054933524	2026-06-12 00:20:01	977733898	978127993	949294612	15	8	0	0
20260612-003553	ItemConsume	ExpendIdx	thuong	SdachSM	1090	All-Star	3	350	1385	3015			0		0	0	0	0	HuyÕtTrÝchTh¹ch Lv3	2	22	103	97	2145538685	2026-06-12 00:35:34	0	0	0	0	2	0	4
20260612-003553	ItemConsume	ExpendIdx	thuong	SdachSM	1090	All-Star	3	350	1385	3015			0		0	0	0	0	NguyÖtB¹chTh¹ch Lv3	2	22	203	97	496150649	2026-06-12 00:35:34	4294902963	0	0	0	2	1	4
20260612-003553	ItemConsume	ExpendIdx	thuong	SdachSM	1090	All-Star	3	350	1385	3015			0		0	0	0	0	Hæ Ph¸ch Th¹ch CÊp 3	2	22	303	97	-45311314	2026-06-12 00:35:34	0	0	0	0	2	2	4
20260612-003553	ItemConsume	ExpendIdx	thuong	SdachSM	1090	All-Star	3	350	1385	3015			0		0	0	0	0	H¾c DiÖu Th¹ch CÊp 3	2	22	403	97	-402275686	2026-06-12 00:35:34	4294902326	0	0	0	2	3	4
20260612-003553	item_info	set_gem_socket_ok	thuong	SdachSM	1090	All-Star	1	350	1385	3015			0		1	0	0	0	Tèng-Chu T­íc T­íng Tr­	0	8	32550	300	-1054933524	2026-06-12 00:20:01	977733898	978127993	949294612	15	8	0	0
20260612-003556	ItemConsume	ExpendIdx	thuong	SdachSM	1090	All-Star	4	350	1385	3015			0		0	0	0	0	HuyÕtTrÝchTh¹ch Lv4	2	22	104	96	1646046499	2026-06-12 00:35:34	0	0	0	0	2	4	4
20260612-003556	ItemConsume	ExpendIdx	thuong	SdachSM	1090	All-Star	4	350	1385	3015			0		0	0	0	0	NguyÖtB¹chTh¹ch Lv4	2	22	204	96	-1407789377	2026-06-12 00:35:34	0	0	0	0	2	0	5
20260612-003556	ItemConsume	ExpendIdx	thuong	SdachSM	1090	All-Star	4	350	1385	3015			0		0	0	0	0	Hæ Ph¸ch Th¹ch CÊp 4	2	22	304	96	382792347	2026-06-12 00:35:34	0	0	0	0	2	1	5
20260612-003556	ItemConsume	ExpendIdx	thuong	SdachSM	1090	All-Star	4	350	1385	3015			0		0	0	0	0	H¾c DiÖu Th¹ch CÊp 4	2	22	404	96	1230970039	2026-06-12 00:35:34	4294902619	0	0	0	2	2	5
20260612-003556	item_info	set_gem_socket_ok	thuong	SdachSM	1090	All-Star	2	350	1385	3015			0		1	0	0	0	Tèng-Chu T­íc T­íng Tr­	0	8	32550	300	-1054933524	2026-06-12 00:20:01	977733898	978127993	949294612	15	8	0	0
20260612-003607	ItemSeperate	SeperateItem.Src	thuong	SdachSM	1090	All-Star	100	350	1380	3014			0		0	0	0	0	H¾c DiÖu Th¹ch CÊp 8	2	22	408	99	511518089	2026-06-12 00:35:34	0	0	0	0	2	3	8
20260612-003607	ItemSeperate	SeperateItem.Out	thuong	SdachSM	1090	All-Star	1	350	1380	3014			0		0	0	0	0	H¾c DiÖu Th¹ch CÊp 8	2	22	408	1	1488645578	2026-06-12 00:36:07	0	0	0	0	0	0	0
20260612-003608	ItemSeperate	SeperateItem.Src	thuong	SdachSM	1090	All-Star	99	350	1380	3014			0		0	0	0	0	H¾c DiÖu Th¹ch CÊp 8	2	22	408	98	511518089	2026-06-12 00:35:34	0	0	0	0	2	3	8
20260612-003608	ItemSeperate	SeperateItem.Out	thuong	SdachSM	1090	All-Star	1	350	1380	3014			0		0	0	0	0	H¾c DiÖu Th¹ch CÊp 8	2	22	408	1	1577356602	2026-06-12 00:36:08	0	0	0	0	0	0	0
20260612-003610	ItemSeperate	SeperateItem.Src	thuong	SdachSM	1090	All-Star	98	350	1380	3014			0		0	0	0	0	H¾c DiÖu Th¹ch CÊp 8	2	22	408	97	511518089	2026-06-12 00:35:34	0	0	0	0	2	3	8
20260612-003610	ItemSeperate	SeperateItem.Out	thuong	SdachSM	1090	All-Star	1	350	1380	3014			0		0	0	0	0	H¾c DiÖu Th¹ch CÊp 8	2	22	408	1	1021629021	2026-06-12 00:36:09	0	0	0	0	0	0	0
20260612-003614	ItemConsume	ExpendIdx	thuong	SdachSM	1090	All-Star	1	350	1380	3014			0		0	0	0	0	H¾c DiÖu Th¹ch CÊp 8	2	22	408	1	1488645578	2026-06-12 00:36:07	0	0	0	0	8	1	0
20260612-003614	ItemConsume	ExpendIdx	thuong	SdachSM	1090	All-Star	1	350	1380	3014			0		0	0	0	0	H¾c DiÖu Th¹ch CÊp 8	2	22	408	1	1021629021	2026-06-12 00:36:09	0	0	0	0	8	2	0
20260612-003614	ItemConsume	ExpendIdx	thuong	SdachSM	1090	All-Star	1	350	1380	3014			0		0	0	0	0	H¾c DiÖu Th¹ch CÊp 8	2	22	408	1	1577356602	2026-06-12 00:36:08	0	0	0	0	8	3	0
20260612-003614	item_info	set_gem_socket_ok	thuong	SdachSM	1090	All-Star	0	350	1380	3014			0		10033	0	0	0	Tèng-Chu T­íc T­íng Tr­	0	8	32550	300	-1054933524	2026-06-12 00:20:01	977733898	978127993	949294612	15	8	0	0
20260612-003614	item_info	set_gem_socket_ok	thuong	SdachSM	1090	All-Star	1	350	1380	3014			0		10033	0	0	0	Tèng-Chu T­íc T­íng Tr­	0	8	32550	300	-1054933524	2026-06-12 00:20:01	977733898	978127993	949294612	15	8	0	0
20260612-003614	item_info	set_gem_socket_ok	thuong	SdachSM	1090	All-Star	2	350	1380	3014			0		10033	0	0	0	Tèng-Chu T­íc T­íng Tr­	0	8	32550	300	-1054933524	2026-06-12 00:20:01	977733898	978127993	949294612	15	8	0	0
20260612-003645	large_str	AddItem[/script/ksgvn/item/item_test_card.lua|kgm_ShowMenuSupport]			0		394055601	0	0	0			0		0	0	0	0		0	0	0	0	0		0	0	0	0	-1	-1	-1
20260612-003645	ItemAdd	394055601	thuong	SdachSM	1090	All-Star	500	350	1435	2942			0		0	0	0	0	Tinh Hån	2	95	3855	500	1905192694	2026-06-12 00:36:45	4294905692	0	0	0	-1	-1	-1
20260612-003645	ItemAdd	394055601	thuong	SdachSM	1090	All-Star	500	350	1435	2942			0		0	0	0	0	NguyÖt Ph¸ch	2	102	232	500	1011880656	2026-06-12 00:36:45	4294904257	789504	0	0	-1	-1	-1
20260612-003652	large_str	AddItem[/script/ksgvn/item/item_test_card.lua|kgm_AddLinhDon]			0		1954178750	0	0	0			0		0	0	0	0		0	0	0	0	0		0	0	0	0	-1	-1	-1
20260612-003652	ItemAdd	1954178750	thuong	SdachSM	1090	All-Star	500	350	1435	2942			0		0	0	0	0	Håi Tiªn §¬n	2	1	30847	500	-1419969988	2026-06-12 00:36:52	4294905501	0	0	0	-1	-1	-1
20260612-003652	ItemAdd	1954178750	thuong	SdachSM	1090	All-Star	500	350	1435	2942			0		0	0	0	0	Linh Ph¸ch §¬n	2	1	31239	500	-337149715	2026-06-12 00:36:52	4294904232	0	0	0	-1	-1	-1
20260612-003726	ItemConsume	ClearItemInPos	thuong	SdachSM	1090	All-Star	1	350	1435	2942			0		0	0	0	0	Vâ L©m 2 Shiina	2	1	50001	1	-2018750900	2026-06-12 00:35:24	593829	0	0	0	2	0	0
20260612-003726	ItemConsume	ClearItemInPos	thuong	SdachSM	1090	All-Star	1	350	1435	2942			0		0	0	0	0	§Þnh Hån Thiªn Th¹ch Th	2	1	1067	1	-446271131	2026-06-12 00:35:29	3803159	0	0	0	2	1	0
20260612-003726	ItemConsume	ClearItemInPos	thuong	SdachSM	1090	All-Star	1	350	1435	2942			0		0	0	0	0	§¹i §Þnh Hån 	2	1	1113	1	1737660919	2026-06-12 00:35:29	4294905731	0	0	0	2	2	0
20260612-003726	ItemConsume	ClearItemInPos	thuong	SdachSM	1090	All-Star	1	350	1435	2942			0		0	0	0	0	Thiªn Th¹ch linh th¹ch	2	1	1068	1	-1185243516	2026-06-12 00:35:29	4294904584	0	0	0	2	3	0
20260612-003726	ItemConsume	ClearItemInPos	thuong	SdachSM	1090	All-Star	100	350	1435	2942			0		0	0	0	0	Thiªn Th¹ch Tinh Th¹ch	2	1	1009	100	-601351979	2026-06-12 00:35:29	592246	0	0	0	2	4	0
20260612-003726	ItemConsume	ClearItemInPos	thuong	SdachSM	1090	All-Star	50	350	1435	2942			0		0	0	0	0	C­êng hãa quyÓn 12	2	1	30424	50	-1756237593	2026-06-12 00:35:29	4294904333	0	0	0	2	0	1
20260612-003726	ItemConsume	ClearItemInPos	thuong	SdachSM	1090	All-Star	50	350	1435	2942			0		0	0	0	0	C­êng hãa quyÓn 13	2	1	30425	50	164641545	2026-06-12 00:35:29	4294904677	0	0	0	2	1	1
20260612-003726	ItemConsume	ClearItemInPos	thuong	SdachSM	1090	All-Star	50	350	1435	2942			0		0	0	0	0	C­êng hãa quyÓn 14	2	1	30426	50	-1220060034	2026-06-12 00:35:29	4294905197	0	0	0	2	2	1
20260612-003726	ItemConsume	ClearItemInPos	thuong	SdachSM	1090	All-Star	50	350	1435	2942			0		0	0	0	0	C­êng hãa quyÓn 15	2	1	30427	50	1820847063	2026-06-12 00:35:29	4294904721	0	0	0	2	3	1
20260612-003726	ItemConsume	ClearItemInPos	thuong	SdachSM	1090	All-Star	20	350	1435	2942			0		0	0	0	0	Ma §ao Th¹ch cÊp 1	2	1	30428	20	413933945	2026-06-12 00:35:29	7276916	4328762	0	0	2	4	1
20260612-003726	ItemConsume	ClearItemInPos	thuong	SdachSM	1090	All-Star	20	350	1435	2942			0		0	0	0	0	Ma §¹o Th¹ch cÊp 2	2	1	30429	20	674466503	2026-06-12 00:35:29	4294904295	0	0	0	2	0	2
20260612-003726	ItemConsume	ClearItemInPos	thuong	SdachSM	1090	All-Star	20	350	1435	2942			0		0	0	0	0	Ma §ao Th¹ch cÊp 3	2	1	30430	20	1545997204	2026-06-12 00:35:29	4294904107	0	0	0	2	1	2
20260612-003726	ItemConsume	ClearItemInPos	thuong	SdachSM	1090	All-Star	100	350	1435	2942			0		0	0	0	0	HuyÕtTrÝchTh¹ch Lv1	2	22	101	100	-1667791502	2026-06-12 00:35:34	4294902727	0	0	0	2	2	2
20260612-003726	ItemConsume	ClearItemInPos	thuong	SdachSM	1090	All-Star	100	350	1435	2942			0		0	0	0	0	NguyÖtB¹chTh¹ch Lv1	2	22	201	100	525763291	2026-06-12 00:35:34	4294903123	0	0	0	2	3	2
20260612-003726	ItemConsume	ClearItemInPos	thuong	SdachSM	1090	All-Star	100	350	1435	2942			0		0	0	0	0	Hæ Ph¸ch Th¹ch CÊp 1	2	22	301	100	-1475569608	2026-06-12 00:35:34	4294902252	0	0	0	2	4	2
20260612-003726	ItemConsume	ClearItemInPos	thuong	SdachSM	1090	All-Star	100	350	1435	2942			0		0	0	0	0	H¾c DiÖu Th¹ch CÊp 1	2	22	401	100	1396854767	2026-06-12 00:35:34	4294902555	0	0	0	2	0	3
20260612-003726	ItemConsume	ClearItemInPos	thuong	SdachSM	1090	All-Star	98	350	1435	2942			0		0	0	0	0	HuyÕtTrÝchTh¹ch Lv2	2	22	102	98	-1079681572	2026-06-12 00:35:34	4294903656	0	0	0	2	1	3
20260612-003726	ItemConsume	ClearItemInPos	thuong	SdachSM	1090	All-Star	98	350	1435	2942			0		0	0	0	0	NguyÖtB¹chTh¹ch Lv2	2	22	202	98	-1009613555	2026-06-12 00:35:34	4294902641	0	0	0	2	2	3
20260612-003726	ItemConsume	ClearItemInPos	thuong	SdachSM	1090	All-Star	98	350	1435	2942			0		0	0	0	0	Hæ Ph¸ch Th¹ch CÊp 2	2	22	302	98	449562066	2026-06-12 00:35:34	0	0	0	0	2	3	3
20260612-003726	ItemConsume	ClearItemInPos	thuong	SdachSM	1090	All-Star	98	350	1435	2942			0		0	0	0	0	H¾c DiÖu Th¹ch CÊp 2	2	22	402	98	-1860210818	2026-06-12 00:35:34	4294902408	0	0	0	2	4	3
20260612-003726	ItemConsume	ClearItemInPos	thuong	SdachSM	1090	All-Star	97	350	1435	2942			0		0	0	0	0	HuyÕtTrÝchTh¹ch Lv3	2	22	103	97	2145538685	2026-06-12 00:35:34	0	0	0	0	2	0	4
20260612-003726	ItemConsume	ClearItemInPos	thuong	SdachSM	1090	All-Star	97	350	1435	2942			0		0	0	0	0	NguyÖtB¹chTh¹ch Lv3	2	22	203	97	496150649	2026-06-12 00:35:34	4294902963	0	0	0	2	1	4
20260612-003726	ItemConsume	ClearItemInPos	thuong	SdachSM	1090	All-Star	97	350	1435	2942			0		0	0	0	0	Hæ Ph¸ch Th¹ch CÊp 3	2	22	303	97	-45311314	2026-06-12 00:35:34	0	0	0	0	2	2	4
20260612-003726	ItemConsume	ClearItemInPos	thuong	SdachSM	1090	All-Star	97	350	1435	2942			0		0	0	0	0	H¾c DiÖu Th¹ch CÊp 3	2	22	403	97	-402275686	2026-06-12 00:35:34	4294902326	0	0	0	2	3	4
20260612-003726	ItemConsume	ClearItemInPos	thuong	SdachSM	1090	All-Star	96	350	1435	2942			0		0	0	0	0	HuyÕtTrÝchTh¹ch Lv4	2	22	104	96	1646046499	2026-06-12 00:35:34	0	0	0	0	2	4	4
20260612-003726	ItemConsume	ClearItemInPos	thuong	SdachSM	1090	All-Star	96	350	1435	2942			0		0	0	0	0	NguyÖtB¹chTh¹ch Lv4	2	22	204	96	-1407789377	2026-06-12 00:35:34	0	0	0	0	2	0	5
20260612-003726	ItemConsume	ClearItemInPos	thuong	SdachSM	1090	All-Star	96	350	1435	2942			0		0	0	0	0	Hæ Ph¸ch Th¹ch CÊp 4	2	22	304	96	382792347	2026-06-12 00:35:34	0	0	0	0	2	1	5
20260612-003726	ItemConsume	ClearItemInPos	thuong	SdachSM	1090	All-Star	96	350	1435	2942			0		0	0	0	0	H¾c DiÖu Th¹ch CÊp 4	2	22	404	96	1230970039	2026-06-12 00:35:34	4294902619	0	0	0	2	2	5
20260612-003726	ItemConsume	ClearItemInPos	thuong	SdachSM	1090	All-Star	100	350	1435	2942			0		0	0	0	0	HuyÕtTrÝchTh¹ch Lv5	2	22	105	100	-934592167	2026-06-12 00:35:34	4294902288	0	0	0	2	3	5
20260612-003726	ItemConsume	ClearItemInPos	thuong	SdachSM	1090	All-Star	100	350	1435	2942			0		0	0	0	0	NguyÖtB¹chTh¹ch Lv5	2	22	205	100	616181006	2026-06-12 00:35:34	4294901995	0	0	0	2	4	5
20260612-003726	ItemConsume	ClearItemInPos	thuong	SdachSM	1090	All-Star	100	350	1435	2942			0		0	0	0	0	Hæ Ph¸ch Th¹ch CÊp 5	2	22	305	100	681919399	2026-06-12 00:35:34	4294902710	0	0	0	2	0	6
20260612-003726	ItemConsume	ClearItemInPos	thuong	SdachSM	1090	All-Star	100	350	1435	2942			0		0	0	0	0	H¾c DiÖu Th¹ch CÊp 5	2	22	405	100	-96780812	2026-06-12 00:35:34	0	0	0	0	2	1	6
20260612-003726	ItemConsume	ClearItemInPos	thuong	SdachSM	1090	All-Star	100	350	1435	2942			0		0	0	0	0	HuyÕtTrÝchTh¹ch Lv6	2	22	106	100	-1176449152	2026-06-12 00:35:34	4294903045	0	0	0	2	2	6
20260612-003726	ItemConsume	ClearItemInPos	thuong	SdachSM	1090	All-Star	100	350	1435	2942			0		0	0	0	0	NguyÖtB¹chTh¹ch Lv6	2	22	206	100	-1859582335	2026-06-12 00:35:34	4294902764	0	0	0	2	3	6
20260612-003726	ItemConsume	ClearItemInPos	thuong	SdachSM	1090	All-Star	100	350	1435	2942			0		0	0	0	0	Hæ Ph¸ch Th¹ch CÊp 6	2	22	306	100	814204836	2026-06-12 00:35:34	4294903413	0	0	0	2	4	6
20260612-003726	ItemConsume	ClearItemInPos	thuong	SdachSM	1090	All-Star	100	350	1435	2942			0		0	0	0	0	H¾c DiÖu Th¹ch CÊp 6	2	22	406	100	2131685493	2026-06-12 00:35:34	4294901788	0	0	0	2	0	7
20260612-003726	ItemConsume	ClearItemInPos	thuong	SdachSM	1090	All-Star	100	350	1435	2942			0		0	0	0	0	HuyÕt TrÝch Th¹ch cÊp 7	2	22	107	100	-606569081	2026-06-12 00:35:34	4294902765	0	0	0	2	1	7
20260612-003726	ItemConsume	ClearItemInPos	thuong	SdachSM	1090	All-Star	100	350	1435	2942			0		0	0	0	0	NguyÖt B¹ch Th¹ch cÊp 7	2	22	207	100	-207591694	2026-06-12 00:35:34	0	0	0	0	2	2	7
20260612-003726	ItemConsume	ClearItemInPos	thuong	SdachSM	1090	All-Star	100	350	1435	2942			0		0	0	0	0	Hæ Ph¸ch Th¹ch cÊp 7	2	22	307	100	-1938055522	2026-06-12 00:35:34	4294902654	0	0	0	2	3	7
20260612-003726	ItemConsume	ClearItemInPos	thuong	SdachSM	1090	All-Star	100	350	1435	2942			0		0	0	0	0	H¾c DiÖu Th¹ch cÊp 7	2	22	407	100	268127672	2026-06-12 00:35:34	4294903039	0	0	0	2	4	7
20260612-003726	ItemConsume	ClearItemInPos	thuong	SdachSM	1090	All-Star	100	350	1435	2942			0		0	0	0	0	HuyÕt TrÝch Th¹ch CÊp 8	2	22	108	100	615218466	2026-06-12 00:35:34	4294903150	0	0	0	2	0	8
20260612-003726	ItemConsume	ClearItemInPos	thuong	SdachSM	1090	All-Star	100	350	1435	2942			0		0	0	0	0	NguyÖt B¹ch Th¹ch CÊp 8	2	22	208	100	-596441013	2026-06-12 00:35:34	4294902632	0	0	0	2	1	8
20260612-003726	ItemConsume	ClearItemInPos	thuong	SdachSM	1090	All-Star	100	350	1435	2942			0		0	0	0	0	Hæ Ph¸ch Th¹ch CÊp 8	2	22	308	100	974217357	2026-06-12 00:35:34	0	0	0	0	2	2	8
20260612-003726	ItemConsume	ClearItemInPos	thuong	SdachSM	1090	All-Star	97	350	1435	2942			0		0	0	0	0	H¾c DiÖu Th¹ch CÊp 8	2	22	408	97	511518089	2026-06-12 00:35:34	0	0	0	0	2	3	8
20260612-003726	ItemConsume	ClearItemInPos	thuong	SdachSM	1090	All-Star	1	350	1435	2942			0		0	0	0	0	CÈm Nang §¸ Quý	2	1	30699	1	-2064705396	2026-06-12 00:35:38	2048	2048	2048	0	2	4	8
20260612-003726	ItemConsume	ClearItemInPos	thuong	SdachSM	1090	All-Star	500	350	1435	2942			0		0	0	0	0	Tinh Hån	2	95	3855	500	1905192694	2026-06-12 00:36:45	4294905692	0	0	0	2	0	9
20260612-003726	ItemConsume	ClearItemInPos	thuong	SdachSM	1090	All-Star	500	350	1435	2942			0		0	0	0	0	NguyÖt Ph¸ch	2	102	232	500	1011880656	2026-06-12 00:36:45	4294904257	789504	0	0	2	1	9
20260612-003726	ItemConsume	ClearItemInPos	thuong	SdachSM	1090	All-Star	500	350	1435	2942			0		0	0	0	0	Håi Tiªn §¬n	2	1	30847	500	-1419969988	2026-06-12 00:36:52	4294905501	0	0	0	2	2	9
20260612-003726	ItemConsume	ClearItemInPos	thuong	SdachSM	1090	All-Star	500	350	1435	2942			0		0	0	0	0	Linh Ph¸ch §¬n	2	1	31239	500	-337149715	2026-06-12 00:36:52	4294904232	0	0	0	2	3	9
20260612-003726	ItemAdd	3086646439	thuong	SdachSM	1090	All-Star	1	350	1435	2942			0		0	0	0	0	Vâ L©m 2 Shiina	2	1	50001	1	-289793814	2026-06-12 00:37:26	4294903976	0	0	0	-1	-1	-1
20260612-003730	large_str	AddItem[/script/ksgvn/item/item_test_card.lua|kgm_AddLockKimXaGem]			0		2595979104	0	0	0			0		0	0	0	0		0	0	0	0	0		0	0	0	0	-1	-1	-1
20260612-003730	ItemAdd	2595979104	thuong	SdachSM	1090	All-Star	100	350	1435	2942			0		0	0	0	0	Linh Th¹ch khãa (1)	2	1	30904	100	1410610	2026-06-12 00:37:30	4329335	4294904341	0	0	-1	-1	-1
20260612-003730	ItemAdd	2595979104	thuong	SdachSM	1090	All-Star	100	350	1435	2942			0		0	0	0	0	Linh Th¹ch khãa (2)	2	1	30905	100	-1254880073	2026-06-12 00:37:30	5048905	4294905168	0	0	-1	-1	-1
20260612-003730	ItemAdd	2595979104	thuong	SdachSM	1090	All-Star	100	350	1435	2942			0		0	0	0	0	Linh Th¹ch khãa (3)	2	1	30906	100	-1789205099	2026-06-12 00:37:30	593828	0	0	0	-1	-1	-1
20260612-003730	ItemAdd	2595979104	thuong	SdachSM	1090	All-Star	100	350	1435	2942			0		0	0	0	0	Linh Th¹ch khãa (4)	2	1	30907	100	-1214368857	2026-06-12 00:37:30	4294905515	0	0	0	-1	-1	-1
20260612-003730	ItemAdd	2595979104	thuong	SdachSM	1090	All-Star	100	350	1435	2942			0		0	0	0	0	Linh Th¹ch khãa (5)	2	1	30908	100	-787812876	2026-06-12 00:37:30	4294905828	0	0	0	-1	-1	-1
20260612-003730	ItemAdd	2595979104	thuong	SdachSM	1090	All-Star	100	350	1435	2942			0		0	0	0	0	Linh Th¹ch khãa (6)	2	1	30909	100	-911096770	2026-06-12 00:37:30	591971	2821325	0	0	-1	-1	-1
20260612-003730	ItemAdd	2595979104	thuong	SdachSM	1090	All-Star	100	350	1435	2942			0		0	0	0	0	§æi Linh Th¹ch-Cao 1	2	1	31249	100	1129019300	2026-06-12 00:37:30	4294905745	0	0	0	-1	-1	-1
20260612-003730	ItemAdd	2595979104	thuong	SdachSM	1090	All-Star	100	350	1435	2942			0		0	0	0	0	§æi Linh Th¹ch-Cao 2	2	1	31250	100	-682598283	2026-06-12 00:37:30	4294904480	0	0	0	-1	-1	-1
20260612-003730	ItemAdd	2595979104	thuong	SdachSM	1090	All-Star	100	350	1435	2942			0		0	0	0	0	§æi Linh Th¹ch-Cao 3	2	1	31251	100	1307827034	2026-06-12 00:37:30	4294904874	0	0	0	-1	-1	-1
20260612-003730	ItemAdd	2595979104	thuong	SdachSM	1090	All-Star	100	350	1435	2942			0		0	0	0	0	§æi Linh Th¹ch-Cao 4	2	1	31252	100	-1891797676	2026-06-12 00:37:30	4294904581	1772348	0	0	-1	-1	-1
20260612-003730	ItemAdd	2595979104	thuong	SdachSM	1090	All-Star	100	350	1435	2942			0		0	0	0	0	§æi Linh Th¹ch-Cao 5	2	1	31253	100	-156735606	2026-06-12 00:37:30	1509527	4294904226	0	0	-1	-1	-1
20260612-003730	ItemAdd	2595979104	thuong	SdachSM	1090	All-Star	100	350	1435	2942			0		0	0	0	0	§æi Linh Th¹ch-Cao 6	2	1	31254	100	590706543	2026-06-12 00:37:30	4294904131	0	0	0	-1	-1	-1
20260612-003730	ItemAdd	2595979104	thuong	SdachSM	1090	All-Star	50	350	1435	2942			0		0	0	0	0	X· Qu©n Táa Linh Th¹ch 	2	1	31391	50	-689783972	2026-06-12 00:37:30	4294905161	1510720	0	0	-1	-1	-1
20260612-003730	ItemAdd	2595979104	thuong	SdachSM	1090	All-Star	50	350	1435	2942			0		0	0	0	0	X· Qu©n Táa Linh Th¹ch 	2	1	31392	50	1885214546	2026-06-12 00:37:30	4294904287	0	0	0	-1	-1	-1
20260612-003730	ItemAdd	2595979104	thuong	SdachSM	1090	All-Star	50	350	1435	2942			0		0	0	0	0	X· Qu©n Táa Linh Th¹ch 	2	1	31393	50	309412411	2026-06-12 00:37:30	3804840	0	0	0	-1	-1	-1
20260612-003730	ItemAdd	2595979104	thuong	SdachSM	1090	All-Star	50	350	1435	2942			0		0	0	0	0	X· Qu©n Táa Linh Th¹ch 	2	1	31394	50	719633917	2026-06-12 00:37:30	1314279	0	0	0	-1	-1	-1
20260612-003730	ItemAdd	2595979104	thuong	SdachSM	1090	All-Star	50	350	1435	2942			0		0	0	0	0	X· Qu©n Táa Linh Th¹ch 	2	1	31395	50	-707793585	2026-06-12 00:37:30	4294905114	1510004	0	0	-1	-1	-1
20260612-003730	ItemAdd	2595979104	thuong	SdachSM	1090	All-Star	50	350	1435	2942			0		0	0	0	0	X· Qu©n Táa Linh Th¹ch 	2	1	31396	50	-117204024	2026-06-12 00:37:30	4294905369	0	0	0	-1	-1	-1
20260612-003730	ItemAdd	2595979104	thuong	SdachSM	1090	All-Star	50	350	1435	2942			0		0	0	0	0	Tinh VÉn Táa Linh Th¹ch	2	1	31604	50	-620173390	2026-06-12 00:37:30	4294905502	0	0	0	-1	-1	-1
20260612-003730	ItemAdd	2595979104	thuong	SdachSM	1090	All-Star	50	350	1435	2942			0		0	0	0	0	Tinh VÉn Táa Linh Th¹ch	2	1	31605	50	1990492699	2026-06-12 00:37:30	1511239	0	0	0	-1	-1	-1
20260612-003730	ItemAdd	2595979104	thuong	SdachSM	1090	All-Star	50	350	1435	2942			0		0	0	0	0	Tinh VÉn Táa Linh Th¹ch	2	1	31606	50	-97934115	2026-06-12 00:37:30	5050081	4294904795	0	0	-1	-1	-1
20260612-003730	ItemAdd	2595979104	thuong	SdachSM	1090	All-Star	50	350	1435	2942			0		0	0	0	0	Tinh VÉn Táa Linh Th¹ch	2	1	31607	50	-1043282290	2026-06-12 00:37:30	4294904762	0	0	0	-1	-1	-1
20260612-003730	ItemAdd	2595979104	thuong	SdachSM	1090	All-Star	50	350	1435	2942			0		0	0	0	0	Tinh VÉn Táa Linh Th¹ch	2	1	31608	50	-2114290905	2026-06-12 00:37:30	4294904459	0	0	0	-1	-1	-1
20260612-003730	ItemAdd	2595979104	thuong	SdachSM	1090	All-Star	50	350	1435	2942			0		0	0	0	0	Tinh VÉn Táa Linh Th¹ch	2	1	31609	50	-715134092	2026-06-12 00:37:30	4294903910	0	0	0	-1	-1	-1
20260612-003749	ItemAdd	1129359959	thuong	SdachSM	1090	All-Star	100	350	1435	2942			0		0	0	0	0	TÈy T©m Th¹ch cÊp 1	2	1	30521	100	1327999637	2026-06-12 00:37:49	4294903812	200377	0	0	-1	-1	-1
20260612-003749	ItemAdd	1129359959	thuong	SdachSM	1090	All-Star	100	350	1435	2942			0		0	0	0	0	TÈy T©m Th¹ch cÊp 2	2	1	30522	100	-1589911820	2026-06-12 00:37:49	4328279	4294905444	0	0	-1	-1	-1
20260612-003749	ItemAdd	1129359959	thuong	SdachSM	1090	All-Star	100	350	1435	2942			0		0	0	0	0	TÈy T©m Th¹ch cÊp 3	2	1	30523	100	-97072086	2026-06-12 00:37:49	4294904531	0	0	0	-1	-1	-1
20260612-003749	ItemAdd	1129359959	thuong	SdachSM	1090	All-Star	100	350	1435	2942			0		0	0	0	0	TÈy T©m Th¹ch cÊp 4	2	1	30524	100	-255036941	2026-06-12 00:37:49	593654	0	0	0	-1	-1	-1
20260612-003749	ItemAdd	1129359959	thuong	SdachSM	1090	All-Star	100	350	1435	2942			0		0	0	0	0	TÈy T©m Th¹ch cÊp 5	2	1	30525	100	-418470539	2026-06-12 00:37:49	1969927	1312846	0	0	-1	-1	-1
20260612-003749	ItemAdd	1129359959	thuong	SdachSM	1090	All-Star	100	350	1435	2942			0		0	0	0	0	TÈy T©m Th¹ch cÊp 6	2	1	30526	100	1050519977	2026-06-12 00:37:49	4263905	4294904236	0	0	-1	-1	-1
20260612-003749	ItemAdd	1129359959	thuong	SdachSM	1090	All-Star	100	350	1435	2942			0		0	0	0	0	LuyÖn L« ThiÕt CÊp 1	2	1	30527	100	-1445949302	2026-06-12 00:37:49	200046	0	0	0	-1	-1	-1
20260612-003749	ItemAdd	1129359959	thuong	SdachSM	1090	All-Star	100	350	1435	2942			0		0	0	0	0	LuyÖn L« ThiÕt CÊp 2	2	1	30528	100	887494660	2026-06-12 00:37:49	4294905628	0	0	0	-1	-1	-1
20260612-003749	ItemAdd	1129359959	thuong	SdachSM	1090	All-Star	100	350	1435	2942			0		0	0	0	0	LuyÖn L« ThiÕt CÊp 3	2	1	30529	100	-296359218	2026-06-12 00:37:49	2820631	4294905124	0	0	-1	-1	-1
20260612-003749	ItemAdd	1129359959	thuong	SdachSM	1090	All-Star	100	350	1435	2942			0		0	0	0	0	LuyÖn L« ThiÕt cÊp 4	2	1	30530	100	-1223725629	2026-06-12 00:37:49	4294903985	0	0	0	-1	-1	-1
20260612-003749	ItemAdd	1129359959	thuong	SdachSM	1090	All-Star	100	350	1435	2942			0		0	0	0	0	LuyÖn L« ThiÕt cÊp 5	2	1	30531	100	424547136	2026-06-12 00:37:49	4294905722	0	0	0	-1	-1	-1
20260612-003749	ItemAdd	1129359959	thuong	SdachSM	1090	All-Star	100	350	1435	2942			0		0	0	0	0	LuyÖn L« ThiÕt cÊp 6	2	1	30532	100	1639032042	2026-06-12 00:37:49	4294905832	593871	0	0	-1	-1	-1
20260612-003749	ItemAdd	1129359959	thuong	SdachSM	1090	All-Star	50	350	1435	2942			0		0	0	0	0	LuyÖn L« ThiÕt CÊp 7	2	1	31401	50	1257570800	2026-06-12 00:37:49	592498	4294905204	0	0	-1	-1	-1
20260612-003749	ItemAdd	1129359959	thuong	SdachSM	1090	All-Star	50	350	1435	2942			0		0	0	0	0	TÈy T©m Th¹ch CÊp 7	2	1	31402	50	1266485667	2026-06-12 00:37:49	4327910	0	0	0	-1	-1	-1
20260612-003749	ItemAdd	1129359959	thuong	SdachSM	1090	All-Star	50	350	1435	2942			0		0	0	0	0	LuyÖn L« ThiÕt Lv8	2	1	31614	50	-700899675	2026-06-12 00:37:49	4294905315	0	0	0	-1	-1	-1
20260612-003749	ItemAdd	1129359959	thuong	SdachSM	1090	All-Star	50	350	1435	2942			0		0	0	0	0	TÈy T©m Th¹ch Lv8	2	1	31615	50	-905502409	2026-06-12 00:37:49	4294905383	4067126	0	0	-1	-1	-1
20260612-003758	ItemConsume	ClearItemInPos	thuong	SdachSM	1090	All-Star	1	350	1435	2942			0		0	0	0	0	Vâ L©m 2 Shiina	2	1	50001	1	-289793814	2026-06-12 00:37:26	4294903976	0	0	0	2	0	0
20260612-003758	ItemConsume	ClearItemInPos	thuong	SdachSM	1090	All-Star	100	350	1435	2942			0		0	0	0	0	Linh Th¹ch khãa (1)	2	1	30904	100	1410610	2026-06-12 00:37:30	4329335	4294904341	0	0	2	1	0
20260612-003758	ItemConsume	ClearItemInPos	thuong	SdachSM	1090	All-Star	100	350	1435	2942			0		0	0	0	0	Linh Th¹ch khãa (2)	2	1	30905	100	-1254880073	2026-06-12 00:37:30	5048905	4294905168	0	0	2	2	0
20260612-003758	ItemConsume	ClearItemInPos	thuong	SdachSM	1090	All-Star	100	350	1435	2942			0		0	0	0	0	Linh Th¹ch khãa (3)	2	1	30906	100	-1789205099	2026-06-12 00:37:30	593828	0	0	0	2	3	0
20260612-003758	ItemConsume	ClearItemInPos	thuong	SdachSM	1090	All-Star	100	350	1435	2942			0		0	0	0	0	Linh Th¹ch khãa (4)	2	1	30907	100	-1214368857	2026-06-12 00:37:30	4294905515	0	0	0	2	4	0
20260612-003758	ItemConsume	ClearItemInPos	thuong	SdachSM	1090	All-Star	100	350	1435	2942			0		0	0	0	0	Linh Th¹ch khãa (5)	2	1	30908	100	-787812876	2026-06-12 00:37:30	4294905828	0	0	0	2	0	1
20260612-003758	ItemConsume	ClearItemInPos	thuong	SdachSM	1090	All-Star	100	350	1435	2942			0		0	0	0	0	Linh Th¹ch khãa (6)	2	1	30909	100	-911096770	2026-06-12 00:37:30	591971	2821325	0	0	2	1	1
20260612-003758	ItemConsume	ClearItemInPos	thuong	SdachSM	1090	All-Star	100	350	1435	2942			0		0	0	0	0	§æi Linh Th¹ch-Cao 1	2	1	31249	100	1129019300	2026-06-12 00:37:30	4294905745	0	0	0	2	2	1
20260612-003758	ItemConsume	ClearItemInPos	thuong	SdachSM	1090	All-Star	100	350	1435	2942			0		0	0	0	0	§æi Linh Th¹ch-Cao 2	2	1	31250	100	-682598283	2026-06-12 00:37:30	4294904480	0	0	0	2	3	1
20260612-003758	ItemConsume	ClearItemInPos	thuong	SdachSM	1090	All-Star	100	350	1435	2942			0		0	0	0	0	§æi Linh Th¹ch-Cao 3	2	1	31251	100	1307827034	2026-06-12 00:37:30	4294904874	0	0	0	2	4	1
20260612-003758	ItemConsume	ClearItemInPos	thuong	SdachSM	1090	All-Star	100	350	1435	2942			0		0	0	0	0	§æi Linh Th¹ch-Cao 4	2	1	31252	100	-1891797676	2026-06-12 00:37:30	4294904581	1772348	0	0	2	0	2
20260612-003758	ItemConsume	ClearItemInPos	thuong	SdachSM	1090	All-Star	100	350	1435	2942			0		0	0	0	0	§æi Linh Th¹ch-Cao 5	2	1	31253	100	-156735606	2026-06-12 00:37:30	1509527	4294904226	0	0	2	1	2
20260612-003758	ItemConsume	ClearItemInPos	thuong	SdachSM	1090	All-Star	100	350	1435	2942			0		0	0	0	0	§æi Linh Th¹ch-Cao 6	2	1	31254	100	590706543	2026-06-12 00:37:30	4294904131	0	0	0	2	2	2
20260612-003758	ItemConsume	ClearItemInPos	thuong	SdachSM	1090	All-Star	50	350	1435	2942			0		0	0	0	0	X· Qu©n Táa Linh Th¹ch 	2	1	31391	50	-689783972	2026-06-12 00:37:30	4294905161	1510720	0	0	2	3	2
20260612-003758	ItemConsume	ClearItemInPos	thuong	SdachSM	1090	All-Star	50	350	1435	2942			0		0	0	0	0	X· Qu©n Táa Linh Th¹ch 	2	1	31392	50	1885214546	2026-06-12 00:37:30	4294904287	0	0	0	2	4	2
20260612-003758	ItemConsume	ClearItemInPos	thuong	SdachSM	1090	All-Star	50	350	1435	2942			0		0	0	0	0	X· Qu©n Táa Linh Th¹ch 	2	1	31393	50	309412411	2026-06-12 00:37:30	3804840	0	0	0	2	0	3
20260612-003758	ItemConsume	ClearItemInPos	thuong	SdachSM	1090	All-Star	50	350	1435	2942			0		0	0	0	0	X· Qu©n Táa Linh Th¹ch 	2	1	31394	50	719633917	2026-06-12 00:37:30	1314279	0	0	0	2	1	3
20260612-003758	ItemConsume	ClearItemInPos	thuong	SdachSM	1090	All-Star	50	350	1435	2942			0		0	0	0	0	X· Qu©n Táa Linh Th¹ch 	2	1	31395	50	-707793585	2026-06-12 00:37:30	4294905114	1510004	0	0	2	2	3
20260612-003758	ItemConsume	ClearItemInPos	thuong	SdachSM	1090	All-Star	50	350	1435	2942			0		0	0	0	0	X· Qu©n Táa Linh Th¹ch 	2	1	31396	50	-117204024	2026-06-12 00:37:30	4294905369	0	0	0	2	3	3
20260612-003758	ItemConsume	ClearItemInPos	thuong	SdachSM	1090	All-Star	50	350	1435	2942			0		0	0	0	0	Tinh VÉn Táa Linh Th¹ch	2	1	31604	50	-620173390	2026-06-12 00:37:30	4294905502	0	0	0	2	4	3
20260612-003758	ItemConsume	ClearItemInPos	thuong	SdachSM	1090	All-Star	50	350	1435	2942			0		0	0	0	0	Tinh VÉn Táa Linh Th¹ch	2	1	31605	50	1990492699	2026-06-12 00:37:30	1511239	0	0	0	2	0	4
20260612-003758	ItemConsume	ClearItemInPos	thuong	SdachSM	1090	All-Star	50	350	1435	2942			0		0	0	0	0	Tinh VÉn Táa Linh Th¹ch	2	1	31606	50	-97934115	2026-06-12 00:37:30	5050081	4294904795	0	0	2	1	4
20260612-003758	ItemConsume	ClearItemInPos	thuong	SdachSM	1090	All-Star	50	350	1435	2942			0		0	0	0	0	Tinh VÉn Táa Linh Th¹ch	2	1	31607	50	-1043282290	2026-06-12 00:37:30	4294904762	0	0	0	2	2	4
20260612-003758	ItemConsume	ClearItemInPos	thuong	SdachSM	1090	All-Star	50	350	1435	2942			0		0	0	0	0	Tinh VÉn Táa Linh Th¹ch	2	1	31608	50	-2114290905	2026-06-12 00:37:30	4294904459	0	0	0	2	3	4
20260612-003758	ItemConsume	ClearItemInPos	thuong	SdachSM	1090	All-Star	50	350	1435	2942			0		0	0	0	0	Tinh VÉn Táa Linh Th¹ch	2	1	31609	50	-715134092	2026-06-12 00:37:30	4294903910	0	0	0	2	4	4
20260612-003758	ItemConsume	ClearItemInPos	thuong	SdachSM	1090	All-Star	100	350	1435	2942			0		0	0	0	0	TÈy T©m Th¹ch cÊp 1	2	1	30521	100	1327999637	2026-06-12 00:37:49	4294903812	200377	0	0	2	0	5
20260612-003758	ItemConsume	ClearItemInPos	thuong	SdachSM	1090	All-Star	100	350	1435	2942			0		0	0	0	0	TÈy T©m Th¹ch cÊp 2	2	1	30522	100	-1589911820	2026-06-12 00:37:49	4328279	4294905444	0	0	2	1	5
20260612-003758	ItemConsume	ClearItemInPos	thuong	SdachSM	1090	All-Star	100	350	1435	2942			0		0	0	0	0	TÈy T©m Th¹ch cÊp 3	2	1	30523	100	-97072086	2026-06-12 00:37:49	4294904531	0	0	0	2	2	5
20260612-003758	ItemConsume	ClearItemInPos	thuong	SdachSM	1090	All-Star	100	350	1435	2942			0		0	0	0	0	TÈy T©m Th¹ch cÊp 4	2	1	30524	100	-255036941	2026-06-12 00:37:49	593654	0	0	0	2	3	5
20260612-003758	ItemConsume	ClearItemInPos	thuong	SdachSM	1090	All-Star	100	350	1435	2942			0		0	0	0	0	TÈy T©m Th¹ch cÊp 5	2	1	30525	100	-418470539	2026-06-12 00:37:49	1969927	1312846	0	0	2	4	5
20260612-003758	ItemConsume	ClearItemInPos	thuong	SdachSM	1090	All-Star	100	350	1435	2942			0		0	0	0	0	TÈy T©m Th¹ch cÊp 6	2	1	30526	100	1050519977	2026-06-12 00:37:49	4263905	4294904236	0	0	2	0	6
20260612-003758	ItemConsume	ClearItemInPos	thuong	SdachSM	1090	All-Star	100	350	1435	2942			0		0	0	0	0	LuyÖn L« ThiÕt CÊp 1	2	1	30527	100	-1445949302	2026-06-12 00:37:49	200046	0	0	0	2	1	6
20260612-003758	ItemConsume	ClearItemInPos	thuong	SdachSM	1090	All-Star	100	350	1435	2942			0		0	0	0	0	LuyÖn L« ThiÕt CÊp 2	2	1	30528	100	887494660	2026-06-12 00:37:49	4294905628	0	0	0	2	2	6
20260612-003758	ItemConsume	ClearItemInPos	thuong	SdachSM	1090	All-Star	100	350	1435	2942			0		0	0	0	0	LuyÖn L« ThiÕt CÊp 3	2	1	30529	100	-296359218	2026-06-12 00:37:49	2820631	4294905124	0	0	2	3	6
20260612-003758	ItemConsume	ClearItemInPos	thuong	SdachSM	1090	All-Star	100	350	1435	2942			0		0	0	0	0	LuyÖn L« ThiÕt cÊp 4	2	1	30530	100	-1223725629	2026-06-12 00:37:49	4294903985	0	0	0	2	4	6
20260612-003758	ItemConsume	ClearItemInPos	thuong	SdachSM	1090	All-Star	100	350	1435	2942			0		0	0	0	0	LuyÖn L« ThiÕt cÊp 5	2	1	30531	100	424547136	2026-06-12 00:37:49	4294905722	0	0	0	2	0	7
20260612-003758	ItemConsume	ClearItemInPos	thuong	SdachSM	1090	All-Star	100	350	1435	2942			0		0	0	0	0	LuyÖn L« ThiÕt cÊp 6	2	1	30532	100	1639032042	2026-06-12 00:37:49	4294905832	593871	0	0	2	1	7
20260612-003758	ItemConsume	ClearItemInPos	thuong	SdachSM	1090	All-Star	50	350	1435	2942			0		0	0	0	0	LuyÖn L« ThiÕt CÊp 7	2	1	31401	50	1257570800	2026-06-12 00:37:49	592498	4294905204	0	0	2	2	7
20260612-003758	ItemConsume	ClearItemInPos	thuong	SdachSM	1090	All-Star	50	350	1435	2942			0		0	0	0	0	TÈy T©m Th¹ch CÊp 7	2	1	31402	50	1266485667	2026-06-12 00:37:49	4327910	0	0	0	2	3	7
20260612-003758	ItemConsume	ClearItemInPos	thuong	SdachSM	1090	All-Star	50	350	1435	2942			0		0	0	0	0	LuyÖn L« ThiÕt Lv8	2	1	31614	50	-700899675	2026-06-12 00:37:49	4294905315	0	0	0	2	4	7
20260612-003758	ItemConsume	ClearItemInPos	thuong	SdachSM	1090	All-Star	50	350	1435	2942			0		0	0	0	0	TÈy T©m Th¹ch Lv8	2	1	31615	50	-905502409	2026-06-12 00:37:49	4294905383	4067126	0	0	2	0	8
20260612-003758	ItemAdd	3086646439	thuong	SdachSM	1090	All-Star	1	350	1435	2942			0		0	0	0	0	Vâ L©m 2 Shiina	2	1	50001	1	-1339819814	2026-06-12 00:37:58	4294905605	593071	0	0	-1	-1	-1
20260612-003804	ItemAdd	2405051819	thuong	SdachSM	1090	All-Star	100	350	1435	2942			0		0	0	0	0	ThiÕt tinh cÊp 4	2	1	30612	100	873313970	2026-06-12 00:38:04	0	0	0	0	-1	-1	-1
20260612-003804	ItemAdd	2405051819	thuong	SdachSM	1090	All-Star	100	350	1435	2942			0		0	0	0	0	ThiÕt tinh cÊp 4	2	1	30612	100	-1475650196	2026-06-12 00:38:04	0	0	0	0	-1	-1	-1
20260612-003804	ItemAdd	2405051819	thuong	SdachSM	1090	All-Star	100	350	1435	2942			0		0	0	0	0	ThiÕt tinh cÊp 4	2	1	30612	100	-752207498	2026-06-12 00:38:04	0	0	0	0	-1	-1	-1
20260612-003804	ItemAdd	2405051819	thuong	SdachSM	1090	All-Star	100	350	1435	2942			0		0	0	0	0	ThiÕt tinh cÊp 4	2	1	30612	100	691179856	2026-06-12 00:38:04	0	0	0	0	-1	-1	-1
20260612-003804	ItemAdd	2405051819	thuong	SdachSM	1090	All-Star	100	350	1435	2942			0		0	0	0	0	ThiÕt tinh cÊp 4	2	1	30612	100	-1660604083	2026-06-12 00:38:04	0	0	0	0	-1	-1	-1
20260612-003826	ItemAdd	1466563955	thuong	SdachSM	1090	All-Star	1	350	1441	2941			0		0	0	0	0	Linh Quang ThiÓm Lv2	2	150	102	1	-1995286963	2026-06-12 00:38:26	2048	2048	2048	0	-1	-1	-1
20260612-003826	ItemAdd	1466563955	thuong	SdachSM	1090	All-Star	1	350	1441	2941			0		0	0	0	0	Kinh §µo QuyÕt Lv2	2	150	104	1	2105091103	2026-06-12 00:38:26	2048	2048	2048	0	-1	-1	-1
20260612-003826	ItemAdd	1466563955	thuong	SdachSM	1090	All-Star	1	350	1441	2941			0		0	0	0	0	V« H×nh Chi Cæ Lv6	2	150	101	1	1444013528	2026-06-12 00:38:26	2048	2048	2048	0	-1	-1	-1
20260612-003826	ItemAdd	1466563955	thuong	SdachSM	1090	All-Star	1	350	1441	2941			0		0	0	0	0	Khinh Linh TÊn TËt Lv6	2	150	100	1	-955175358	2026-06-12 00:38:26	2048	2048	2048	0	-1	-1	-1
20260612-003826	ItemAdd	1466563955	thuong	SdachSM	1090	All-Star	1	350	1441	2941			0		0	0	0	0	ThiÕt Bè Sam Lv2	2	150	106	1	-896574084	2026-06-12 00:38:26	2048	2048	2048	0	-1	-1	-1
20260612-003826	ItemAdd	1466563955	thuong	SdachSM	1090	All-Star	1	350	1441	2941			0		0	0	0	0	Ng­ng ThÇn QuyÕt Lv2	2	150	103	1	780822022	2026-06-12 00:38:26	2048	2048	2048	0	-1	-1	-1
20260612-003826	ItemAdd	1466563955	thuong	SdachSM	1090	All-Star	1	350	1441	2941			0		0	0	0	0	C¬n GiËn Nguyªn Thñy Lv	2	150	105	1	1957342816	2026-06-12 00:38:26	2048	2048	2048	0	-1	-1	-1
20260612-003826	ItemAdd	1466563955	thuong	SdachSM	1090	All-Star	1	350	1441	2941			0		0	0	0	0	Linh Quang ThiÓm Lv2	2	150	102	1	-1183590687	2026-06-12 00:38:26	2048	2048	2048	0	-1	-1	-1
20260612-003826	ItemAdd	1466563955	thuong	SdachSM	1090	All-Star	1	350	1441	2941			0		0	0	0	0	C¬n GiËn Nguyªn Thñy Lv	2	150	105	1	2059910966	2026-06-12 00:38:26	2048	2048	2048	0	-1	-1	-1
20260612-003826	ItemAdd	1466563955	thuong	SdachSM	1090	All-Star	1	350	1441	2941			0		0	0	0	0	Kinh §µo QuyÕt Lv2	2	150	104	1	1585190160	2026-06-12 00:38:26	2048	2048	2048	0	-1	-1	-1
20260612-003828	ItemConsume	DelItemByIndex	thuong	SdachSM	1090	All-Star	1	350	1441	2941			0		0	0	0	0	Kinh §µo QuyÕt Lv2	2	150	104	1	1585190160	2026-06-12 00:38:26	2048	2048	2048	0	-1	-1	-1
20260612-003828	MoneyPay	1514796938	thuong	SdachSM	1090	All-Star	40000	350	1441	2941			0		0	0	0	0		0	0	0	0	0		0	0	0	0	-1	-1	-1
20260612-003844	ItemAdd	3912887248	thuong	SdachSM	1090	All-Star	1000	350	1438	2938			0		0	0	0	0	VËt phÈm Xu	2	1	30230	1000	1241985368	2026-06-12 00:38:44	592659	0	0	0	-1	-1	-1
20260612-003849	ItemConsume	ExpendIdx	thuong	SdachSM	1090	All-Star	1000	350	1438	2938			0		0	0	0	0	VËt phÈm Xu	2	1	30230	1000	1241985368	2026-06-12 00:38:44	592659	0	0	0	2	0	3
20260612-003849	ItemAdd	572208334	thuong	SdachSM	1090	All-Star	1	350	1438	2938			0		0	0	0	0	Phông tö Ên	2	0	30005	1	-657617673	2026-06-12 00:38:49	4294905142	592141	0	0	-1	-1	-1
20260612-003849	ItemAdd	572208334	thuong	SdachSM	1090	All-Star	1	350	1438	2938			0		0	0	0	0	Thanh S­¬ng tr©m	0	108	634	360	-1846135280	2026-06-12 00:38:49	4294905271	0	0	0	-1	-1	-1
20260612-003849	ItemAdd	572208334	thuong	SdachSM	1090	All-Star	1	350	1438	2938			0		0	0	0	0	Thanh S­¬ng ¸o	0	109	634	360	110832721	2026-06-12 00:38:49	723389	0	0	0	-1	-1	-1
20260612-003849	ItemAdd	572208334	thuong	SdachSM	1090	All-Star	1	350	1438	2938			0		0	0	0	0	Thanh S­¬ng trang	0	110	634	360	-528206525	2026-06-12 00:38:49	723808	4294904512	0	0	-1	-1	-1
20260612-003849	ItemAdd	572208334	thuong	SdachSM	1090	All-Star	1	350	1438	2938			0		0	0	0	0	Phông 10-H	0	148	138	800	-1802997364	2026-06-12 00:38:49	926123676	932386083	0	0	-1	-1	-1
20260612-003849	ItemAdd	572208334	thuong	SdachSM	1090	All-Star	1	350	1438	2938			0		0	0	0	0	Phông 10-C	0	149	142	800	795197848	2026-06-12 00:38:49	926163816	932719079	0	0	-1	-1	-1
20260612-003849	ItemAdd	572208334	thuong	SdachSM	1090	All-Star	1	350	1438	2938			0		0	0	0	0	Phông 10-T	0	150	138	800	-1294283548	2026-06-12 00:38:49	898181973	932847383	0	0	-1	-1	-1
20260612-003904	MoneyPay	CommonEnhanceEmbroidery	thuong	SdachSM	1090	All-Star	8000000	350	1438	2938			0		0	0	0	0		0	0	0	0	0		0	0	0	0	-1	-1	-1
20260612-003904	ItemConsume	CommonEnhanceEmbroidery	thuong	SdachSM	1090	All-Star	1	350	1438	2938			0		0	0	0	0	Phông 10-C	0	149	142	800	795197848	2026-06-12 00:38:49	926163816	932719079	0	0	8	1	0
20260612-003917	MoneyPay	CommonEnhanceEmbroidery	thuong	SdachSM	1090	All-Star	8000000	350	1438	2938			0		0	0	0	0		0	0	0	0	0		0	0	0	0	-1	-1	-1
20260612-003917	ItemConsume	CommonEnhanceEmbroidery	thuong	SdachSM	1090	All-Star	1	350	1438	2938			0		0	0	0	0	Phông 10-T	0	150	138	800	-1294283548	2026-06-12 00:38:49	898181973	932847383	0	0	8	1	0
20260612-003932	MoneyPay	CommonEnhanceEmbroidery	thuong	SdachSM	1090	All-Star	8000000	350	1438	2938			0		0	0	0	0		0	0	0	0	0		0	0	0	0	-1	-1	-1
20260612-003932	ItemConsume	CommonEnhanceEmbroidery	thuong	SdachSM	1090	All-Star	1	350	1438	2938			0		0	0	0	0	Phông 10-H	0	148	138	800	-1802997364	2026-06-12 00:38:49	926123676	932386083	0	0	8	1	0
20260612-004223	ItemAdd	2406411443	rage01	KingSM	1		1	100	1445	2802			0		0	0	0	0	Vâ L©m 2 Shiina	2	1	50001	1	677485354	2026-06-12 00:42:23	4294904432	1771889	0	0	-1	-1	-1
20260612-004223	ItemAdd	2406411443	rage01	KingSM	1		1	100	1445	2802			0		0	0	0	0	S­ §å ThiÕp	2	1	587	1	1912444464	2026-06-12 00:42:23	2048	2048	2048	0	-1	-1	-1
20260612-004223	ItemAdd	2406411443	rage01	KingSM	1		1	100	1445	2802			0		0	0	0	0	CÈm Nang §¹i Sù KiÖn	2	1	30045	1	-1724136057	2026-06-12 00:42:23	2048	2048	2048	0	-1	-1	-1
20260612-004223	ItemAdd	2406411443	rage01	KingSM	1		1	100	1445	2802			0		0	0	0	0	NguyÖt L­îng Thè luyÖn 	2	0	1043	1	1360231397	2026-06-12 00:42:23	2048	2048	2048	0	-1	-1	-1
20260612-004223	ItemAdd	2406411443	rage01	KingSM	1		1	100	1445	2802			0		0	0	0	0	TiÕu ng¹o giang hå lôc	2	1	30240	1	-2141764767	2026-06-12 00:42:23	2048	2048	2048	0	-1	-1	-1
20260612-004223	ItemAdd	2406411443	rage01	KingSM	1		1	100	1445	2802			0		0	0	0	0	Tñ ¸o Thiªn BiÕn TiÕu	2	1	30494	1	45581750	2026-06-12 00:42:23	2048	2048	2048	0	-1	-1	-1
20260612-004302	ItemAdd	1110134170	rage01	KingSM	55		1	100	1445	2802			0		0	0	0	0	Tói quµ t©n thñ	2	1	50264	1	-1183433480	2026-06-12 00:43:02	0	0	0	0	-1	-1	-1
20260612-004305	ItemThrowAway	Player.ThrowAwayItem	rage01	KingSM	55		1	100	1452	2806			0		0	0	0	0	HiÖp ThiÕu kiÕm	0	2	14	70	0	1970-01-01 08:00:00	0	0	0	1	-1	-1	-1
20260612-004305	ItemConsume	ExpendIdx	rage01	KingSM	55		1	100	1452	2806			0		0	0	0	0	Tói quµ t©n thñ	2	1	50264	1	-1183433480	2026-06-12 00:43:02	0	0	0	0	2	1	1
20260612-004305	ItemAdd	1675513110	rage01	KingSM	55		1	100	1452	2806			0		0	0	0	0	DiÖu D­¬ng-§é ¸ch T«n G	0	103	3132	200	-479091717	2026-06-12 00:43:05	18097927	852494815	42418171	9	-1	-1	-1
20260612-004305	ItemAdd	1675513110	rage01	KingSM	55		1	100	1452	2806			0		0	0	0	0	DiÖu D­¬ng-§é ¸ch T«n G	0	100	3132	250	-45430824	2026-06-12 00:43:05	852109907	55910264	42613447	9	-1	-1	-1
20260612-004305	ItemAdd	1675513110	rage01	KingSM	55		1	100	1452	2806			0		0	0	0	0	DiÖu D­¬ng-§é ¸ch T«n G	0	101	3132	200	-1457856583	2026-06-12 00:43:05	852174886	852630331	42482293	9	-1	-1	-1
20260612-004305	ItemAdd	1675513110	rage01	KingSM	55		1	100	1452	2806			0		0	0	0	0	DiÖu D­¬ng-§é ¸ch T«n G	0	8	8994	300	-684535058	2026-06-12 00:43:05	55320794	42614293	55451302	9	-1	-1	-1
20260612-004305	ItemAdd	1675513110	rage01	KingSM	55		1	100	1452	2806			0		0	0	0	0	DiÖu D­¬ng Thiªn Cung-¤	0	102	3190	100	-1240553721	2026-06-12 00:43:05	42286647	55250175	55190470	0	-1	-1	-1
20260612-004305	ItemAdd	1675513110	rage01	KingSM	55		1	100	1452	2806			0		0	0	0	0	DiÖu D­¬ng Thiªn Cung-T	0	102	3191	100	451792084	2026-06-12 00:43:05	42482022	55249334	55190279	0	-1	-1	-1
20260612-004305	ItemAdd	1675513110	rage01	KingSM	55		1	100	1452	2806			0		0	0	0	0	DiÖu D­¬ng Thiªn Cung-V	0	102	3192	100	-520343195	2026-06-12 00:43:05	42614363	55249289	55190965	0	-1	-1	-1
20260612-004305	ItemAdd	1675513110	rage01	KingSM	55		1	100	1452	2806			0		0	0	0	0	DiÖu D­¬ng Thiªn Cung-X	0	102	3193	100	-1853725942	2026-06-12 00:43:05	42547569	55249295	55189756	0	-1	-1	-1
20260612-004305	ItemAdd	1675513110	rage01	KingSM	55		1	100	1452	2806			0		0	0	0	0	DiÖu D­¬ng Thiªn Cung-B	0	102	3194	100	941447763	2026-06-12 00:43:05	42416898	55248966	55190118	0	-1	-1	-1
20260612-004305	ItemAdd	1675513110	rage01	KingSM	55		1	100	1452	2806			0		0	0	0	0	V« TrÇn Bå §Ò Ch©n QuyÓ	0	107	30020	0	-934955248	2026-06-12 00:43:05	335610624	336855812	196609	0	-1	-1	-1
20260612-004305	ItemAdd	1675513110	rage01	KingSM	55		1	100	1452	2806			0		0	0	0	0	Cöu Thiªn V« Cùc §¬n	2	1	1006	1	812991822	2026-06-12 00:43:05	4294905228	0	0	0	-1	-1	-1
20260612-004305	ItemAdd	1675513110	rage01	KingSM	55		10	100	1452	2806			0		0	0	0	0	Tói Quµ Vâ L©m	2	1	50016	10	-1208635161	2026-06-12 00:43:05	4294904062	0	0	0	-1	-1	-1
20260612-004305	ItemAdd	1675513110	rage01	KingSM	55		1	100	1452	2806			0		0	0	0	0	R­¬ng YÕu QuyÕt_S¬	2	1	50005	1	-740006860	2026-06-12 00:43:05	4294904008	0	0	0	-1	-1	-1
20260612-004305	ItemAdd	1675513110	rage01	KingSM	55		1	100	1452	2806			0		0	0	0	0	TuyÖt §Þa	0	105	14	15000	-1141963707	2026-06-12 00:43:05	1100158976	0	0	0	-1	-1	-1
20260612-004305	ItemAdd	1675513110	rage01	KingSM	790		1	100	1452	2806			0		0	0	0	0	ThiÕu D­¬ng ThÊt Tinh K	0	105	10107	2500	-1738262678	2026-06-12 00:43:05	26423011	0	0	0	-1	-1	-1
20260612-004305	ItemAdd	1675513110	rage01	KingSM	790		1	100	1452	2806			0		0	0	0	0	Long tö Ên	2	0	30002	1	1383930749	2026-06-12 00:43:05	4294905504	0	0	0	-1	-1	-1
20260612-004305	ItemAdd	1675513110	rage01	KingSM	790		1	100	1452	2806			0		0	0	0	0	ThÊt TÞch-ngo¹i trang ®	0	108	30029	120	-352837374	2026-06-12 00:43:05	1115633664	1098061824	1080440832	0	-1	-1	-1
20260612-004305	ItemAdd	1675513110	rage01	KingSM	790		1	100	1452	2806			0		0	0	0	0	ThÊt TÞch-ngo¹i trang y	0	109	30029	120	-714691347	2026-06-12 00:43:05	1096165376	1080440832	2048	0	-1	-1	-1
20260612-004305	ItemAdd	1675513110	rage01	KingSM	790		1	100	1452	2806			0		0	0	0	0	ThÊt TÞch-ngo¹i trang k	0	110	30029	120	-1472829505	2026-06-12 00:43:05	1092231168	1090140160	1080440832	0	-1	-1	-1
20260612-004305	MoneyEarn	1285239560	rage01	KingSM	790		1	100	1452	2806			0		0	0	0	0		0	0	0	0	0		0	0	0	0	-1	-1	-1
20260612-004332	ItemAdd	2406411443	rage01	GodOfSM	1		1	100	1445	2802			0		0	0	0	0	Vâ L©m 2 Shiina	2	1	50001	1	1881463229	2026-06-12 00:43:32	4294904218	0	0	0	-1	-1	-1
20260612-004332	ItemAdd	2406411443	rage01	GodOfSM	1		1	100	1445	2802			0		0	0	0	0	S­ §å ThiÕp	2	1	587	1	-680708337	2026-06-12 00:43:32	2048	2048	2048	0	-1	-1	-1
20260612-004332	ItemAdd	2406411443	rage01	GodOfSM	1		1	100	1445	2802			0		0	0	0	0	CÈm Nang §¹i Sù KiÖn	2	1	30045	1	-1302274581	2026-06-12 00:43:32	2048	2048	2048	0	-1	-1	-1
20260612-004332	ItemAdd	2406411443	rage01	GodOfSM	1		1	100	1445	2802			0		0	0	0	0	NguyÖt L­îng Thè luyÖn 	2	0	1043	1	119445033	2026-06-12 00:43:32	2048	2048	2048	0	-1	-1	-1
20260612-004332	ItemAdd	2406411443	rage01	GodOfSM	1		1	100	1445	2802			0		0	0	0	0	TiÕu ng¹o giang hå lôc	2	1	30240	1	812532524	2026-06-12 00:43:32	2048	2048	2048	0	-1	-1	-1
20260612-004332	ItemAdd	2406411443	rage01	GodOfSM	1		1	100	1445	2802			0		0	0	0	0	Tñ ¸o Thiªn BiÕn TiÕu	2	1	30494	1	908860726	2026-06-12 00:43:32	2048	2048	2048	0	-1	-1	-1
20260612-004338	ItemAdd	1110134170	rage01	GodOfSM	55		1	100	1445	2802			0		0	0	0	0	Tói quµ t©n thñ	2	1	50264	1	1485341494	2026-06-12 00:43:38	0	0	0	0	-1	-1	-1
20260612-004339	ItemConsume	ExpendIdx	rage01	GodOfSM	55		1	100	1445	2802			0		0	0	0	0	Tói quµ t©n thñ	2	1	50264	1	1485341494	2026-06-12 00:43:38	0	0	0	0	2	1	1
20260612-004339	ItemAdd	1675513110	rage01	GodOfSM	55		1	100	1445	2802			0		0	0	0	0	DiÖu D­¬ng-§é N¹n T«n G	0	103	3128	200	395185166	2026-06-12 00:43:39	18097684	852495991	42286154	9	-1	-1	-1
20260612-004339	ItemAdd	1675513110	rage01	GodOfSM	55		1	100	1445	2802			0		0	0	0	0	DiÖu D­¬ng-§é N¹n T«n G	0	100	3128	250	1838730919	2026-06-12 00:43:39	852040728	55916745	42417871	9	-1	-1	-1
20260612-004339	ItemAdd	1675513110	rage01	GodOfSM	55		1	100	1445	2802			0		0	0	0	0	DiÖu D­¬ng-§é N¹n T«n G	0	101	3128	200	270853364	2026-06-12 00:43:39	852037823	852629976	42549003	9	-1	-1	-1
20260612-004339	ItemAdd	1675513110	rage01	GodOfSM	55		1	100	1445	2802			0		0	0	0	0	DiÖu D­¬ng-§é N¹n T«n G	0	3	8992	300	-165551099	2026-06-12 00:43:39	55647697	42417295	55385402	9	-1	-1	-1
20260612-004339	ItemAdd	1675513110	rage01	GodOfSM	55		1	100	1445	2802			0		0	0	0	0	DiÖu D­¬ng Thiªn Cung-¤	0	102	3190	100	-395632086	2026-06-12 00:43:39	42286252	55249587	55190012	0	-1	-1	-1
20260612-004339	ItemAdd	1675513110	rage01	GodOfSM	55		1	100	1445	2802			0		0	0	0	0	DiÖu D­¬ng Thiªn Cung-T	0	102	3191	100	-1356464141	2026-06-12 00:43:39	42481796	55249800	55191049	0	-1	-1	-1
20260612-004339	ItemAdd	1675513110	rage01	GodOfSM	55		1	100	1445	2802			0		0	0	0	0	DiÖu D­¬ng Thiªn Cung-V	0	102	3192	100	-590240464	2026-06-12 00:43:39	42613669	55249617	55190396	0	-1	-1	-1
20260612-004339	ItemAdd	1675513110	rage01	GodOfSM	55		1	100	1445	2802			0		0	0	0	0	DiÖu D­¬ng Thiªn Cung-X	0	102	3193	100	1828733425	2026-06-12 00:43:39	42547793	55249624	55190171	0	-1	-1	-1
20260612-004339	ItemAdd	1675513110	rage01	GodOfSM	55		1	100	1445	2802			0		0	0	0	0	DiÖu D­¬ng Thiªn Cung-B	0	102	3194	100	-1586551930	2026-06-12 00:43:39	42418161	55250189	55191484	0	-1	-1	-1
20260612-004339	ItemAdd	1675513110	rage01	GodOfSM	55		1	100	1445	2802			0		0	0	0	0	Kim Cang B¸t Nh· Ch©n Q	0	107	30018	0	-1209455233	2026-06-12 00:43:39	18087939	336855811	196609	0	-1	-1	-1
20260612-004339	ItemAdd	1675513110	rage01	GodOfSM	55		1	100	1445	2802			0		0	0	0	0	Cöu Thiªn V« Cùc §¬n	2	1	1006	1	-1934760219	2026-06-12 00:43:39	4294905211	0	0	0	-1	-1	-1
20260612-004339	ItemAdd	1675513110	rage01	GodOfSM	55		10	100	1445	2802			0		0	0	0	0	Tói Quµ Vâ L©m	2	1	50016	10	-1975985289	2026-06-12 00:43:39	1379923	4294904282	0	0	-1	-1	-1
20260612-004339	ItemAdd	1675513110	rage01	GodOfSM	55		1	100	1445	2802			0		0	0	0	0	R­¬ng YÕu QuyÕt_S¬	2	1	50005	1	1517584016	2026-06-12 00:43:39	3870231	0	0	0	-1	-1	-1
20260612-004339	ItemAdd	1675513110	rage01	GodOfSM	55		1	100	1445	2802			0		0	0	0	0	TuyÖt §Þa	0	105	14	15000	-1885436230	2026-06-12 00:43:39	1100158976	0	0	0	-1	-1	-1
20260612-004339	ItemAdd	1675513110	rage01	GodOfSM	790		1	100	1445	2802			0		0	0	0	0	ThiÕu D­¬ng ThÊt Tinh K	0	105	10107	2500	1463600052	2026-06-12 00:43:39	26421567	0	0	0	-1	-1	-1
20260612-004339	ItemAdd	1675513110	rage01	GodOfSM	790		1	100	1445	2802			0		0	0	0	0	Long tö Ên	2	0	30002	1	-863708321	2026-06-12 00:43:39	4294904736	0	0	0	-1	-1	-1
20260612-004339	ItemAdd	1675513110	rage01	GodOfSM	790		1	100	1445	2802			0		0	0	0	0	ThÊt TÞch-ngo¹i trang ®	0	108	30029	120	-1434873332	2026-06-12 00:43:39	1115633664	1098061824	1080440832	0	-1	-1	-1
20260612-004339	ItemAdd	1675513110	rage01	GodOfSM	790		1	100	1445	2802			0		0	0	0	0	ThÊt TÞch-ngo¹i trang y	0	109	30029	120	1990713597	2026-06-12 00:43:39	1096165376	1080440832	2048	0	-1	-1	-1
20260612-004339	ItemAdd	1675513110	rage01	GodOfSM	790		1	100	1445	2802			0		0	0	0	0	ThÊt TÞch-ngo¹i trang k	0	110	30029	120	53605506	2026-06-12 00:43:39	1092231168	1090140160	1080440832	0	-1	-1	-1
20260612-004339	MoneyEarn	1285239560	rage01	GodOfSM	790		1	100	1445	2802			0		0	0	0	0		0	0	0	0	0		0	0	0	0	-1	-1	-1
20260612-004416	ItemAdd	2406411443	rage01	MaJas_ServeR	1		1	300	1637	3551			0		0	0	0	0	Vâ L©m 2 Shiina	2	1	50001	1	2145212872	2026-06-12 00:44:16	200422	0	0	0	-1	-1	-1
20260612-004416	ItemAdd	2406411443	rage01	MaJas_ServeR	1		1	300	1637	3551			0		0	0	0	0	S­ §å ThiÕp	2	1	587	1	-939846222	2026-06-12 00:44:16	2048	2048	2048	0	-1	-1	-1
20260612-004416	ItemAdd	2406411443	rage01	MaJas_ServeR	1		1	300	1637	3551			0		0	0	0	0	CÈm Nang §¹i Sù KiÖn	2	1	30045	1	-1182917855	2026-06-12 00:44:16	2048	2048	2048	0	-1	-1	-1
20260612-004416	ItemAdd	2406411443	rage01	MaJas_ServeR	1		1	300	1637	3551			0		0	0	0	0	NguyÖt L­îng Thè luyÖn 	2	0	1043	1	1645463670	2026-06-12 00:44:16	2048	2048	2048	0	-1	-1	-1
20260612-004416	ItemAdd	2406411443	rage01	MaJas_ServeR	1		1	300	1637	3551			0		0	0	0	0	TiÕu ng¹o giang hå lôc	2	1	30240	1	241441071	2026-06-12 00:44:16	2048	2048	2048	0	-1	-1	-1
20260612-004416	ItemAdd	2406411443	rage01	MaJas_ServeR	1		1	300	1637	3551			0		0	0	0	0	Tñ ¸o Thiªn BiÕn TiÕu	2	1	30494	1	-2060424303	2026-06-12 00:44:16	2048	2048	2048	0	-1	-1	-1
20260612-004422	ItemAdd	1110134170	rage01	MaJas_ServeR	55		1	300	1637	3551			0		0	0	0	0	Tói quµ t©n thñ	2	1	50264	1	937376306	2026-06-12 00:44:22	4294901998	0	0	0	-1	-1	-1
20260612-004423	ItemConsume	ExpendIdx	rage01	MaJas_ServeR	55		1	300	1637	3551			0		0	0	0	0	Tói quµ t©n thñ	2	1	50264	1	937376306	2026-06-12 00:44:22	4294901998	0	0	0	2	1	1
20260612-004423	ItemAdd	1675513110	rage01	MaJas_ServeR	55		1	300	1637	3551			0		0	0	0	0	DiÖu D­¬ng-§é KiÕp T«n 	0	103	3130	200	1180027014	2026-06-12 00:44:23	18097776	852495488	42483704	9	-1	-1	-1
20260612-004423	ItemAdd	1675513110	rage01	MaJas_ServeR	55		1	300	1637	3551			0		0	0	0	0	DiÖu D­¬ng-§é KiÕp T«n 	0	100	3130	250	-663128449	2026-06-12 00:44:23	852110974	55909125	42613896	9	-1	-1	-1
20260612-004423	ItemAdd	1675513110	rage01	MaJas_ServeR	55		1	300	1637	3551			0		0	0	0	0	DiÖu D­¬ng-§é KiÕp T«n 	0	101	3130	200	-1628683348	2026-06-12 00:44:23	852176459	852630317	42416144	9	-1	-1	-1
20260612-004423	ItemAdd	1675513110	rage01	MaJas_ServeR	55		1	300	1637	3551			0		0	0	0	0	DiÖu D­¬ng-§é KiÕp T«n 	0	0	8993	300	-1226061027	2026-06-12 00:44:23	55321130	42613714	55449904	9	-1	-1	-1
20260612-004423	ItemAdd	1675513110	rage01	MaJas_ServeR	55		1	300	1637	3551			0		0	0	0	0	DiÖu D­¬ng Thiªn Cung-¤	0	102	3190	100	-562274014	2026-06-12 00:44:23	42285733	55250449	55191273	0	-1	-1	-1
20260612-004423	ItemAdd	1675513110	rage01	MaJas_ServeR	55		1	300	1637	3551			0		0	0	0	0	DiÖu D­¬ng Thiªn Cung-T	0	102	3191	100	812956747	2026-06-12 00:44:23	42483645	55249193	55190942	0	-1	-1	-1
20260612-004423	ItemAdd	1675513110	rage01	MaJas_ServeR	55		1	300	1637	3551			0		0	0	0	0	DiÖu D­¬ng Thiªn Cung-V	0	102	3192	100	-89222552	2026-06-12 00:44:23	42612827	55249642	55189867	0	-1	-1	-1
20260612-004423	ItemAdd	1675513110	rage01	MaJas_ServeR	55		1	300	1637	3551			0		0	0	0	0	DiÖu D­¬ng Thiªn Cung-X	0	102	3193	100	-1652934263	2026-06-12 00:44:23	42547260	55249333	55190464	0	-1	-1	-1
20260612-004423	ItemAdd	1675513110	rage01	MaJas_ServeR	55		1	300	1637	3551			0		0	0	0	0	DiÖu D­¬ng Thiªn Cung-B	0	102	3194	100	-911696642	2026-06-12 00:44:23	42416278	55248940	55190126	0	-1	-1	-1
20260612-004423	ItemAdd	1675513110	rage01	MaJas_ServeR	55		1	300	1637	3551			0		0	0	0	0	TiÒm Long Tóc DiÖt Ch©n	0	107	30019	0	-1559423401	2026-06-12 00:44:23	335610624	336855812	197889	0	-1	-1	-1
20260612-004423	ItemAdd	1675513110	rage01	MaJas_ServeR	55		1	300	1637	3551			0		0	0	0	0	Cöu Thiªn V« Cùc §¬n	2	1	1006	1	1495704061	2026-06-12 00:44:23	4294903962	0	0	0	-1	-1	-1
20260612-004423	ItemAdd	1675513110	rage01	MaJas_ServeR	55		10	300	1637	3551			0		0	0	0	0	Tói Quµ Vâ L©m	2	1	50016	10	-417494654	2026-06-12 00:44:23	4294904116	1968433	0	0	-1	-1	-1
20260612-004423	ItemAdd	1675513110	rage01	MaJas_ServeR	55		1	300	1637	3551			0		0	0	0	0	R­¬ng YÕu QuyÕt_S¬	2	1	50005	1	924692424	2026-06-12 00:44:23	198919	0	0	0	-1	-1	-1
20260612-004423	ItemAdd	1675513110	rage01	MaJas_ServeR	55		1	300	1637	3551			0		0	0	0	0	TuyÖt §Þa	0	105	14	15000	2091555762	2026-06-12 00:44:23	1100158976	4294910960	0	0	-1	-1	-1
20260612-004423	ItemAdd	1675513110	rage01	MaJas_ServeR	790		1	300	1637	3551			0		0	0	0	0	ThiÕu D­¬ng ThÊt Tinh K	0	105	10107	2500	-1328695241	2026-06-12 00:44:23	26423247	0	0	0	-1	-1	-1
20260612-004423	ItemAdd	1675513110	rage01	MaJas_ServeR	790		1	300	1637	3551			0		0	0	0	0	¦ng tö Ên	2	0	30006	1	-1738133898	2026-06-12 00:44:23	4294904599	0	0	0	-1	-1	-1
20260612-004423	ItemAdd	1675513110	rage01	MaJas_ServeR	790		1	300	1637	3551			0		0	0	0	0	ThÊt TÞch-ngo¹i trang ®	0	108	30029	120	789641007	2026-06-12 00:44:23	1930631168	1080440832	2048	0	-1	-1	-1
20260612-004423	ItemAdd	1675513110	rage01	MaJas_ServeR	790		1	300	1637	3551			0		0	0	0	0	ThÊt TÞch-ngo¹i trang y	0	109	30029	120	290899484	2026-06-12 00:44:23	1096165376	1096421376	1080440832	0	-1	-1	-1
20260612-004423	ItemAdd	1675513110	rage01	MaJas_ServeR	790		1	300	1637	3551			0		0	0	0	0	ThÊt TÞch-ngo¹i trang k	0	110	30029	120	390384550	2026-06-12 00:44:23	1092231168	1090140160	1080440832	0	-1	-1	-1
20260612-004423	MoneyEarn	1285239560	rage01	MaJas_ServeR	790		1	300	1637	3551			0		0	0	0	0		0	0	0	0	0		0	0	0	0	-1	-1	-1
20260612-004431	ItemThrowAway	Player.ThrowAwayItem	rage01	MaJas_ServeR	790		1	300	1652	3546			0		0	0	0	0	HiÖp ThiÕu kiÕm	0	2	14	70	0	1970-01-01 08:00:00	0	0	0	1	-1	-1	-1
20260612-004447	MoneyEarn	1196062657	rage01	MaJas_ServeR	790		1000000000	300	1661	3564			0		0	0	0	0		0	0	0	0	0		0	0	0	0	-1	-1	-1
20260612-004501	ItemAdd	2745890032	rage01	MaJas_ServeR	790		10	300	1661	3564			0		0	0	0	0	Cæ Phæ-Tói Tµn QuyÓn	2	1	50028	10	1085616015	2026-06-12 00:45:01	592509	0	0	0	-1	-1	-1
20260612-004502	ItemConsume	ExpendIdx	rage01	MaJas_ServeR	790		1	300	1661	3564			0		0	0	0	0	Cæ Phæ-Tói Tµn QuyÓn	2	1	50028	9	1085616015	2026-06-12 00:45:01	592509	0	0	0	2	1	1
20260612-004502	ItemAdd	2433920595	rage01	MaJas_ServeR	790		1	300	1661	3564			0		0	0	0	0	[Tµn quyÓn] V« ¶nh C­íc	2	1	50050	1	-1225726779	2026-06-12 00:45:02	4294905827	0	0	0	-1	-1	-1
20260612-004503	ItemConsume	ExpendIdx	rage01	MaJas_ServeR	790		1	300	1661	3564			0		0	0	0	0	Cæ Phæ-Tói Tµn QuyÓn	2	1	50028	8	1085616015	2026-06-12 00:45:01	592509	0	0	0	2	1	1
20260612-004503	ItemAdd	2433920595	rage01	MaJas_ServeR	790		1	300	1661	3564			0		0	0	0	0	[Tµn quyÓn] Tóy §iÖp	2	1	50090	1	-1191046174	2026-06-12 00:45:03	4294905105	0	0	0	-1	-1	-1
20260612-004503	ItemConsume	ExpendIdx	rage01	MaJas_ServeR	790		1	300	1661	3564			0		0	0	0	0	Cæ Phæ-Tói Tµn QuyÓn	2	1	50028	7	1085616015	2026-06-12 00:45:01	592509	0	0	0	2	1	1
20260612-004503	ItemAdd	2433920595	rage01	MaJas_ServeR	790		1	300	1661	3564			0		0	0	0	0	[Tµn quyÓn] V« ¶nh C­íc	2	1	50050	1	1550949034	2026-06-12 00:45:03	4294904726	0	0	0	-1	-1	-1
20260612-004536	ItemAdd	96862040	rage01	MaJas_ServeR	790		1	300	1660	3556			0		0	0	0	0	V« Song ChiÕn ThÇn Kh«i	0	103	30651	200	-712345588	2026-06-12 00:45:36	0	0	0	15	-1	-1	-1
20260612-004536	ItemAdd	96862040	rage01	MaJas_ServeR	790		1	300	1660	3556			0		0	0	0	0	V« Song ChiÕn ThÇn Gi¸p	0	100	30651	200	-363512067	2026-06-12 00:45:36	0	0	0	15	-1	-1	-1
20260612-004536	ItemAdd	96862040	rage01	MaJas_ServeR	790		1	300	1660	3556			0		0	0	0	0	V« Song ChiÕn ThÇn Tran	0	101	30651	200	-236508542	2026-06-12 00:45:36	0	0	0	15	-1	-1	-1
20260612-004546	ItemConsume	ExpendIdx	rage01	MaJas_ServeR	790		1	300	1660	3556			0		0	0	0	0	Cæ Phæ-Tói Tµn QuyÓn	2	1	50028	6	1085616015	2026-06-12 00:45:01	592509	0	0	0	2	1	1
20260612-004546	ItemAdd	2433920595	rage01	MaJas_ServeR	790		1	300	1660	3556			0		0	0	0	0	[Tµn quyÓn] §¹i Lùc Kim	2	1	50040	1	-2046604189	2026-06-12 00:45:46	4294905561	0	0	0	-1	-1	-1
20260612-004547	ItemConsume	ExpendIdx	rage01	MaJas_ServeR	790		1	300	1660	3556			0		0	0	0	0	Cæ Phæ-Tói Tµn QuyÓn	2	1	50028	5	1085616015	2026-06-12 00:45:01	592509	0	0	0	2	1	1
20260612-004547	ItemAdd	2433920595	rage01	MaJas_ServeR	790		1	300	1660	3556			0		0	0	0	0	[Tµn quyÓn] Th¸i Êt T©m	2	1	50170	1	1509602126	2026-06-12 00:45:47	4294904898	593177	0	0	-1	-1	-1
20260612-004547	ItemConsume	ExpendIdx	rage01	MaJas_ServeR	790		1	300	1660	3556			0		0	0	0	0	Cæ Phæ-Tói Tµn QuyÓn	2	1	50028	4	1085616015	2026-06-12 00:45:01	592509	0	0	0	2	1	1
20260612-004547	ItemAdd	2433920595	rage01	MaJas_ServeR	790		1	300	1660	3556			0		0	0	0	0	[Tµn quyÓn] M·n Thiªn H	2	1	50060	1	1386485827	2026-06-12 00:45:47	592869	0	0	0	-1	-1	-1
20260612-004547	ItemConsume	ExpendIdx	rage01	MaJas_ServeR	790		1	300	1660	3556			0		0	0	0	0	Cæ Phæ-Tói Tµn QuyÓn	2	1	50028	3	1085616015	2026-06-12 00:45:01	592509	0	0	0	2	1	1
20260612-004547	ItemAdd	2433920595	rage01	MaJas_ServeR	790		1	300	1660	3556			0		0	0	0	0	[Tµn quyÓn] MÞ ¶nh t©m 	2	1	50230	1	-695641669	2026-06-12 00:45:47	4294905571	0	0	0	-1	-1	-1
20260612-004547	ItemConsume	ExpendIdx	rage01	MaJas_ServeR	790		1	300	1660	3556			0		0	0	0	0	Cæ Phæ-Tói Tµn QuyÓn	2	1	50028	2	1085616015	2026-06-12 00:45:01	592509	0	0	0	2	1	1
20260612-004547	ItemAdd	2433920595	rage01	MaJas_ServeR	790		1	300	1660	3556			0		0	0	0	0	[Tµn quyÓn] TuyÖt ¶nh T	2	1	50140	1	-972655581	2026-06-12 00:45:47	4294905751	3606566	0	0	-1	-1	-1
20260612-004547	ItemConsume	ExpendIdx	rage01	MaJas_ServeR	790		1	300	1660	3556			0		0	0	0	0	Cæ Phæ-Tói Tµn QuyÓn	2	1	50028	1	1085616015	2026-06-12 00:45:01	592509	0	0	0	2	1	1
20260612-004547	ItemAdd	2433920595	rage01	MaJas_ServeR	790		1	300	1660	3556			0		0	0	0	0	[Tµn quyÓn] V« ¶nh C­íc	2	1	50050	1	-892114486	2026-06-12 00:45:47	4294904723	593459	0	0	-1	-1	-1
20260612-004548	ItemConsume	ExpendIdx	rage01	MaJas_ServeR	790		1	300	1660	3556			0		0	0	0	0	Cæ Phæ-Tói Tµn QuyÓn	2	1	50028	1	1085616015	2026-06-12 00:45:01	592509	0	0	0	2	1	1
20260612-004548	ItemAdd	2433920595	rage01	MaJas_ServeR	790		1	300	1660	3556			0		0	0	0	0	[Tµn quyÓn] D­¬ng Gia B	2	1	50130	1	1290265263	2026-06-12 00:45:48	4294904530	0	0	0	-1	-1	-1
20260612-004556	ItemAdd	96862040	rage01	MaJas_ServeR	790		1	300	1660	3556			0		0	0	0	0	V« Song ChiÕn ThÇn Kh«i	0	103	30651	200	768979650	2026-06-12 00:45:56	0	0	0	15	-1	-1	-1
20260612-004556	ItemAdd	96862040	rage01	MaJas_ServeR	790		1	300	1660	3556			0		0	0	0	0	V« Song ChiÕn ThÇn Gi¸p	0	100	30651	200	549742076	2026-06-12 00:45:56	0	0	0	15	-1	-1	-1
20260612-004556	ItemAdd	96862040	rage01	MaJas_ServeR	790		1	300	1660	3556			0		0	0	0	0	V« Song ChiÕn ThÇn Tran	0	101	30651	200	-2111245070	2026-06-12 00:45:56	0	0	0	15	-1	-1	-1
20260612-004611	ItemAdd	96862040	rage01	MaJas_ServeR	790		1	300	1661	3563			0		0	0	0	0	NhÉn V« Cùc	0	102	31130	100	-1719273132	2026-06-12 00:46:11	925241341	925305082	0	0	-1	-1	-1
20260612-004611	ItemAdd	96862040	rage01	MaJas_ServeR	790		1	300	1661	3563			0		0	0	0	0	Minh Tinh Chi Giíi	0	102	31131	100	1965864160	2026-06-12 00:46:11	925240340	925306364	0	0	-1	-1	-1
20260612-004617	ItemConsume	ExpendIdx	rage01	MaJas_ServeR	790		1	300	1661	3563			0		0	0	0	0	R­¬ng YÕu QuyÕt_S¬	2	1	50005	1	924692424	2026-06-12 00:44:23	198919	0	0	0	2	3	3
20260612-004617	ItemAdd	2916245822	rage01	MaJas_ServeR	790		1	300	1661	3563			0		0	0	0	0	ThÊt B¶o ChiÕu quyÕt	2	6	11	1	1392299097	2026-06-12 00:46:17	4294916103	0	0	0	-1	-1	-1
20260612-004617	ItemAdd	2916245822	rage01	MaJas_ServeR	790		1	300	1661	3563			0		0	0	0	0	La H¸n QuyÒn quyÕt	2	6	12	1	-1749429234	2026-06-12 00:46:17	4294916262	0	0	0	-1	-1	-1
20260612-004617	ItemAdd	2916245822	rage01	MaJas_ServeR	790		1	300	1661	3563			0		0	0	0	0	Ca DiÖp Thèi quyÕt	2	6	13	1	376321703	2026-06-12 00:46:17	4294916167	0	0	0	-1	-1	-1
20260612-004617	ItemAdd	2916245822	rage01	MaJas_ServeR	790		1	300	1661	3563			0		0	0	0	0	HuÖ Nh·n quyÕt	2	6	14	1	-1136890636	2026-06-12 00:46:17	4294916615	0	0	0	-1	-1	-1
20260612-004617	ItemAdd	2916245822	rage01	MaJas_ServeR	790		1	300	1661	3563			0		0	0	0	0	Vi §µ quyÕt	2	6	15	1	-624133314	2026-06-12 00:46:17	4294916511	0	0	0	-1	-1	-1
20260612-004617	ItemAdd	2916245822	rage01	MaJas_ServeR	790		1	300	1661	3563			0		0	0	0	0	V¨n V©n quyÕt	2	6	16	1	847790487	2026-06-12 00:46:17	4294916377	0	0	0	-1	-1	-1
20260612-004617	ItemAdd	2916245822	rage01	MaJas_ServeR	790		1	300	1661	3563			0		0	0	0	0	La H¸n TrËn quyÕt	2	6	17	1	-662489436	2026-06-12 00:46:17	4400677	0	0	0	-1	-1	-1
20260612-004617	ItemAdd	2916245822	rage01	MaJas_ServeR	790		1	300	1661	3563			0		0	0	0	0	§¹i Tu Di Ch­ëng	2	6	18	1	-523749778	2026-06-12 00:46:17	3547880	3740613	0	0	-1	-1	-1
20260612-004617	ItemAdd	2916245822	rage01	MaJas_ServeR	790		1	300	1661	3563			0		0	0	0	0	V« ¶nh quyÕt	2	6	19	1	258700372	2026-06-12 00:46:17	4328569	0	0	0	-1	-1	-1
20260612-004617	ItemAdd	2916245822	rage01	MaJas_ServeR	790		1	300	1661	3563			0		0	0	0	0	Long Tr¶o Thñ quyÕt	2	6	20	1	1701840286	2026-06-12 00:46:17	3548018	0	0	0	-1	-1	-1
20260612-004622	ItemConsume	ExpendIdx	rage01	MaJas_ServeR	790		1	300	1661	3563			0		0	0	0	0	Tói Quµ Vâ L©m	2	1	50016	9	-417494654	2026-06-12 00:44:23	4294904116	1968433	0	0	2	2	3
20260612-004623	ItemConsume	ExpendIdx	rage01	MaJas_ServeR	790		1	300	1661	3563			0		0	0	0	0	Tói Quµ Vâ L©m	2	1	50016	8	-417494654	2026-06-12 00:44:23	4294904116	1968433	0	0	2	2	3
20260612-004624	ItemConsume	ExpendIdx	rage01	MaJas_ServeR	790		1	300	1661	3563			0		0	0	0	0	Tói Quµ Vâ L©m	2	1	50016	7	-417494654	2026-06-12 00:44:23	4294904116	1968433	0	0	2	2	3
20260612-004625	ItemConsume	ExpendIdx	rage01	MaJas_ServeR	790		1	300	1661	3563			0		0	0	0	0	Tói Quµ Vâ L©m	2	1	50016	6	-417494654	2026-06-12 00:44:23	4294904116	1968433	0	0	2	2	3
20260612-004625	ItemConsume	ExpendIdx	rage01	MaJas_ServeR	790		1	300	1661	3563			0		0	0	0	0	Tói Quµ Vâ L©m	2	1	50016	5	-417494654	2026-06-12 00:44:23	4294904116	1968433	0	0	2	2	3
20260612-004625	ItemConsume	ExpendIdx	rage01	MaJas_ServeR	790		1	300	1661	3563			0		0	0	0	0	Tói Quµ Vâ L©m	2	1	50016	4	-417494654	2026-06-12 00:44:23	4294904116	1968433	0	0	2	2	3
20260612-004625	ItemConsume	ExpendIdx	rage01	MaJas_ServeR	790		1	300	1661	3563			0		0	0	0	0	Tói Quµ Vâ L©m	2	1	50016	3	-417494654	2026-06-12 00:44:23	4294904116	1968433	0	0	2	2	3
20260612-004626	ItemConsume	ExpendIdx	rage01	MaJas_ServeR	790		1	300	1661	3563			0		0	0	0	0	Tói Quµ Vâ L©m	2	1	50016	2	-417494654	2026-06-12 00:44:23	4294904116	1968433	0	0	2	2	3
20260612-004626	large_str	AddItem[/script/ksgvn/item/item_tuiqua_volam.lua|NoFunc]			0		3090476748	0	0	0			0		0	0	0	0		0	0	0	0	0		0	0	0	0	-1	-1	-1
20260612-004626	ItemAdd	3090476748	rage01	MaJas_ServeR	790		1	300	1661	3563			0		0	0	0	0	Bµn Long bÝch	2	1	1000	1	-334513424	2026-06-12 00:46:26	4294905847	0	0	0	-1	-1	-1
20260612-004626	ItemConsume	ExpendIdx	rage01	MaJas_ServeR	790		1	300	1661	3563			0		0	0	0	0	Tói Quµ Vâ L©m	2	1	50016	1	-417494654	2026-06-12 00:44:23	4294904116	1968433	0	0	2	2	3
20260612-004626	ItemConsume	ExpendIdx	rage01	MaJas_ServeR	790		1	300	1661	3563			0		0	0	0	0	Tói Quµ Vâ L©m	2	1	50016	1	-417494654	2026-06-12 00:44:23	4294904116	1968433	0	0	2	2	3
20260612-004630	ItemConsume	ExpendIdx	rage01	MaJas_ServeR	790		1	300	1661	3563			0		0	0	0	0	Cöu Thiªn V« Cùc §¬n	2	1	1006	1	1495704061	2026-06-12 00:44:23	4294903962	0	0	0	2	1	3
20260612-004720	ItemAdd	2406411443	rage01	MaJas_ServeR	790		1	300	1691	3469			0		0	0	0	0	Bøc th­ thÇn bÝ	2	0	30052	1	210228930	2026-06-12 00:47:20	2048	2048	2048	0	-1	-1	-1
20260612-004736	ItemAdd	2406411443	rage02	ServeR_Anh	1		1	200	1185	2828			0		0	0	0	0	Vâ L©m 2 Shiina	2	1	50001	1	1904370406	2026-06-12 00:47:36	4294905838	0	0	0	-1	-1	-1
20260612-004736	ItemAdd	2406411443	rage02	ServeR_Anh	1		1	200	1185	2828			0		0	0	0	0	S­ §å ThiÕp	2	1	587	1	-528758689	2026-06-12 00:47:36	2048	2048	2048	0	-1	-1	-1
20260612-004736	ItemAdd	2406411443	rage02	ServeR_Anh	1		1	200	1185	2828			0		0	0	0	0	CÈm Nang §¹i Sù KiÖn	2	1	30045	1	245061697	2026-06-12 00:47:36	2048	2048	2048	0	-1	-1	-1
20260612-004736	ItemAdd	2406411443	rage02	ServeR_Anh	1		1	200	1185	2828			0		0	0	0	0	NguyÖt L­îng Thè luyÖn 	2	0	1043	1	1905515906	2026-06-12 00:47:36	2048	2048	2048	0	-1	-1	-1
20260612-004736	ItemAdd	2406411443	rage02	ServeR_Anh	1		1	200	1185	2828			0		0	0	0	0	TiÕu ng¹o giang hå lôc	2	1	30240	1	615454763	2026-06-12 00:47:36	2048	2048	2048	0	-1	-1	-1
20260612-004736	ItemAdd	2406411443	rage02	ServeR_Anh	1		1	200	1185	2828			0		0	0	0	0	Tñ ¸o Thiªn BiÕn TiÕu	2	1	30494	1	-1310615699	2026-06-12 00:47:36	2048	2048	2048	0	-1	-1	-1
20260612-004744	ItemConsume	ClearItemInPos	rage01	MaJas_ServeR	790		1	300	1710	3485			0		0	0	0	0	Vâ L©m 2 Shiina	2	1	50001	1	2145212872	2026-06-12 00:44:16	200422	0	0	0	2	0	0
20260612-004744	ItemConsume	ClearItemInPos	rage01	MaJas_ServeR	790		1	300	1710	3485			0		0	0	0	0	S­ §å ThiÕp	2	1	587	1	-939846222	2026-06-12 00:44:16	2048	2048	2048	0	2	1	0
20260612-004744	ItemConsume	ClearItemInPos	rage01	MaJas_ServeR	790		1	300	1710	3485			0		0	0	0	0	CÈm Nang §¹i Sù KiÖn	2	1	30045	1	-1182917855	2026-06-12 00:44:16	2048	2048	2048	0	2	2	0
20260612-004744	ItemConsume	ClearItemInPos	rage01	MaJas_ServeR	790		1	300	1710	3485			0		0	0	0	0	NguyÖt L­îng Thè luyÖn 	2	0	1043	1	1645463670	2026-06-12 00:44:16	2048	2048	2048	0	2	3	0
20260612-004744	ItemConsume	ClearItemInPos	rage01	MaJas_ServeR	790		1	300	1710	3485			0		0	0	0	0	TiÕu ng¹o giang hå lôc	2	1	30240	1	241441071	2026-06-12 00:44:16	2048	2048	2048	0	2	4	0
20260612-004744	ItemConsume	ClearItemInPos	rage01	MaJas_ServeR	790		1	300	1710	3485			0		0	0	0	0	Tñ ¸o Thiªn BiÕn TiÕu	2	1	30494	1	-2060424303	2026-06-12 00:44:16	2048	2048	2048	0	2	0	1
20260612-004744	ItemConsume	ClearItemInPos	rage01	MaJas_ServeR	790		1	300	1710	3485			0		0	0	0	0	[Tµn quyÓn] D­¬ng Gia B	2	1	50130	1	1290265263	2026-06-12 00:45:48	4294904530	0	0	0	2	1	1
20260612-004744	ItemConsume	ClearItemInPos	rage01	MaJas_ServeR	790		3	300	1710	3485			0		0	0	0	0	[Tµn quyÓn] V« ¶nh C­íc	2	1	50050	3	-1225726779	2026-06-12 00:45:02	4294905827	0	0	0	2	2	1
20260612-004744	ItemConsume	ClearItemInPos	rage01	MaJas_ServeR	790		1	300	1710	3485			0		0	0	0	0	[Tµn quyÓn] Tóy §iÖp	2	1	50090	1	-1191046174	2026-06-12 00:45:03	4294905105	0	0	0	2	3	1
20260612-004744	ItemConsume	ClearItemInPos	rage01	MaJas_ServeR	790		1	300	1710	3485			0		0	0	0	0	V« Song ChiÕn ThÇn Kh«i	0	103	30651	200	-712345588	2026-06-12 00:45:36	0	0	0	15	2	4	1
20260612-004744	ItemConsume	ClearItemInPos	rage01	MaJas_ServeR	790		1	300	1710	3485			0		0	0	0	0	DiÖu D­¬ng Thiªn Cung-¤	0	102	3190	100	-562274014	2026-06-12 00:44:23	42285733	55250449	55191273	0	2	0	2
20260612-004744	ItemConsume	ClearItemInPos	rage01	MaJas_ServeR	790		1	300	1710	3485			0		0	0	0	0	DiÖu D­¬ng Thiªn Cung-T	0	102	3191	100	812956747	2026-06-12 00:44:23	42483645	55249193	55190942	0	2	1	2
20260612-004744	ItemConsume	ClearItemInPos	rage01	MaJas_ServeR	790		1	300	1710	3485			0		0	0	0	0	V« Song ChiÕn ThÇn Gi¸p	0	100	30651	200	-363512067	2026-06-12 00:45:36	0	0	0	15	2	2	2
20260612-004744	ItemConsume	ClearItemInPos	rage01	MaJas_ServeR	790		1	300	1710	3485			0		0	0	0	0	V« Song ChiÕn ThÇn Tran	0	101	30651	200	-236508542	2026-06-12 00:45:36	0	0	0	15	2	3	2
20260612-004744	ItemConsume	ClearItemInPos	rage01	MaJas_ServeR	790		1	300	1710	3485			0		0	0	0	0	DiÖu D­¬ng Thiªn Cung-B	0	102	3194	100	-911696642	2026-06-12 00:44:23	42416278	55248940	55190126	0	2	4	2
20260612-004744	ItemConsume	ClearItemInPos	rage01	MaJas_ServeR	790		1	300	1710	3485			0		0	0	0	0	[Tµn quyÓn] §¹i Lùc Kim	2	1	50040	1	-2046604189	2026-06-12 00:45:46	4294905561	0	0	0	2	0	3
20260612-004744	ItemConsume	ClearItemInPos	rage01	MaJas_ServeR	790		1	300	1710	3485			0		0	0	0	0	Bøc th­ thÇn bÝ	2	0	30052	1	210228930	2026-06-12 00:47:20	2048	2048	2048	0	2	1	3
20260612-004744	ItemConsume	ClearItemInPos	rage01	MaJas_ServeR	790		1	300	1710	3485			0		0	0	0	0	ThÊt B¶o ChiÕu quyÕt	2	6	11	1	1392299097	2026-06-12 00:46:17	4294916103	0	0	0	2	3	3
20260612-004744	ItemConsume	ClearItemInPos	rage01	MaJas_ServeR	790		1	300	1710	3485			0		0	0	0	0	TuyÖt §Þa	0	105	14	15000	2091555762	2026-06-12 00:44:23	1100158976	4294910960	0	0	2	4	3
20260612-004744	ItemConsume	ClearItemInPos	rage01	MaJas_ServeR	790		1	300	1710	3485			0		0	0	0	0	[Tµn quyÓn] Th¸i Êt T©m	2	1	50170	1	1509602126	2026-06-12 00:45:47	4294904898	593177	0	0	2	0	5
20260612-004744	ItemConsume	ClearItemInPos	rage01	MaJas_ServeR	790		1	300	1710	3485			0		0	0	0	0	[Tµn quyÓn] M·n Thiªn H	2	1	50060	1	1386485827	2026-06-12 00:45:47	592869	0	0	0	2	1	5
20260612-004744	ItemConsume	ClearItemInPos	rage01	MaJas_ServeR	790		1	300	1710	3485			0		0	0	0	0	[Tµn quyÓn] MÞ ¶nh t©m 	2	1	50230	1	-695641669	2026-06-12 00:45:47	4294905571	0	0	0	2	2	5
20260612-004744	ItemConsume	ClearItemInPos	rage01	MaJas_ServeR	790		1	300	1710	3485			0		0	0	0	0	[Tµn quyÓn] TuyÖt ¶nh T	2	1	50140	1	-972655581	2026-06-12 00:45:47	4294905751	3606566	0	0	2	3	5
20260612-004744	ItemConsume	ClearItemInPos	rage01	MaJas_ServeR	790		1	300	1710	3485			0		0	0	0	0	V« Song ChiÕn ThÇn Kh«i	0	103	30651	200	768979650	2026-06-12 00:45:56	0	0	0	15	2	4	5
20260612-004744	ItemConsume	ClearItemInPos	rage01	MaJas_ServeR	790		1	300	1710	3485			0		0	0	0	0	V« Song ChiÕn ThÇn Gi¸p	0	100	30651	200	549742076	2026-06-12 00:45:56	0	0	0	15	2	0	6
20260612-004744	ItemConsume	ClearItemInPos	rage01	MaJas_ServeR	790		1	300	1710	3485			0		0	0	0	0	V« Song ChiÕn ThÇn Tran	0	101	30651	200	-2111245070	2026-06-12 00:45:56	0	0	0	15	2	1	6
20260612-004744	ItemConsume	ClearItemInPos	rage01	MaJas_ServeR	790		1	300	1710	3485			0		0	0	0	0	NhÉn V« Cùc	0	102	31130	100	-1719273132	2026-06-12 00:46:11	925241341	925305082	0	0	2	2	6
20260612-004744	ItemConsume	ClearItemInPos	rage01	MaJas_ServeR	790		1	300	1710	3485			0		0	0	0	0	Minh Tinh Chi Giíi	0	102	31131	100	1965864160	2026-06-12 00:46:11	925240340	925306364	0	0	2	3	6
20260612-004744	ItemConsume	ClearItemInPos	rage01	MaJas_ServeR	790		1	300	1710	3485			0		0	0	0	0	La H¸n QuyÒn quyÕt	2	6	12	1	-1749429234	2026-06-12 00:46:17	4294916262	0	0	0	2	4	6
20260612-004744	ItemConsume	ClearItemInPos	rage01	MaJas_ServeR	790		1	300	1710	3485			0		0	0	0	0	Ca DiÖp Thèi quyÕt	2	6	13	1	376321703	2026-06-12 00:46:17	4294916167	0	0	0	2	0	7
20260612-004744	ItemConsume	ClearItemInPos	rage01	MaJas_ServeR	790		1	300	1710	3485			0		0	0	0	0	HuÖ Nh·n quyÕt	2	6	14	1	-1136890636	2026-06-12 00:46:17	4294916615	0	0	0	2	1	7
20260612-004744	ItemConsume	ClearItemInPos	rage01	MaJas_ServeR	790		1	300	1710	3485			0		0	0	0	0	Vi §µ quyÕt	2	6	15	1	-624133314	2026-06-12 00:46:17	4294916511	0	0	0	2	2	7
20260612-004744	ItemConsume	ClearItemInPos	rage01	MaJas_ServeR	790		1	300	1710	3485			0		0	0	0	0	V¨n V©n quyÕt	2	6	16	1	847790487	2026-06-12 00:46:17	4294916377	0	0	0	2	3	7
20260612-004744	ItemConsume	ClearItemInPos	rage01	MaJas_ServeR	790		1	300	1710	3485			0		0	0	0	0	La H¸n TrËn quyÕt	2	6	17	1	-662489436	2026-06-12 00:46:17	4400677	0	0	0	2	4	7
20260612-004744	ItemConsume	ClearItemInPos	rage01	MaJas_ServeR	790		1	300	1710	3485			0		0	0	0	0	§¹i Tu Di Ch­ëng	2	6	18	1	-523749778	2026-06-12 00:46:17	3547880	3740613	0	0	2	0	8
20260612-004744	ItemConsume	ClearItemInPos	rage01	MaJas_ServeR	790		1	300	1710	3485			0		0	0	0	0	V« ¶nh quyÕt	2	6	19	1	258700372	2026-06-12 00:46:17	4328569	0	0	0	2	1	8
20260612-004744	ItemConsume	ClearItemInPos	rage01	MaJas_ServeR	790		1	300	1710	3485			0		0	0	0	0	Long Tr¶o Thñ quyÕt	2	6	20	1	1701840286	2026-06-12 00:46:17	3548018	0	0	0	2	2	8
20260612-004744	ItemConsume	ClearItemInPos	rage01	MaJas_ServeR	790		1	300	1710	3485			0		0	0	0	0	Bµn Long bÝch	2	1	1000	1	-334513424	2026-06-12 00:46:26	4294905847	0	0	0	2	3	8
20260612-004744	ItemAdd	3086646439	rage01	MaJas_ServeR	790		1	300	1710	3485			0		0	0	0	0	Vâ L©m 2 Shiina	2	1	50001	1	-1402113101	2026-06-12 00:47:44	4294904019	0	0	0	-1	-1	-1
20260612-004800	ItemAdd	1064233157	rage01	MaJas_ServeR	790		1	300	1710	3485			0		0	0	0	0	Kh¾c B¶n Hoµn Mü CÊp 4 	2	1	31405	1	-1289565412	2026-06-12 00:48:00	4294908059	1512330	0	0	-1	-1	-1
20260612-004800	ItemAdd	1064233157	rage01	MaJas_ServeR	790		1	300	1710	3485			0		0	0	0	0	Kh¾c B¶n Hoµn Mü CÊp 4 	2	1	31406	1	35182866	2026-06-12 00:48:00	4462197	4294909131	0	0	-1	-1	-1
20260612-004800	ItemAdd	1064233157	rage01	MaJas_ServeR	790		1	300	1710	3485			0		0	0	0	0	Kh¾c B¶n Hoµn Mü CÊp 4 	2	1	31407	1	160758551	2026-06-12 00:48:00	4294908700	0	0	0	-1	-1	-1
20260612-004800	ItemAdd	1064233157	rage01	MaJas_ServeR	790		1	300	1710	3485			0		0	0	0	0	Kh¾c B¶n Hoµn Mü CÊp 4 	2	1	31408	1	1228643001	2026-06-12 00:48:00	4294909902	0	0	0	-1	-1	-1
20260612-004800	ItemAdd	1064233157	rage01	MaJas_ServeR	790		1	300	1710	3485			0		0	0	0	0	Kh¾c B¶n Hoµn Mü CÊp 4 	2	1	31409	1	-719473429	2026-06-12 00:48:00	4294909835	0	0	0	-1	-1	-1
20260612-004809	ItemConsume	ExpendIdx	rage01	MaJas_ServeR	790		1	300	1710	3485			0		0	0	0	0	Kh¾c B¶n Hoµn Mü CÊp 4 	2	1	31405	1	-1289565412	2026-06-12 00:48:00	4294908059	1512330	0	0	2	1	0
20260612-004809	ItemAdd	1354988485	rage01	MaJas_ServeR	790		1	300	1710	3485			0		0	0	0	0	TrÇm Sa Thiªn V¨n	0	116	35	100	229964501	2026-06-12 00:48:09	2047936512	2048526336	2049574912	0	-1	-1	-1
20260612-004813	ItemConsume	ExpendIdx	rage01	MaJas_ServeR	790		1	300	1710	3485			0		0	0	0	0	Kh¾c B¶n Hoµn Mü CÊp 4 	2	1	31406	1	35182866	2026-06-12 00:48:00	4462197	4294909131	0	0	2	2	0
20260612-004813	ItemAdd	1354988485	rage01	MaJas_ServeR	790		1	300	1710	3485			0		0	0	0	0	ChÝch Viªm ChiÕn V¨n	0	113	34	100	-1604421379	2026-06-12 00:48:13	2047936512	2048526336	2049574912	0	-1	-1	-1
20260612-004819	ItemConsume	ExpendIdx	rage01	MaJas_ServeR	790		1	300	1710	3485			0		0	0	0	0	Kh¾c B¶n Hoµn Mü CÊp 4 	2	1	31407	1	160758551	2026-06-12 00:48:00	4294908700	0	0	0	2	3	0
20260612-004819	ItemAdd	1354988485	rage01	MaJas_ServeR	790		1	300	1710	3485			0		0	0	0	0	L¹c Thñy HuyÒn V¨n	0	114	33	100	1446487945	2026-06-12 00:48:19	2047936512	2048526336	2049574912	0	-1	-1	-1
20260612-004824	ItemConsume	ExpendIdx	rage01	MaJas_ServeR	790		1	300	1710	3485			0		0	0	0	0	Kh¾c B¶n Hoµn Mü CÊp 4 	2	1	31409	1	-719473429	2026-06-12 00:48:00	4294909835	0	0	0	2	0	1
20260612-004824	ItemAdd	1354988485	rage01	MaJas_ServeR	790		1	300	1710	3485			0		0	0	0	0	Xu©n Huy Béi Søc	0	117	32	100	1855411328	2026-06-12 00:48:24	2047936512	2048526336	2049574912	0	-1	-1	-1
20260612-004830	ItemConsume	ExpendIdx	rage01	MaJas_ServeR	790		1	300	1710	3485			0		0	0	0	0	Kh¾c B¶n Hoµn Mü CÊp 4 	2	1	31408	1	1228643001	2026-06-12 00:48:00	4294909902	0	0	0	2	4	0
20260612-004830	ItemAdd	1354988485	rage01	MaJas_ServeR	790		1	300	1710	3485			0		0	0	0	0	Hóc D­¬ng §iªu Søc	0	115	31	100	-189126428	2026-06-12 00:48:30	2047936512	2048526336	2049574912	0	-1	-1	-1
20260612-004835	ItemAdd	4062716329	rage01	MaJas_ServeR	790		100	300	1710	3485			0		0	0	0	0	L­u Kim	2	1	31096	100	-1822773800	2026-06-12 00:48:35	4294904025	0	0	0	-1	-1	-1
20260612-004835	ItemAdd	4062716329	rage01	MaJas_ServeR	790		100	300	1710	3485			0		0	0	0	0	Thiªn V¨n Th¹ch	2	201	13	100	616969794	2026-06-12 00:48:35	4294904113	0	0	0	-1	-1	-1
20260612-004835	ItemAdd	4062716329	rage01	MaJas_ServeR	790		1	300	1710	3485			0		0	0	0	0	Cæ Kim Th¹ch	2	201	14	1	1707255164	2026-06-12 00:48:35	4294905708	68541	0	0	-1	-1	-1
20260612-004835	ItemAdd	4062716329	rage01	MaJas_ServeR	790		1	300	1710	3485			0		0	0	0	0	Cæ Kim Th¹ch	2	201	14	1	-1127994881	2026-06-12 00:48:35	2754834	0	0	0	-1	-1	-1
20260612-004835	ItemAdd	4062716329	rage01	MaJas_ServeR	790		1	300	1710	3485			0		0	0	0	0	Cæ Kim Th¹ch	2	201	14	1	-649380127	2026-06-12 00:48:35	4294905330	723824	0	0	-1	-1	-1
20260612-004835	ItemAdd	4062716329	rage01	MaJas_ServeR	790		1	300	1710	3485			0		0	0	0	0	Cæ Kim Th¹ch	2	201	14	1	1545162402	2026-06-12 00:48:35	4294905489	0	0	0	-1	-1	-1
20260612-004835	ItemAdd	4062716329	rage01	MaJas_ServeR	790		1	300	1710	3485			0		0	0	0	0	Cæ Kim Th¹ch	2	201	14	1	988927947	2026-06-12 00:48:35	16648196	4294904532	0	0	-1	-1	-1
20260612-004835	ItemAdd	4062716329	rage01	MaJas_ServeR	790		1	300	1710	3485			0		0	0	0	0	§iÓm Tinh Ngäc-Nhá	2	201	16	1	-1308399052	2026-06-12 00:48:35	4294904482	0	0	0	-1	-1	-1
20260612-004835	ItemAdd	4062716329	rage01	MaJas_ServeR	790		1	300	1710	3485			0		0	0	0	0	§iÓm Tinh Ngäc-Nhá	2	201	16	1	-1246506370	2026-06-12 00:48:35	4294905484	0	0	0	-1	-1	-1
20260612-004835	ItemAdd	4062716329	rage01	MaJas_ServeR	790		1	300	1710	3485			0		0	0	0	0	§iÓm Tinh Ngäc-Nhá	2	201	16	1	218876056	2026-06-12 00:48:35	4294905069	0	0	0	-1	-1	-1
20260612-004835	ItemAdd	4062716329	rage01	MaJas_ServeR	790		1	300	1710	3485			0		0	0	0	0	§iÓm Tinh Ngäc-Nhá	2	201	16	1	1499051778	2026-06-12 00:48:35	68512	4294904681	0	0	-1	-1	-1
20260612-004835	ItemAdd	4062716329	rage01	MaJas_ServeR	790		1	300	1710	3485			0		0	0	0	0	§iÓm Tinh Ngäc-Nhá	2	201	16	1	-1919194387	2026-06-12 00:48:35	4294904042	0	0	0	-1	-1	-1
20260612-004843	ItemConsume	ExpendIdx	rage01	MaJas_ServeR	790		1	300	1710	3485			0		0	0	0	0	§iÓm Tinh Ngäc-Nhá	2	201	16	1	218876056	2026-06-12 00:48:35	4294905069	0	0	0	8	1	0
20260612-004850	ItemConsume	ExpendIdx	rage01	MaJas_ServeR	790		1	300	1710	3485			0		0	0	0	0	§iÓm Tinh Ngäc-Nhá	2	201	16	1	1499051778	2026-06-12 00:48:35	68512	4294904681	0	0	8	1	0
20260612-004859	ItemConsume	ExpendIdx	rage01	MaJas_ServeR	790		1	300	1710	3485			0		0	0	0	0	§iÓm Tinh Ngäc-Nhá	2	201	16	1	-1919194387	2026-06-12 00:48:35	4294904042	0	0	0	8	1	0
20260612-004930	ItemAdd	1110134170	rage02	ServeR_Anh	55		1	200	1185	2828			0		0	0	0	0	Tói quµ t©n thñ	2	1	50264	1	-767067304	2026-06-12 00:49:30	4294903258	0	0	0	-1	-1	-1
20260612-004932	ItemConsume	ExpendIdx	rage02	ServeR_Anh	55		1	200	1185	2828			0		0	0	0	0	Tói quµ t©n thñ	2	1	50264	1	-767067304	2026-06-12 00:49:30	4294903258	0	0	0	2	1	1
20260612-004932	ItemAdd	1675513110	rage02	ServeR_Anh	55		1	200	1185	2828			0		0	0	0	0	DiÖu D­¬ng-PhËt V©n Th¸	0	103	3139	200	1088455442	2026-06-12 00:49:32	18096494	852495655	42416169	9	-1	-1	-1
20260612-004932	ItemAdd	1675513110	rage02	ServeR_Anh	55		1	200	1185	2828			0		0	0	0	0	DiÖu D­¬ng-PhËt V©n Th¸	0	100	3139	250	-2002540293	2026-06-12 00:49:32	852303864	55910131	42613839	9	-1	-1	-1
20260612-004932	ItemAdd	1675513110	rage02	ServeR_Anh	55		1	200	1185	2828			0		0	0	0	0	DiÖu D­¬ng-PhËt V©n Th¸	0	101	3139	200	1735520472	2026-06-12 00:49:32	852301788	852629634	42547775	9	-1	-1	-1
20260612-004932	ItemAdd	1675513110	rage02	ServeR_Anh	55		1	200	1185	2828			0		0	0	0	0	DiÖu D­¬ng-PhËt V©n Th¸	0	2	8996	300	-844301127	2026-06-12 00:49:32	55713455	42613246	55841375	9	-1	-1	-1
20260612-004932	ItemAdd	1675513110	rage02	ServeR_Anh	55		1	200	1185	2828			0		0	0	0	0	DiÖu D­¬ng Thiªn Cung-¤	0	102	3190	100	-582618130	2026-06-12 00:49:32	42286129	55249150	55191550	0	-1	-1	-1
20260612-004932	ItemAdd	1675513110	rage02	ServeR_Anh	55		1	200	1185	2828			0		0	0	0	0	DiÖu D­¬ng Thiªn Cung-T	0	102	3191	100	-598860793	2026-06-12 00:49:32	42481937	55250147	55190323	0	-1	-1	-1
20260612-004932	ItemAdd	1675513110	rage02	ServeR_Anh	55		1	200	1185	2828			0		0	0	0	0	DiÖu D­¬ng Thiªn Cung-V	0	102	3192	100	1165174228	2026-06-12 00:49:32	42614231	55250372	55190705	0	-1	-1	-1
20260612-004932	ItemAdd	1675513110	rage02	ServeR_Anh	55		1	200	1185	2828			0		0	0	0	0	DiÖu D­¬ng Thiªn Cung-X	0	102	3193	100	198983269	2026-06-12 00:49:32	42548548	55250863	55189888	0	-1	-1	-1
20260612-004932	ItemAdd	1675513110	rage02	ServeR_Anh	55		1	200	1185	2828			0		0	0	0	0	DiÖu D­¬ng Thiªn Cung-B	0	102	3194	100	-786549750	2026-06-12 00:49:32	42416195	55250745	55191393	0	-1	-1	-1
20260612-004932	ItemAdd	1675513110	rage02	ServeR_Anh	55		1	200	1185	2828			0		0	0	0	0	Nh­ ý Kim §Ønh Ch©n Quy	0	107	30022	0	1099382611	2026-06-12 00:49:32	335610624	336855811	196609	0	-1	-1	-1
20260612-004932	ItemAdd	1675513110	rage02	ServeR_Anh	55		1	200	1185	2828			0		0	0	0	0	Cöu Thiªn V« Cùc §¬n	2	1	1006	1	-2019789415	2026-06-12 00:49:32	4294905477	0	0	0	-1	-1	-1
20260612-004932	ItemAdd	1675513110	rage02	ServeR_Anh	55		10	200	1185	2828			0		0	0	0	0	Tói Quµ Vâ L©m	2	1	50016	10	1520914123	2026-06-12 00:49:32	4294904703	0	0	0	-1	-1	-1
20260612-004932	ItemAdd	1675513110	rage02	ServeR_Anh	55		1	200	1185	2828			0		0	0	0	0	R­¬ng YÕu QuyÕt_S¬	2	1	50005	1	1163327208	2026-06-12 00:49:32	4294905555	0	0	0	-1	-1	-1
20260612-004932	ItemAdd	1675513110	rage02	ServeR_Anh	55		1	200	1185	2828			0		0	0	0	0	TuyÖt §Þa	0	105	14	15000	2074368009	2026-06-12 00:49:32	1100158976	4294910523	0	0	-1	-1	-1
20260612-004932	ItemAdd	1675513110	rage02	ServeR_Anh	790		1	200	1185	2828			0		0	0	0	0	ThiÕu D­¬ng ThÊt Tinh K	0	105	10107	2500	-442791830	2026-06-12 00:49:32	26421557	0	0	0	-1	-1	-1
20260612-004932	ItemAdd	1675513110	rage02	ServeR_Anh	790		1	200	1185	2828			0		0	0	0	0	Hæ tö Ên	2	0	30003	1	1657276541	2026-06-12 00:49:32	4294904386	0	0	0	-1	-1	-1
20260612-004932	ItemAdd	1675513110	rage02	ServeR_Anh	790		1	200	1185	2828			0		0	0	0	0	ThÊt TÞch-ngo¹i trang ®	0	108	30032	120	-1858442289	2026-06-12 00:49:32	1093545984	1100560384	1080440832	0	-1	-1	-1
20260612-004932	ItemAdd	1675513110	rage02	ServeR_Anh	790		1	200	1185	2828			0		0	0	0	0	ThÊt TÞch-ngo¹i trang y	0	109	30032	120	1216999228	2026-06-12 00:49:32	1940072448	1940137984	1080440832	0	-1	-1	-1
20260612-004932	ItemAdd	1675513110	rage02	ServeR_Anh	790		1	200	1185	2828			0		0	0	0	0	ThÊt TÞch-ngo¹i trang k	0	110	30032	120	2046449094	2026-06-12 00:49:32	1092755456	1090140160	1080440832	0	-1	-1	-1
20260612-004932	MoneyEarn	1285239560	rage02	ServeR_Anh	790		1	200	1185	2828			0		0	0	0	0		0	0	0	0	0		0	0	0	0	-1	-1	-1
20260612-004940	ItemAdd	1306792653	rage02	ServeR_Anh	1090		1	200	1185	2828			0		0	0	0	0	Cöu VÜ TuyÕt Hå	0	105	163	2500	-1158193158	2026-06-12 00:49:40	26422999	0	0	0	-1	-1	-1
20260612-004940	ItemConsume	ExpendIdx	rage02	ServeR_Anh	1090		1	200	1185	2828			0		0	0	0	0	Hæ tö Ên	2	0	30003	1	1657276541	2026-06-12 00:49:32	4294904386	0	0	0	2	1	4
20260612-004940	ItemAdd	1306792653	rage02	ServeR_Anh	1090		1	200	1185	2828			0		0	0	0	0	Long tö Ên	2	0	30002	1	-229457971	2026-06-12 00:49:40	4294904891	0	0	0	-1	-1	-1
20260612-004940	ItemConsume	ExpendGDP	rage02	ServeR_Anh	1090		1	200	1185	2828			0		0	0	0	0	ThÊt TÞch-ngo¹i trang ®	0	108	30032	120	-1858442289	2026-06-12 00:49:32	1093545984	1100560384	1080440832	0	2	2	4
20260612-004940	ItemConsume	ExpendGDP	rage02	ServeR_Anh	1090		1	200	1185	2828			0		0	0	0	0	ThÊt TÞch-ngo¹i trang y	0	109	30032	120	1216999228	2026-06-12 00:49:32	1940072448	1940137984	1080440832	0	2	3	4
20260612-004940	ItemConsume	ExpendGDP	rage02	ServeR_Anh	1090		1	200	1185	2828			0		0	0	0	0	ThÊt TÞch-ngo¹i trang k	0	110	30032	120	2046449094	2026-06-12 00:49:32	1092755456	1090140160	1080440832	0	2	4	4
20260612-004940	ItemAdd	1306792653	rage02	ServeR_Anh	1090		1	200	1185	2828			0		0	0	0	0	Thanh S­¬ng tr©m	0	108	637	360	1367275935	2026-06-12 00:49:40	4294905684	0	0	0	-1	-1	-1
20260612-004940	ItemAdd	1306792653	rage02	ServeR_Anh	1090		1	200	1185	2828			0		0	0	0	0	Thanh S­¬ng ¸o	0	109	637	360	-1770521268	2026-06-12 00:49:40	4294904021	0	0	0	-1	-1	-1
20260612-004940	ItemAdd	1306792653	rage02	ServeR_Anh	1090		1	200	1185	2828			0		0	0	0	0	Thanh S­¬ng trang	0	110	637	360	-1002733482	2026-06-12 00:49:40	4294904756	0	0	0	-1	-1	-1
20260612-004940	ItemAdd	1306792653	rage02	ServeR_Anh	1090		1	200	1185	2828			0		0	0	0	0	Long 10-H	0	148	137	800	1412527759	2026-06-12 00:49:40	898771603	932320305	0	0	-1	-1	-1
20260612-004940	ItemAdd	1306792653	rage02	ServeR_Anh	1090		1	200	1185	2828			0		0	0	0	0	Long 10-C	0	149	141	800	1726915947	2026-06-12 00:49:40	898380385	932647062	0	0	-1	-1	-1
20260612-004940	ItemAdd	1306792653	rage02	ServeR_Anh	1090		1	200	1185	2828			0		0	0	0	0	Long 10-T	0	150	137	800	-1915899257	2026-06-12 00:49:40	898017886	927338879	0	0	-1	-1	-1
20260612-004948	ItemAdd	3912887248	rage02	ServeR_Anh	1090		1000	200	1185	2828			0		0	0	0	0	VËt phÈm Xu	2	1	30230	1000	-847475637	2026-06-12 00:49:48	4294904781	4065600	0	0	-1	-1	-1
20260612-004953	ItemAdd	1997990311	rage02	ServeR_Anh	1090		200	200	1185	2828			0		0	0	0	0	Th­¬ng H¶i Ch©u CÊp 7 (	2	102	214	200	-1883044964	2026-06-12 00:49:53	4294917896	6560030	0	0	-1	-1	-1
20260612-005014	ItemAdd	1324356344	rage02	ServeR_Anh	1090		1	200	1185	2828			0		0	0	0	0	Phi Phong Tinh Huy	0	152	38	100	-840040473	2026-06-12 00:50:14	0	0	0	15	-1	-1	-1
20260612-005014	ItemAdd	1324356344	rage02	ServeR_Anh	1090		1	200	1185	2828			0		0	0	0	0	Huy Ch­¬ng Tinh Huy	0	153	38	100	-111599820	2026-06-12 00:50:14	0	0	0	15	-1	-1	-1
20260612-005014	ItemAdd	1324356344	rage02	ServeR_Anh	1090		1	200	1185	2828			0		0	0	0	0	Giµy Tinh Huy	0	154	38	100	-1282913087	2026-06-12 00:50:14	0	0	0	15	-1	-1	-1
20260612-005014	ItemAdd	1324356344	rage02	ServeR_Anh	1090		1	200	1185	2828			0		0	0	0	0	Phi Phong NguyÖt KhuyÕt	0	152	40	100	1726296726	2026-06-12 00:50:14	0	0	0	15	-1	-1	-1
20260612-005014	ItemAdd	1324356344	rage02	ServeR_Anh	1090		1	200	1185	2828			0		0	0	0	0	Huy Ch­¬ng NguyÖt KhuyÕ	0	153	40	100	2129266127	2026-06-12 00:50:14	0	0	0	15	-1	-1	-1
20260612-005014	ItemAdd	1324356344	rage02	ServeR_Anh	1090		1	200	1185	2828			0		0	0	0	0	Giµy NguyÖt KhuyÕt	0	154	40	100	992977901	2026-06-12 00:50:14	0	0	0	15	-1	-1	-1
20260612-005014	ItemAdd	1324356344	rage02	ServeR_Anh	1090		1	200	1185	2828			0		0	0	0	0	Phi Phong Háa S¸t	0	152	39	100	-975514062	2026-06-12 00:50:14	0	0	0	15	-1	-1	-1
20260612-005014	ItemAdd	1324356344	rage02	ServeR_Anh	1090		1	200	1185	2828			0		0	0	0	0	Huy Ch­¬ng Háa S¸t	0	153	39	100	703623835	2026-06-12 00:50:14	0	0	0	15	-1	-1	-1
20260612-005014	ItemAdd	1324356344	rage02	ServeR_Anh	1090		1	200	1185	2828			0		0	0	0	0	Giµy Háa S¸t	0	154	39	100	1545851640	2026-06-12 00:50:14	0	0	0	15	-1	-1	-1
20260612-005034	ItemThrowAway	Player.ThrowAwayItem	rage02	ServeR_Anh	1090		1	200	1185	2828			0		0	0	0	0	HiÖp ThiÕu kiÕm	0	2	14	70	0	1970-01-01 08:00:00	0	0	0	1	-1	-1	-1
20260612-005050	ItemConsume	ExpendIdx	rage01	MaJas_ServeR	790		1	300	1710	3485			0		0	0	0	0	§iÓm Tinh Ngäc-Nhá	2	201	16	1	-1308399052	2026-06-12 00:48:35	4294904482	0	0	0	8	1	0
20260612-005108	ItemConsume	ExpendIdx	rage01	MaJas_ServeR	790		1	300	1710	3485			0		0	0	0	0	§iÓm Tinh Ngäc-Nhá	2	201	16	1	-1246506370	2026-06-12 00:48:35	4294905484	0	0	0	8	1	0
20260612-005113	ItemAdd	96862040	rage02	ServeR_Anh	1090		1	200	1185	2828			0		0	0	0	0	NhÉn V« Cùc	0	102	31130	100	-6040358	2026-06-12 00:51:13	925240343	925306751	0	0	-1	-1	-1
20260612-005113	ItemAdd	96862040	rage02	ServeR_Anh	1090		1	200	1185	2828			0		0	0	0	0	Minh Tinh Chi Giíi	0	102	31131	100	586462726	2026-06-12 00:51:13	925241110	925306423	0	0	-1	-1	-1
20260612-005228	ItemAdd	1306792653	rage01	MaJas_ServeR	1090		1	300	1717	3492			0		0	0	0	0	Cöu VÜ TuyÕt Hå	0	105	163	2500	-163394161	2026-06-12 00:52:28	26421928	0	0	0	-1	-1	-1
20260612-005228	ItemConsume	ExpendIdx	rage01	MaJas_ServeR	1090		1	300	1717	3492			0		0	0	0	0	¦ng tö Ên	2	0	30006	1	-1738133898	2026-06-12 00:44:23	4294904599	0	0	0	3	0	0
20260612-005228	ItemAdd	1306792653	rage01	MaJas_ServeR	1090		1	300	1717	3492			0		0	0	0	0	Phông tö Ên	2	0	30005	1	-1924134034	2026-06-12 00:52:28	4294904657	0	0	0	-1	-1	-1
20260612-005228	ItemConsume	ExpendGDP	rage01	MaJas_ServeR	1090		1	300	1717	3492			0		0	0	0	0	ThÊt TÞch-ngo¹i trang ®	0	108	30029	120	789641007	2026-06-12 00:44:23	1930631168	1080440832	2048	0	1	0	6
20260612-005228	ItemConsume	ExpendGDP	rage01	MaJas_ServeR	1090		1	300	1717	3492			0		0	0	0	0	ThÊt TÞch-ngo¹i trang y	0	109	30029	120	290899484	2026-06-12 00:44:23	1096165376	1096421376	1080440832	0	1	0	7
20260612-005228	ItemConsume	ExpendGDP	rage01	MaJas_ServeR	1090		1	300	1717	3492			0		0	0	0	0	ThÊt TÞch-ngo¹i trang k	0	110	30029	120	390384550	2026-06-12 00:44:23	1092231168	1090140160	1080440832	0	1	0	8
20260612-005228	ItemAdd	1306792653	rage01	MaJas_ServeR	1090		1	300	1717	3492			0		0	0	0	0	Thanh S­¬ng tr©m	0	108	634	360	2119248263	2026-06-12 00:52:28	4294904795	0	0	0	-1	-1	-1
20260612-005228	ItemAdd	1306792653	rage01	MaJas_ServeR	1090		1	300	1717	3492			0		0	0	0	0	Thanh S­¬ng ¸o	0	109	634	360	227074388	2026-06-12 00:52:28	6557398	0	0	0	-1	-1	-1
20260612-005228	ItemAdd	1306792653	rage01	MaJas_ServeR	1090		1	300	1717	3492			0		0	0	0	0	Thanh S­¬ng trang	0	110	634	360	908368542	2026-06-12 00:52:28	4294905814	0	0	0	-1	-1	-1
20260612-005228	ItemAdd	1306792653	rage01	MaJas_ServeR	1090		1	300	1717	3492			0		0	0	0	0	Phông 10-H	0	148	138	800	-1379320713	2026-06-12 00:52:28	926122368	932385544	0	0	-1	-1	-1
20260612-005228	ItemAdd	1306792653	rage01	MaJas_ServeR	1090		1	300	1717	3492			0		0	0	0	0	Phông 10-C	0	149	142	800	678335699	2026-06-12 00:52:28	926163673	932720354	0	0	-1	-1	-1
20260612-005228	ItemAdd	1306792653	rage01	MaJas_ServeR	1090		1	300	1717	3492			0		0	0	0	0	Phông 10-T	0	150	138	800	1544729455	2026-06-12 00:52:28	898182185	932846931	0	0	-1	-1	-1
20260612-005241	ItemAdd	1128904464	rage02	ServeR_Anh	1090		1	200	1213	2858			0		0	0	0	0	V¹n T­íng mËt tÞch	0	112	105	0	402214950	2026-06-12 00:52:41	0	0	7680	0	-1	-1	-1
20260612-005250	ItemAdd	3220264017	rage02	ServeR_Anh	1090		1	200	1214	2845			0		0	0	0	0	[BÝ §iÓn] MËt TÞch Nh­ 	0	107	30049	0	-110787149	2026-06-12 00:52:50	335610624	336855812	196609	0	-1	-1	-1
20260612-005250	ItemAdd	3220264017	rage02	ServeR_Anh	1090		1	200	1214	2845			0		0	0	0	0	[BÝ §iÓn] MËt TÞch Nh­ 	0	107	30049	0	1791429881	2026-06-12 00:52:50	335610624	336855811	197889	0	-1	-1	-1
20260612-005255	ItemAdd	3220264017	rage02	ServeR_Anh	1090		1	200	1214	2845			0		0	0	0	0	Nh­ ý Kim §Ønh Ch©n Quy	0	107	30022	0	233277857	2026-06-12 00:52:55	335610624	336856067	197633	0	-1	-1	-1
20260612-005255	ItemAdd	3220264017	rage02	ServeR_Anh	1090		1	200	1214	2845			0		0	0	0	0	Nh­ ý Kim §Ønh Ch©n Quy	0	107	30022	0	1195771063	2026-06-12 00:52:55	335610880	336855811	197121	0	-1	-1	-1
20260612-005258	ItemAdd	3220264017	rage02	ServeR_Anh	1090		1	200	1214	2845			0		0	0	0	0	Nh­ ý Kim §Ønh Ch©n Quy	0	107	30005	0	1856036061	2026-06-12 00:52:58	251724800	252642307	131073	0	-1	-1	-1
20260612-005258	ItemAdd	3220264017	rage02	ServeR_Anh	1090		1	200	1214	2845			0		0	0	0	0	Nh­ ý Kim §Ønh Ch©n Quy	0	107	30005	0	1022773395	2026-06-12 00:52:58	251724800	252642051	131073	0	-1	-1	-1
20260612-005301	ItemAdd	3220264017	rage02	ServeR_Anh	1090		1	200	1214	2845			0		0	0	0	0	Nh­ ý Kim §Ønh Ch©n Quy	0	107	208	0	-1070770311	2026-06-12 00:53:01	33620224	118031363	131841	0	-1	-1	-1
20260612-005301	ItemAdd	3220264017	rage02	ServeR_Anh	1090		1	200	1214	2845			0		0	0	0	0	Nh­ ý Kim §Ønh Ch©n Quy	0	107	208	0	871259343	2026-06-12 00:53:01	50397440	185009156	132097	0	-1	-1	-1
20260612-005304	ItemAdd	3220264017	rage02	ServeR_Anh	1090		1	200	1214	2845			0		0	0	0	0	Nh­ ý Kim §Ønh MËt TÞch	0	107	170	0	1847597712	2026-06-12 00:53:04	50397440	118162436	131073	0	-1	-1	-1
20260612-005304	ItemAdd	3220264017	rage02	ServeR_Anh	1090		1	200	1214	2845			0		0	0	0	0	Nh­ ý Kim §Ønh MËt TÞch	0	107	170	0	2084592846	2026-06-12 00:53:04	50397440	185008900	132353	0	-1	-1	-1
20260612-005307	ItemAdd	2745890032	rage02	ServeR_Anh	1090		10	200	1214	2845			0		0	0	0	0	Cæ Phæ-Tói Tµn QuyÓn	2	1	50028	10	1374973687	2026-06-12 00:53:07	1969502	5115038	0	0	-1	-1	-1
20260612-005309	ItemConsume	ExpendIdx	rage02	ServeR_Anh	1090		1	200	1214	2845			0		0	0	0	0	Cæ Phæ-Tói Tµn QuyÓn	2	1	50028	9	1374973687	2026-06-12 00:53:07	1969502	5115038	0	0	2	4	8
20260612-005309	ItemAdd	2433920595	rage02	ServeR_Anh	1090		1	200	1214	2845			0		0	0	0	0	[Tµn quyÓn] Hµn B¨ng T©	2	1	50200	1	-908030115	2026-06-12 00:53:09	593607	0	0	0	-1	-1	-1
20260612-005310	ItemConsume	ExpendIdx	rage02	ServeR_Anh	1090		1	200	1214	2845			0		0	0	0	0	Cæ Phæ-Tói Tµn QuyÓn	2	1	50028	8	1374973687	2026-06-12 00:53:07	1969502	5115038	0	0	2	4	8
20260612-005310	ItemAdd	2433920595	rage02	ServeR_Anh	1090		1	200	1214	2845			0		0	0	0	0	[Tµn quyÓn] DÞch C©n Ki	2	1	50030	1	-858148511	2026-06-12 00:53:10	4294904459	0	0	0	-1	-1	-1
20260612-005311	ItemConsume	ExpendIdx	rage02	ServeR_Anh	1090		1	200	1214	2845			0		0	0	0	0	Cæ Phæ-Tói Tµn QuyÓn	2	1	50028	7	1374973687	2026-06-12 00:53:07	1969502	5115038	0	0	2	4	8
20260612-005311	ItemAdd	2433920595	rage02	ServeR_Anh	1090		1	200	1214	2845			0		0	0	0	0	[Tµn quyÓn] Tóy QuyÒn	2	1	50091	1	-1457467693	2026-06-12 00:53:11	4294904658	3869868	0	0	-1	-1	-1
20260612-005311	ItemConsume	ExpendIdx	rage02	ServeR_Anh	1090		1	200	1214	2845			0		0	0	0	0	Cæ Phæ-Tói Tµn QuyÓn	2	1	50028	6	1374973687	2026-06-12 00:53:07	1969502	5115038	0	0	2	4	8
20260612-005311	ItemAdd	2433920595	rage02	ServeR_Anh	1090		1	200	1214	2845			0		0	0	0	0	[Tµn quyÓn] CÇm Khóc Tæ	2	1	50080	1	-1912016431	2026-06-12 00:53:11	4294904968	0	0	0	-1	-1	-1
20260612-005317	ItemAdd	4247153898	rage02	ServeR_Anh	1090		1	200	1214	2845			0		0	0	0	0	R­¬ng YÕu QuyÕt_S¬	2	1	50005	1	2010045530	2026-06-12 00:53:17	199888	0	0	0	-1	-1	-1
20260612-005352	ItemAdd	Player.AddItem	rage02	ServeR_Anh	1090		1	200	1230	2831			0		0	0	0	0	BÝch Tiªu Trang	0	110	1096	360	855439834	2026-06-12 00:53:52	1120471040	2048	2048	0	-1	-1	-1
20260612-005352	ItemAdd	SellCollection	rage02	ServeR_Anh	1090		1	200	1230	2831			0		0	0	0	0	BÝch Tiªu Trang	0	110	1096	360	855439834	2026-06-12 00:53:52	1120471040	2048	2048	0	2	0	10
20260612-005352	ItemAdd	SellCollection	rage02	ServeR_Anh	1090		1	200	1230	2831			0		0	0	0	0	BÝch Tiªu Trang	0	110	1096	360	855439834	2026-06-12 00:53:52	1120471040	2048	2048	0	2	0	10
20260612-005352	ItemAdd	Player.AddItem	rage02	ServeR_Anh	1090		1	200	1230	2831			0		0	0	0	0	BÝch Tiªu Y	0	109	1096	360	-1586135143	2026-06-12 00:53:52	1120471040	2048	2048	0	-1	-1	-1
20260612-005352	ItemAdd	SellCollection	rage02	ServeR_Anh	1090		1	200	1230	2831			0		0	0	0	0	BÝch Tiªu Y	0	109	1096	360	-1586135143	2026-06-12 00:53:52	1120471040	2048	2048	0	2	1	10
20260612-005352	ItemAdd	SellCollection	rage02	ServeR_Anh	1090		1	200	1230	2831			0		0	0	0	0	BÝch Tiªu Y	0	109	1096	360	-1586135143	2026-06-12 00:53:52	1120471040	2048	2048	0	2	1	10
20260612-005352	ItemAdd	Player.AddItem	rage02	ServeR_Anh	1090		1	200	1230	2831			0		0	0	0	0	BÝch Tiªu Tr©m	0	108	1096	360	765733067	2026-06-12 00:53:52	1120471040	2048	2048	0	-1	-1	-1
20260612-005352	ItemAdd	SellCollection	rage02	ServeR_Anh	1090		1	200	1230	2831			0		0	0	0	0	BÝch Tiªu Tr©m	0	108	1096	360	765733067	2026-06-12 00:53:52	1120471040	2048	2048	0	2	2	10
20260612-005352	ItemAdd	SellCollection	rage02	ServeR_Anh	1090		1	200	1230	2831			0		0	0	0	0	BÝch Tiªu Tr©m	0	108	1096	360	765733067	2026-06-12 00:53:52	1120471040	2048	2048	0	2	2	10
20260612-005409	ItemAdd	1324356344	rage01	MaJas_ServeR	1090		1	300	1692	3488			0		0	0	0	0	Phi Phong Tinh Huy	0	152	38	100	1198962440	2026-06-12 00:54:09	0	0	0	15	-1	-1	-1
20260612-005409	ItemAdd	1324356344	rage01	MaJas_ServeR	1090		1	300	1692	3488			0		0	0	0	0	Huy Ch­¬ng Tinh Huy	0	153	38	100	1749516773	2026-06-12 00:54:09	0	0	0	15	-1	-1	-1
20260612-005409	ItemAdd	1324356344	rage01	MaJas_ServeR	1090		1	300	1692	3488			0		0	0	0	0	Giµy Tinh Huy	0	154	38	100	-1407787638	2026-06-12 00:54:09	0	0	0	15	-1	-1	-1
20260612-005409	ItemAdd	1324356344	rage01	MaJas_ServeR	1090		1	300	1692	3488			0		0	0	0	0	Phi Phong NguyÖt KhuyÕt	0	152	40	100	222545619	2026-06-12 00:54:09	0	0	0	15	-1	-1	-1
20260612-005409	ItemAdd	1324356344	rage01	MaJas_ServeR	1090		1	300	1692	3488			0		0	0	0	0	Huy Ch­¬ng NguyÖt KhuyÕ	0	153	40	100	1360437596	2026-06-12 00:54:09	0	0	0	15	-1	-1	-1
20260612-005409	ItemAdd	1324356344	rage01	MaJas_ServeR	1090		1	300	1692	3488			0		0	0	0	0	Giµy NguyÖt KhuyÕt	0	154	40	100	147747046	2026-06-12 00:54:09	0	0	0	15	-1	-1	-1
20260612-005409	ItemAdd	1324356344	rage01	MaJas_ServeR	1090		1	300	1692	3488			0		0	0	0	0	Phi Phong Háa S¸t	0	152	39	100	1028403259	2026-06-12 00:54:09	0	0	0	15	-1	-1	-1
20260612-005409	ItemAdd	1324356344	rage01	MaJas_ServeR	1090		1	300	1692	3488			0		0	0	0	0	Huy Ch­¬ng Háa S¸t	0	153	39	100	-752509955	2026-06-12 00:54:09	0	0	0	15	-1	-1	-1
20260612-005409	ItemAdd	1324356344	rage01	MaJas_ServeR	1090		1	300	1692	3488			0		0	0	0	0	Giµy Háa S¸t	0	154	39	100	-1023046782	2026-06-12 00:54:09	0	0	0	15	-1	-1	-1
20260612-005459	MoneyPay	PrePay	rage01	MaJas_ServeR	1090		300	300	1680	3492			0		0	0	0	0		0	0	0	0	0		0	0	0	0	-1	-1	-1
20260612-005605	ItemAdd	IBShop	rage01	MaJas_ServeR	1090		1	200	1279	2756			0		0	0	0	0	Tu Ch©n YÕu QuyÕt	2	0	554	1	-763721689	2026-06-12 00:56:05	0	0	0	0	2	2	4
20260612-005605	ItemAdd	IBShop	rage01	MaJas_ServeR	1090		1	200	1279	2756			0		0	0	0	0	Tu Ch©n YÕu QuyÕt	2	0	554	1	-79194749	2026-06-12 00:56:05	0	0	0	0	2	3	4
20260612-005606	ItemAdd	IBShop	rage01	MaJas_ServeR	1090		1	200	1279	2756			0		0	0	0	0	Tu Ch©n YÕu QuyÕt	2	0	554	1	933597429	2026-06-12 00:56:06	0	0	0	0	2	4	4
20260612-005606	ItemAdd	IBShop	rage01	MaJas_ServeR	1090		1	200	1279	2756			0		0	0	0	0	Tu Ch©n YÕu QuyÕt	2	0	554	1	1725723895	2026-06-12 00:56:06	0	0	0	0	2	0	5
20260612-005607	ItemConsume	ExpendIdx	rage01	MaJas_ServeR	1090		1	200	1279	2756			0		0	0	0	0	Tu Ch©n YÕu QuyÕt	2	0	554	1	-763721689	2026-06-12 00:56:05	0	0	0	0	2	2	4
20260612-005607	ItemConsume	ExpendIdx	rage01	MaJas_ServeR	1090		1	200	1279	2756			0		0	0	0	0	Tu Ch©n YÕu QuyÕt	2	0	554	1	1725723895	2026-06-12 00:56:06	0	0	0	0	2	0	5
20260612-005607	ItemAdd	IBShop	rage01	MaJas_ServeR	1090		1	200	1279	2756			0		0	0	0	0	Tu Ch©n YÕu QuyÕt	2	0	554	1	-217652782	2026-06-12 00:56:07	0	0	0	0	2	2	4
20260612-005607	ItemAdd	IBShop	rage01	MaJas_ServeR	1090		1	200	1279	2756			0		0	0	0	0	Tu Ch©n YÕu QuyÕt	2	0	554	1	1679002940	2026-06-12 00:56:07	0	0	0	0	2	0	5
20260612-005608	ItemAdd	IBShop	rage01	MaJas_ServeR	1090		1	200	1279	2756			0		0	0	0	0	Tu Ch©n YÕu QuyÕt	2	0	554	1	-1620652810	2026-06-12 00:56:08	0	0	0	0	2	1	5
20260612-005608	ItemAdd	IBShop	rage01	MaJas_ServeR	1090		1	200	1279	2756			0		0	0	0	0	Tu Ch©n YÕu QuyÕt	2	0	554	1	394627968	2026-06-12 00:56:08	0	0	0	0	2	2	5
20260612-005609	ItemAdd	IBShop	rage01	MaJas_ServeR	1090		1	200	1279	2756			0		0	0	0	0	Tu Ch©n YÕu QuyÕt	2	0	554	1	740651649	2026-06-12 00:56:09	0	0	0	0	2	3	5
20260612-005609	ItemAdd	IBShop	rage01	MaJas_ServeR	1090		1	200	1279	2756			0		0	0	0	0	Tu Ch©n YÕu QuyÕt	2	0	554	1	-1880956701	2026-06-12 00:56:09	0	0	0	0	2	4	5
20260612-005610	ItemAdd	IBShop	rage01	MaJas_ServeR	1090		1	200	1279	2756			0		0	0	0	0	Bao Thiªn Th¹ch	2	1	1050	1	-235100331	2026-06-12 00:56:10	0	0	0	0	2	0	6
20260612-005610	ItemAdd	IBShop	rage01	MaJas_ServeR	1090		1	200	1279	2756			0		0	0	0	0	MËt TÝn Tr­ëng M«n	2	1	31060	1	1402158872	2026-06-12 00:56:10	0	0	0	0	2	1	6
20260612-005619	ItemConsume	ExpendIdx	rage01	MaJas_ServeR	1090		1	200	1286	2758			0		0	0	0	0	Bao Thiªn Th¹ch	2	1	1050	1	-235100331	2026-06-12 00:56:10	0	0	0	0	2	0	6
20260612-005619	large_str	AddItem[/script/item/item_billing/dabaoyuntie.lua|use_determine]			0		2918390525	0	0	0			0		0	0	0	0		0	0	0	0	0		0	0	0	0	-1	-1	-1
20260612-005619	ItemAdd	2918390525	rage01	MaJas_ServeR	1090		100	200	1286	2758			0		0	0	0	0	Thiªn th¹ch	2	2	8	100	562220733	2026-06-12 00:56:19	2048	2048	2048	0	-1	-1	-1
20260612-005626	ItemConsume	ExpendIdx	rage01	MaJas_ServeR	1090		1	200	1287	2760			0		0	0	0	0	Tu Ch©n YÕu QuyÕt	2	0	554	1	933597429	2026-06-12 00:56:06	0	0	0	0	2	4	4
20260612-005626	ItemConsume	ExpendIdx	rage01	MaJas_ServeR	1090		1	200	1287	2760			0		0	0	0	0	Tu Ch©n YÕu QuyÕt	2	0	554	1	-79194749	2026-06-12 00:56:05	0	0	0	0	2	3	4
20260612-005626	ItemConsume	ExpendIdx	rage01	MaJas_ServeR	1090		1	200	1287	2760			0		0	0	0	0	Tu Ch©n YÕu QuyÕt	2	0	554	1	-217652782	2026-06-12 00:56:07	0	0	0	0	2	2	4
20260612-005626	ItemConsume	ExpendIdx	rage01	MaJas_ServeR	1090		1	200	1287	2760			0		0	0	0	0	Tu Ch©n YÕu QuyÕt	2	0	554	1	-1880956701	2026-06-12 00:56:09	0	0	0	0	2	4	5
20260612-005626	ItemConsume	ExpendIdx	rage01	MaJas_ServeR	1090		1	200	1287	2760			0		0	0	0	0	Tu Ch©n YÕu QuyÕt	2	0	554	1	740651649	2026-06-12 00:56:09	0	0	0	0	2	3	5
20260612-005626	ItemConsume	ExpendIdx	rage01	MaJas_ServeR	1090		1	200	1287	2760			0		0	0	0	0	Tu Ch©n YÕu QuyÕt	2	0	554	1	394627968	2026-06-12 00:56:08	0	0	0	0	2	2	5
20260612-005626	ItemConsume	ExpendIdx	rage01	MaJas_ServeR	1090		1	200	1287	2760			0		0	0	0	0	Tu Ch©n YÕu QuyÕt	2	0	554	1	-1620652810	2026-06-12 00:56:08	0	0	0	0	2	1	5
20260612-005626	ItemConsume	ExpendIdx	rage01	MaJas_ServeR	1090		1	200	1287	2760			0		0	0	0	0	Tu Ch©n YÕu QuyÕt	2	0	554	1	1679002940	2026-06-12 00:56:07	0	0	0	0	2	0	5
20260612-005641	large_str	Pay[/script/ksgvn/item/item_test_card.lua|kgm_ShowMenuReborn]			0		548769593	0	0	0			0		0	0	0	0		0	0	0	0	0		0	0	0	0	-1	-1	-1
20260612-005641	MoneyPay	548769593	rage01	MaJas_ServeR	1090		10000000	200	1284	2754			0		0	0	0	0		0	0	0	0	0		0	0	0	0	-1	-1	-1
20260612-005641	ItemConsume	ExpendIdx	rage01	MaJas_ServeR	1090		1	200	1284	2754			0		0	0	0	0	Phông tö Ên	2	0	30005	1	-1924134034	2026-06-12 00:52:28	4294904657	0	0	0	2	4	1
20260612-005641	ItemAdd	1306792653	rage01	MaJas_ServeR	1090		1	200	1284	2754			0		0	0	0	0	Phông tö Ên	2	0	30005	1	-844970131	2026-06-12 00:56:41	1510336	0	0	0	-1	-1	-1
20260612-005641	ItemConsume	ExpendGDP	rage01	MaJas_ServeR	1090		1	200	1284	2754			0		0	0	0	0	Thanh S­¬ng tr©m	0	108	634	360	2119248263	2026-06-12 00:52:28	4294904795	0	0	0	2	0	2
20260612-005641	ItemConsume	ExpendGDP	rage01	MaJas_ServeR	1090		1	200	1284	2754			0		0	0	0	0	Thanh S­¬ng ¸o	0	109	634	360	227074388	2026-06-12 00:52:28	6557398	0	0	0	2	1	2
20260612-005641	ItemConsume	ExpendGDP	rage01	MaJas_ServeR	1090		1	200	1284	2754			0		0	0	0	0	Thanh S­¬ng trang	0	110	634	360	908368542	2026-06-12 00:52:28	4294905814	0	0	0	2	2	2
20260612-005641	ItemAdd	1306792653	rage01	MaJas_ServeR	1090		1	200	1284	2754			0		0	0	0	0	Thanh S­¬ng tr©m	0	108	634	360	-1493420481	2026-06-12 00:56:41	4294905779	0	0	0	-1	-1	-1
20260612-005641	ItemAdd	1306792653	rage01	MaJas_ServeR	1090		1	200	1284	2754			0		0	0	0	0	Thanh S­¬ng ¸o	0	109	634	360	1666538785	2026-06-12 00:56:41	4294904177	790510	0	0	-1	-1	-1
20260612-005641	ItemAdd	1306792653	rage01	MaJas_ServeR	1090		1	200	1284	2754			0		0	0	0	0	Thanh S­¬ng trang	0	110	634	360	-732871198	2026-06-12 00:56:41	4294905434	0	0	0	-1	-1	-1
20260612-005641	ItemAdd	1306792653	rage01	MaJas_ServeR	1090		1	200	1284	2754			0		0	0	0	0	Phông 10-H	0	148	138	800	-240571876	2026-06-12 00:56:41	926123602	932385034	0	0	-1	-1	-1
20260612-005641	ItemAdd	1306792653	rage01	MaJas_ServeR	1090		1	200	1284	2754			0		0	0	0	0	Phông 10-C	0	149	142	800	1500234024	2026-06-12 00:56:41	926163927	932718623	0	0	-1	-1	-1
20260612-005641	ItemAdd	1306792653	rage01	MaJas_ServeR	1090		1	200	1284	2754			0		0	0	0	0	Phông 10-T	0	150	138	800	-1904958604	2026-06-12 00:56:41	898182902	932845851	0	0	-1	-1	-1
20260612-005650	MoneyPay	548769593	rage01	MaJas_ServeR	1090		10000000	200	1284	2754			0		0	0	0	0		0	0	0	0	0		0	0	0	0	-1	-1	-1
20260612-005650	ItemConsume	ExpendIdx	rage01	MaJas_ServeR	1090		1	200	1284	2754			0		0	0	0	0	Phông tö Ên	2	0	30005	1	-844970131	2026-06-12 00:56:41	1510336	0	0	0	2	4	1
20260612-005650	ItemAdd	1306792653	rage01	MaJas_ServeR	1090		1	200	1284	2754			0		0	0	0	0	Phông tö Ên	2	0	30005	1	-1725798955	2026-06-12 00:56:50	4294904323	0	0	0	-1	-1	-1
20260612-005650	ItemConsume	ExpendGDP	rage01	MaJas_ServeR	1090		1	200	1284	2754			0		0	0	0	0	Thanh S­¬ng tr©m	0	108	634	360	-1493420481	2026-06-12 00:56:41	4294905779	0	0	0	2	0	2
20260612-005650	ItemConsume	ExpendGDP	rage01	MaJas_ServeR	1090		1	200	1284	2754			0		0	0	0	0	Thanh S­¬ng ¸o	0	109	634	360	1666538785	2026-06-12 00:56:41	4294904177	790510	0	0	2	1	2
20260612-005650	ItemConsume	ExpendGDP	rage01	MaJas_ServeR	1090		1	200	1284	2754			0		0	0	0	0	Thanh S­¬ng trang	0	110	634	360	-732871198	2026-06-12 00:56:41	4294905434	0	0	0	2	2	2
20260612-005650	ItemAdd	1306792653	rage01	MaJas_ServeR	1090		1	200	1284	2754			0		0	0	0	0	Thanh S­¬ng tr©m	0	108	634	360	-398511046	2026-06-12 00:56:50	4294904560	0	0	0	-1	-1	-1
20260612-005650	ItemAdd	1306792653	rage01	MaJas_ServeR	1090		1	200	1284	2754			0		0	0	0	0	Thanh S­¬ng ¸o	0	109	634	360	1954436931	2026-06-12 00:56:50	724751	4294904611	0	0	-1	-1	-1
20260612-005650	ItemAdd	1306792653	rage01	MaJas_ServeR	1090		1	200	1284	2754			0		0	0	0	0	Thanh S­¬ng trang	0	110	634	360	945691532	2026-06-12 00:56:50	790365	4294904996	0	0	-1	-1	-1
20260612-005650	ItemAdd	1306792653	rage01	MaJas_ServeR	1090		1	200	1284	2754			0		0	0	0	0	Phông 10-H	0	148	138	800	-1425228167	2026-06-12 00:56:50	926123012	932385845	0	0	-1	-1	-1
20260612-005650	ItemAdd	1306792653	rage01	MaJas_ServeR	1090		1	200	1284	2754			0		0	0	0	0	Phông 10-C	0	149	142	800	-1284980555	2026-06-12 00:56:50	926164688	932719622	0	0	-1	-1	-1
20260612-005650	ItemAdd	1306792653	rage01	MaJas_ServeR	1090		1	200	1284	2754			0		0	0	0	0	Phông 10-T	0	150	138	800	1679706929	2026-06-12 00:56:50	898181819	932845803	0	0	-1	-1	-1
20260612-005707	ItemAdd	3912887248	rage01	MaJas_ServeR	1090		1	200	1284	2754			0		0	0	0	0	Tñ ¸o Thiªn BiÕn TiÕu	2	1	30494	1	-786167639	2026-06-12 00:57:07	2048	2048	2048	0	-1	-1	-1
20260612-005707	ItemAdd	3912887248	rage01	MaJas_ServeR	1090		1000	200	1284	2754			0		0	0	0	0	VËt phÈm Xu	2	1	30230	1000	238806619	2026-06-12 00:57:07	4294905596	0	0	0	-1	-1	-1
20260612-005711	ItemConsume	ExpendIdx	rage01	MaJas_ServeR	1090		1000	200	1284	2754			0		0	0	0	0	VËt phÈm Xu	2	1	30230	1000	238806619	2026-06-12 00:57:07	4294905596	0	0	0	2	4	5
20260612-005711	ItemConsume	ExpendIdx	rage01	MaJas_ServeR	1090		1	200	1284	2754			0		0	0	0	0	Phông tö Ên	2	0	30005	1	-1725798955	2026-06-12 00:56:50	4294904323	0	0	0	2	4	1
20260612-005711	ItemAdd	572208334	rage01	MaJas_ServeR	1090		1	200	1284	2754			0		0	0	0	0	Phông tö Ên	2	0	30005	1	-2013960060	2026-06-12 00:57:11	4294905597	0	0	0	-1	-1	-1
20260612-005711	ItemConsume	ExpendGDP	rage01	MaJas_ServeR	1090		1	200	1284	2754			0		0	0	0	0	Thanh S­¬ng tr©m	0	108	634	360	-398511046	2026-06-12 00:56:50	4294904560	0	0	0	2	0	2
20260612-005711	ItemConsume	ExpendGDP	rage01	MaJas_ServeR	1090		1	200	1284	2754			0		0	0	0	0	Thanh S­¬ng ¸o	0	109	634	360	1954436931	2026-06-12 00:56:50	724751	4294904611	0	0	2	1	2
20260612-005711	ItemConsume	ExpendGDP	rage01	MaJas_ServeR	1090		1	200	1284	2754			0		0	0	0	0	Thanh S­¬ng trang	0	110	634	360	945691532	2026-06-12 00:56:50	790365	4294904996	0	0	2	2	2
20260612-005711	ItemAdd	572208334	rage01	MaJas_ServeR	1090		1	200	1284	2754			0		0	0	0	0	Thanh S­¬ng tr©m	0	108	634	360	-35840178	2026-06-12 00:57:11	69582	4294905741	0	0	-1	-1	-1
20260612-005711	ItemAdd	572208334	rage01	MaJas_ServeR	1090		1	200	1284	2754			0		0	0	0	0	Thanh S­¬ng ¸o	0	109	634	360	-365808573	2026-06-12 00:57:11	4294905553	0	0	0	-1	-1	-1
20260612-005711	ItemAdd	572208334	rage01	MaJas_ServeR	1090		1	200	1284	2754			0		0	0	0	0	Thanh S­¬ng trang	0	110	634	360	1805964869	2026-06-12 00:57:11	7211480	4294905139	0	0	-1	-1	-1
20260612-005711	ItemAdd	572208334	rage01	MaJas_ServeR	1090		1	200	1284	2754			0		0	0	0	0	Phông 10-H	0	148	138	800	179952022	2026-06-12 00:57:11	926123403	932384981	0	0	-1	-1	-1
20260612-005711	ItemAdd	572208334	rage01	MaJas_ServeR	1090		1	200	1284	2754			0		0	0	0	0	Phông 10-C	0	149	142	800	-1698653438	2026-06-12 00:57:11	926163178	932719664	0	0	-1	-1	-1
20260612-005711	ItemAdd	572208334	rage01	MaJas_ServeR	1090		1	200	1284	2754			0		0	0	0	0	Phông 10-T	0	150	138	800	-79502930	2026-06-12 00:57:11	898181411	932847363	0	0	-1	-1	-1
20260612-005804	ItemAdd	Player.AddItem	rage01	MaJas_ServeR	1090		1	200	1284	2754			0		0	0	0	0	Hång nh Y	0	109	917	360	35732796	2026-06-12 00:58:04	2048	2048	2048	0	-1	-1	-1
20260612-005804	ItemAdd	SellCollection	rage01	MaJas_ServeR	1090		1	200	1284	2754			0		0	0	0	0	Hång nh Y	0	109	917	360	35732796	2026-06-12 00:58:04	2048	2048	2048	0	2	4	6
20260612-005804	ItemAdd	SellCollection	rage01	MaJas_ServeR	1090		1	200	1284	2754			0		0	0	0	0	Hång nh Y	0	109	917	360	35732796	2026-06-12 00:58:04	2048	2048	2048	0	2	4	6
20260612-005804	ItemAdd	Player.AddItem	rage01	MaJas_ServeR	1090		1	200	1284	2754			0		0	0	0	0	Hång nh Qu¸n	0	108	917	360	350393286	2026-06-12 00:58:04	2048	2048	2048	0	-1	-1	-1
20260612-005804	ItemAdd	SellCollection	rage01	MaJas_ServeR	1090		1	200	1284	2754			0		0	0	0	0	Hång nh Qu¸n	0	108	917	360	350393286	2026-06-12 00:58:04	2048	2048	2048	0	2	0	7
20260612-005804	ItemAdd	SellCollection	rage01	MaJas_ServeR	1090		1	200	1284	2754			0		0	0	0	0	Hång nh Qu¸n	0	108	917	360	350393286	2026-06-12 00:58:04	2048	2048	2048	0	2	0	7
20260612-005804	ItemAdd	Player.AddItem	rage01	MaJas_ServeR	1090		1	200	1284	2754			0		0	0	0	0	Hång nh Trang	0	110	917	360	-1959186789	2026-06-12 00:58:04	2048	2048	2048	0	-1	-1	-1
20260612-005804	ItemAdd	SellCollection	rage01	MaJas_ServeR	1090		1	200	1284	2754			0		0	0	0	0	Hång nh Trang	0	110	917	360	-1959186789	2026-06-12 00:58:04	2048	2048	2048	0	2	1	7
20260612-005804	ItemAdd	SellCollection	rage01	MaJas_ServeR	1090		1	200	1284	2754			0		0	0	0	0	Hång nh Trang	0	110	917	360	-1959186789	2026-06-12 00:58:04	2048	2048	2048	0	2	1	7
20260612-005943	ItemAdd	Player.AddItem	rage01	MaJas_ServeR	1090		1	200	1284	2754			0		0	0	0	0	TuÕ	0	121	251	100	-617233505	2026-06-12 00:59:43	2048	2048	2048	0	-1	-1	-1
20260612-005943	ItemAdd	SellCollection	rage01	MaJas_ServeR	1090		1	200	1284	2754			0		0	0	0	0	TuÕ	0	121	251	100	-617233505	2026-06-12 00:59:43	2048	2048	2048	0	2	2	7
20260612-005943	ItemAdd	SellCollection	rage01	MaJas_ServeR	1090		1	200	1284	2754			0		0	0	0	0	TuÕ	0	121	251	100	-617233505	2026-06-12 00:59:43	2048	2048	2048	0	2	2	7
20260612-005943	ItemAdd	Player.AddItem	rage01	MaJas_ServeR	1090		1	200	1284	2754			0		0	0	0	0	Thu	0	120	251	100	-1161290367	2026-06-12 00:59:43	2048	2048	2048	0	-1	-1	-1
20260612-005943	ItemAdd	SellCollection	rage01	MaJas_ServeR	1090		1	200	1284	2754			0		0	0	0	0	Thu	0	120	251	100	-1161290367	2026-06-12 00:59:43	2048	2048	2048	0	2	3	7
20260612-005943	ItemAdd	SellCollection	rage01	MaJas_ServeR	1090		1	200	1284	2754			0		0	0	0	0	Thu	0	120	251	100	-1161290367	2026-06-12 00:59:43	2048	2048	2048	0	2	3	7
20260612-005943	ItemAdd	Player.AddItem	rage01	MaJas_ServeR	1090		1	200	1284	2754			0		0	0	0	0	Thiªn	0	119	251	100	-2051424113	2026-06-12 00:59:43	2048	2048	2048	0	-1	-1	-1
20260612-005943	ItemAdd	SellCollection	rage01	MaJas_ServeR	1090		1	200	1284	2754			0		0	0	0	0	Thiªn	0	119	251	100	-2051424113	2026-06-12 00:59:43	2048	2048	2048	0	2	4	7
20260612-005943	ItemAdd	SellCollection	rage01	MaJas_ServeR	1090		1	200	1284	2754			0		0	0	0	0	Thiªn	0	119	251	100	-2051424113	2026-06-12 00:59:43	2048	2048	2048	0	2	4	7
20260612-005957	MoneyPay	CommonEnhanceEmbroidery	rage01	MaJas_ServeR	1090		8000000	200	1291	2751			0		0	0	0	0		0	0	0	0	0		0	0	0	0	-1	-1	-1
20260612-005957	ItemConsume	CommonEnhanceEmbroidery	rage01	MaJas_ServeR	1090		1	200	1291	2751			0		0	0	0	0	Phông 10-C	0	149	142	800	1500234024	2026-06-12 00:56:41	926163927	932718623	0	0	8	1	0
20260612-010006	MoneyPay	CommonEnhanceEmbroidery	rage01	MaJas_ServeR	1090		8000000	200	1291	2751			0		0	0	0	0		0	0	0	0	0		0	0	0	0	-1	-1	-1
20260612-010006	ItemConsume	CommonEnhanceEmbroidery	rage01	MaJas_ServeR	1090		1	200	1291	2751			0		0	0	0	0	Phông 10-H	0	148	138	800	-240571876	2026-06-12 00:56:41	926123602	932385034	0	0	8	1	0
20260612-010015	MoneyPay	CommonEnhanceEmbroidery	rage01	MaJas_ServeR	1090		8000000	200	1291	2751			0		0	0	0	0		0	0	0	0	0		0	0	0	0	-1	-1	-1
20260612-010015	ItemConsume	CommonEnhanceEmbroidery	rage01	MaJas_ServeR	1090		1	200	1291	2751			0		0	0	0	0	Phông 10-T	0	150	138	800	-1904958604	2026-06-12 00:56:41	898182902	932845851	0	0	8	1	0
20260612-010041	ItemAdd	96862040	rage01	MaJas_ServeR	1090		1	200	1280	2755			0		0	0	0	0	NhÉn V« Cùc	0	102	31130	100	763916149	2026-06-12 01:00:41	925240520	925305134	0	0	-1	-1	-1
20260612-010041	ItemAdd	96862040	rage01	MaJas_ServeR	1090		1	200	1280	2755			0		0	0	0	0	Minh Tinh Chi Giíi	0	102	31131	100	-709571087	2026-06-12 01:00:41	925241009	925306671	0	0	-1	-1	-1
20260612-010056	ItemAdd	2834304296	rage01	MaJas_ServeR	1090		1	200	1280	2755			0		0	0	0	0	Tèng-Chu T­íc T­íng Kh«	0	103	32261	360	-1341000763	2026-06-12 01:00:56	977143845	977274986	977341576	15	-1	-1	-1
20260612-010056	ItemAdd	2834304296	rage01	MaJas_ServeR	1090		1	200	1280	2755			0		0	0	0	0	Tèng-Chu T­íc T­íng Y	0	100	32261	360	-1546978070	2026-06-12 01:00:56	977145522	977275312	977407600	15	-1	-1	-1
20260612-010056	ItemAdd	2834304296	rage01	MaJas_ServeR	1090		1	200	1280	2755			0		0	0	0	0	Tèng-Chu T­íc T­íng Tra	0	101	32261	360	-1391410765	2026-06-12 01:00:56	977144861	977276676	977472833	15	-1	-1	-1
20260612-010056	ItemAdd	2834304296	rage01	MaJas_ServeR	1090		1	200	1280	2755			0		0	0	0	0	Tèng-Chu T­íc T­íng LÖn	0	102	31854	100	1805752816	2026-06-12 01:00:56	977145702	977866020	977604360	0	-1	-1	-1
20260612-010056	ItemAdd	2834304296	rage01	MaJas_ServeR	1090		1	200	1280	2755			0		0	0	0	0	Tèng-Chu T­íc T­íng LÖn	0	102	31876	100	-309156431	2026-06-12 01:00:56	977145290	977865650	980159997	0	-1	-1	-1
20260612-010056	ItemAdd	2834304296	rage01	MaJas_ServeR	1090		1	200	1280	2755			0		0	0	0	0	Tèng-Chu T­íc T­íng LÖn	0	102	31898	100	1329783366	2026-06-12 01:00:56	977144011	977865876	980224981	0	-1	-1	-1
20260612-010056	ItemAdd	2834304296	rage01	MaJas_ServeR	1090		1	200	1280	2755			0		0	0	0	0	Tèng-Chu T­íc T­íng Thñ	0	0	32551	300	1752474431	2026-06-12 01:00:56	977735153	978127515	949295005	15	-1	-1	-1
20260612-010153	ItemConsume	ClearItemInPos	rage01	MaJas_ServeR	1090		1	200	1282	2764			0		0	0	0	0	Vâ L©m 2 Shiina	2	1	50001	1	-1402113101	2026-06-12 00:47:44	4294904019	0	0	0	2	0	0
20260612-010153	ItemConsume	ClearItemInPos	rage01	MaJas_ServeR	1090		100	200	1282	2764			0		0	0	0	0	L­u Kim	2	1	31096	100	-1822773800	2026-06-12 00:48:35	4294904025	0	0	0	2	1	0
20260612-010153	ItemConsume	ClearItemInPos	rage01	MaJas_ServeR	1090		100	200	1282	2764			0		0	0	0	0	Thiªn V¨n Th¹ch	2	201	13	100	616969794	2026-06-12 00:48:35	4294904113	0	0	0	2	2	0
20260612-010153	ItemConsume	ClearItemInPos	rage01	MaJas_ServeR	1090		1	200	1282	2764			0		0	0	0	0	Cæ Kim Th¹ch	2	201	14	1	1707255164	2026-06-12 00:48:35	4294905708	68541	0	0	2	3	0
20260612-010153	ItemConsume	ClearItemInPos	rage01	MaJas_ServeR	1090		1	200	1282	2764			0		0	0	0	0	Cæ Kim Th¹ch	2	201	14	1	-1127994881	2026-06-12 00:48:35	2754834	0	0	0	2	4	0
20260612-010153	ItemConsume	ClearItemInPos	rage01	MaJas_ServeR	1090		1	200	1282	2764			0		0	0	0	0	Cæ Kim Th¹ch	2	201	14	1	-649380127	2026-06-12 00:48:35	4294905330	723824	0	0	2	0	1
20260612-010153	ItemConsume	ClearItemInPos	rage01	MaJas_ServeR	1090		1	200	1282	2764			0		0	0	0	0	Cæ Kim Th¹ch	2	201	14	1	1545162402	2026-06-12 00:48:35	4294905489	0	0	0	2	1	1
20260612-010153	ItemConsume	ClearItemInPos	rage01	MaJas_ServeR	1090		1	200	1282	2764			0		0	0	0	0	Cæ Kim Th¹ch	2	201	14	1	988927947	2026-06-12 00:48:35	16648196	4294904532	0	0	2	2	1
20260612-010153	ItemConsume	ClearItemInPos	rage01	MaJas_ServeR	1090		1	200	1282	2764			0		0	0	0	0	ThiÕu D­¬ng ThÊt Tinh K	0	105	10107	2500	-1328695241	2026-06-12 00:44:23	26423247	0	0	0	2	3	1
20260612-010153	ItemConsume	ClearItemInPos	rage01	MaJas_ServeR	1090		1	200	1282	2764			0		0	0	0	0	Phông tö Ên	2	0	30005	1	-2013960060	2026-06-12 00:57:11	4294905597	0	0	0	2	4	1
20260612-010153	ItemConsume	ClearItemInPos	rage01	MaJas_ServeR	1090		1	200	1282	2764			0		0	0	0	0	Thanh S­¬ng tr©m	0	108	634	360	-35840178	2026-06-12 00:57:11	69582	4294905741	0	0	2	0	2
20260612-010153	ItemConsume	ClearItemInPos	rage01	MaJas_ServeR	1090		1	200	1282	2764			0		0	0	0	0	Thanh S­¬ng ¸o	0	109	634	360	-365808573	2026-06-12 00:57:11	4294905553	0	0	0	2	1	2
20260612-010153	ItemConsume	ClearItemInPos	rage01	MaJas_ServeR	1090		1	200	1282	2764			0		0	0	0	0	Thanh S­¬ng trang	0	110	634	360	1805964869	2026-06-12 00:57:11	7211480	4294905139	0	0	2	2	2
20260612-010153	ItemConsume	ClearItemInPos	rage01	MaJas_ServeR	1090		1	200	1282	2764			0		0	0	0	0	Phông 10-H	0	148	138	800	-1379320713	2026-06-12 00:52:28	926122368	932385544	0	0	2	3	2
20260612-010153	ItemConsume	ClearItemInPos	rage01	MaJas_ServeR	1090		1	200	1282	2764			0		0	0	0	0	Phông 10-C	0	149	142	800	678335699	2026-06-12 00:52:28	926163673	932720354	0	0	2	4	2
20260612-010153	ItemConsume	ClearItemInPos	rage01	MaJas_ServeR	1090		1	200	1282	2764			0		0	0	0	0	Phông 10-T	0	150	138	800	1544729455	2026-06-12 00:52:28	898182185	932846931	0	0	2	0	3
20260612-010153	ItemConsume	ClearItemInPos	rage01	MaJas_ServeR	1090		1	200	1282	2764			0		0	0	0	0	Phi Phong Háa S¸t	0	152	39	100	1028403259	2026-06-12 00:54:09	0	0	0	15	2	1	3
20260612-010153	ItemConsume	ClearItemInPos	rage01	MaJas_ServeR	1090		1	200	1282	2764			0		0	0	0	0	Huy Ch­¬ng Háa S¸t	0	153	39	100	-752509955	2026-06-12 00:54:09	0	0	0	15	2	2	3
20260612-010153	ItemConsume	ClearItemInPos	rage01	MaJas_ServeR	1090		1	200	1282	2764			0		0	0	0	0	Giµy Háa S¸t	0	154	39	100	-1023046782	2026-06-12 00:54:09	0	0	0	15	2	3	3
20260612-010153	ItemConsume	ClearItemInPos	rage01	MaJas_ServeR	1090		1	200	1282	2764			0		0	0	0	0	Phi Phong NguyÖt KhuyÕt	0	152	40	100	222545619	2026-06-12 00:54:09	0	0	0	15	2	4	3
20260612-010153	ItemConsume	ClearItemInPos	rage01	MaJas_ServeR	1090		1	200	1282	2764			0		0	0	0	0	Huy Ch­¬ng NguyÖt KhuyÕ	0	153	40	100	1360437596	2026-06-12 00:54:09	0	0	0	15	2	0	4
20260612-010153	ItemConsume	ClearItemInPos	rage01	MaJas_ServeR	1090		1	200	1282	2764			0		0	0	0	0	Giµy NguyÖt KhuyÕt	0	154	40	100	147747046	2026-06-12 00:54:09	0	0	0	15	2	1	4
20260612-010153	ItemConsume	ClearItemInPos	rage01	MaJas_ServeR	1090		1	200	1282	2764			0		0	0	0	0	Hång nh Trang	0	110	917	360	-1959186789	2026-06-12 00:58:04	898182902	932845851	1073676288	0	2	2	4
20260612-010153	ItemConsume	ClearItemInPos	rage01	MaJas_ServeR	1090		1	200	1282	2764			0		0	0	0	0	DiÖu D­¬ng Thiªn Cung-V	0	102	3192	100	-89222552	2026-06-12 00:44:23	42612827	55249642	55189867	0	2	3	4
20260612-010153	ItemConsume	ClearItemInPos	rage01	MaJas_ServeR	1090		1	200	1282	2764			0		0	0	0	0	DiÖu D­¬ng Thiªn Cung-X	0	102	3193	100	-1652934263	2026-06-12 00:44:23	42547260	55249333	55190464	0	2	4	4
20260612-010153	ItemConsume	ClearItemInPos	rage01	MaJas_ServeR	1090		1	200	1282	2764			0		0	0	0	0	Phông 10-H	0	148	138	800	-1425228167	2026-06-12 00:56:50	926123012	932385845	0	0	2	0	5
20260612-010153	ItemConsume	ClearItemInPos	rage01	MaJas_ServeR	1090		1	200	1282	2764			0		0	0	0	0	Phông 10-C	0	149	142	800	-1284980555	2026-06-12 00:56:50	926164688	932719622	0	0	2	1	5
20260612-010153	ItemConsume	ClearItemInPos	rage01	MaJas_ServeR	1090		1	200	1282	2764			0		0	0	0	0	Phông 10-T	0	150	138	800	1679706929	2026-06-12 00:56:50	898181819	932845803	0	0	2	2	5
20260612-010153	ItemConsume	ClearItemInPos	rage01	MaJas_ServeR	1090		1	200	1282	2764			0		0	0	0	0	Phông 10-H	0	148	138	800	179952022	2026-06-12 00:57:11	926123403	932384981	0	0	2	4	5
20260612-010153	ItemConsume	ClearItemInPos	rage01	MaJas_ServeR	1090		100	200	1282	2764			0		0	0	0	0	Thiªn th¹ch	2	2	8	100	562220733	2026-06-12 00:56:19	2048	2048	2048	0	2	0	6
20260612-010153	ItemConsume	ClearItemInPos	rage01	MaJas_ServeR	1090		1	200	1282	2764			0		0	0	0	0	MËt TÝn Tr­ëng M«n	2	1	31060	1	1402158872	2026-06-12 00:56:10	0	0	0	0	2	1	6
20260612-010153	ItemConsume	ClearItemInPos	rage01	MaJas_ServeR	1090		1	200	1282	2764			0		0	0	0	0	Phông 10-C	0	149	142	800	-1698653438	2026-06-12 00:57:11	926163178	932719664	0	0	2	2	6
20260612-010153	ItemConsume	ClearItemInPos	rage01	MaJas_ServeR	1090		1	200	1282	2764			0		0	0	0	0	Phông 10-T	0	150	138	800	-79502930	2026-06-12 00:57:11	898181411	932847363	0	0	2	3	6
20260612-010153	ItemConsume	ClearItemInPos	rage01	MaJas_ServeR	1090		1	200	1282	2764			0		0	0	0	0	DiÖu D­¬ng-§é KiÕp T«n 	0	103	3130	200	1180027014	2026-06-12 00:44:23	18097776	852495488	42483704	9	2	4	6
20260612-010153	ItemConsume	ClearItemInPos	rage01	MaJas_ServeR	1090		1	200	1282	2764			0		0	0	0	0	DiÖu D­¬ng-§é KiÕp T«n 	0	100	3130	250	-663128449	2026-06-12 00:44:23	852110974	55909125	42613896	9	2	0	7
20260612-010153	ItemConsume	ClearItemInPos	rage01	MaJas_ServeR	1090		1	200	1282	2764			0		0	0	0	0	DiÖu D­¬ng-§é KiÕp T«n 	0	101	3130	200	-1628683348	2026-06-12 00:44:23	852176459	852630317	42416144	9	2	1	7
20260612-010153	ItemConsume	ClearItemInPos	rage01	MaJas_ServeR	1090		1	200	1282	2764			0		0	0	0	0	NhÉn V« Cùc	0	102	31130	100	763916149	2026-06-12 01:00:41	925240520	925305134	0	0	2	2	7
20260612-010153	ItemConsume	ClearItemInPos	rage01	MaJas_ServeR	1090		1	200	1282	2764			0		0	0	0	0	Tèng-Chu T­íc T­íng LÖn	0	102	31876	100	-309156431	2026-06-12 01:00:56	977145290	977865650	980159997	0	2	3	7
20260612-010153	ItemConsume	ClearItemInPos	rage01	MaJas_ServeR	1090		1	200	1282	2764			0		0	0	0	0	Minh Tinh Chi Giíi	0	102	31131	100	-709571087	2026-06-12 01:00:41	925241009	925306671	0	0	2	4	7
20260612-010153	ItemConsume	ClearItemInPos	rage01	MaJas_ServeR	1090		1	200	1282	2764			0		0	0	0	0	DiÖu D­¬ng-§é KiÕp T«n 	0	0	8993	300	-1226061027	2026-06-12 00:44:23	55321130	42613714	55449904	9	2	0	8
20260612-010153	ItemAdd	3086646439	rage01	MaJas_ServeR	1090		1	200	1282	2764			0		0	0	0	0	Vâ L©m 2 Shiina	2	1	50001	1	1553656349	2026-06-12 01:01:53	4294904319	0	0	0	-1	-1	-1
20260612-010158	ItemAdd	3912887248	rage01	MaJas_ServeR	1090		1000	200	1283	2758			0		0	0	0	0	VËt phÈm Xu	2	1	30230	1000	1660547274	2026-06-12 01:01:58	1510507	0	0	0	-1	-1	-1
20260612-010200	ItemAdd	3912887248	rage01	MaJas_ServeR	1090		1000	200	1283	2758			0		0	0	0	0	VËt phÈm Xu	2	1	30230	1000	64424378	2026-06-12 01:02:00	4294903896	593367	0	0	-1	-1	-1
20260612-010207	ItemAdd	2834304296	rage01	MaJas_ServeR	1090		1	200	1283	2758			0		0	0	0	0	Tèng-Uy Hæ T­íng Qu©n K	0	103	32173	360	1226208681	2026-06-12 01:02:07	946998274	952240843	947129376	15	-1	-1	-1
20260612-010207	ItemAdd	2834304296	rage01	MaJas_ServeR	1090		1	200	1283	2758			0		0	0	0	0	Tèng-Uy Hæ T­íng Qu©n Y	0	100	32173	360	-1419164770	2026-06-12 01:02:07	946998479	952240247	947260082	15	-1	-1	-1
20260612-010207	ItemAdd	2834304296	rage01	MaJas_ServeR	1090		1	200	1283	2758			0		0	0	0	0	Tèng-Uy Hæ T­íng Qu©n T	0	101	32173	360	-312026761	2026-06-12 01:02:07	946999181	952241585	947195651	15	-1	-1	-1
20260612-010207	ItemAdd	2834304296	rage01	MaJas_ServeR	1090		1	200	1283	2758			0		0	0	0	0	Tèng-Uy Hæ T­íng Qu©n L	0	102	31544	100	-86445052	2026-06-12 01:02:07	946998518	947392306	947653790	0	-1	-1	-1
20260612-010207	ItemAdd	2834304296	rage01	MaJas_ServeR	1090		1	200	1283	2758			0		0	0	0	0	Tèng-Uy Hæ T­íng Qu©n L	0	102	31566	100	-1883718571	2026-06-12 01:02:07	946997446	947391267	856301977	0	-1	-1	-1
20260612-010207	ItemAdd	2834304296	rage01	MaJas_ServeR	1090		1	200	1283	2758			0		0	0	0	0	Tèng-Uy Hæ T­íng Qu©n L	0	102	31588	100	-1820480326	2026-06-12 01:02:07	946998346	947392316	856368453	0	-1	-1	-1
20260612-010207	ItemAdd	2834304296	rage01	MaJas_ServeR	1090		1	200	1283	2758			0		0	0	0	0	Tèng-Uy Hæ T­íng Qu©n T	0	0	32265	300	866851267	2026-06-12 01:02:07	948833120	949030683	949293685	15	-1	-1	-1
20260612-010233	ItemAdd	2834304296	rage01	MaJas_ServeR	1090		1	200	1285	2760			0		0	0	0	0	Tèng_Thanh Long T­íng Q	0	103	30572	360	1372503970	2026-06-12 01:02:33	931468100	931532667	931596449	15	-1	-1	-1
20260612-010233	ItemAdd	2834304296	rage01	MaJas_ServeR	1090		1	200	1285	2760			0		0	0	0	0	Tèng_Thanh Long T­íng Q	0	100	30572	360	634248395	2026-06-12 01:02:33	931467807	931532566	928844470	15	-1	-1	-1
20260612-010233	ItemAdd	2834304296	rage01	MaJas_ServeR	1090		1	200	1285	2760			0		0	0	0	0	Tèng_Thanh Long T­íng Q	0	101	30572	360	181476584	2026-06-12 01:02:33	931467704	931531838	931663657	15	-1	-1	-1
20260612-010233	ItemAdd	2834304296	rage01	MaJas_ServeR	1090		1	200	1285	2760			0		0	0	0	0	Tèng_Thanh Long T­íng Q	0	102	31134	100	1394865673	2026-06-12 01:02:33	931468801	928385832	928909382	0	-1	-1	-1
20260612-010233	ItemAdd	2834304296	rage01	MaJas_ServeR	1090		1	200	1285	2760			0		0	0	0	0	Tèng_Thanh Long T­íng Q	0	102	31154	100	-752290946	2026-06-12 01:02:33	931467369	928386961	856302274	0	-1	-1	-1
20260612-010233	ItemAdd	2834304296	rage01	MaJas_ServeR	1090		1	200	1285	2760			0		0	0	0	0	Tèng_Thanh Long T­íng Q	0	102	31174	100	2096991959	2026-06-12 01:02:33	931468766	928385738	856367903	0	-1	-1	-1
20260612-010233	ItemAdd	2834304296	rage01	MaJas_ServeR	1090		1	200	1285	2760			0		0	0	0	0	Tèng_Thanh Long T­íng Q	0	0	30806	300	976927972	2026-06-12 01:02:33	931076555	928652240	892408566	15	-1	-1	-1
20260612-010241	ItemAdd	2834304296	rage01	MaJas_ServeR	1090		1	200	1285	2760			0		0	0	0	0	Tèng_Thanh Long T­íng Q	0	103	30572	360	1860540396	2026-06-12 01:02:41	931467605	931532477	931598323	15	-1	-1	-1
20260612-010241	ItemAdd	2834304296	rage01	MaJas_ServeR	1090		1	200	1285	2760			0		0	0	0	0	Tèng_Thanh Long T­íng Q	0	100	30572	360	-965729187	2026-06-12 01:02:41	931468252	931531719	928844906	15	-1	-1	-1
20260612-010241	ItemAdd	2834304296	rage01	MaJas_ServeR	1090		1	200	1285	2760			0		0	0	0	0	Tèng_Thanh Long T­íng Q	0	101	30572	360	-1321933982	2026-06-12 01:02:41	931467401	931532289	931663300	15	-1	-1	-1
20260612-010241	ItemAdd	2834304296	rage01	MaJas_ServeR	1090		1	200	1285	2760			0		0	0	0	0	Tèng_Thanh Long T­íng Q	0	102	31134	100	1888508811	2026-06-12 01:02:41	931468767	928385898	928910237	0	-1	-1	-1
20260612-010241	ItemAdd	2834304296	rage01	MaJas_ServeR	1090		1	200	1285	2760			0		0	0	0	0	Tèng_Thanh Long T­íng Q	0	102	31154	100	-1681763672	2026-06-12 01:02:41	931469100	928386998	856301577	0	-1	-1	-1
20260612-010241	ItemAdd	2834304296	rage01	MaJas_ServeR	1090		1	200	1285	2760			0		0	0	0	0	Tèng_Thanh Long T­íng Q	0	102	31174	100	-296325431	2026-06-12 01:02:41	931469093	928386196	856367168	0	-1	-1	-1
20260612-010241	ItemAdd	2834304296	rage01	MaJas_ServeR	1090		1	200	1285	2760			0		0	0	0	0	Tèng_Thanh Long T­íng Q	0	0	30806	300	-1861801154	2026-06-12 01:02:41	931076428	928652065	892409637	15	-1	-1	-1
20260612-010246	ItemAdd	2834304296	rage01	MaJas_ServeR	1090		1	200	1285	2760			0		0	0	0	0	Tèng_Háa Phông T­íng Qu	0	103	30315	200	297801773	2026-06-12 01:02:46	890244641	890310331	890440074	15	-1	-1	-1
20260612-010246	ItemAdd	2834304296	rage01	MaJas_ServeR	1090		1	200	1285	2760			0		0	0	0	0	Tèng_Háa Phông T­íng Qu	0	100	30315	200	1790758770	2026-06-12 01:02:46	890244408	890310359	890505322	15	-1	-1	-1
20260612-010246	ItemAdd	2834304296	rage01	MaJas_ServeR	1090		1	200	1285	2760			0		0	0	0	0	Tèng_Háa Phông T­íng Qu	0	101	30315	200	-1246817061	2026-06-12 01:02:46	890244903	890309334	890571585	15	-1	-1	-1
20260612-010246	ItemAdd	2834304296	rage01	MaJas_ServeR	1090		1	200	1285	2760			0		0	0	0	0	Tèng_Háa Phông T­íng Qu	0	102	30232	200	586682936	2026-06-12 01:02:46	890244484	890703266	891292579	0	-1	-1	-1
20260612-010246	ItemAdd	2834304296	rage01	MaJas_ServeR	1090		1	200	1285	2760			0		0	0	0	0	Tèng_Háa Phông T­íng Qu	0	102	30296	200	2057281945	2026-06-12 01:02:46	890244936	890702386	856303544	0	-1	-1	-1
20260612-010246	ItemAdd	2834304296	rage01	MaJas_ServeR	1090		1	200	1285	2760			0		0	0	0	0	Tèng_Háa Phông T­íng Qu	0	102	30360	200	-1048870322	2026-06-12 01:02:46	890243892	890703522	856368592	0	-1	-1	-1
20260612-010246	ItemAdd	2834304296	rage01	MaJas_ServeR	1090		1	200	1285	2760			0		0	0	0	0	Tèng_Háa Phông T­íng Qu	0	0	30332	300	1430745575	2026-06-12 01:02:46	891428098	891821177	892408131	15	-1	-1	-1
20260612-010256	ItemAdd	2834304296	rage01	MaJas_ServeR	1090		1	200	1285	2760			0		0	0	0	0	Tèng Th­¬ng ¦ng T­íng Q	0	103	30033	120	-1746887594	2026-06-12 01:02:56	855902824	855389265	18096778	15	-1	-1	-1
20260612-010256	ItemAdd	2834304296	rage01	MaJas_ServeR	1090		1	200	1285	2760			0		0	0	0	0	Tèng Th­¬ng ¦ng T­íng Q	0	100	30033	120	559792783	2026-06-12 01:02:56	855902962	855586236	856495891	15	-1	-1	-1
20260612-010256	ItemAdd	2834304296	rage01	MaJas_ServeR	1090		1	200	1285	2760			0		0	0	0	0	Tèng Th­¬ng ¦ng T­íng Q	0	101	30033	120	1002888444	2026-06-12 01:02:56	855904064	855652184	18231263	15	-1	-1	-1
20260612-010256	ItemAdd	2834304296	rage01	MaJas_ServeR	1090		1	200	1285	2760			0		0	0	0	0	Tèng Th­¬ng ¦ng T­íng Q	0	102	30052	100	-757929299	2026-06-12 01:02:56	855903335	855380357	32185346	0	-1	-1	-1
20260612-010256	ItemAdd	2834304296	rage01	MaJas_ServeR	1090		1	200	1285	2760			0		0	0	0	0	Tèng Th­¬ng ¦ng T­íng Q	0	102	30056	100	1262121970	2026-06-12 01:02:56	855903356	855577532	856301492	0	-1	-1	-1
20260612-010256	ItemAdd	2834304296	rage01	MaJas_ServeR	1090		1	200	1285	2760			0		0	0	0	0	Tèng Th­¬ng ¦ng T­íng Q	0	102	30060	100	-2071497893	2026-06-12 01:02:56	855904215	855642319	856366259	0	-1	-1	-1
20260612-010301	ItemConsume	ClearItemInPos	rage01	MaJas_ServeR	1090		1	200	1285	2760			0		0	0	0	0	Vâ L©m 2 Shiina	2	1	50001	1	1553656349	2026-06-12 01:01:53	4294904319	0	0	0	2	0	0
20260612-010301	ItemConsume	ClearItemInPos	rage01	MaJas_ServeR	1090		2000	200	1285	2760			0		0	0	0	0	VËt phÈm Xu	2	1	30230	2000	1660547274	2026-06-12 01:01:58	1510507	0	0	0	2	1	0
20260612-010301	ItemConsume	ClearItemInPos	rage01	MaJas_ServeR	1090		1	200	1285	2760			0		0	0	0	0	Tèng-Uy Hæ T­íng Qu©n K	0	103	32173	360	1226208681	2026-06-12 01:02:07	946998274	952240843	947129376	15	2	2	0
20260612-010301	ItemConsume	ClearItemInPos	rage01	MaJas_ServeR	1090		1	200	1285	2760			0		0	0	0	0	Tèng-Uy Hæ T­íng Qu©n Y	0	100	32173	360	-1419164770	2026-06-12 01:02:07	946998479	952240247	947260082	15	2	3	0
20260612-010301	ItemConsume	ClearItemInPos	rage01	MaJas_ServeR	1090		1	200	1285	2760			0		0	0	0	0	Tèng-Uy Hæ T­íng Qu©n T	0	101	32173	360	-312026761	2026-06-12 01:02:07	946999181	952241585	947195651	15	2	4	0
20260612-010301	ItemConsume	ClearItemInPos	rage01	MaJas_ServeR	1090		1	200	1285	2760			0		0	0	0	0	Tèng-Uy Hæ T­íng Qu©n L	0	102	31544	100	-86445052	2026-06-12 01:02:07	946998518	947392306	947653790	0	2	0	1
20260612-010301	ItemConsume	ClearItemInPos	rage01	MaJas_ServeR	1090		1	200	1285	2760			0		0	0	0	0	Tèng-Uy Hæ T­íng Qu©n L	0	102	31566	100	-1883718571	2026-06-12 01:02:07	946997446	947391267	856301977	0	2	1	1
20260612-010301	ItemConsume	ClearItemInPos	rage01	MaJas_ServeR	1090		1	200	1285	2760			0		0	0	0	0	Tèng-Uy Hæ T­íng Qu©n L	0	102	31588	100	-1820480326	2026-06-12 01:02:07	946998346	947392316	856368453	0	2	2	1
20260612-010301	ItemConsume	ClearItemInPos	rage01	MaJas_ServeR	1090		1	200	1285	2760			0		0	0	0	0	Tèng-Uy Hæ T­íng Qu©n T	0	0	32265	300	866851267	2026-06-12 01:02:07	948833120	949030683	949293685	15	2	3	1
20260612-010301	ItemConsume	ClearItemInPos	rage01	MaJas_ServeR	1090		1	200	1285	2760			0		0	0	0	0	Tèng_Thanh Long T­íng Q	0	103	30572	360	1372503970	2026-06-12 01:02:33	931468100	931532667	931596449	15	2	4	1
20260612-010301	ItemConsume	ClearItemInPos	rage01	MaJas_ServeR	1090		1	200	1285	2760			0		0	0	0	0	Tèng_Thanh Long T­íng Q	0	100	30572	360	634248395	2026-06-12 01:02:33	931467807	931532566	928844470	15	2	0	2
20260612-010301	ItemConsume	ClearItemInPos	rage01	MaJas_ServeR	1090		1	200	1285	2760			0		0	0	0	0	Tèng_Thanh Long T­íng Q	0	101	30572	360	181476584	2026-06-12 01:02:33	931467704	931531838	931663657	15	2	1	2
20260612-010301	ItemConsume	ClearItemInPos	rage01	MaJas_ServeR	1090		1	200	1285	2760			0		0	0	0	0	Tèng_Thanh Long T­íng Q	0	102	31134	100	1394865673	2026-06-12 01:02:33	931468801	928385832	928909382	0	2	2	2
20260612-010301	ItemConsume	ClearItemInPos	rage01	MaJas_ServeR	1090		1	200	1285	2760			0		0	0	0	0	Tèng_Thanh Long T­íng Q	0	102	31154	100	-752290946	2026-06-12 01:02:33	931467369	928386961	856302274	0	2	3	2
20260612-010301	ItemConsume	ClearItemInPos	rage01	MaJas_ServeR	1090		1	200	1285	2760			0		0	0	0	0	Tèng_Thanh Long T­íng Q	0	102	31174	100	2096991959	2026-06-12 01:02:33	931468766	928385738	856367903	0	2	4	2
20260612-010301	ItemConsume	ClearItemInPos	rage01	MaJas_ServeR	1090		1	200	1285	2760			0		0	0	0	0	Tèng_Thanh Long T­íng Q	0	0	30806	300	976927972	2026-06-12 01:02:33	931076555	928652240	892408566	15	2	0	3
20260612-010301	ItemConsume	ClearItemInPos	rage01	MaJas_ServeR	1090		1	200	1285	2760			0		0	0	0	0	Tèng_Thanh Long T­íng Q	0	103	30572	360	1860540396	2026-06-12 01:02:41	931467605	931532477	931598323	15	2	1	3
20260612-010301	ItemConsume	ClearItemInPos	rage01	MaJas_ServeR	1090		1	200	1285	2760			0		0	0	0	0	Tèng_Thanh Long T­íng Q	0	100	30572	360	-965729187	2026-06-12 01:02:41	931468252	931531719	928844906	15	2	2	3
20260612-010301	ItemConsume	ClearItemInPos	rage01	MaJas_ServeR	1090		1	200	1285	2760			0		0	0	0	0	Tèng_Thanh Long T­íng Q	0	101	30572	360	-1321933982	2026-06-12 01:02:41	931467401	931532289	931663300	15	2	3	3
20260612-010301	ItemConsume	ClearItemInPos	rage01	MaJas_ServeR	1090		1	200	1285	2760			0		0	0	0	0	Tèng_Thanh Long T­íng Q	0	102	31134	100	1888508811	2026-06-12 01:02:41	931468767	928385898	928910237	0	2	4	3
20260612-010301	ItemConsume	ClearItemInPos	rage01	MaJas_ServeR	1090		1	200	1285	2760			0		0	0	0	0	Tèng_Thanh Long T­íng Q	0	102	31154	100	-1681763672	2026-06-12 01:02:41	931469100	928386998	856301577	0	2	0	4
20260612-010301	ItemConsume	ClearItemInPos	rage01	MaJas_ServeR	1090		1	200	1285	2760			0		0	0	0	0	Tèng_Thanh Long T­íng Q	0	102	31174	100	-296325431	2026-06-12 01:02:41	931469093	928386196	856367168	0	2	1	4
20260612-010301	ItemConsume	ClearItemInPos	rage01	MaJas_ServeR	1090		1	200	1285	2760			0		0	0	0	0	Tèng_Thanh Long T­íng Q	0	0	30806	300	-1861801154	2026-06-12 01:02:41	931076428	928652065	892409637	15	2	2	4
20260612-010301	ItemConsume	ClearItemInPos	rage01	MaJas_ServeR	1090		1	200	1285	2760			0		0	0	0	0	Tèng_Háa Phông T­íng Qu	0	103	30315	200	297801773	2026-06-12 01:02:46	890244641	890310331	890440074	15	2	3	4
20260612-010301	ItemConsume	ClearItemInPos	rage01	MaJas_ServeR	1090		1	200	1285	2760			0		0	0	0	0	Tèng_Háa Phông T­íng Qu	0	100	30315	200	1790758770	2026-06-12 01:02:46	890244408	890310359	890505322	15	2	4	4
20260612-010301	ItemConsume	ClearItemInPos	rage01	MaJas_ServeR	1090		1	200	1285	2760			0		0	0	0	0	Tèng_Háa Phông T­íng Qu	0	101	30315	200	-1246817061	2026-06-12 01:02:46	890244903	890309334	890571585	15	2	0	5
20260612-010301	ItemConsume	ClearItemInPos	rage01	MaJas_ServeR	1090		1	200	1285	2760			0		0	0	0	0	Tèng_Háa Phông T­íng Qu	0	102	30232	200	586682936	2026-06-12 01:02:46	890244484	890703266	891292579	0	2	1	5
20260612-010301	ItemConsume	ClearItemInPos	rage01	MaJas_ServeR	1090		1	200	1285	2760			0		0	0	0	0	Tèng_Háa Phông T­íng Qu	0	102	30296	200	2057281945	2026-06-12 01:02:46	890244936	890702386	856303544	0	2	2	5
20260612-010301	ItemConsume	ClearItemInPos	rage01	MaJas_ServeR	1090		1	200	1285	2760			0		0	0	0	0	Tèng_Háa Phông T­íng Qu	0	102	30360	200	-1048870322	2026-06-12 01:02:46	890243892	890703522	856368592	0	2	3	5
20260612-010301	ItemConsume	ClearItemInPos	rage01	MaJas_ServeR	1090		1	200	1285	2760			0		0	0	0	0	Tèng_Háa Phông T­íng Qu	0	0	30332	300	1430745575	2026-06-12 01:02:46	891428098	891821177	892408131	15	2	4	5
20260612-010301	ItemConsume	ClearItemInPos	rage01	MaJas_ServeR	1090		1	200	1285	2760			0		0	0	0	0	Tèng Th­¬ng ¦ng T­íng Q	0	103	30033	120	-1746887594	2026-06-12 01:02:56	855902824	855389265	18096778	15	2	0	6
20260612-010301	ItemConsume	ClearItemInPos	rage01	MaJas_ServeR	1090		1	200	1285	2760			0		0	0	0	0	Tèng Th­¬ng ¦ng T­íng Q	0	100	30033	120	559792783	2026-06-12 01:02:56	855902962	855586236	856495891	15	2	1	6
20260612-010301	ItemConsume	ClearItemInPos	rage01	MaJas_ServeR	1090		1	200	1285	2760			0		0	0	0	0	Tèng Th­¬ng ¦ng T­íng Q	0	101	30033	120	1002888444	2026-06-12 01:02:56	855904064	855652184	18231263	15	2	2	6
20260612-010301	ItemConsume	ClearItemInPos	rage01	MaJas_ServeR	1090		1	200	1285	2760			0		0	0	0	0	Tèng Th­¬ng ¦ng T­íng Q	0	102	30052	100	-757929299	2026-06-12 01:02:56	855903335	855380357	32185346	0	2	3	6
20260612-010301	ItemConsume	ClearItemInPos	rage01	MaJas_ServeR	1090		1	200	1285	2760			0		0	0	0	0	Tèng Th­¬ng ¦ng T­íng Q	0	102	30056	100	1262121970	2026-06-12 01:02:56	855903356	855577532	856301492	0	2	4	6
20260612-010301	ItemConsume	ClearItemInPos	rage01	MaJas_ServeR	1090		1	200	1285	2760			0		0	0	0	0	Tèng Th­¬ng ¦ng T­íng Q	0	102	30060	100	-2071497893	2026-06-12 01:02:56	855904215	855642319	856366259	0	2	0	7
20260612-010301	ItemAdd	3086646439	rage01	MaJas_ServeR	1090		1	200	1285	2760			0		0	0	0	0	Vâ L©m 2 Shiina	2	1	50001	1	743942372	2026-06-12 01:03:01	4294903890	592499	0	0	-1	-1	-1
20260612-010325	ItemAdd	1466563955	rage01	MaJas_ServeR	1090		1	200	1284	2758			0		0	0	0	0	C¬n GiËn Nguyªn Thñy Lv	2	150	105	1	-311761830	2026-06-12 01:03:25	2048	2048	2048	0	-1	-1	-1
20260612-010325	ItemAdd	1466563955	rage01	MaJas_ServeR	1090		1	200	1284	2758			0		0	0	0	0	V« H×nh Chi Cæ Lv6	2	150	101	1	1609244543	2026-06-12 01:03:25	2048	2048	2048	0	-1	-1	-1
20260612-010325	ItemAdd	1466563955	rage01	MaJas_ServeR	1090		1	200	1284	2758			0		0	0	0	0	C¬n GiËn Nguyªn Thñy Lv	2	150	105	1	-1653800863	2026-06-12 01:03:25	2048	2048	2048	0	-1	-1	-1
20260612-010325	ItemAdd	1466563955	rage01	MaJas_ServeR	1090		1	200	1284	2758			0		0	0	0	0	ThiÕt Bè Sam Lv2	2	150	106	1	510576310	2026-06-12 01:03:25	2048	2048	2048	0	-1	-1	-1
20260612-010325	ItemAdd	1466563955	rage01	MaJas_ServeR	1090		1	200	1284	2758			0		0	0	0	0	Linh Quang ThiÓm Lv2	2	150	102	1	1281156207	2026-06-12 01:03:25	2048	2048	2048	0	-1	-1	-1
20260612-010325	ItemAdd	1466563955	rage01	MaJas_ServeR	1090		1	200	1284	2758			0		0	0	0	0	C¬n GiËn Nguyªn Thñy Lv	2	150	105	1	-557749156	2026-06-12 01:03:25	2048	2048	2048	0	-1	-1	-1
20260612-010325	ItemAdd	1466563955	rage01	MaJas_ServeR	1090		1	200	1284	2758			0		0	0	0	0	Kinh §µo QuyÕt Lv2	2	150	104	1	-291206519	2026-06-12 01:03:25	2048	2048	2048	0	-1	-1	-1
20260612-010325	ItemAdd	1466563955	rage01	MaJas_ServeR	1090		1	200	1284	2758			0		0	0	0	0	Khinh Linh TÊn TËt Lv6	2	150	100	1	1658340586	2026-06-12 01:03:25	2048	2048	2048	0	-1	-1	-1
20260612-010325	ItemAdd	1466563955	rage01	MaJas_ServeR	1090		1	200	1284	2758			0		0	0	0	0	Kinh §µo QuyÕt Lv2	2	150	104	1	-1463584924	2026-06-12 01:03:25	2048	2048	2048	0	-1	-1	-1
20260612-010325	ItemAdd	1466563955	rage01	MaJas_ServeR	1090		1	200	1284	2758			0		0	0	0	0	Linh Quang ThiÓm Lv2	2	150	102	1	1199237941	2026-06-12 01:03:25	2048	2048	2048	0	-1	-1	-1
20260612-010337	ItemAdd	1112201696	rage01	MaJas_ServeR	1090		1	200	1285	2754			0		0	0	0	0	B¹ch Kim Viªm §Õ Kh«i	0	103	30013	200	-1776271980	2026-06-12 01:03:37	31269091	18158238	18224534	15	-1	-1	-1
20260612-010337	ItemAdd	1112201696	rage01	MaJas_ServeR	1090		1	200	1285	2754			0		0	0	0	0	B¹ch Kim Viªm §Õ Gi¸p	0	100	30013	250	1764475173	2026-06-12 01:03:37	38148222	26813166	18158739	15	-1	-1	-1
20260612-010337	ItemAdd	1112201696	rage01	MaJas_ServeR	1090		1	200	1285	2754			0		0	0	0	0	B¹ch Kim Viªm §Õ Trang	0	101	30013	200	-851984950	2026-06-12 01:03:37	38146339	26812869	18158627	15	-1	-1	-1
20260612-010345	ItemAdd	1897178843	rage01	MaJas_ServeR	1090		1	200	1285	2754			0		0	0	0	0	Tµng KiÕm Tö Kim m·o	0	103	95	200	-1001411379	2026-06-12 01:03:45	18095326	19011216	24063361	7	-1	-1	-1
20260612-010345	ItemAdd	1897178843	rage01	MaJas_ServeR	1090		1	200	1285	2754			0		0	0	0	0	Kim Lò Th­êng	0	100	95	250	-74934126	2026-06-12 01:03:45	26682863	18155685	24063946	7	-1	-1	-1
20260612-010345	ItemAdd	1897178843	rage01	MaJas_ServeR	1090		1	200	1285	2754			0		0	0	0	0	Tµng KiÕm ¤ kim phôc	0	101	95	200	280038523	2026-06-12 01:03:45	25502656	24389496	24063750	7	-1	-1	-1
20260612-010345	ItemAdd	1897178843	rage01	MaJas_ServeR	1090		1	200	1285	2754			0		0	0	0	0	TiÓu Th­ Giíi ChØ	0	102	36	50	1894726232	2026-06-12 01:03:45	19010426	19075640	24059379	0	-1	-1	-1
20260612-010345	ItemAdd	1897178843	rage01	MaJas_ServeR	1090		1	200	1285	2754			0		0	0	0	0	Tr­ëng L·o ChØ Hoµn	0	102	37	50	1390584889	2026-06-12 01:03:45	1516540	8533140	24063820	0	-1	-1	-1
20260612-010345	ItemAdd	1897178843	rage01	MaJas_ServeR	1090		1	200	1285	2754			0		0	0	0	0	Tµng KiÕm B¶o Ch©u	0	102	38	100	-916991634	2026-06-12 01:03:45	6695500	5188364	5254570	0	-1	-1	-1
20260612-010345	ItemAdd	1897178843	rage01	MaJas_ServeR	1090		1	200	1285	2754			0		0	0	0	0	Tµng KiÕm Kú Th¹ch	0	102	39	100	1539762055	2026-06-12 01:03:45	6695120	25563191	0	0	-1	-1	-1
20260612-010345	ItemAdd	1897178843	rage01	MaJas_ServeR	1090		1	200	1285	2754			0		0	0	0	0	Tµng KiÕm Kim Ên	0	102	40	100	774823651	2026-06-12 01:03:45	6695874	23936138	0	0	-1	-1	-1
20260612-010349	ItemAdd	1990807953	rage01	MaJas_ServeR	1090		1	200	1285	2754			0		0	0	0	0	Ph¸ Hån LÖnh (§Çu)	2	1	31529	1	1962591231	2026-06-12 01:03:49	4294904671	199953	0	0	-1	-1	-1
20260612-010349	ItemAdd	1990807953	rage01	MaJas_ServeR	1090		1	200	1285	2754			0		0	0	0	0	Ph¸ Hån LÖnh (¸o)	2	1	31530	1	-1774332616	2026-06-12 01:03:49	4294904854	0	0	0	-1	-1	-1
20260612-010349	ItemAdd	1990807953	rage01	MaJas_ServeR	1090		1	200	1285	2754			0		0	0	0	0	Ph¸ Hån LÖnh (QuÇn)	2	1	31531	1	-2078875486	2026-06-12 01:03:49	4294904026	0	0	0	-1	-1	-1
20260612-010349	ItemAdd	1990807953	rage01	MaJas_ServeR	1090		1	200	1285	2754			0		0	0	0	0	Ph¸ Hån LÖnh (Vò KhÝ)	2	1	31532	1	-1521145124	2026-06-12 01:03:49	4328623	0	0	0	-1	-1	-1
20260612-010349	ItemAdd	1990807953	rage01	MaJas_ServeR	1090		1	200	1285	2754			0		0	0	0	0	Ph¸ Hån LÖnh (Trang Søc	2	1	31533	1	1385916006	2026-06-12 01:03:49	4294905507	0	0	0	-1	-1	-1
20260612-010349	ItemAdd	1990807953	rage01	MaJas_ServeR	1090		1	200	1285	2754			0		0	0	0	0	Ph¸ Hån LÖnh (Trang Søc	2	1	31533	1	40679872	2026-06-12 01:03:49	4294904940	0	0	0	-1	-1	-1
20260612-010359	ItemConsume	ExpendIdx	rage01	MaJas_ServeR	1090		1	200	1285	2754			0		0	0	0	0	Ph¸ Hån LÖnh (Trang Søc	2	1	31533	1	1385916006	2026-06-12 01:03:49	4294905507	0	0	0	2	1	5
20260612-010359	ItemAdd	2447690182	rage01	MaJas_ServeR	1090		1	200	1285	2754			0		0	0	0	0	NhÉn Ph¸ Hån	0	102	32160	100	-2022692465	2026-06-12 01:03:59	0	0	0	0	-1	-1	-1
20260612-010407	ItemAdd	1990807953	rage01	MaJas_ServeR	1090		1	200	1285	2754			0		0	0	0	0	Ph¸ Hån LÖnh (§Çu)	2	1	31529	1	-926513690	2026-06-12 01:04:07	198887	4294904409	0	0	-1	-1	-1
20260612-010407	ItemAdd	1990807953	rage01	MaJas_ServeR	1090		1	200	1285	2754			0		0	0	0	0	Ph¸ Hån LÖnh (¸o)	2	1	31530	1	-1380807156	2026-06-12 01:04:07	4294905641	0	0	0	-1	-1	-1
20260612-010407	ItemAdd	1990807953	rage01	MaJas_ServeR	1090		1	200	1285	2754			0		0	0	0	0	Ph¸ Hån LÖnh (QuÇn)	2	1	31531	1	658345213	2026-06-12 01:04:07	593271	0	0	0	-1	-1	-1
20260612-010407	ItemAdd	1990807953	rage01	MaJas_ServeR	1090		1	200	1285	2754			0		0	0	0	0	Ph¸ Hån LÖnh (Vò KhÝ)	2	1	31532	1	-1721207729	2026-06-12 01:04:07	592685	0	0	0	-1	-1	-1
20260612-010407	ItemAdd	1990807953	rage01	MaJas_ServeR	1090		1	200	1285	2754			0		0	0	0	0	Ph¸ Hån LÖnh (Trang Søc	2	1	31533	1	-2062927951	2026-06-12 01:04:07	4294904760	592701	0	0	-1	-1	-1
20260612-010407	ItemAdd	1990807953	rage01	MaJas_ServeR	1090		1	200	1285	2754			0		0	0	0	0	Ph¸ Hån LÖnh (Trang Søc	2	1	31533	1	-58055361	2026-06-12 01:04:07	1379646	4294904817	0	0	-1	-1	-1
20260612-010412	ItemAdd	3833981613	rage01	MaJas_ServeR	1090		1	200	1285	2754			0		0	0	0	0	S¸t Tinh LÖnh Bµi (§Çu)	2	1	31313	1	2136002808	2026-06-12 01:04:12	4294904982	0	0	0	-1	-1	-1
20260612-010412	ItemAdd	3833981613	rage01	MaJas_ServeR	1090		1	200	1285	2754			0		0	0	0	0	S¸t Tinh LÖnh Bµi (¸o)	2	1	31314	1	1758730073	2026-06-12 01:04:12	4294904867	0	0	0	-1	-1	-1
20260612-010412	ItemAdd	3833981613	rage01	MaJas_ServeR	1090		1	200	1285	2754			0		0	0	0	0	S¸t Tinh LÖnh Bµi (QuÇn	2	1	31315	1	31603470	2026-06-12 01:04:12	4294905438	0	0	0	-1	-1	-1
20260612-010412	ItemAdd	3833981613	rage01	MaJas_ServeR	1090		1	200	1285	2754			0		0	0	0	0	S¸t Tinh LÖnh Bµi (Vò K	2	1	31316	1	132710824	2026-06-12 01:04:12	593394	4294905490	0	0	-1	-1	-1
20260612-010412	ItemAdd	3833981613	rage01	MaJas_ServeR	1090		1	200	1285	2754			0		0	0	0	0	S¸t Tinh LÖnh Bµi (Tran	2	1	31317	1	1622075141	2026-06-12 01:04:12	4294904281	1379503	0	0	-1	-1	-1
20260612-010412	ItemAdd	3833981613	rage01	MaJas_ServeR	1090		1	200	1285	2754			0		0	0	0	0	S¸t Tinh LÖnh Bµi (Tran	2	1	31317	1	1070419286	2026-06-12 01:04:12	4294904647	0	0	0	-1	-1	-1
20260612-010417	ItemAdd	1112201696	rage01	MaJas_ServeR	1090		1	200	1285	2754			0		0	0	0	0	B¹ch Kim Viªm §Õ Kh«i	0	103	30013	200	686010327	2026-06-12 01:04:17	31270503	18158512	18223980	15	-1	-1	-1
20260612-010417	ItemAdd	1112201696	rage01	MaJas_ServeR	1090		1	200	1285	2754			0		0	0	0	0	B¹ch Kim Viªm §Õ Gi¸p	0	100	30013	250	-2012663324	2026-06-12 01:04:17	38149734	26813675	18158133	15	-1	-1	-1
20260612-010417	ItemAdd	1112201696	rage01	MaJas_ServeR	1090		1	200	1285	2754			0		0	0	0	0	B¹ch Kim Viªm §Õ Trang	0	101	30013	200	-1772382283	2026-06-12 01:04:17	38146098	26812526	18158083	15	-1	-1	-1
20260612-010421	ItemAdd	1897178843	rage01	MaJas_ServeR	1090		1	200	1285	2754			0		0	0	0	0	Tµng KiÕm Tö Kim m·o	0	103	95	200	-112450278	2026-06-12 01:04:21	18095626	19009722	24062623	7	-1	-1	-1
20260612-010421	ItemAdd	1897178843	rage01	MaJas_ServeR	1090		1	200	1285	2754			0		0	0	0	0	Kim Lò Th­êng	0	100	95	250	-1840176733	2026-06-12 01:04:21	26683146	18155655	24062681	7	-1	-1	-1
20260612-010421	ItemAdd	1897178843	rage01	MaJas_ServeR	1090		1	200	1285	2754			0		0	0	0	0	Tµng KiÕm ¤ kim phôc	0	101	95	200	954604704	2026-06-12 01:04:21	25503607	24387983	24062872	7	-1	-1	-1
20260612-010421	ItemAdd	1897178843	rage01	MaJas_ServeR	1090		1	200	1285	2754			0		0	0	0	0	TiÓu Th­ Giíi ChØ	0	102	36	50	341430817	2026-06-12 01:04:21	19010451	19076619	24058894	0	-1	-1	-1
20260612-010421	ItemAdd	1897178843	rage01	MaJas_ServeR	1090		1	200	1285	2754			0		0	0	0	0	Tr­ëng L·o ChØ Hoµn	0	102	37	50	-247067786	2026-06-12 01:04:21	1516283	8532251	24062754	0	-1	-1	-1
20260612-010421	ItemAdd	1897178843	rage01	MaJas_ServeR	1090		1	200	1285	2754			0		0	0	0	0	Tµng KiÕm B¶o Ch©u	0	102	38	100	848615471	2026-06-12 01:04:21	6695231	5187789	5253855	0	-1	-1	-1
20260612-010421	ItemAdd	1897178843	rage01	MaJas_ServeR	1090		1	200	1285	2754			0		0	0	0	0	Tµng KiÕm Kú Th¹ch	0	102	39	100	1311111964	2026-06-12 01:04:21	6695730	25564649	0	0	-1	-1	-1
20260612-010421	ItemAdd	1897178843	rage01	MaJas_ServeR	1090		1	200	1285	2754			0		0	0	0	0	Tµng KiÕm Kim Ên	0	102	40	100	-1634696664	2026-06-12 01:04:21	6696266	23935072	0	0	-1	-1	-1
20260612-010425	ItemConsume	ClearItemInPos	rage01	MaJas_ServeR	1090		1	200	1285	2754			0		0	0	0	0	Vâ L©m 2 Shiina	2	1	50001	1	743942372	2026-06-12 01:03:01	4294903890	592499	0	0	2	0	0
20260612-010425	ItemConsume	ClearItemInPos	rage01	MaJas_ServeR	1090		1	200	1285	2754			0		0	0	0	0	C¬n GiËn Nguyªn Thñy Lv	2	150	105	1	-311761830	2026-06-12 01:03:25	2048	2048	2048	0	2	1	0
20260612-010425	ItemConsume	ClearItemInPos	rage01	MaJas_ServeR	1090		1	200	1285	2754			0		0	0	0	0	V« H×nh Chi Cæ Lv6	2	150	101	1	1609244543	2026-06-12 01:03:25	2048	2048	2048	0	2	2	0
20260612-010425	ItemConsume	ClearItemInPos	rage01	MaJas_ServeR	1090		1	200	1285	2754			0		0	0	0	0	C¬n GiËn Nguyªn Thñy Lv	2	150	105	1	-1653800863	2026-06-12 01:03:25	2048	2048	2048	0	2	3	0
20260612-010425	ItemConsume	ClearItemInPos	rage01	MaJas_ServeR	1090		1	200	1285	2754			0		0	0	0	0	ThiÕt Bè Sam Lv2	2	150	106	1	510576310	2026-06-12 01:03:25	2048	2048	2048	0	2	4	0
20260612-010425	ItemConsume	ClearItemInPos	rage01	MaJas_ServeR	1090		1	200	1285	2754			0		0	0	0	0	Linh Quang ThiÓm Lv2	2	150	102	1	1281156207	2026-06-12 01:03:25	2048	2048	2048	0	2	0	1
20260612-010425	ItemConsume	ClearItemInPos	rage01	MaJas_ServeR	1090		1	200	1285	2754			0		0	0	0	0	C¬n GiËn Nguyªn Thñy Lv	2	150	105	1	-557749156	2026-06-12 01:03:25	2048	2048	2048	0	2	1	1
20260612-010425	ItemConsume	ClearItemInPos	rage01	MaJas_ServeR	1090		1	200	1285	2754			0		0	0	0	0	Kinh §µo QuyÕt Lv2	2	150	104	1	-291206519	2026-06-12 01:03:25	2048	2048	2048	0	2	2	1
20260612-010425	ItemConsume	ClearItemInPos	rage01	MaJas_ServeR	1090		1	200	1285	2754			0		0	0	0	0	Khinh Linh TÊn TËt Lv6	2	150	100	1	1658340586	2026-06-12 01:03:25	2048	2048	2048	0	2	3	1
20260612-010425	ItemConsume	ClearItemInPos	rage01	MaJas_ServeR	1090		1	200	1285	2754			0		0	0	0	0	Kinh §µo QuyÕt Lv2	2	150	104	1	-1463584924	2026-06-12 01:03:25	2048	2048	2048	0	2	4	1
20260612-010425	ItemConsume	ClearItemInPos	rage01	MaJas_ServeR	1090		1	200	1285	2754			0		0	0	0	0	Linh Quang ThiÓm Lv2	2	150	102	1	1199237941	2026-06-12 01:03:25	2048	2048	2048	0	2	0	2
20260612-010425	ItemConsume	ClearItemInPos	rage01	MaJas_ServeR	1090		1	200	1285	2754			0		0	0	0	0	B¹ch Kim Viªm §Õ Kh«i	0	103	30013	200	-1776271980	2026-06-12 01:03:37	31269091	18158238	18224534	15	2	1	2
20260612-010425	ItemConsume	ClearItemInPos	rage01	MaJas_ServeR	1090		1	200	1285	2754			0		0	0	0	0	B¹ch Kim Viªm §Õ Gi¸p	0	100	30013	250	1764475173	2026-06-12 01:03:37	38148222	26813166	18158739	15	2	2	2
20260612-010425	ItemConsume	ClearItemInPos	rage01	MaJas_ServeR	1090		1	200	1285	2754			0		0	0	0	0	B¹ch Kim Viªm §Õ Trang	0	101	30013	200	-851984950	2026-06-12 01:03:37	38146339	26812869	18158627	15	2	3	2
20260612-010425	ItemConsume	ClearItemInPos	rage01	MaJas_ServeR	1090		1	200	1285	2754			0		0	0	0	0	Tµng KiÕm Tö Kim m·o	0	103	95	200	-1001411379	2026-06-12 01:03:45	18095326	19011216	24063361	7	2	4	2
20260612-010425	ItemConsume	ClearItemInPos	rage01	MaJas_ServeR	1090		1	200	1285	2754			0		0	0	0	0	Kim Lò Th­êng	0	100	95	250	-74934126	2026-06-12 01:03:45	26682863	18155685	24063946	7	2	0	3
20260612-010425	ItemConsume	ClearItemInPos	rage01	MaJas_ServeR	1090		1	200	1285	2754			0		0	0	0	0	Tµng KiÕm ¤ kim phôc	0	101	95	200	280038523	2026-06-12 01:03:45	25502656	24389496	24063750	7	2	1	3
20260612-010425	ItemConsume	ClearItemInPos	rage01	MaJas_ServeR	1090		1	200	1285	2754			0		0	0	0	0	TiÓu Th­ Giíi ChØ	0	102	36	50	1894726232	2026-06-12 01:03:45	19010426	19075640	24059379	0	2	2	3
20260612-010425	ItemConsume	ClearItemInPos	rage01	MaJas_ServeR	1090		1	200	1285	2754			0		0	0	0	0	Tr­ëng L·o ChØ Hoµn	0	102	37	50	1390584889	2026-06-12 01:03:45	1516540	8533140	24063820	0	2	3	3
20260612-010425	ItemConsume	ClearItemInPos	rage01	MaJas_ServeR	1090		1	200	1285	2754			0		0	0	0	0	Tµng KiÕm B¶o Ch©u	0	102	38	100	-916991634	2026-06-12 01:03:45	6695500	5188364	5254570	0	2	4	3
20260612-010425	ItemConsume	ClearItemInPos	rage01	MaJas_ServeR	1090		1	200	1285	2754			0		0	0	0	0	Tµng KiÕm Kú Th¹ch	0	102	39	100	1539762055	2026-06-12 01:03:45	6695120	25563191	0	0	2	0	4
20260612-010425	ItemConsume	ClearItemInPos	rage01	MaJas_ServeR	1090		1	200	1285	2754			0		0	0	0	0	Tµng KiÕm Kim Ên	0	102	40	100	774823651	2026-06-12 01:03:45	6695874	23936138	0	0	2	1	4
20260612-010425	ItemConsume	ClearItemInPos	rage01	MaJas_ServeR	1090		1	200	1285	2754			0		0	0	0	0	Ph¸ Hån LÖnh (§Çu)	2	1	31529	1	1962591231	2026-06-12 01:03:49	4294904671	199953	0	0	2	2	4
20260612-010425	ItemConsume	ClearItemInPos	rage01	MaJas_ServeR	1090		1	200	1285	2754			0		0	0	0	0	Ph¸ Hån LÖnh (¸o)	2	1	31530	1	-1774332616	2026-06-12 01:03:49	4294904854	0	0	0	2	3	4
20260612-010425	ItemConsume	ClearItemInPos	rage01	MaJas_ServeR	1090		1	200	1285	2754			0		0	0	0	0	Ph¸ Hån LÖnh (QuÇn)	2	1	31531	1	-2078875486	2026-06-12 01:03:49	4294904026	0	0	0	2	4	4
20260612-010425	ItemConsume	ClearItemInPos	rage01	MaJas_ServeR	1090		1	200	1285	2754			0		0	0	0	0	Ph¸ Hån LÖnh (Vò KhÝ)	2	1	31532	1	-1521145124	2026-06-12 01:03:49	4328623	0	0	0	2	0	5
20260612-010425	ItemConsume	ClearItemInPos	rage01	MaJas_ServeR	1090		1	200	1285	2754			0		0	0	0	0	NhÉn Ph¸ Hån	0	102	32160	100	-2022692465	2026-06-12 01:03:59	0	0	0	0	2	1	5
20260612-010425	ItemConsume	ClearItemInPos	rage01	MaJas_ServeR	1090		1	200	1285	2754			0		0	0	0	0	Ph¸ Hån LÖnh (Trang Søc	2	1	31533	1	40679872	2026-06-12 01:03:49	4294904940	0	0	0	2	2	5
20260612-010425	ItemConsume	ClearItemInPos	rage01	MaJas_ServeR	1090		1	200	1285	2754			0		0	0	0	0	Ph¸ Hån LÖnh (§Çu)	2	1	31529	1	-926513690	2026-06-12 01:04:07	198887	4294904409	0	0	2	3	5
20260612-010425	ItemConsume	ClearItemInPos	rage01	MaJas_ServeR	1090		1	200	1285	2754			0		0	0	0	0	Ph¸ Hån LÖnh (¸o)	2	1	31530	1	-1380807156	2026-06-12 01:04:07	4294905641	0	0	0	2	4	5
20260612-010425	ItemConsume	ClearItemInPos	rage01	MaJas_ServeR	1090		1	200	1285	2754			0		0	0	0	0	Ph¸ Hån LÖnh (QuÇn)	2	1	31531	1	658345213	2026-06-12 01:04:07	593271	0	0	0	2	0	6
20260612-010425	ItemConsume	ClearItemInPos	rage01	MaJas_ServeR	1090		1	200	1285	2754			0		0	0	0	0	Ph¸ Hån LÖnh (Vò KhÝ)	2	1	31532	1	-1721207729	2026-06-12 01:04:07	592685	0	0	0	2	1	6
20260612-010425	ItemConsume	ClearItemInPos	rage01	MaJas_ServeR	1090		1	200	1285	2754			0		0	0	0	0	Ph¸ Hån LÖnh (Trang Søc	2	1	31533	1	-2062927951	2026-06-12 01:04:07	4294904760	592701	0	0	2	2	6
20260612-010425	ItemConsume	ClearItemInPos	rage01	MaJas_ServeR	1090		1	200	1285	2754			0		0	0	0	0	Ph¸ Hån LÖnh (Trang Søc	2	1	31533	1	-58055361	2026-06-12 01:04:07	1379646	4294904817	0	0	2	3	6
20260612-010425	ItemConsume	ClearItemInPos	rage01	MaJas_ServeR	1090		1	200	1285	2754			0		0	0	0	0	S¸t Tinh LÖnh Bµi (§Çu)	2	1	31313	1	2136002808	2026-06-12 01:04:12	4294904982	0	0	0	2	4	6
20260612-010425	ItemConsume	ClearItemInPos	rage01	MaJas_ServeR	1090		1	200	1285	2754			0		0	0	0	0	S¸t Tinh LÖnh Bµi (¸o)	2	1	31314	1	1758730073	2026-06-12 01:04:12	4294904867	0	0	0	2	0	7
20260612-010425	ItemConsume	ClearItemInPos	rage01	MaJas_ServeR	1090		1	200	1285	2754			0		0	0	0	0	S¸t Tinh LÖnh Bµi (QuÇn	2	1	31315	1	31603470	2026-06-12 01:04:12	4294905438	0	0	0	2	1	7
20260612-010425	ItemConsume	ClearItemInPos	rage01	MaJas_ServeR	1090		1	200	1285	2754			0		0	0	0	0	S¸t Tinh LÖnh Bµi (Vò K	2	1	31316	1	132710824	2026-06-12 01:04:12	593394	4294905490	0	0	2	2	7
20260612-010425	ItemConsume	ClearItemInPos	rage01	MaJas_ServeR	1090		1	200	1285	2754			0		0	0	0	0	S¸t Tinh LÖnh Bµi (Tran	2	1	31317	1	1622075141	2026-06-12 01:04:12	4294904281	1379503	0	0	2	3	7
20260612-010425	ItemConsume	ClearItemInPos	rage01	MaJas_ServeR	1090		1	200	1285	2754			0		0	0	0	0	S¸t Tinh LÖnh Bµi (Tran	2	1	31317	1	1070419286	2026-06-12 01:04:12	4294904647	0	0	0	2	4	7
20260612-010425	ItemConsume	ClearItemInPos	rage01	MaJas_ServeR	1090		1	200	1285	2754			0		0	0	0	0	B¹ch Kim Viªm §Õ Kh«i	0	103	30013	200	686010327	2026-06-12 01:04:17	31270503	18158512	18223980	15	2	0	8
20260612-010425	ItemConsume	ClearItemInPos	rage01	MaJas_ServeR	1090		1	200	1285	2754			0		0	0	0	0	B¹ch Kim Viªm §Õ Gi¸p	0	100	30013	250	-2012663324	2026-06-12 01:04:17	38149734	26813675	18158133	15	2	1	8
20260612-010425	ItemConsume	ClearItemInPos	rage01	MaJas_ServeR	1090		1	200	1285	2754			0		0	0	0	0	B¹ch Kim Viªm §Õ Trang	0	101	30013	200	-1772382283	2026-06-12 01:04:17	38146098	26812526	18158083	15	2	2	8
20260612-010425	ItemConsume	ClearItemInPos	rage01	MaJas_ServeR	1090		1	200	1285	2754			0		0	0	0	0	Tµng KiÕm Tö Kim m·o	0	103	95	200	-112450278	2026-06-12 01:04:21	18095626	19009722	24062623	7	2	3	8
20260612-010425	ItemConsume	ClearItemInPos	rage01	MaJas_ServeR	1090		1	200	1285	2754			0		0	0	0	0	Kim Lò Th­êng	0	100	95	250	-1840176733	2026-06-12 01:04:21	26683146	18155655	24062681	7	2	4	8
20260612-010425	ItemConsume	ClearItemInPos	rage01	MaJas_ServeR	1090		1	200	1285	2754			0		0	0	0	0	Tµng KiÕm ¤ kim phôc	0	101	95	200	954604704	2026-06-12 01:04:21	25503607	24387983	24062872	7	2	0	9
20260612-010425	ItemConsume	ClearItemInPos	rage01	MaJas_ServeR	1090		1	200	1285	2754			0		0	0	0	0	TiÓu Th­ Giíi ChØ	0	102	36	50	341430817	2026-06-12 01:04:21	19010451	19076619	24058894	0	2	1	9
20260612-010425	ItemConsume	ClearItemInPos	rage01	MaJas_ServeR	1090		1	200	1285	2754			0		0	0	0	0	Tr­ëng L·o ChØ Hoµn	0	102	37	50	-247067786	2026-06-12 01:04:21	1516283	8532251	24062754	0	2	2	9
20260612-010425	ItemConsume	ClearItemInPos	rage01	MaJas_ServeR	1090		1	200	1285	2754			0		0	0	0	0	Tµng KiÕm B¶o Ch©u	0	102	38	100	848615471	2026-06-12 01:04:21	6695231	5187789	5253855	0	2	3	9
20260612-010425	ItemConsume	ClearItemInPos	rage01	MaJas_ServeR	1090		1	200	1285	2754			0		0	0	0	0	Tµng KiÕm Kú Th¹ch	0	102	39	100	1311111964	2026-06-12 01:04:21	6695730	25564649	0	0	2	4	9
20260612-010425	ItemConsume	ClearItemInPos	rage01	MaJas_ServeR	1090		1	200	1285	2754			0		0	0	0	0	Tµng KiÕm Kim Ên	0	102	40	100	-1634696664	2026-06-12 01:04:21	6696266	23935072	0	0	2	0	10
20260612-010425	ItemAdd	3086646439	rage01	MaJas_ServeR	1090		1	200	1285	2754			0		0	0	0	0	Vâ L©m 2 Shiina	2	1	50001	1	-435952241	2026-06-12 01:04:25	4294905358	592680	0	0	-1	-1	-1
20260612-010535	ItemAdd	1128904464	rage01	MaJas_ServeR	1090		1	200	1276	2763			0		0	0	0	0	Nh­ Lai Kinh	0	112	102	0	1804307769	2026-06-12 01:05:35	0	0	7680	0	-1	-1	-1
20260612-010542	ItemAdd	3220264017	rage01	MaJas_ServeR	1090		1	200	1276	2763			0		0	0	0	0	[BÝ §iÓn] MËt TÞch TiÒm	0	107	30046	0	-1252393313	2026-06-12 01:05:42	335610880	336856067	197889	0	-1	-1	-1
20260612-010542	ItemAdd	3220264017	rage01	MaJas_ServeR	1090		1	200	1276	2763			0		0	0	0	0	[BÝ §iÓn] MËt TÞch TiÒm	0	107	30046	0	-723715323	2026-06-12 01:05:42	335610880	336856068	196609	0	-1	-1	-1
20260612-010558	ItemAdd	1466563955	rage01	MaJas_ServeR	1090		1	200	1284	2750			0		0	0	0	0	Thñy Linh Phô ThÓ Lv7	2	150	115	1	1900975394	2026-06-12 01:05:58	2048	2048	2048	0	-1	-1	-1
20260612-010558	ItemAdd	1466563955	rage01	MaJas_ServeR	1090		1	200	1284	2750			0		0	0	0	0	Ch©n KhÝ Hé ThÓ Lv7	2	150	107	1	-430251172	2026-06-12 01:05:58	2048	2048	2048	0	-1	-1	-1
20260612-010558	ItemAdd	1466563955	rage01	MaJas_ServeR	1090		1	200	1284	2750			0		0	0	0	0	C­êng Th©n B¸ ThÓ Lv7	2	150	109	1	-345357594	2026-06-12 01:05:58	2048	2048	2048	0	-1	-1	-1
20260612-010558	ItemAdd	1466563955	rage01	MaJas_ServeR	1090		1	200	1284	2750			0		0	0	0	0	Khinh Linh TÊn TËt Lv7	2	150	120	1	-1612279554	2026-06-12 01:05:58	2048	2048	2048	0	-1	-1	-1
20260612-010558	ItemAdd	1466563955	rage01	MaJas_ServeR	1090		1	200	1284	2750			0		0	0	0	0	ThiÕt Bè Sam Lv3	2	150	126	1	130938035	2026-06-12 01:05:58	2048	2048	2048	0	-1	-1	-1
20260612-010558	ItemAdd	1466563955	rage01	MaJas_ServeR	1090		1	200	1284	2750			0		0	0	0	0	Ph¸ Kh«ng Tr¶m A¶nh Lv7	2	150	118	1	-2037133771	2026-06-12 01:05:58	2048	2048	2048	0	-1	-1	-1
20260612-010558	ItemAdd	1466563955	rage01	MaJas_ServeR	1090		1	200	1284	2750			0		0	0	0	0	Háa Linh Phô ThÓ Lv7	2	150	116	1	-160032441	2026-06-12 01:05:58	2048	2048	2048	0	-1	-1	-1
20260612-010558	ItemAdd	1466563955	rage01	MaJas_ServeR	1090		1	200	1284	2750			0		0	0	0	0	Thæ Linh Phô ThÓ Lv7	2	150	117	1	759634964	2026-06-12 01:05:58	2048	2048	2048	0	-1	-1	-1
20260612-010558	ItemAdd	1466563955	rage01	MaJas_ServeR	1090		1	200	1284	2750			0		0	0	0	0	C­êng Th©n B¸ ThÓ Lv7	2	150	109	1	1825792421	2026-06-12 01:05:58	2048	2048	2048	0	-1	-1	-1
20260612-010558	ItemAdd	1466563955	rage01	MaJas_ServeR	1090		1	200	1284	2750			0		0	0	0	0	C­êng Th©n B¸ ThÓ Lv7	2	150	109	1	-2132034505	2026-06-12 01:05:58	2048	2048	2048	0	-1	-1	-1
20260612-010617	ItemAdd	394055601	rage01	MaJas_ServeR	1090		500	200	1284	2750			0		0	0	0	0	Tinh Hån	2	95	3855	500	-688457530	2026-06-12 01:06:17	4294905798	723802	0	0	-1	-1	-1
20260612-010617	ItemAdd	394055601	rage01	MaJas_ServeR	1090		500	200	1284	2750			0		0	0	0	0	NguyÖt Ph¸ch	2	102	232	500	-2028420628	2026-06-12 01:06:17	4294903904	0	0	0	-1	-1	-1
20260612-010637	ItemAdd	1954178750	rage01	MaJas_ServeR	1090		500	200	1284	2750			0		0	0	0	0	Håi Tiªn §¬n	2	1	30847	500	-1437928096	2026-06-12 01:06:37	592451	4294903820	0	0	-1	-1	-1
20260612-010637	ItemAdd	1954178750	rage01	MaJas_ServeR	1090		500	200	1284	2750			0		0	0	0	0	Linh Ph¸ch §¬n	2	1	31239	500	1048264093	2026-06-12 01:06:37	4294905544	0	0	0	-1	-1	-1
20260612-010643	ItemAdd	2595979104	rage01	MaJas_ServeR	1090		100	200	1284	2750			0		0	0	0	0	Linh Th¹ch khãa (1)	2	1	30904	100	-578817626	2026-06-12 01:06:43	4294905541	0	0	0	-1	-1	-1
20260612-010643	ItemAdd	2595979104	rage01	MaJas_ServeR	1090		100	200	1284	2750			0		0	0	0	0	Linh Th¹ch khãa (2)	2	1	30905	100	1361350400	2026-06-12 01:06:43	4294904940	3739252	0	0	-1	-1	-1
20260612-010643	ItemAdd	2595979104	rage01	MaJas_ServeR	1090		100	200	1284	2750			0		0	0	0	0	Linh Th¹ch khãa (3)	2	1	30906	100	-780292675	2026-06-12 01:06:43	4294905229	0	0	0	-1	-1	-1
20260612-010643	ItemAdd	2595979104	rage01	MaJas_ServeR	1090		100	200	1284	2750			0		0	0	0	0	Linh Th¹ch khãa (4)	2	1	30907	100	-1772548030	2026-06-12 01:06:43	593279	199847	0	0	-1	-1	-1
20260612-010643	ItemAdd	2595979104	rage01	MaJas_ServeR	1090		100	200	1284	2750			0		0	0	0	0	Linh Th¹ch khãa (5)	2	1	30908	100	1398468744	2026-06-12 01:06:43	4459594	4294905616	0	0	-1	-1	-1
20260612-010643	ItemAdd	2595979104	rage01	MaJas_ServeR	1090		100	200	1284	2750			0		0	0	0	0	Linh Th¹ch khãa (6)	2	1	30909	100	212001125	2026-06-12 01:06:43	3672387	593449	0	0	-1	-1	-1
20260612-010643	ItemAdd	2595979104	rage01	MaJas_ServeR	1090		100	200	1284	2750			0		0	0	0	0	§æi Linh Th¹ch-Cao 1	2	1	31249	100	1054953092	2026-06-12 01:06:43	592581	4294904818	0	0	-1	-1	-1
20260612-010643	ItemAdd	2595979104	rage01	MaJas_ServeR	1090		100	200	1284	2750			0		0	0	0	0	§æi Linh Th¹ch-Cao 2	2	1	31250	100	312038202	2026-06-12 01:06:43	4294904606	592505	0	0	-1	-1	-1
20260612-010643	ItemAdd	2595979104	rage01	MaJas_ServeR	1090		100	200	1284	2750			0		0	0	0	0	§æi Linh Th¹ch-Cao 3	2	1	31251	100	-620907451	2026-06-12 01:06:43	4294904071	199737	0	0	-1	-1	-1
20260612-010643	ItemAdd	2595979104	rage01	MaJas_ServeR	1090		100	200	1284	2750			0		0	0	0	0	§æi Linh Th¹ch-Cao 4	2	1	31252	100	789171684	2026-06-12 01:06:43	4294905213	0	0	0	-1	-1	-1
20260612-010643	ItemAdd	2595979104	rage01	MaJas_ServeR	1090		100	200	1284	2750			0		0	0	0	0	§æi Linh Th¹ch-Cao 5	2	1	31253	100	584284078	2026-06-12 01:06:43	3869909	0	0	0	-1	-1	-1
20260612-010643	ItemAdd	2595979104	rage01	MaJas_ServeR	1090		100	200	1284	2750			0		0	0	0	0	§æi Linh Th¹ch-Cao 6	2	1	31254	100	1243798344	2026-06-12 01:06:43	1379574	4327648	0	0	-1	-1	-1
20260612-010643	ItemAdd	2595979104	rage01	MaJas_ServeR	1090		50	200	1284	2750			0		0	0	0	0	X· Qu©n Táa Linh Th¹ch 	2	1	31391	50	233535198	2026-06-12 01:06:43	4294904488	0	0	0	-1	-1	-1
20260612-010643	ItemAdd	2595979104	rage01	MaJas_ServeR	1090		50	200	1284	2750			0		0	0	0	0	X· Qu©n Táa Linh Th¹ch 	2	1	31392	50	560764920	2026-06-12 01:06:43	592810	0	0	0	-1	-1	-1
20260612-010643	ItemAdd	2595979104	rage01	MaJas_ServeR	1090		50	200	1284	2750			0		0	0	0	0	X· Qu©n Táa Linh Th¹ch 	2	1	31393	50	1705199970	2026-06-12 01:06:43	199404	4294904698	0	0	-1	-1	-1
20260612-010643	ItemAdd	2595979104	rage01	MaJas_ServeR	1090		50	200	1284	2750			0		0	0	0	0	X· Qu©n Táa Linh Th¹ch 	2	1	31394	50	210799565	2026-06-12 01:06:43	4262467	0	0	0	-1	-1	-1
20260612-010643	ItemAdd	2595979104	rage01	MaJas_ServeR	1090		50	200	1284	2750			0		0	0	0	0	X· Qu©n Táa Linh Th¹ch 	2	1	31395	50	1151083935	2026-06-12 01:06:43	4294904157	0	0	0	-1	-1	-1
20260612-010643	ItemAdd	2595979104	rage01	MaJas_ServeR	1090		50	200	1284	2750			0		0	0	0	0	X· Qu©n Táa Linh Th¹ch 	2	1	31396	50	-1780901556	2026-06-12 01:06:43	4294904154	0	0	0	-1	-1	-1
20260612-010643	ItemAdd	2595979104	rage01	MaJas_ServeR	1090		50	200	1284	2750			0		0	0	0	0	Tinh VÉn Táa Linh Th¹ch	2	1	31604	50	1160653117	2026-06-12 01:06:43	4294904562	3673397	0	0	-1	-1	-1
20260612-010643	ItemAdd	2595979104	rage01	MaJas_ServeR	1090		50	200	1284	2750			0		0	0	0	0	Tinh VÉn Táa Linh Th¹ch	2	1	31605	50	-1242427029	2026-06-12 01:06:43	4294903894	0	0	0	-1	-1	-1
20260612-010643	ItemAdd	2595979104	rage01	MaJas_ServeR	1090		50	200	1284	2750			0		0	0	0	0	Tinh VÉn Táa Linh Th¹ch	2	1	31606	50	1298531848	2026-06-12 01:06:43	4294905668	5114211	0	0	-1	-1	-1
20260612-010643	ItemAdd	2595979104	rage01	MaJas_ServeR	1090		50	200	1284	2750			0		0	0	0	0	Tinh VÉn Táa Linh Th¹ch	2	1	31607	50	-326464283	2026-06-12 01:06:43	4294904693	0	0	0	-1	-1	-1
20260612-010643	ItemAdd	2595979104	rage01	MaJas_ServeR	1090		50	200	1284	2750			0		0	0	0	0	Tinh VÉn Táa Linh Th¹ch	2	1	31608	50	-1532623734	2026-06-12 01:06:43	4294905768	0	0	0	-1	-1	-1
20260612-010643	ItemAdd	2595979104	rage01	MaJas_ServeR	1090		50	200	1284	2750			0		0	0	0	0	Tinh VÉn Táa Linh Th¹ch	2	1	31609	50	-1863173677	2026-06-12 01:06:43	593461	0	0	0	-1	-1	-1
20260612-010654	ItemAdd	2388713172	rage01	MaJas_ServeR	1090		1	200	1284	2750			0		0	0	0	0	§Þnh Hån Thiªn Th¹ch Th	2	1	1067	1	815371363	2026-06-12 01:06:54	4294904386	199371	0	0	-1	-1	-1
20260612-010654	ItemAdd	2388713172	rage01	MaJas_ServeR	1090		1	200	1284	2750			0		0	0	0	0	§¹i §Þnh Hån 	2	1	1113	1	510524716	2026-06-12 01:06:54	4294905710	0	0	0	-1	-1	-1
20260612-010654	ItemAdd	2388713172	rage01	MaJas_ServeR	1090		1	200	1284	2750			0		0	0	0	0	Thiªn Th¹ch linh th¹ch	2	1	1068	1	1895998109	2026-06-12 01:06:54	592509	4294905730	0	0	-1	-1	-1
20260612-010654	ItemAdd	2388713172	rage01	MaJas_ServeR	1090		100	200	1284	2750			0		0	0	0	0	Thiªn Th¹ch Tinh Th¹ch	2	1	1009	100	355621710	2026-06-12 01:06:54	4294905611	0	0	0	-1	-1	-1
20260612-010654	ItemAdd	2388713172	rage01	MaJas_ServeR	1090		50	200	1284	2750			0		0	0	0	0	C­êng hãa quyÓn 12	2	1	30424	50	822268904	2026-06-12 01:06:54	4294904971	0	0	0	-1	-1	-1
20260612-010654	ItemAdd	2388713172	rage01	MaJas_ServeR	1090		50	200	1284	2750			0		0	0	0	0	C­êng hãa quyÓn 13	2	1	30425	50	-1772865326	2026-06-12 01:06:54	4294905155	0	0	0	-1	-1	-1
20260612-010654	ItemAdd	2388713172	rage01	MaJas_ServeR	1090		50	200	1284	2750			0		0	0	0	0	C­êng hãa quyÓn 14	2	1	30426	50	-387276357	2026-06-12 01:06:54	592152	4294905576	0	0	-1	-1	-1
20260612-010654	ItemAdd	2388713172	rage01	MaJas_ServeR	1090		50	200	1284	2750			0		0	0	0	0	C­êng hãa quyÓn 15	2	1	30427	50	1793606628	2026-06-12 01:06:54	4294905447	1379233	0	0	-1	-1	-1
20260612-010654	ItemAdd	2388713172	rage01	MaJas_ServeR	1090		20	200	1284	2750			0		0	0	0	0	Ma §ao Th¹ch cÊp 1	2	1	30428	20	-999486415	2026-06-12 01:06:54	592017	0	0	0	-1	-1	-1
20260612-010654	ItemAdd	2388713172	rage01	MaJas_ServeR	1090		20	200	1284	2750			0		0	0	0	0	Ma §¹o Th¹ch cÊp 2	2	1	30429	20	580172835	2026-06-12 01:06:54	593702	4294904144	0	0	-1	-1	-1
20260612-010654	ItemAdd	2388713172	rage01	MaJas_ServeR	1090		20	200	1284	2750			0		0	0	0	0	Ma §ao Th¹ch cÊp 3	2	1	30430	20	1215914988	2026-06-12 01:06:54	4294904355	0	0	0	-1	-1	-1
20260612-010714	ItemConsume	ClearItemInPos	rage01	MaJas_ServeR	1090		1	200	1284	2750			0		0	0	0	0	Vâ L©m 2 Shiina	2	1	50001	1	-435952241	2026-06-12 01:04:25	4294905358	592680	0	0	2	0	0
20260612-010714	ItemConsume	ClearItemInPos	rage01	MaJas_ServeR	1090		1	200	1284	2750			0		0	0	0	0	Nh­ Lai Kinh	0	112	102	0	1804307769	2026-06-12 01:05:35	0	0	7680	0	2	1	0
20260612-010714	ItemConsume	ClearItemInPos	rage01	MaJas_ServeR	1090		1	200	1284	2750			0		0	0	0	0	TiÒm Long Tóc DiÖt Ch©n	0	107	30019	0	-1559423401	2026-06-12 00:44:23	503579392	488506116	16975105	0	2	2	0
20260612-010714	ItemConsume	ClearItemInPos	rage01	MaJas_ServeR	1090		1	200	1284	2750			0		0	0	0	0	[BÝ §iÓn] MËt TÞch TiÒm	0	107	30046	0	-723715323	2026-06-12 01:05:42	335610880	336856068	196609	0	2	3	0
20260612-010714	ItemConsume	ClearItemInPos	rage01	MaJas_ServeR	1090		1	200	1284	2750			0		0	0	0	0	Thñy Linh Phô ThÓ Lv7	2	150	115	1	1900975394	2026-06-12 01:05:58	2048	2048	2048	0	2	4	0
20260612-010714	ItemConsume	ClearItemInPos	rage01	MaJas_ServeR	1090		1	200	1284	2750			0		0	0	0	0	Ch©n KhÝ Hé ThÓ Lv7	2	150	107	1	-430251172	2026-06-12 01:05:58	2048	2048	2048	0	2	0	1
20260612-010714	ItemConsume	ClearItemInPos	rage01	MaJas_ServeR	1090		1	200	1284	2750			0		0	0	0	0	C­êng Th©n B¸ ThÓ Lv7	2	150	109	1	-345357594	2026-06-12 01:05:58	2048	2048	2048	0	2	1	1
20260612-010714	ItemConsume	ClearItemInPos	rage01	MaJas_ServeR	1090		1	200	1284	2750			0		0	0	0	0	Khinh Linh TÊn TËt Lv7	2	150	120	1	-1612279554	2026-06-12 01:05:58	2048	2048	2048	0	2	2	1
20260612-010714	ItemConsume	ClearItemInPos	rage01	MaJas_ServeR	1090		1	200	1284	2750			0		0	0	0	0	ThiÕt Bè Sam Lv3	2	150	126	1	130938035	2026-06-12 01:05:58	2048	2048	2048	0	2	3	1
20260612-010714	ItemConsume	ClearItemInPos	rage01	MaJas_ServeR	1090		1	200	1284	2750			0		0	0	0	0	Ph¸ Kh«ng Tr¶m A¶nh Lv7	2	150	118	1	-2037133771	2026-06-12 01:05:58	2048	2048	2048	0	2	4	1
20260612-010714	ItemConsume	ClearItemInPos	rage01	MaJas_ServeR	1090		1	200	1284	2750			0		0	0	0	0	Háa Linh Phô ThÓ Lv7	2	150	116	1	-160032441	2026-06-12 01:05:58	2048	2048	2048	0	2	0	2
20260612-010714	ItemConsume	ClearItemInPos	rage01	MaJas_ServeR	1090		1	200	1284	2750			0		0	0	0	0	Thæ Linh Phô ThÓ Lv7	2	150	117	1	759634964	2026-06-12 01:05:58	2048	2048	2048	0	2	1	2
20260612-010714	ItemConsume	ClearItemInPos	rage01	MaJas_ServeR	1090		1	200	1284	2750			0		0	0	0	0	C­êng Th©n B¸ ThÓ Lv7	2	150	109	1	1825792421	2026-06-12 01:05:58	2048	2048	2048	0	2	2	2
20260612-010714	ItemConsume	ClearItemInPos	rage01	MaJas_ServeR	1090		1	200	1284	2750			0		0	0	0	0	C­êng Th©n B¸ ThÓ Lv7	2	150	109	1	-2132034505	2026-06-12 01:05:58	2048	2048	2048	0	2	3	2
20260612-010714	ItemConsume	ClearItemInPos	rage01	MaJas_ServeR	1090		500	200	1284	2750			0		0	0	0	0	Tinh Hån	2	95	3855	500	-688457530	2026-06-12 01:06:17	4294905798	723802	0	0	2	4	2
20260612-010714	ItemConsume	ClearItemInPos	rage01	MaJas_ServeR	1090		500	200	1284	2750			0		0	0	0	0	NguyÖt Ph¸ch	2	102	232	500	-2028420628	2026-06-12 01:06:17	4294903904	0	0	0	2	0	3
20260612-010714	ItemConsume	ClearItemInPos	rage01	MaJas_ServeR	1090		500	200	1284	2750			0		0	0	0	0	Håi Tiªn §¬n	2	1	30847	500	-1437928096	2026-06-12 01:06:37	592451	4294903820	0	0	2	1	3
20260612-010714	ItemConsume	ClearItemInPos	rage01	MaJas_ServeR	1090		500	200	1284	2750			0		0	0	0	0	Linh Ph¸ch §¬n	2	1	31239	500	1048264093	2026-06-12 01:06:37	4294905544	0	0	0	2	2	3
20260612-010714	ItemConsume	ClearItemInPos	rage01	MaJas_ServeR	1090		100	200	1284	2750			0		0	0	0	0	Linh Th¹ch khãa (1)	2	1	30904	100	-578817626	2026-06-12 01:06:43	4294905541	0	0	0	2	3	3
20260612-010714	ItemConsume	ClearItemInPos	rage01	MaJas_ServeR	1090		100	200	1284	2750			0		0	0	0	0	Linh Th¹ch khãa (2)	2	1	30905	100	1361350400	2026-06-12 01:06:43	4294904940	3739252	0	0	2	4	3
20260612-010714	ItemConsume	ClearItemInPos	rage01	MaJas_ServeR	1090		100	200	1284	2750			0		0	0	0	0	Linh Th¹ch khãa (3)	2	1	30906	100	-780292675	2026-06-12 01:06:43	4294905229	0	0	0	2	0	4
20260612-010714	ItemConsume	ClearItemInPos	rage01	MaJas_ServeR	1090		100	200	1284	2750			0		0	0	0	0	Linh Th¹ch khãa (4)	2	1	30907	100	-1772548030	2026-06-12 01:06:43	593279	199847	0	0	2	1	4
20260612-010714	ItemConsume	ClearItemInPos	rage01	MaJas_ServeR	1090		100	200	1284	2750			0		0	0	0	0	Linh Th¹ch khãa (5)	2	1	30908	100	1398468744	2026-06-12 01:06:43	4459594	4294905616	0	0	2	2	4
20260612-010714	ItemConsume	ClearItemInPos	rage01	MaJas_ServeR	1090		100	200	1284	2750			0		0	0	0	0	Linh Th¹ch khãa (6)	2	1	30909	100	212001125	2026-06-12 01:06:43	3672387	593449	0	0	2	3	4
20260612-010714	ItemConsume	ClearItemInPos	rage01	MaJas_ServeR	1090		100	200	1284	2750			0		0	0	0	0	§æi Linh Th¹ch-Cao 1	2	1	31249	100	1054953092	2026-06-12 01:06:43	592581	4294904818	0	0	2	4	4
20260612-010714	ItemConsume	ClearItemInPos	rage01	MaJas_ServeR	1090		100	200	1284	2750			0		0	0	0	0	§æi Linh Th¹ch-Cao 2	2	1	31250	100	312038202	2026-06-12 01:06:43	4294904606	592505	0	0	2	0	5
20260612-010714	ItemConsume	ClearItemInPos	rage01	MaJas_ServeR	1090		100	200	1284	2750			0		0	0	0	0	§æi Linh Th¹ch-Cao 3	2	1	31251	100	-620907451	2026-06-12 01:06:43	4294904071	199737	0	0	2	1	5
20260612-010714	ItemConsume	ClearItemInPos	rage01	MaJas_ServeR	1090		100	200	1284	2750			0		0	0	0	0	§æi Linh Th¹ch-Cao 4	2	1	31252	100	789171684	2026-06-12 01:06:43	4294905213	0	0	0	2	2	5
20260612-010714	ItemConsume	ClearItemInPos	rage01	MaJas_ServeR	1090		100	200	1284	2750			0		0	0	0	0	§æi Linh Th¹ch-Cao 5	2	1	31253	100	584284078	2026-06-12 01:06:43	3869909	0	0	0	2	3	5
20260612-010714	ItemConsume	ClearItemInPos	rage01	MaJas_ServeR	1090		100	200	1284	2750			0		0	0	0	0	§æi Linh Th¹ch-Cao 6	2	1	31254	100	1243798344	2026-06-12 01:06:43	1379574	4327648	0	0	2	4	5
20260612-010714	ItemConsume	ClearItemInPos	rage01	MaJas_ServeR	1090		50	200	1284	2750			0		0	0	0	0	X· Qu©n Táa Linh Th¹ch 	2	1	31391	50	233535198	2026-06-12 01:06:43	4294904488	0	0	0	2	0	6
20260612-010714	ItemConsume	ClearItemInPos	rage01	MaJas_ServeR	1090		50	200	1284	2750			0		0	0	0	0	X· Qu©n Táa Linh Th¹ch 	2	1	31392	50	560764920	2026-06-12 01:06:43	592810	0	0	0	2	1	6
20260612-010714	ItemConsume	ClearItemInPos	rage01	MaJas_ServeR	1090		50	200	1284	2750			0		0	0	0	0	X· Qu©n Táa Linh Th¹ch 	2	1	31393	50	1705199970	2026-06-12 01:06:43	199404	4294904698	0	0	2	2	6
20260612-010714	ItemConsume	ClearItemInPos	rage01	MaJas_ServeR	1090		50	200	1284	2750			0		0	0	0	0	X· Qu©n Táa Linh Th¹ch 	2	1	31394	50	210799565	2026-06-12 01:06:43	4262467	0	0	0	2	3	6
20260612-010714	ItemConsume	ClearItemInPos	rage01	MaJas_ServeR	1090		50	200	1284	2750			0		0	0	0	0	X· Qu©n Táa Linh Th¹ch 	2	1	31395	50	1151083935	2026-06-12 01:06:43	4294904157	0	0	0	2	4	6
20260612-010714	ItemConsume	ClearItemInPos	rage01	MaJas_ServeR	1090		50	200	1284	2750			0		0	0	0	0	X· Qu©n Táa Linh Th¹ch 	2	1	31396	50	-1780901556	2026-06-12 01:06:43	4294904154	0	0	0	2	0	7
20260612-010714	ItemConsume	ClearItemInPos	rage01	MaJas_ServeR	1090		50	200	1284	2750			0		0	0	0	0	Tinh VÉn Táa Linh Th¹ch	2	1	31604	50	1160653117	2026-06-12 01:06:43	4294904562	3673397	0	0	2	1	7
20260612-010714	ItemConsume	ClearItemInPos	rage01	MaJas_ServeR	1090		50	200	1284	2750			0		0	0	0	0	Tinh VÉn Táa Linh Th¹ch	2	1	31605	50	-1242427029	2026-06-12 01:06:43	4294903894	0	0	0	2	2	7
20260612-010714	ItemConsume	ClearItemInPos	rage01	MaJas_ServeR	1090		50	200	1284	2750			0		0	0	0	0	Tinh VÉn Táa Linh Th¹ch	2	1	31606	50	1298531848	2026-06-12 01:06:43	4294905668	5114211	0	0	2	3	7
20260612-010714	ItemConsume	ClearItemInPos	rage01	MaJas_ServeR	1090		50	200	1284	2750			0		0	0	0	0	Tinh VÉn Táa Linh Th¹ch	2	1	31607	50	-326464283	2026-06-12 01:06:43	4294904693	0	0	0	2	4	7
20260612-010714	ItemConsume	ClearItemInPos	rage01	MaJas_ServeR	1090		50	200	1284	2750			0		0	0	0	0	Tinh VÉn Táa Linh Th¹ch	2	1	31608	50	-1532623734	2026-06-12 01:06:43	4294905768	0	0	0	2	0	8
20260612-010714	ItemConsume	ClearItemInPos	rage01	MaJas_ServeR	1090		50	200	1284	2750			0		0	0	0	0	Tinh VÉn Táa Linh Th¹ch	2	1	31609	50	-1863173677	2026-06-12 01:06:43	593461	0	0	0	2	1	8
20260612-010714	ItemConsume	ClearItemInPos	rage01	MaJas_ServeR	1090		1	200	1284	2750			0		0	0	0	0	§Þnh Hån Thiªn Th¹ch Th	2	1	1067	1	815371363	2026-06-12 01:06:54	4294904386	199371	0	0	2	2	8
20260612-010714	ItemConsume	ClearItemInPos	rage01	MaJas_ServeR	1090		1	200	1284	2750			0		0	0	0	0	§¹i §Þnh Hån 	2	1	1113	1	510524716	2026-06-12 01:06:54	4294905710	0	0	0	2	3	8
20260612-010714	ItemConsume	ClearItemInPos	rage01	MaJas_ServeR	1090		1	200	1284	2750			0		0	0	0	0	Thiªn Th¹ch linh th¹ch	2	1	1068	1	1895998109	2026-06-12 01:06:54	592509	4294905730	0	0	2	4	8
20260612-010714	ItemConsume	ClearItemInPos	rage01	MaJas_ServeR	1090		100	200	1284	2750			0		0	0	0	0	Thiªn Th¹ch Tinh Th¹ch	2	1	1009	100	355621710	2026-06-12 01:06:54	4294905611	0	0	0	2	0	9
20260612-010714	ItemConsume	ClearItemInPos	rage01	MaJas_ServeR	1090		50	200	1284	2750			0		0	0	0	0	C­êng hãa quyÓn 12	2	1	30424	50	822268904	2026-06-12 01:06:54	4294904971	0	0	0	2	1	9
20260612-010714	ItemConsume	ClearItemInPos	rage01	MaJas_ServeR	1090		50	200	1284	2750			0		0	0	0	0	C­êng hãa quyÓn 13	2	1	30425	50	-1772865326	2026-06-12 01:06:54	4294905155	0	0	0	2	2	9
20260612-010714	ItemConsume	ClearItemInPos	rage01	MaJas_ServeR	1090		50	200	1284	2750			0		0	0	0	0	C­êng hãa quyÓn 14	2	1	30426	50	-387276357	2026-06-12 01:06:54	592152	4294905576	0	0	2	3	9
20260612-010714	ItemConsume	ClearItemInPos	rage01	MaJas_ServeR	1090		50	200	1284	2750			0		0	0	0	0	C­êng hãa quyÓn 15	2	1	30427	50	1793606628	2026-06-12 01:06:54	4294905447	1379233	0	0	2	4	9
20260612-010714	ItemConsume	ClearItemInPos	rage01	MaJas_ServeR	1090		20	200	1284	2750			0		0	0	0	0	Ma §ao Th¹ch cÊp 1	2	1	30428	20	-999486415	2026-06-12 01:06:54	592017	0	0	0	2	0	10
20260612-010714	ItemConsume	ClearItemInPos	rage01	MaJas_ServeR	1090		20	200	1284	2750			0		0	0	0	0	Ma §¹o Th¹ch cÊp 2	2	1	30429	20	580172835	2026-06-12 01:06:54	593702	4294904144	0	0	2	1	10
20260612-010714	ItemConsume	ClearItemInPos	rage01	MaJas_ServeR	1090		20	200	1284	2750			0		0	0	0	0	Ma §ao Th¹ch cÊp 3	2	1	30430	20	1215914988	2026-06-12 01:06:54	4294904355	0	0	0	2	2	10
20260612-010714	ItemAdd	3086646439	rage01	MaJas_ServeR	1090		1	200	1284	2750			0		0	0	0	0	Vâ L©m 2 Shiina	2	1	50001	1	1758400009	2026-06-12 01:07:14	4294904539	0	0	0	-1	-1	-1
20260612-010718	ItemAdd	3220264017	rage01	MaJas_ServeR	1090		1	200	1284	2750			0		0	0	0	0	TiÒm Long MËt tÞch	0	107	3	0	1156203116	2026-06-12 01:07:18	167838464	84279811	131329	0	-1	-1	-1
20260612-010718	ItemAdd	3220264017	rage01	MaJas_ServeR	1090		1	200	1284	2750			0		0	0	0	0	TiÒm Long MËt tÞch	0	107	3	0	-1400935350	2026-06-12 01:07:18	134284288	50594306	132353	0	-1	-1	-1
20260612-010718	ItemAdd	3220264017	rage01	MaJas_ServeR	1090		1	200	1284	2750			0		0	0	0	0	TiÒm Long T©m Ph¸p	0	107	4	0	684909688	2026-06-12 01:07:18	67174912	50725380	131585	0	-1	-1	-1
20260612-010718	ItemAdd	3220264017	rage01	MaJas_ServeR	1090		1	200	1284	2750			0		0	0	0	0	TiÒm Long T©m Ph¸p	0	107	4	0	-1900673418	2026-06-12 01:07:18	100729600	50725380	132097	0	-1	-1	-1
20260612-010747	ItemAdd	1128904464	rage01	MaJas_ServeR	1090		1	200	1283	2756			0		0	0	0	0	Nh­ Lai Kinh	0	112	102	0	271955282	2026-06-12 01:07:47	0	0	7680	0	-1	-1	-1
20260612-010750	ItemAdd	3220264017	rage01	MaJas_ServeR	1090		1	200	1283	2756			0		0	0	0	0	[BÝ §iÓn] MËt TÞch TiÒm	0	107	30046	0	11435561	2026-06-12 01:07:50	335610624	336856068	196865	0	-1	-1	-1
20260612-010750	ItemAdd	3220264017	rage01	MaJas_ServeR	1090		1	200	1283	2756			0		0	0	0	0	[BÝ §iÓn] MËt TÞch TiÒm	0	107	30046	0	621109247	2026-06-12 01:07:50	335610880	336856068	197121	0	-1	-1	-1
20260612-010753	ItemAdd	3912887248	rage01	MaJas_ServeR	1090		1000	200	1283	2756			0		0	0	0	0	VËt phÈm Xu	2	1	30230	1000	1173036958	2026-06-12 01:07:53	4294905431	0	0	0	-1	-1	-1
20260612-010812	large_str	AddItem[/script/ksgvn/item/item_test_card.lua|book_AddTieuDao]			0		925694785	0	0	0			0		0	0	0	0		0	0	0	0	0		0	0	0	0	-1	-1	-1
20260612-010812	ItemAdd	925694785	rage01	MaJas_ServeR	1090		1	200	1283	2756			0		0	0	0	0	MËt TÞch Tiªu Dao	0	112	224	0	1605463802	2026-06-12 01:08:12	0	0	0	0	-1	-1	-1
20260612-010825	ItemAdd	925694785	rage01	MaJas_ServeR	1090		1	200	1283	2756			0		0	0	0	0	MËt TÞch Tiªu Dao	0	112	224	0	-1529869052	2026-06-12 01:08:25	0	0	0	0	-1	-1	-1
20260612-010846	large_str	AddItem[/script/ksgvn/item/item_test_card.lua|book_AddLangBa]			0		1672721594	0	0	0			0		0	0	0	0		0	0	0	0	0		0	0	0	0	-1	-1	-1
20260612-010846	ItemAdd	1672721594	rage01	MaJas_ServeR	1090		1	200	1294	2754			0		0	0	0	0	L¨ng Ba Vi Bé toµn tËp	0	112	158	0	-1303704017	2026-06-12 01:08:46	0	0	10240	0	-1	-1	-1
20260612-010851	large_str	AddItem[/script/ksgvn/item/item_test_card.lua|book_AddManhCoQuan]			0		3398667989	0	0	0			0		0	0	0	0		0	0	0	0	0		0	0	0	0	-1	-1	-1
20260612-010851	ItemAdd	3398667989	rage01	MaJas_ServeR	1090		5000	200	1294	2754			0		0	0	0	0	M¶nh C¬ Quan MÆc Gia	2	1	31244	5000	-340468613	2026-06-12 01:08:51	593650	4294905450	0	0	-1	-1	-1
20260612-010858	ItemAdd	3398667989	rage01	MaJas_ServeR	1090		5000	200	1286	2757			0		0	0	0	0	M¶nh C¬ Quan MÆc Gia	2	1	31244	5000	1513735332	2026-06-12 01:08:58	4294905287	0	0	0	-1	-1	-1
20260612-010908	ItemAdd	3398667989	rage01	MaJas_ServeR	1090		5000	200	1286	2757			0		0	0	0	0	M¶nh C¬ Quan MÆc Gia	2	1	31244	5000	-1075477482	2026-06-12 01:09:08	199245	0	0	0	-1	-1	-1
20260612-010914	ItemAdd	1672721594	rage01	MaJas_ServeR	1090		1	200	1286	2757			0		0	0	0	0	L¨ng Ba Vi Bé toµn tËp	0	112	158	0	-701807648	2026-06-12 01:09:14	0	0	10240	0	-1	-1	-1
20260612-010918	ItemAdd	3398667989	rage01	MaJas_ServeR	1090		5000	200	1286	2757			0		0	0	0	0	M¶nh C¬ Quan MÆc Gia	2	1	31244	5000	-2037473589	2026-06-12 01:09:18	592256	4294905155	0	0	-1	-1	-1
20260612-010924	ItemAdd	2745890032	rage01	MaJas_ServeR	1090		10	200	1286	2757			0		0	0	0	0	Cæ Phæ-Tói Tµn QuyÓn	2	1	50028	10	-807070940	2026-06-12 01:09:24	4294905624	0	0	0	-1	-1	-1
20260612-010925	ItemConsume	ExpendIdx	rage01	MaJas_ServeR	1090		1	200	1286	2757			0		0	0	0	0	Cæ Phæ-Tói Tµn QuyÓn	2	1	50028	9	-807070940	2026-06-12 01:09:24	4294905624	0	0	0	2	0	3
20260612-010925	ItemAdd	2433920595	rage01	MaJas_ServeR	1090		1	200	1286	2757			0		0	0	0	0	[Tµn quyÓn] D­¬ng Viªm 	2	1	50180	1	-1791872536	2026-06-12 01:09:25	1968368	4294905645	0	0	-1	-1	-1
20260612-010945	ItemAdd	IBShop	rage01	MaJas_ServeR	1090		1	200	1286	2756			0		0	0	0	0	ThÇn hµnh b¶o ®iÓn	0	200	40	1000	131445482	2026-06-12 01:09:45	0	0	0	0	2	2	3
20260612-010957	MoneyPay	PrePay	rage01	MaJas_ServeR	1090		300	200	1267	2721			0		0	0	0	0		0	0	0	0	0		0	0	0	0	-1	-1	-1
20260612-011029	MoneyPay	PrePay	rage01	MaJas_ServeR	1090		1500	500	1671	3203			0		0	0	0	0		0	0	0	0	0		0	0	0	0	-1	-1	-1
20260612-011043	MoneyPay	PrePay	rage01	MaJas_ServeR	1090		300	300	1680	3496			0		0	0	0	0		0	0	0	0	0		0	0	0	0	-1	-1	-1
20260612-011239	ItemAdd	3220264017	rage01	MaJas_ServeR	1090		1	100	1366	2893			0		0	0	0	0	TiÒm Long TÞch DiÖt Kin	0	107	167	0	910572587	2026-06-12 01:12:39	134284032	51053059	132353	0	-1	-1	-1
20260612-011239	ItemAdd	3220264017	rage01	MaJas_ServeR	1090		1	100	1366	2893			0		0	0	0	0	TiÒm Long TÞch DiÖt Kin	0	107	167	0	-1357175631	2026-06-12 01:12:39	184615680	50921988	131073	0	-1	-1	-1
20260612-011242	ItemAdd	3220264017	rage01	MaJas_ServeR	1090		1	100	1366	2893			0		0	0	0	0	TiÒm Long MËt tÞch	0	107	3	0	2126971851	2026-06-12 01:12:42	151061248	67437059	131329	0	-1	-1	-1
20260612-011242	ItemAdd	3220264017	rage01	MaJas_ServeR	1090		1	100	1366	2893			0		0	0	0	0	TiÒm Long MËt tÞch	0	107	3	0	1022782289	2026-06-12 01:12:42	117507072	50659843	131841	0	-1	-1	-1
20260612-011242	ItemAdd	3220264017	rage01	MaJas_ServeR	1090		1	100	1366	2893			0		0	0	0	0	TiÒm Long T©m Ph¸p	0	107	4	0	-803468569	2026-06-12 01:12:42	83952384	50725380	131585	0	-1	-1	-1
20260612-011242	ItemAdd	3220264017	rage01	MaJas_ServeR	1090		1	100	1366	2893			0		0	0	0	0	TiÒm Long T©m Ph¸p	0	107	4	0	421058573	2026-06-12 01:12:42	67175168	84279812	132353	0	-1	-1	-1
20260612-011245	ItemAdd	3220264017	rage01	MaJas_ServeR	1090		1	100	1366	2893			0		0	0	0	0	TiÒm Long Tóc DiÖt Ch©n	0	107	30019	0	1979597779	2026-06-12 01:12:45	335610880	336855811	197121	0	-1	-1	-1
20260612-011245	ItemAdd	3220264017	rage01	MaJas_ServeR	1090		1	100	1366	2893			0		0	0	0	0	TiÒm Long Tóc DiÖt Ch©n	0	107	30019	0	437683737	2026-06-12 01:12:45	335610624	336855811	196609	0	-1	-1	-1
20260612-011248	ItemAdd	1128904464	rage01	MaJas_ServeR	1090		1	100	1366	2893			0		0	0	0	0	Nh­ Lai Kinh	0	112	102	0	2058837344	2026-06-12 01:12:48	0	0	7680	0	-1	-1	-1
20260612-011251	ItemAdd	4247153898	rage01	MaJas_ServeR	1090		1	100	1366	2893			0		0	0	0	0	R­¬ng YÕu QuyÕt_S¬	2	1	50005	1	2077408005	2026-06-12 01:12:51	4294905646	0	0	0	-1	-1	-1
20260612-011253	ItemConsume	ExpendIdx	rage01	MaJas_ServeR	1090		1	100	1366	2893			0		0	0	0	0	R­¬ng YÕu QuyÕt_S¬	2	1	50005	1	2077408005	2026-06-12 01:12:51	4294905646	0	0	0	2	2	5
20260612-011253	ItemAdd	2916245822	rage01	MaJas_ServeR	1090		1	100	1366	2893			0		0	0	0	0	ThÊt B¶o ChiÕu quyÕt	2	6	11	1	1973325081	2026-06-12 01:12:53	4294916773	0	0	0	-1	-1	-1
20260612-011253	ItemAdd	2916245822	rage01	MaJas_ServeR	1090		1	100	1366	2893			0		0	0	0	0	La H¸n QuyÒn quyÕt	2	6	12	1	-1021905970	2026-06-12 01:12:53	4294917600	0	0	0	-1	-1	-1
20260612-011253	ItemAdd	2916245822	rage01	MaJas_ServeR	1090		1	100	1366	2893			0		0	0	0	0	Ca DiÖp Thèi quyÕt	2	6	13	1	-896561048	2026-06-12 01:12:53	4294916874	0	0	0	-1	-1	-1
20260612-011253	ItemAdd	2916245822	rage01	MaJas_ServeR	1090		1	100	1366	2893			0		0	0	0	0	HuÖ Nh·n quyÕt	2	6	14	1	1848457554	2026-06-12 01:12:53	4263006	4294916700	0	0	-1	-1	-1
20260612-011253	ItemAdd	2916245822	rage01	MaJas_ServeR	1090		1	100	1366	2893			0		0	0	0	0	Vi §µ quyÕt	2	6	15	1	-1554262019	2026-06-12 01:12:53	4294917349	0	0	0	-1	-1	-1
20260612-011253	ItemAdd	2916245822	rage01	MaJas_ServeR	1090		1	100	1366	2893			0		0	0	0	0	V¨n V©n quyÕt	2	6	16	1	-1869514878	2026-06-12 01:12:53	4294917183	0	0	0	-1	-1	-1
20260612-011253	ItemAdd	2916245822	rage01	MaJas_ServeR	1090		1	100	1366	2893			0		0	0	0	0	La H¸n TrËn quyÕt	2	6	17	1	-1886242261	2026-06-12 01:12:53	602902	0	0	0	-1	-1	-1
20260612-011253	ItemAdd	2916245822	rage01	MaJas_ServeR	1090		1	100	1366	2893			0		0	0	0	0	§¹i Tu Di Ch­ëng	2	6	18	1	1408977261	2026-06-12 01:12:53	4294916405	0	0	0	-1	-1	-1
20260612-011253	ItemAdd	2916245822	rage01	MaJas_ServeR	1090		1	100	1366	2893			0		0	0	0	0	V« ¶nh quyÕt	2	6	19	1	-431027790	2026-06-12 01:12:53	599912	0	0	0	-1	-1	-1
20260612-011253	ItemAdd	2916245822	rage01	MaJas_ServeR	1090		1	100	1366	2893			0		0	0	0	0	Long Tr¶o Thñ quyÕt	2	6	20	1	1597737068	2026-06-12 01:12:53	595558	0	0	0	-1	-1	-1
20260612-011423	MoneyPay	PrePay	rage01	MaJas_ServeR	1090		300	100	1366	2893			0		0	0	0	0		0	0	0	0	0		0	0	0	0	-1	-1	-1
20260612-011434	ItemConsume	ClearItemInPos	rage01	MaJas_ServeR	1090		1	200	1369	2837			0		0	0	0	0	Vâ L©m 2 Shiina	2	1	50001	1	1758400009	2026-06-12 01:07:14	4294904539	0	0	0	2	0	0
20260612-011434	ItemConsume	ClearItemInPos	rage01	MaJas_ServeR	1090		1	200	1369	2837			0		0	0	0	0	TiÒm Long MËt tÞch	0	107	3	0	1156203116	2026-06-12 01:07:18	167838464	84279811	131329	0	2	1	0
20260612-011434	ItemConsume	ClearItemInPos	rage01	MaJas_ServeR	1090		1	200	1369	2837			0		0	0	0	0	TiÒm Long MËt tÞch	0	107	3	0	-1400935350	2026-06-12 01:07:18	134284288	50594306	132353	0	2	2	0
20260612-011434	ItemConsume	ClearItemInPos	rage01	MaJas_ServeR	1090		1	200	1369	2837			0		0	0	0	0	TiÒm Long T©m Ph¸p	0	107	4	0	684909688	2026-06-12 01:07:18	67174912	50725380	131585	0	2	3	0
20260612-011434	ItemConsume	ClearItemInPos	rage01	MaJas_ServeR	1090		1	200	1369	2837			0		0	0	0	0	TiÒm Long T©m Ph¸p	0	107	4	0	-1900673418	2026-06-12 01:07:18	100729600	50725380	132097	0	2	4	0
20260612-011434	ItemConsume	ClearItemInPos	rage01	MaJas_ServeR	1090		1	200	1369	2837			0		0	0	0	0	Nh­ Lai Kinh	0	112	102	0	271955282	2026-06-12 01:07:47	0	0	7680	0	2	0	1
20260612-011434	ItemConsume	ClearItemInPos	rage01	MaJas_ServeR	1090		1	200	1369	2837			0		0	0	0	0	[BÝ §iÓn] MËt TÞch TiÒm	0	107	30046	0	11435561	2026-06-12 01:07:50	1208484608	1381565444	151191809	0	2	1	1
20260612-011434	ItemConsume	ClearItemInPos	rage01	MaJas_ServeR	1090		1	200	1369	2837			0		0	0	0	0	[BÝ §iÓn] MËt TÞch TiÒm	0	107	30046	0	621109247	2026-06-12 01:07:50	335610880	336856068	197121	0	2	2	1
20260612-011434	ItemConsume	ClearItemInPos	rage01	MaJas_ServeR	1090		1000	200	1369	2837			0		0	0	0	0	VËt phÈm Xu	2	1	30230	1000	1173036958	2026-06-12 01:07:53	4294905431	0	0	0	2	3	1
20260612-011434	ItemConsume	ClearItemInPos	rage01	MaJas_ServeR	1090		1	200	1369	2837			0		0	0	0	0	MËt TÞch Tiªu Dao	0	112	224	0	1605463802	2026-06-12 01:08:12	0	0	117440512	0	2	4	1
20260612-011434	ItemConsume	ClearItemInPos	rage01	MaJas_ServeR	1090		1	200	1369	2837			0		0	0	0	0	L¨ng Ba Vi Bé toµn tËp	0	112	158	0	-1303704017	2026-06-12 01:08:46	0	0	10240	0	2	0	2
20260612-011434	ItemConsume	ClearItemInPos	rage01	MaJas_ServeR	1090		9999	200	1369	2837			0		0	0	0	0	M¶nh C¬ Quan MÆc Gia	2	1	31244	9999	-340468613	2026-06-12 01:08:51	593650	4294905450	0	0	2	1	2
20260612-011434	ItemConsume	ClearItemInPos	rage01	MaJas_ServeR	1090		9999	200	1369	2837			0		0	0	0	0	M¶nh C¬ Quan MÆc Gia	2	1	31244	9999	1513735332	2026-06-12 01:08:58	4294905287	0	0	0	2	2	2
20260612-011434	ItemConsume	ClearItemInPos	rage01	MaJas_ServeR	1090		1	200	1369	2837			0		0	0	0	0	L¨ng Ba Vi Bé toµn tËp	0	112	158	0	-701807648	2026-06-12 01:09:14	0	0	10240	0	2	3	2
20260612-011434	ItemConsume	ClearItemInPos	rage01	MaJas_ServeR	1090		2	200	1369	2837			0		0	0	0	0	M¶nh C¬ Quan MÆc Gia	2	1	31244	2	-2037473589	2026-06-12 01:09:18	592256	4294905155	0	0	2	4	2
20260612-011434	ItemConsume	ClearItemInPos	rage01	MaJas_ServeR	1090		9	200	1369	2837			0		0	0	0	0	Cæ Phæ-Tói Tµn QuyÓn	2	1	50028	9	-807070940	2026-06-12 01:09:24	4294905624	0	0	0	2	0	3
20260612-011434	ItemConsume	ClearItemInPos	rage01	MaJas_ServeR	1090		1	200	1369	2837			0		0	0	0	0	[Tµn quyÓn] D­¬ng Viªm 	2	1	50180	1	-1791872536	2026-06-12 01:09:25	1968368	4294905645	0	0	2	1	3
20260612-011434	ItemConsume	ClearItemInPos	rage01	MaJas_ServeR	1090		1	200	1369	2837			0		0	0	0	0	ThÇn hµnh b¶o ®iÓn	0	200	40	1000	131445482	2026-06-12 01:09:45	0	0	0	0	2	2	3
20260612-011434	ItemConsume	ClearItemInPos	rage01	MaJas_ServeR	1090		1	200	1369	2837			0		0	0	0	0	TiÒm Long TÞch DiÖt Kin	0	107	167	0	910572587	2026-06-12 01:12:39	134284032	51053059	132353	0	2	3	3
20260612-011434	ItemConsume	ClearItemInPos	rage01	MaJas_ServeR	1090		1	200	1369	2837			0		0	0	0	0	TiÒm Long TÞch DiÖt Kin	0	107	167	0	-1357175631	2026-06-12 01:12:39	184615680	50921988	131073	0	2	4	3
20260612-011434	ItemConsume	ClearItemInPos	rage01	MaJas_ServeR	1090		1	200	1369	2837			0		0	0	0	0	TiÒm Long MËt tÞch	0	107	3	0	2126971851	2026-06-12 01:12:42	151061248	67437059	131329	0	2	0	4
20260612-011434	ItemConsume	ClearItemInPos	rage01	MaJas_ServeR	1090		1	200	1369	2837			0		0	0	0	0	TiÒm Long MËt tÞch	0	107	3	0	1022782289	2026-06-12 01:12:42	117507072	50659843	131841	0	2	1	4
20260612-011434	ItemConsume	ClearItemInPos	rage01	MaJas_ServeR	1090		1	200	1369	2837			0		0	0	0	0	TiÒm Long T©m Ph¸p	0	107	4	0	-803468569	2026-06-12 01:12:42	83952384	50725380	131585	0	2	2	4
20260612-011434	ItemConsume	ClearItemInPos	rage01	MaJas_ServeR	1090		1	200	1369	2837			0		0	0	0	0	TiÒm Long T©m Ph¸p	0	107	4	0	421058573	2026-06-12 01:12:42	67175168	84279812	132353	0	2	3	4
20260612-011434	ItemConsume	ClearItemInPos	rage01	MaJas_ServeR	1090		1	200	1369	2837			0		0	0	0	0	TiÒm Long Tóc DiÖt Ch©n	0	107	30019	0	1979597779	2026-06-12 01:12:45	335610880	336855811	197121	0	2	4	4
20260612-011434	ItemConsume	ClearItemInPos	rage01	MaJas_ServeR	1090		1	200	1369	2837			0		0	0	0	0	TiÒm Long Tóc DiÖt Ch©n	0	107	30019	0	437683737	2026-06-12 01:12:45	335610624	336855811	196609	0	2	0	5
20260612-011434	ItemConsume	ClearItemInPos	rage01	MaJas_ServeR	1090		1	200	1369	2837			0		0	0	0	0	Nh­ Lai Kinh	0	112	102	0	2058837344	2026-06-12 01:12:48	0	0	7680	0	2	1	5
20260612-011434	ItemConsume	ClearItemInPos	rage01	MaJas_ServeR	1090		1	200	1369	2837			0		0	0	0	0	ThÊt B¶o ChiÕu quyÕt	2	6	11	1	1973325081	2026-06-12 01:12:53	4294916773	0	0	0	2	2	5
20260612-011434	ItemConsume	ClearItemInPos	rage01	MaJas_ServeR	1090		1	200	1369	2837			0		0	0	0	0	La H¸n QuyÒn quyÕt	2	6	12	1	-1021905970	2026-06-12 01:12:53	4294917600	0	0	0	2	3	5
20260612-011434	ItemConsume	ClearItemInPos	rage01	MaJas_ServeR	1090		1	200	1369	2837			0		0	0	0	0	Ca DiÖp Thèi quyÕt	2	6	13	1	-896561048	2026-06-12 01:12:53	4294916874	0	0	0	2	4	5
20260612-011434	ItemConsume	ClearItemInPos	rage01	MaJas_ServeR	1090		1	200	1369	2837			0		0	0	0	0	HuÖ Nh·n quyÕt	2	6	14	1	1848457554	2026-06-12 01:12:53	4263006	4294916700	0	0	2	0	6
20260612-011434	ItemConsume	ClearItemInPos	rage01	MaJas_ServeR	1090		1	200	1369	2837			0		0	0	0	0	La H¸n TrËn quyÕt	2	6	17	1	-1886242261	2026-06-12 01:12:53	602902	0	0	0	2	3	6
20260612-011434	ItemConsume	ClearItemInPos	rage01	MaJas_ServeR	1090		1	200	1369	2837			0		0	0	0	0	§¹i Tu Di Ch­ëng	2	6	18	1	1408977261	2026-06-12 01:12:53	4294916405	0	0	0	2	4	6
20260612-011434	ItemConsume	ClearItemInPos	rage01	MaJas_ServeR	1090		1	200	1369	2837			0		0	0	0	0	Long Tr¶o Thñ quyÕt	2	6	20	1	1597737068	2026-06-12 01:12:53	595558	0	0	0	2	1	7
20260612-011434	ItemAdd	3086646439	rage01	MaJas_ServeR	1090		1	200	1369	2837			0		0	0	0	0	Vâ L©m 2 Shiina	2	1	50001	1	-1584540425	2026-06-12 01:14:34	4197742	0	0	0	-1	-1	-1
20260612-011635	ItemConsume	ExpendIdx	rage02	ServeR_Anh	1090		1	200	1273	2755			0		0	0	0	0	Cöu Thiªn V« Cùc §¬n	2	1	1006	1	-2019789415	2026-06-12 00:49:32	4294905477	0	0	0	2	1	3
20260612-011636	ItemConsume	ExpendIdx	rage02	ServeR_Anh	1090		1	200	1273	2755			0		0	0	0	0	Tói Quµ Vâ L©m	2	1	50016	9	1520914123	2026-06-12 00:49:32	4294904703	0	0	0	2	2	3
20260612-011636	ItemAdd	3090476748	rage02	ServeR_Anh	1090		1	200	1273	2755			0		0	0	0	0	§«n Hoµng HuyÒn ThiÕt	2	1	31118	1	863297791	2026-06-12 01:16:36	593690	4294903814	0	0	-1	-1	-1
20260612-011639	ItemConsume	ExpendIdx	rage02	ServeR_Anh	1090		1	200	1273	2755			0		0	0	0	0	Tói Quµ Vâ L©m	2	1	50016	8	1520914123	2026-06-12 00:49:32	4294904703	0	0	0	2	2	3
20260612-011639	ItemConsume	ExpendIdx	rage02	ServeR_Anh	1090		1	200	1273	2755			0		0	0	0	0	Tói Quµ Vâ L©m	2	1	50016	7	1520914123	2026-06-12 00:49:32	4294904703	0	0	0	2	2	3
20260612-011639	ItemConsume	ExpendIdx	rage02	ServeR_Anh	1090		1	200	1273	2755			0		0	0	0	0	Tói Quµ Vâ L©m	2	1	50016	6	1520914123	2026-06-12 00:49:32	4294904703	0	0	0	2	2	3
20260612-011640	ItemConsume	ExpendIdx	rage02	ServeR_Anh	1090		1	200	1273	2755			0		0	0	0	0	Tói Quµ Vâ L©m	2	1	50016	5	1520914123	2026-06-12 00:49:32	4294904703	0	0	0	2	2	3
20260612-011642	ItemConsume	ExpendIdx	rage02	ServeR_Anh	1090		1	200	1273	2755			0		0	0	0	0	Tói Quµ Vâ L©m	2	1	50016	4	1520914123	2026-06-12 00:49:32	4294904703	0	0	0	2	2	3
20260612-011642	ItemConsume	ExpendIdx	rage02	ServeR_Anh	1090		1	200	1273	2755			0		0	0	0	0	Tói Quµ Vâ L©m	2	1	50016	3	1520914123	2026-06-12 00:49:32	4294904703	0	0	0	2	2	3
20260612-011643	ItemConsume	ExpendIdx	rage02	ServeR_Anh	1090		1	200	1273	2755			0		0	0	0	0	Tói Quµ Vâ L©m	2	1	50016	2	1520914123	2026-06-12 00:49:32	4294904703	0	0	0	2	2	3
20260612-011643	ItemAdd	3090476748	rage02	ServeR_Anh	1090		1	200	1273	2755			0		0	0	0	0	Hµo HiÖp LÖnh	2	95	2084	1	-908155096	2026-06-12 01:16:43	6557164	790349	0	0	-1	-1	-1
20260612-011643	ItemConsume	ExpendIdx	rage02	ServeR_Anh	1090		1	200	1273	2755			0		0	0	0	0	Tói Quµ Vâ L©m	2	1	50016	1	1520914123	2026-06-12 00:49:32	4294904703	0	0	0	2	2	3
20260612-011643	ItemConsume	ExpendIdx	rage02	ServeR_Anh	1090		1	200	1273	2755			0		0	0	0	0	Tói Quµ Vâ L©m	2	1	50016	1	1520914123	2026-06-12 00:49:32	4294904703	0	0	0	2	2	3
20260612-011720	large_str	AddItem[/script/ksgvn/item/item_test_card.lua|factionSupport_NgaMiKiem]			0		915617589	0	0	0			0		0	0	0	0		0	0	0	0	0		0	0	0	0	-1	-1	-1
20260612-011720	ItemAdd	915617589	rage02	ServeR_Anh	1090		200	200	1278	2764			0		0	0	0	0	X¸ Lîi Kim ®¬n	2	3	7	200	572043499	2026-06-12 01:17:20	4261892	0	0	0	-1	-1	-1
20260612-011725	MoneyEarn	1196062657	rage02	ServeR_Anh	1090		1000000000	200	1278	2764			0		0	0	0	0		0	0	0	0	0		0	0	0	0	-1	-1	-1
20260612-011737	ItemConsume	ClearItemInPos	rage02	ServeR_Anh	1090		1	200	1280	2762			0		0	0	0	0	Vâ L©m 2 Shiina	2	1	50001	1	1904370406	2026-06-12 00:47:36	4294905838	0	0	0	2	0	0
20260612-011737	ItemConsume	ClearItemInPos	rage02	ServeR_Anh	1090		1	200	1280	2762			0		0	0	0	0	S­ §å ThiÕp	2	1	587	1	-528758689	2026-06-12 00:47:36	2048	2048	2048	0	2	1	0
20260612-011737	ItemConsume	ClearItemInPos	rage02	ServeR_Anh	1090		1	200	1280	2762			0		0	0	0	0	CÈm Nang §¹i Sù KiÖn	2	1	30045	1	245061697	2026-06-12 00:47:36	2048	2048	2048	0	2	2	0
20260612-011737	ItemConsume	ClearItemInPos	rage02	ServeR_Anh	1090		1	200	1280	2762			0		0	0	0	0	NguyÖt L­îng Thè luyÖn 	2	0	1043	1	1905515906	2026-06-12 00:47:36	2048	2048	2048	0	2	3	0
20260612-011737	ItemConsume	ClearItemInPos	rage02	ServeR_Anh	1090		1	200	1280	2762			0		0	0	0	0	TiÕu ng¹o giang hå lôc	2	1	30240	1	615454763	2026-06-12 00:47:36	2048	2048	2048	0	2	4	0
20260612-011737	ItemConsume	ClearItemInPos	rage02	ServeR_Anh	1090		1	200	1280	2762			0		0	0	0	0	Tñ ¸o Thiªn BiÕn TiÕu	2	1	30494	1	-1310615699	2026-06-12 00:47:36	2048	2048	2048	0	2	0	1
20260612-011737	ItemConsume	ClearItemInPos	rage02	ServeR_Anh	1090		1	200	1280	2762			0		0	0	0	0	V¹n T­íng mËt tÞch	0	112	105	0	402214950	2026-06-12 00:52:41	0	0	7680	0	2	1	1
20260612-011737	ItemConsume	ClearItemInPos	rage02	ServeR_Anh	1090		1	200	1280	2762			0		0	0	0	0	Nh­ ý Kim §Ønh Ch©n Quy	0	107	30022	0	1099382611	2026-06-12 00:49:32	335610624	336855811	196609	0	2	2	1
20260612-011737	ItemConsume	ClearItemInPos	rage02	ServeR_Anh	1090		1	200	1280	2762			0		0	0	0	0	[BÝ §iÓn] MËt TÞch Nh­ 	0	107	30049	0	1791429881	2026-06-12 00:52:50	335610624	336855811	197889	0	2	3	1
20260612-011737	ItemConsume	ClearItemInPos	rage02	ServeR_Anh	1090		1	200	1280	2762			0		0	0	0	0	Nh­ ý Kim §Ønh Ch©n Quy	0	107	30022	0	233277857	2026-06-12 00:52:55	335610624	336856067	197633	0	2	4	1
20260612-011737	ItemConsume	ClearItemInPos	rage02	ServeR_Anh	1090		1	200	1280	2762			0		0	0	0	0	DiÖu D­¬ng Thiªn Cung-¤	0	102	3190	100	-582618130	2026-06-12 00:49:32	42286129	55249150	55191550	0	2	0	2
20260612-011737	ItemConsume	ClearItemInPos	rage02	ServeR_Anh	1090		1	200	1280	2762			0		0	0	0	0	DiÖu D­¬ng Thiªn Cung-T	0	102	3191	100	-598860793	2026-06-12 00:49:32	42481937	55250147	55190323	0	2	1	2
20260612-011737	ItemConsume	ClearItemInPos	rage02	ServeR_Anh	1090		1	200	1280	2762			0		0	0	0	0	DiÖu D­¬ng Thiªn Cung-V	0	102	3192	100	1165174228	2026-06-12 00:49:32	42614231	55250372	55190705	0	2	2	2
20260612-011737	ItemConsume	ClearItemInPos	rage02	ServeR_Anh	1090		1	200	1280	2762			0		0	0	0	0	DiÖu D­¬ng Thiªn Cung-X	0	102	3193	100	198983269	2026-06-12 00:49:32	42548548	55250863	55189888	0	2	3	2
20260612-011737	ItemConsume	ClearItemInPos	rage02	ServeR_Anh	1090		1	200	1280	2762			0		0	0	0	0	Nh­ ý Kim §Ønh Ch©n Quy	0	107	30022	0	1195771063	2026-06-12 00:52:55	335610880	336855811	197121	0	2	4	2
20260612-011737	ItemConsume	ClearItemInPos	rage02	ServeR_Anh	1090		1	200	1280	2762			0		0	0	0	0	Nh­ ý Kim §Ønh Ch©n Quy	0	107	30005	0	1856036061	2026-06-12 00:52:58	251724800	252642307	131073	0	2	0	3
20260612-011737	ItemConsume	ClearItemInPos	rage02	ServeR_Anh	1090		1	200	1280	2762			0		0	0	0	0	BÝch Tiªu Tr©m	0	108	1096	359	765733067	2026-06-12 00:53:52	1120471040	2048	2048	0	2	1	3
20260612-011737	ItemConsume	ClearItemInPos	rage02	ServeR_Anh	1090		1	200	1280	2762			0		0	0	0	0	Long 10-H	0	148	137	800	1412527759	2026-06-12 00:49:40	898771603	932320305	0	0	2	2	3
20260612-011737	ItemConsume	ClearItemInPos	rage02	ServeR_Anh	1090		200	200	1280	2762			0		0	0	0	0	X¸ Lîi Kim ®¬n	2	3	7	200	572043499	2026-06-12 01:17:20	4261892	0	0	0	2	3	3
20260612-011737	ItemConsume	ClearItemInPos	rage02	ServeR_Anh	1090		1	200	1280	2762			0		0	0	0	0	TuyÖt §Þa	0	105	14	15000	2074368009	2026-06-12 00:49:32	1100158976	4294910523	0	0	2	4	3
20260612-011737	ItemConsume	ClearItemInPos	rage02	ServeR_Anh	1090		1	200	1280	2762			0		0	0	0	0	ThiÕu D­¬ng ThÊt Tinh K	0	105	10107	2500	-442791830	2026-06-12 00:49:32	26421557	0	0	0	2	0	4
20260612-011737	ItemConsume	ClearItemInPos	rage02	ServeR_Anh	1090		1	200	1280	2762			0		0	0	0	0	Long tö Ên	2	0	30002	1	-229457971	2026-06-12 00:49:40	4294904891	0	0	0	2	1	4
20260612-011737	ItemConsume	ClearItemInPos	rage02	ServeR_Anh	1090		1	200	1280	2762			0		0	0	0	0	Thanh S­¬ng tr©m	0	108	637	360	1367275935	2026-06-12 00:49:40	4294905684	0	0	0	2	2	4
20260612-011737	ItemConsume	ClearItemInPos	rage02	ServeR_Anh	1090		1	200	1280	2762			0		0	0	0	0	Thanh S­¬ng ¸o	0	109	637	360	-1770521268	2026-06-12 00:49:40	4294904021	0	0	0	2	3	4
20260612-011737	ItemConsume	ClearItemInPos	rage02	ServeR_Anh	1090		1	200	1280	2762			0		0	0	0	0	Thanh S­¬ng trang	0	110	637	360	-1002733482	2026-06-12 00:49:40	4294904756	0	0	0	2	4	4
20260612-011737	ItemConsume	ClearItemInPos	rage02	ServeR_Anh	1090		1	200	1280	2762			0		0	0	0	0	Cöu VÜ TuyÕt Hå	0	105	163	2500	-1158193158	2026-06-12 00:49:40	26422999	0	0	0	2	0	5
20260612-011737	ItemConsume	ClearItemInPos	rage02	ServeR_Anh	1090		1	200	1280	2762			0		0	0	0	0	Long 10-C	0	149	141	800	1726915947	2026-06-12 00:49:40	898380385	932647062	0	0	2	2	5
20260612-011737	ItemConsume	ClearItemInPos	rage02	ServeR_Anh	1090		1	200	1280	2762			0		0	0	0	0	Long 10-T	0	150	137	800	-1915899257	2026-06-12 00:49:40	898017886	927338879	0	0	2	3	5
20260612-011737	ItemConsume	ClearItemInPos	rage02	ServeR_Anh	1090		1000	200	1280	2762			0		0	0	0	0	VËt phÈm Xu	2	1	30230	1000	-847475637	2026-06-12 00:49:48	4294904781	4065600	0	0	2	4	5
20260612-011737	ItemConsume	ClearItemInPos	rage02	ServeR_Anh	1090		200	200	1280	2762			0		0	0	0	0	Th­¬ng H¶i Ch©u CÊp 7 (	2	102	214	200	-1883044964	2026-06-12 00:49:53	4294917896	6560030	0	0	2	0	6
20260612-011737	ItemConsume	ClearItemInPos	rage02	ServeR_Anh	1090		1	200	1280	2762			0		0	0	0	0	Phi Phong Tinh Huy	0	152	38	100	-840040473	2026-06-12 00:50:14	0	0	0	15	2	1	6
20260612-011737	ItemConsume	ClearItemInPos	rage02	ServeR_Anh	1090		1	200	1280	2762			0		0	0	0	0	Huy Ch­¬ng Tinh Huy	0	153	38	100	-111599820	2026-06-12 00:50:14	0	0	0	15	2	2	6
20260612-011737	ItemConsume	ClearItemInPos	rage02	ServeR_Anh	1090		1	200	1280	2762			0		0	0	0	0	Giµy Tinh Huy	0	154	38	100	-1282913087	2026-06-12 00:50:14	0	0	0	15	2	3	6
20260612-011737	ItemConsume	ClearItemInPos	rage02	ServeR_Anh	1090		1	200	1280	2762			0		0	0	0	0	Phi Phong Háa S¸t	0	152	39	100	-975514062	2026-06-12 00:50:14	0	0	0	15	2	4	6
20260612-011737	ItemConsume	ClearItemInPos	rage02	ServeR_Anh	1090		1	200	1280	2762			0		0	0	0	0	Huy Ch­¬ng Háa S¸t	0	153	39	100	703623835	2026-06-12 00:50:14	0	0	0	15	2	0	7
20260612-011737	ItemConsume	ClearItemInPos	rage02	ServeR_Anh	1090		1	200	1280	2762			0		0	0	0	0	Giµy Háa S¸t	0	154	39	100	1545851640	2026-06-12 00:50:14	0	0	0	15	2	1	7
20260612-011737	ItemConsume	ClearItemInPos	rage02	ServeR_Anh	1090		1	200	1280	2762			0		0	0	0	0	DiÖu D­¬ng Thiªn Cung-B	0	102	3194	100	-786549750	2026-06-12 00:49:32	42416195	55250745	55191393	0	2	2	7
20260612-011737	ItemConsume	ClearItemInPos	rage02	ServeR_Anh	1090		1	200	1280	2762			0		0	0	0	0	Nh­ ý Kim §Ønh Ch©n Quy	0	107	30005	0	1022773395	2026-06-12 00:52:58	251724800	252642051	131073	0	2	4	7
20260612-011737	ItemConsume	ClearItemInPos	rage02	ServeR_Anh	1090		1	200	1280	2762			0		0	0	0	0	Nh­ ý Kim §Ønh Ch©n Quy	0	107	208	0	-1070770311	2026-06-12 00:53:01	33620224	118031363	131841	0	2	0	8
20260612-011737	ItemConsume	ClearItemInPos	rage02	ServeR_Anh	1090		1	200	1280	2762			0		0	0	0	0	Nh­ ý Kim §Ønh Ch©n Quy	0	107	208	0	871259343	2026-06-12 00:53:01	50397440	185009156	132097	0	2	1	8
20260612-011737	ItemConsume	ClearItemInPos	rage02	ServeR_Anh	1090		1	200	1280	2762			0		0	0	0	0	Nh­ ý Kim §Ønh MËt TÞch	0	107	170	0	1847597712	2026-06-12 00:53:04	50397440	118162436	131073	0	2	2	8
20260612-011737	ItemConsume	ClearItemInPos	rage02	ServeR_Anh	1090		1	200	1280	2762			0		0	0	0	0	Nh­ ý Kim §Ønh MËt TÞch	0	107	170	0	2084592846	2026-06-12 00:53:04	50397440	185008900	132353	0	2	3	8
20260612-011737	ItemConsume	ClearItemInPos	rage02	ServeR_Anh	1090		6	200	1280	2762			0		0	0	0	0	Cæ Phæ-Tói Tµn QuyÓn	2	1	50028	6	1374973687	2026-06-12 00:53:07	1969502	5115038	0	0	2	4	8
20260612-011737	ItemConsume	ClearItemInPos	rage02	ServeR_Anh	1090		1	200	1280	2762			0		0	0	0	0	[Tµn quyÓn] Hµn B¨ng T©	2	1	50200	1	-908030115	2026-06-12 00:53:09	593607	0	0	0	2	0	9
20260612-011737	ItemConsume	ClearItemInPos	rage02	ServeR_Anh	1090		1	200	1280	2762			0		0	0	0	0	[Tµn quyÓn] DÞch C©n Ki	2	1	50030	1	-858148511	2026-06-12 00:53:10	4294904459	0	0	0	2	1	9
20260612-011737	ItemConsume	ClearItemInPos	rage02	ServeR_Anh	1090		1	200	1280	2762			0		0	0	0	0	[Tµn quyÓn] Tóy QuyÒn	2	1	50091	1	-1457467693	2026-06-12 00:53:11	4294904658	3869868	0	0	2	2	9
20260612-011737	ItemConsume	ClearItemInPos	rage02	ServeR_Anh	1090		1	200	1280	2762			0		0	0	0	0	[Tµn quyÓn] CÇm Khóc Tæ	2	1	50080	1	-1912016431	2026-06-12 00:53:11	4294904968	0	0	0	2	3	9
20260612-011737	ItemConsume	ClearItemInPos	rage02	ServeR_Anh	1090		1	200	1280	2762			0		0	0	0	0	Hµo HiÖp LÖnh	2	95	2084	1	-908155096	2026-06-12 01:16:43	6557164	790349	0	0	2	0	10
20260612-011737	ItemAdd	3086646439	rage02	ServeR_Anh	1090		1	200	1280	2762			0		0	0	0	0	Vâ L©m 2 Shiina	2	1	50001	1	1209931580	2026-06-12 01:17:37	4294904374	592908	0	0	-1	-1	-1
20260612-011741	ItemAdd	3220264017	rage02	ServeR_Anh	1090		1	200	1280	2762			0		0	0	0	0	[BÝ §iÓn] MËt TÞch Nh­ 	0	107	30049	0	-999091095	2026-06-12 01:17:41	335610880	336855812	197889	0	-1	-1	-1
20260612-011741	ItemAdd	3220264017	rage02	ServeR_Anh	1090		1	200	1280	2762			0		0	0	0	0	[BÝ §iÓn] MËt TÞch Nh­ 	0	107	30049	0	2097568831	2026-06-12 01:17:41	335610624	336855812	197633	0	-1	-1	-1
20260612-011753	ItemAdd	2595979104	rage02	ServeR_Anh	1090		100	200	1280	2762			0		0	0	0	0	Linh Th¹ch khãa (1)	2	1	30904	100	1310920315	2026-06-12 01:17:53	4294904644	0	0	0	-1	-1	-1
20260612-011753	ItemAdd	2595979104	rage02	ServeR_Anh	1090		100	200	1280	2762			0		0	0	0	0	Linh Th¹ch khãa (2)	2	1	30905	100	-801840040	2026-06-12 01:17:53	4294904014	1312998	0	0	-1	-1	-1
20260612-011753	ItemAdd	2595979104	rage02	ServeR_Anh	1090		100	200	1280	2762			0		0	0	0	0	Linh Th¹ch khãa (3)	2	1	30906	100	161000302	2026-06-12 01:17:53	593145	0	0	0	-1	-1	-1
20260612-011753	ItemAdd	2595979104	rage02	ServeR_Anh	1090		100	200	1280	2762			0		0	0	0	0	Linh Th¹ch khãa (4)	2	1	30907	100	-2123367160	2026-06-12 01:17:53	199393	4294903897	0	0	-1	-1	-1
20260612-011753	ItemAdd	2595979104	rage02	ServeR_Anh	1090		100	200	1280	2762			0		0	0	0	0	Linh Th¹ch khãa (5)	2	1	30908	100	776921061	2026-06-12 01:17:53	4294905415	0	0	0	-1	-1	-1
20260612-011753	ItemAdd	2595979104	rage02	ServeR_Anh	1090		100	200	1280	2762			0		0	0	0	0	Linh Th¹ch khãa (6)	2	1	30909	100	827219063	2026-06-12 01:17:53	4294904507	0	0	0	-1	-1	-1
20260612-011753	ItemAdd	2595979104	rage02	ServeR_Anh	1090		100	200	1280	2762			0		0	0	0	0	§æi Linh Th¹ch-Cao 1	2	1	31249	100	179556121	2026-06-12 01:17:53	4294904215	0	0	0	-1	-1	-1
20260612-011753	ItemAdd	2595979104	rage02	ServeR_Anh	1090		100	200	1280	2762			0		0	0	0	0	§æi Linh Th¹ch-Cao 2	2	1	31250	100	-110043698	2026-06-12 01:17:53	4294905505	0	0	0	-1	-1	-1
20260612-011753	ItemAdd	2595979104	rage02	ServeR_Anh	1090		100	200	1280	2762			0		0	0	0	0	§æi Linh Th¹ch-Cao 3	2	1	31251	100	756945767	2026-06-12 01:17:53	4294904320	0	0	0	-1	-1	-1
20260612-011753	ItemAdd	2595979104	rage02	ServeR_Anh	1090		100	200	1280	2762			0		0	0	0	0	§æi Linh Th¹ch-Cao 4	2	1	31252	100	-1128509047	2026-06-12 01:17:53	4294904146	0	0	0	-1	-1	-1
20260612-011753	ItemAdd	2595979104	rage02	ServeR_Anh	1090		100	200	1280	2762			0		0	0	0	0	§æi Linh Th¹ch-Cao 5	2	1	31253	100	799465019	2026-06-12 01:17:53	4294904565	5114173	0	0	-1	-1	-1
20260612-011753	ItemAdd	2595979104	rage02	ServeR_Anh	1090		100	200	1280	2762			0		0	0	0	0	§æi Linh Th¹ch-Cao 6	2	1	31254	100	1419784804	2026-06-12 01:17:53	4294903810	0	0	0	-1	-1	-1
20260612-011753	ItemAdd	2595979104	rage02	ServeR_Anh	1090		50	200	1280	2762			0		0	0	0	0	X· Qu©n Táa Linh Th¹ch 	2	1	31391	50	-141467602	2026-06-12 01:17:53	4294905038	0	0	0	-1	-1	-1
20260612-011753	ItemAdd	2595979104	rage02	ServeR_Anh	1090		50	200	1280	2762			0		0	0	0	0	X· Qu©n Táa Linh Th¹ch 	2	1	31392	50	-2098239544	2026-06-12 01:17:53	592299	0	0	0	-1	-1	-1
20260612-011753	ItemAdd	2595979104	rage02	ServeR_Anh	1090		50	200	1280	2762			0		0	0	0	0	X· Qu©n Táa Linh Th¹ch 	2	1	31393	50	1506022322	2026-06-12 01:17:53	4294904119	0	0	0	-1	-1	-1
20260612-011753	ItemAdd	2595979104	rage02	ServeR_Anh	1090		50	200	1280	2762			0		0	0	0	0	X· Qu©n Táa Linh Th¹ch 	2	1	31394	50	-978034068	2026-06-12 01:17:53	4294904972	0	0	0	-1	-1	-1
20260612-011753	ItemAdd	2595979104	rage02	ServeR_Anh	1090		50	200	1280	2762			0		0	0	0	0	X· Qu©n Táa Linh Th¹ch 	2	1	31395	50	967386742	2026-06-12 01:17:53	4294905847	0	0	0	-1	-1	-1
20260612-011753	ItemAdd	2595979104	rage02	ServeR_Anh	1090		50	200	1280	2762			0		0	0	0	0	X· Qu©n Táa Linh Th¹ch 	2	1	31396	50	622939951	2026-06-12 01:17:53	1969960	1379290	0	0	-1	-1	-1
20260612-011753	ItemAdd	2595979104	rage02	ServeR_Anh	1090		50	200	1280	2762			0		0	0	0	0	Tinh VÉn Táa Linh Th¹ch	2	1	31604	50	-2024859059	2026-06-12 01:17:53	4294904172	0	0	0	-1	-1	-1
20260612-011753	ItemAdd	2595979104	rage02	ServeR_Anh	1090		50	200	1280	2762			0		0	0	0	0	Tinh VÉn Táa Linh Th¹ch	2	1	31605	50	1702507538	2026-06-12 01:17:53	593682	0	0	0	-1	-1	-1
20260612-011753	ItemAdd	2595979104	rage02	ServeR_Anh	1090		50	200	1280	2762			0		0	0	0	0	Tinh VÉn Táa Linh Th¹ch	2	1	31606	50	-1235448372	2026-06-12 01:17:53	592258	0	0	0	-1	-1	-1
20260612-011753	ItemAdd	2595979104	rage02	ServeR_Anh	1090		50	200	1280	2762			0		0	0	0	0	Tinh VÉn Táa Linh Th¹ch	2	1	31607	50	28439766	2026-06-12 01:17:53	4294904309	593057	0	0	-1	-1	-1
20260612-011753	ItemAdd	2595979104	rage02	ServeR_Anh	1090		50	200	1280	2762			0		0	0	0	0	Tinh VÉn Táa Linh Th¹ch	2	1	31608	50	-1633834005	2026-06-12 01:17:53	4394644	0	0	0	-1	-1	-1
20260612-011753	ItemAdd	2595979104	rage02	ServeR_Anh	1090		50	200	1280	2762			0		0	0	0	0	Tinh VÉn Táa Linh Th¹ch	2	1	31609	50	-278193875	2026-06-12 01:17:53	4294904962	4329445	0	0	-1	-1	-1
20260612-011806	ItemAdd	925694785	rage02	ServeR_Anh	1090		1	200	1280	2762			0		0	0	0	0	MËt TÞch Tiªu Dao	0	112	224	0	312747855	2026-06-12 01:18:06	0	0	0	0	-1	-1	-1
20260612-011818	ItemAdd	925694785	rage02	ServeR_Anh	1090		1	200	1280	2762			0		0	0	0	0	MËt TÞch Tiªu Dao	0	112	224	0	1519868623	2026-06-12 01:18:18	0	0	0	0	-1	-1	-1
20260612-011831	ItemAdd	925694785	rage02	ServeR_Anh	1090		1	200	1280	2762			0		0	0	0	0	MËt TÞch Tiªu Dao	0	112	224	0	1236962886	2026-06-12 01:18:31	0	0	0	0	-1	-1	-1
20260612-011842	ItemAdd	3220264017	rage02	ServeR_Anh	1090		1	200	1280	2762			0		0	0	0	0	[BÝ §iÓn] MËt TÞch Nh­ 	0	107	30049	0	-1511394144	2026-06-12 01:18:42	335610624	336855812	197121	0	-1	-1	-1
20260612-011842	ItemAdd	3220264017	rage02	ServeR_Anh	1090		1	200	1280	2762			0		0	0	0	0	[BÝ §iÓn] MËt TÞch Nh­ 	0	107	30049	0	-1304372130	2026-06-12 01:18:42	335610624	336856067	196609	0	-1	-1	-1
20260612-011846	ItemAdd	925694785	rage02	ServeR_Anh	1090		1	200	1280	2762			0		0	0	0	0	MËt TÞch Tiªu Dao	0	112	224	0	1906170734	2026-06-12 01:18:46	0	0	0	0	-1	-1	-1
20260612-011902	ItemAdd	4247153898	rage02	ServeR_Anh	1090		1	200	1280	2762			0		0	0	0	0	R­¬ng YÕu QuyÕt_S¬	2	1	50005	1	-1370912816	2026-06-12 01:19:02	4329433	0	0	0	-1	-1	-1
20260612-011903	ItemConsume	ExpendIdx	rage02	ServeR_Anh	1090		1	200	1280	2762			0		0	0	0	0	R­¬ng YÕu QuyÕt_S¬	2	1	50005	1	-1370912816	2026-06-12 01:19:02	4329433	0	0	0	2	2	6
20260612-011903	ItemAdd	2916245822	rage02	ServeR_Anh	1090		1	200	1280	2762			0		0	0	0	0	Quan ¢m QuyÕt	2	6	47	1	908767110	2026-06-12 01:19:03	593903	4294917747	0	0	-1	-1	-1
20260612-011903	ItemAdd	2916245822	rage02	ServeR_Anh	1090		1	200	1280	2762			0		0	0	0	0	Nga My PhËt quyÕt	2	6	48	1	-1003965780	2026-06-12 01:19:03	4294916098	0	0	0	-1	-1	-1
20260612-011903	ItemAdd	2916245822	rage02	ServeR_Anh	1090		1	200	1280	2762			0		0	0	0	0	Ngäc N÷ KiÕm quyÕt	2	6	49	1	2123147446	2026-06-12 01:19:03	4294917679	0	0	0	-1	-1	-1
20260612-011903	ItemAdd	2916245822	rage02	ServeR_Anh	1090		1	200	1280	2762			0		0	0	0	0	§é Nguyªn QuyÕt	2	6	50	1	-905712017	2026-06-12 01:19:03	4294917667	0	0	0	-1	-1	-1
20260612-011903	ItemAdd	2916245822	rage02	ServeR_Anh	1090		1	200	1280	2762			0		0	0	0	0	PhËt Phæ quyÕt	2	6	51	1	-1194410404	2026-06-12 01:19:03	3679414	1516129	0	0	-1	-1	-1
20260612-011903	ItemAdd	2916245822	rage02	ServeR_Anh	1090		1	200	1280	2762			0		0	0	0	0	Liªn Hoa quyÕt	2	6	52	1	-762068398	2026-06-12 01:19:03	604075	4294918075	0	0	-1	-1	-1
20260612-011903	ItemAdd	2916245822	rage02	ServeR_Anh	1090		1	200	1280	2762			0		0	0	0	0	Thanh Ph¹n quyÕt	2	6	53	1	-949453571	2026-06-12 01:19:03	594895	4294917375	0	0	-1	-1	-1
20260612-011903	ItemAdd	2916245822	rage02	ServeR_Anh	1090		1	200	1280	2762			0		0	0	0	0	L­u Thñy yÕu quyÕt	2	6	54	1	-1222955218	2026-06-12 01:19:03	4294916743	0	0	0	-1	-1	-1
20260612-011903	ItemAdd	2916245822	rage02	ServeR_Anh	1090		1	200	1280	2762			0		0	0	0	0	Phæ TÕ quyÕt	2	6	55	1	-1442779448	2026-06-12 01:19:03	4294916803	0	0	0	-1	-1	-1
20260612-011903	ItemAdd	2916245822	rage02	ServeR_Anh	1090		1	200	1280	2762			0		0	0	0	0	BÊt DiÖt quyÕt	2	6	56	1	198513330	2026-06-12 01:19:03	3680242	4294917676	0	0	-1	-1	-1
20260612-011903	ItemAdd	2916245822	rage02	ServeR_Anh	1090		1	200	1280	2762			0		0	0	0	0	PhËt ChiÕn quyÕt	2	6	57	1	-1695249609	2026-06-12 01:19:03	3551165	4294916425	0	0	-1	-1	-1
20260612-011903	ItemAdd	2916245822	rage02	ServeR_Anh	1090		1	200	1280	2762			0		0	0	0	0	PhËt ¢m quyÕt	2	6	58	1	107122709	2026-06-12 01:19:03	4294916871	0	0	0	-1	-1	-1
20260612-011903	ItemAdd	2916245822	rage02	ServeR_Anh	1090		1	200	1280	2762			0		0	0	0	0	§¹i Bi quyÕt	2	6	59	1	1963039610	2026-06-12 01:19:03	4294917886	0	0	0	-1	-1	-1
20260612-011949	ItemConsume	ClearItemInPos	rage02	ServeR_Anh	1090		1	200	1271	2754			0		0	0	0	0	Vâ L©m 2 Shiina	2	1	50001	1	1209931580	2026-06-12 01:17:37	4294904374	592908	0	0	2	0	0
20260612-011949	ItemConsume	ClearItemInPos	rage02	ServeR_Anh	1090		1	200	1271	2754			0		0	0	0	0	[BÝ §iÓn] MËt TÞch Nh­ 	0	107	30049	0	-999091095	2026-06-12 01:17:41	1309541376	1263600388	167970049	0	2	1	0
20260612-011949	ItemConsume	ClearItemInPos	rage02	ServeR_Anh	1090		1	200	1271	2754			0		0	0	0	0	[BÝ §iÓn] MËt TÞch Nh­ 	0	107	30049	0	2097568831	2026-06-12 01:17:41	1342964480	1247085316	167969793	0	2	2	0
20260612-011949	ItemConsume	ClearItemInPos	rage02	ServeR_Anh	1090		100	200	1271	2754			0		0	0	0	0	Linh Th¹ch khãa (1)	2	1	30904	100	1310920315	2026-06-12 01:17:53	4294904644	0	0	0	2	3	0
20260612-011949	ItemConsume	ClearItemInPos	rage02	ServeR_Anh	1090		100	200	1271	2754			0		0	0	0	0	Linh Th¹ch khãa (2)	2	1	30905	100	-801840040	2026-06-12 01:17:53	4294904014	1312998	0	0	2	4	0
20260612-011949	ItemConsume	ClearItemInPos	rage02	ServeR_Anh	1090		100	200	1271	2754			0		0	0	0	0	Linh Th¹ch khãa (3)	2	1	30906	100	161000302	2026-06-12 01:17:53	593145	0	0	0	2	0	1
20260612-011949	ItemConsume	ClearItemInPos	rage02	ServeR_Anh	1090		100	200	1271	2754			0		0	0	0	0	Linh Th¹ch khãa (4)	2	1	30907	100	-2123367160	2026-06-12 01:17:53	199393	4294903897	0	0	2	1	1
20260612-011949	ItemConsume	ClearItemInPos	rage02	ServeR_Anh	1090		100	200	1271	2754			0		0	0	0	0	Linh Th¹ch khãa (5)	2	1	30908	100	776921061	2026-06-12 01:17:53	4294905415	0	0	0	2	2	1
20260612-011949	ItemConsume	ClearItemInPos	rage02	ServeR_Anh	1090		100	200	1271	2754			0		0	0	0	0	Linh Th¹ch khãa (6)	2	1	30909	100	827219063	2026-06-12 01:17:53	4294904507	0	0	0	2	3	1
20260612-011949	ItemConsume	ClearItemInPos	rage02	ServeR_Anh	1090		100	200	1271	2754			0		0	0	0	0	§æi Linh Th¹ch-Cao 1	2	1	31249	100	179556121	2026-06-12 01:17:53	4294904215	0	0	0	2	4	1
20260612-011949	ItemConsume	ClearItemInPos	rage02	ServeR_Anh	1090		100	200	1271	2754			0		0	0	0	0	§æi Linh Th¹ch-Cao 2	2	1	31250	100	-110043698	2026-06-12 01:17:53	4294905505	0	0	0	2	0	2
20260612-011949	ItemConsume	ClearItemInPos	rage02	ServeR_Anh	1090		100	200	1271	2754			0		0	0	0	0	§æi Linh Th¹ch-Cao 3	2	1	31251	100	756945767	2026-06-12 01:17:53	4294904320	0	0	0	2	1	2
20260612-011949	ItemConsume	ClearItemInPos	rage02	ServeR_Anh	1090		100	200	1271	2754			0		0	0	0	0	§æi Linh Th¹ch-Cao 4	2	1	31252	100	-1128509047	2026-06-12 01:17:53	4294904146	0	0	0	2	2	2
20260612-011949	ItemConsume	ClearItemInPos	rage02	ServeR_Anh	1090		100	200	1271	2754			0		0	0	0	0	§æi Linh Th¹ch-Cao 5	2	1	31253	100	799465019	2026-06-12 01:17:53	4294904565	5114173	0	0	2	3	2
20260612-011949	ItemConsume	ClearItemInPos	rage02	ServeR_Anh	1090		100	200	1271	2754			0		0	0	0	0	§æi Linh Th¹ch-Cao 6	2	1	31254	100	1419784804	2026-06-12 01:17:53	4294903810	0	0	0	2	4	2
20260612-011949	ItemConsume	ClearItemInPos	rage02	ServeR_Anh	1090		50	200	1271	2754			0		0	0	0	0	X· Qu©n Táa Linh Th¹ch 	2	1	31391	50	-141467602	2026-06-12 01:17:53	4294905038	0	0	0	2	0	3
20260612-011949	ItemConsume	ClearItemInPos	rage02	ServeR_Anh	1090		50	200	1271	2754			0		0	0	0	0	X· Qu©n Táa Linh Th¹ch 	2	1	31392	50	-2098239544	2026-06-12 01:17:53	592299	0	0	0	2	1	3
20260612-011949	ItemConsume	ClearItemInPos	rage02	ServeR_Anh	1090		50	200	1271	2754			0		0	0	0	0	X· Qu©n Táa Linh Th¹ch 	2	1	31393	50	1506022322	2026-06-12 01:17:53	4294904119	0	0	0	2	2	3
20260612-011949	ItemConsume	ClearItemInPos	rage02	ServeR_Anh	1090		50	200	1271	2754			0		0	0	0	0	X· Qu©n Táa Linh Th¹ch 	2	1	31394	50	-978034068	2026-06-12 01:17:53	4294904972	0	0	0	2	3	3
20260612-011949	ItemConsume	ClearItemInPos	rage02	ServeR_Anh	1090		50	200	1271	2754			0		0	0	0	0	X· Qu©n Táa Linh Th¹ch 	2	1	31395	50	967386742	2026-06-12 01:17:53	4294905847	0	0	0	2	4	3
20260612-011949	ItemConsume	ClearItemInPos	rage02	ServeR_Anh	1090		50	200	1271	2754			0		0	0	0	0	X· Qu©n Táa Linh Th¹ch 	2	1	31396	50	622939951	2026-06-12 01:17:53	1969960	1379290	0	0	2	0	4
20260612-011949	ItemConsume	ClearItemInPos	rage02	ServeR_Anh	1090		50	200	1271	2754			0		0	0	0	0	Tinh VÉn Táa Linh Th¹ch	2	1	31604	50	-2024859059	2026-06-12 01:17:53	4294904172	0	0	0	2	1	4
20260612-011949	ItemConsume	ClearItemInPos	rage02	ServeR_Anh	1090		50	200	1271	2754			0		0	0	0	0	Tinh VÉn Táa Linh Th¹ch	2	1	31605	50	1702507538	2026-06-12 01:17:53	593682	0	0	0	2	2	4
20260612-011949	ItemConsume	ClearItemInPos	rage02	ServeR_Anh	1090		50	200	1271	2754			0		0	0	0	0	Tinh VÉn Táa Linh Th¹ch	2	1	31606	50	-1235448372	2026-06-12 01:17:53	592258	0	0	0	2	3	4
20260612-011949	ItemConsume	ClearItemInPos	rage02	ServeR_Anh	1090		50	200	1271	2754			0		0	0	0	0	Tinh VÉn Táa Linh Th¹ch	2	1	31607	50	28439766	2026-06-12 01:17:53	4294904309	593057	0	0	2	4	4
20260612-011949	ItemConsume	ClearItemInPos	rage02	ServeR_Anh	1090		50	200	1271	2754			0		0	0	0	0	Tinh VÉn Táa Linh Th¹ch	2	1	31608	50	-1633834005	2026-06-12 01:17:53	4394644	0	0	0	2	0	5
20260612-011949	ItemConsume	ClearItemInPos	rage02	ServeR_Anh	1090		50	200	1271	2754			0		0	0	0	0	Tinh VÉn Táa Linh Th¹ch	2	1	31609	50	-278193875	2026-06-12 01:17:53	4294904962	4329445	0	0	2	1	5
20260612-011949	ItemConsume	ClearItemInPos	rage02	ServeR_Anh	1090		1	200	1271	2754			0		0	0	0	0	MËt TÞch Tiªu Dao	0	112	224	0	312747855	2026-06-12 01:18:06	0	0	134217728	0	2	2	5
20260612-011949	ItemConsume	ClearItemInPos	rage02	ServeR_Anh	1090		1	200	1271	2754			0		0	0	0	0	MËt TÞch Tiªu Dao	0	112	224	0	1519868623	2026-06-12 01:18:18	0	0	117440512	0	2	3	5
20260612-011949	ItemConsume	ClearItemInPos	rage02	ServeR_Anh	1090		1	200	1271	2754			0		0	0	0	0	[BÝ §iÓn] MËt TÞch Nh­ 	0	107	30049	0	-1511394144	2026-06-12 01:18:42	1309672192	1347879684	117637633	0	2	4	5
20260612-011949	ItemConsume	ClearItemInPos	rage02	ServeR_Anh	1090		1	200	1271	2754			0		0	0	0	0	[BÝ §iÓn] MËt TÞch Nh­ 	0	107	30049	0	-1304372130	2026-06-12 01:18:42	335610624	336856067	196609	0	2	0	6
20260612-011949	ItemConsume	ClearItemInPos	rage02	ServeR_Anh	1090		1	200	1271	2754			0		0	0	0	0	MËt TÞch Tiªu Dao	0	112	224	0	1236962886	2026-06-12 01:18:31	0	0	100663296	0	2	1	6
20260612-011949	ItemConsume	ClearItemInPos	rage02	ServeR_Anh	1090		1	200	1271	2754			0		0	0	0	0	Quan ¢m QuyÕt	2	6	47	1	908767110	2026-06-12 01:19:03	593903	4294917747	0	0	2	2	6
20260612-011949	ItemConsume	ClearItemInPos	rage02	ServeR_Anh	1090		1	200	1271	2754			0		0	0	0	0	Ngäc N÷ KiÕm quyÕt	2	6	49	1	2123147446	2026-06-12 01:19:03	4294917679	0	0	0	2	4	6
20260612-011949	ItemConsume	ClearItemInPos	rage02	ServeR_Anh	1090		1	200	1271	2754			0		0	0	0	0	§é Nguyªn QuyÕt	2	6	50	1	-905712017	2026-06-12 01:19:03	4294917667	0	0	0	2	0	7
20260612-011949	ItemConsume	ClearItemInPos	rage02	ServeR_Anh	1090		1	200	1271	2754			0		0	0	0	0	PhËt Phæ quyÕt	2	6	51	1	-1194410404	2026-06-12 01:19:03	3679414	1516129	0	0	2	1	7
20260612-011949	ItemConsume	ClearItemInPos	rage02	ServeR_Anh	1090		1	200	1271	2754			0		0	0	0	0	Liªn Hoa quyÕt	2	6	52	1	-762068398	2026-06-12 01:19:03	604075	4294918075	0	0	2	2	7
20260612-011949	ItemConsume	ClearItemInPos	rage02	ServeR_Anh	1090		1	200	1271	2754			0		0	0	0	0	Thanh Ph¹n quyÕt	2	6	53	1	-949453571	2026-06-12 01:19:03	594895	4294917375	0	0	2	3	7
20260612-011949	ItemConsume	ClearItemInPos	rage02	ServeR_Anh	1090		1	200	1271	2754			0		0	0	0	0	L­u Thñy yÕu quyÕt	2	6	54	1	-1222955218	2026-06-12 01:19:03	4294916743	0	0	0	2	4	7
20260612-011949	ItemConsume	ClearItemInPos	rage02	ServeR_Anh	1090		1	200	1271	2754			0		0	0	0	0	PhËt ChiÕn quyÕt	2	6	57	1	-1695249609	2026-06-12 01:19:03	3551165	4294916425	0	0	2	2	8
20260612-011949	ItemConsume	ClearItemInPos	rage02	ServeR_Anh	1090		1	200	1271	2754			0		0	0	0	0	PhËt ¢m quyÕt	2	6	58	1	107122709	2026-06-12 01:19:03	4294916871	0	0	0	2	3	8
20260612-011949	ItemConsume	ClearItemInPos	rage02	ServeR_Anh	1090		1	200	1271	2754			0		0	0	0	0	§¹i Bi quyÕt	2	6	59	1	1963039610	2026-06-12 01:19:03	4294917886	0	0	0	2	4	8
20260612-011949	ItemAdd	3086646439	rage02	ServeR_Anh	1090		1	200	1271	2754			0		0	0	0	0	Vâ L©m 2 Shiina	2	1	50001	1	166465731	2026-06-12 01:19:49	4294903957	0	0	0	-1	-1	-1
20260612-011952	MoneyPay	548769593	rage02	ServeR_Anh	1090		10000000	200	1271	2754			0		0	0	0	0		0	0	0	0	0		0	0	0	0	-1	-1	-1
20260612-011952	ItemAdd	1306792653	rage02	ServeR_Anh	1090		1	200	1271	2754			0		0	0	0	0	Long tö Ên	2	0	30002	1	853096149	2026-06-12 01:19:52	4294905791	0	0	0	-1	-1	-1
20260612-011952	ItemAdd	1306792653	rage02	ServeR_Anh	1090		1	200	1271	2754			0		0	0	0	0	Thanh S­¬ng tr©m	0	108	637	360	18880826	2026-06-12 01:19:52	4294903942	0	0	0	-1	-1	-1
20260612-011952	ItemAdd	1306792653	rage02	ServeR_Anh	1090		1	200	1271	2754			0		0	0	0	0	Thanh S­¬ng ¸o	0	109	637	360	-629290444	2026-06-12 01:19:52	790031	0	0	0	-1	-1	-1
20260612-011952	ItemAdd	1306792653	rage02	ServeR_Anh	1090		1	200	1271	2754			0		0	0	0	0	Thanh S­¬ng trang	0	110	637	360	1518940798	2026-06-12 01:19:52	67631	4294904906	0	0	-1	-1	-1
20260612-011952	ItemAdd	1306792653	rage02	ServeR_Anh	1090		1	200	1271	2754			0		0	0	0	0	Long 10-H	0	148	137	800	-897754061	2026-06-12 01:19:52	898772750	932320084	0	0	-1	-1	-1
20260612-011952	ItemAdd	1306792653	rage02	ServeR_Anh	1090		1	200	1271	2754			0		0	0	0	0	Long 10-C	0	149	141	800	513664207	2026-06-12 01:19:52	898379898	932647676	0	0	-1	-1	-1
20260612-011952	ItemAdd	1306792653	rage02	ServeR_Anh	1090		1	200	1271	2754			0		0	0	0	0	Long 10-T	0	150	137	800	43216811	2026-06-12 01:19:52	898019226	927339813	0	0	-1	-1	-1
20260612-011957	ItemAdd	3912887248	rage02	ServeR_Anh	1090		1	200	1271	2754			0		0	0	0	0	Tñ ¸o Thiªn BiÕn TiÕu	2	1	30494	1	1023875394	2026-06-12 01:19:57	2048	2048	2048	0	-1	-1	-1
20260612-011957	ItemAdd	3912887248	rage02	ServeR_Anh	1090		1000	200	1271	2754			0		0	0	0	0	VËt phÈm Xu	2	1	30230	1000	1213107947	2026-06-12 01:19:57	4294904435	0	0	0	-1	-1	-1
20260612-012003	ItemConsume	ExpendIdx	rage02	ServeR_Anh	1090		1000	200	1271	2754			0		0	0	0	0	VËt phÈm Xu	2	1	30230	1000	1213107947	2026-06-12 01:19:57	4294904435	0	0	0	2	4	1
20260612-012003	ItemConsume	ExpendIdx	rage02	ServeR_Anh	1090		1	200	1271	2754			0		0	0	0	0	Long tö Ên	2	0	30002	1	853096149	2026-06-12 01:19:52	4294905791	0	0	0	2	1	0
20260612-012003	ItemAdd	572208334	rage02	ServeR_Anh	1090		1	200	1271	2754			0		0	0	0	0	Phông tö Ên	2	0	30005	1	-882859127	2026-06-12 01:20:03	4294904715	0	0	0	-1	-1	-1
20260612-012003	ItemConsume	ExpendGDP	rage02	ServeR_Anh	1090		1	200	1271	2754			0		0	0	0	0	Thanh S­¬ng tr©m	0	108	637	360	18880826	2026-06-12 01:19:52	4294903942	0	0	0	2	2	0
20260612-012003	ItemConsume	ExpendGDP	rage02	ServeR_Anh	1090		1	200	1271	2754			0		0	0	0	0	Thanh S­¬ng ¸o	0	109	637	360	-629290444	2026-06-12 01:19:52	790031	0	0	0	2	3	0
20260612-012003	ItemConsume	ExpendGDP	rage02	ServeR_Anh	1090		1	200	1271	2754			0		0	0	0	0	Thanh S­¬ng trang	0	110	637	360	1518940798	2026-06-12 01:19:52	67631	4294904906	0	0	2	4	0
20260612-012003	ItemAdd	572208334	rage02	ServeR_Anh	1090		1	200	1271	2754			0		0	0	0	0	Thanh S­¬ng tr©m	0	108	637	360	-623951813	2026-06-12 01:20:03	4294905614	0	0	0	-1	-1	-1
20260612-012003	ItemAdd	572208334	rage02	ServeR_Anh	1090		1	200	1271	2754			0		0	0	0	0	Thanh S­¬ng ¸o	0	109	637	360	-2127746051	2026-06-12 01:20:03	4294904790	0	0	0	-1	-1	-1
20260612-012003	ItemAdd	572208334	rage02	ServeR_Anh	1090		1	200	1271	2754			0		0	0	0	0	Thanh S­¬ng trang	0	110	637	360	136338306	2026-06-12 01:20:03	2754759	0	0	0	-1	-1	-1
20260612-012003	ItemAdd	572208334	rage02	ServeR_Anh	1090		1	200	1271	2754			0		0	0	0	0	Phông 10-H	0	148	138	800	-2054921028	2026-06-12 01:20:03	926122026	932386698	0	0	-1	-1	-1
20260612-012003	ItemAdd	572208334	rage02	ServeR_Anh	1090		1	200	1271	2754			0		0	0	0	0	Phông 10-C	0	149	142	800	1693741512	2026-06-12 01:20:03	926163209	932720617	0	0	-1	-1	-1
20260612-012003	ItemAdd	572208334	rage02	ServeR_Anh	1090		1	200	1271	2754			0		0	0	0	0	Phông 10-T	0	150	138	800	-765367788	2026-06-12 01:20:03	898182748	932846093	0	0	-1	-1	-1
20260612-012008	ItemAdd	3912887248	rage02	ServeR_Anh	1090		1000	200	1271	2754			0		0	0	0	0	VËt phÈm Xu	2	1	30230	1000	273363130	2026-06-12 01:20:08	4294905134	0	0	0	-1	-1	-1
20260612-012011	ItemConsume	ExpendIdx	rage02	ServeR_Anh	1090		1000	200	1271	2754			0		0	0	0	0	VËt phÈm Xu	2	1	30230	1000	273363130	2026-06-12 01:20:08	4294905134	0	0	0	2	2	2
20260612-012011	ItemConsume	ExpendIdx	rage02	ServeR_Anh	1090		1	200	1271	2754			0		0	0	0	0	Phông tö Ên	2	0	30005	1	-882859127	2026-06-12 01:20:03	4294904715	0	0	0	2	1	0
20260612-012011	ItemAdd	572208334	rage02	ServeR_Anh	1090		1	200	1271	2754			0		0	0	0	0	¦ng tö Ên	2	0	30006	1	-2029346297	2026-06-12 01:20:11	4294904171	0	0	0	-1	-1	-1
20260612-012011	ItemConsume	ExpendGDP	rage02	ServeR_Anh	1090		1	200	1271	2754			0		0	0	0	0	Thanh S­¬ng tr©m	0	108	637	360	-623951813	2026-06-12 01:20:03	4294905614	0	0	0	2	2	0
20260612-012011	ItemConsume	ExpendGDP	rage02	ServeR_Anh	1090		1	200	1271	2754			0		0	0	0	0	Thanh S­¬ng ¸o	0	109	637	360	-2127746051	2026-06-12 01:20:03	4294904790	0	0	0	2	3	0
20260612-012011	ItemConsume	ExpendGDP	rage02	ServeR_Anh	1090		1	200	1271	2754			0		0	0	0	0	Thanh S­¬ng trang	0	110	637	360	136338306	2026-06-12 01:20:03	2754759	0	0	0	2	4	0
20260612-012011	ItemAdd	572208334	rage02	ServeR_Anh	1090		1	200	1271	2754			0		0	0	0	0	Thanh S­¬ng tr©m	0	108	637	360	-1962105900	2026-06-12 01:20:11	4294905470	0	0	0	-1	-1	-1
20260612-012011	ItemAdd	572208334	rage02	ServeR_Anh	1090		1	200	1271	2754			0		0	0	0	0	Thanh S­¬ng ¸o	0	109	637	360	-545435362	2026-06-12 01:20:11	4294904794	0	0	0	-1	-1	-1
20260612-012011	ItemAdd	572208334	rage02	ServeR_Anh	1090		1	200	1271	2754			0		0	0	0	0	Thanh S­¬ng trang	0	110	637	360	1117885687	2026-06-12 01:20:11	4294903894	0	0	0	-1	-1	-1
20260612-012011	ItemAdd	572208334	rage02	ServeR_Anh	1090		1	200	1271	2754			0		0	0	0	0	¦ng 10-H	0	148	140	800	-95914620	2026-06-12 01:20:11	932585676	0	0	0	-1	-1	-1
20260612-012011	ItemAdd	572208334	rage02	ServeR_Anh	1090		1	200	1271	2754			0		0	0	0	0	¦ng 10-C	0	149	144	800	490568687	2026-06-12 01:20:11	898381356	932778329	0	0	-1	-1	-1
20260612-012011	ItemAdd	572208334	rage02	ServeR_Anh	1090		1	200	1271	2754			0		0	0	0	0	¦ng 10-T	0	150	140	800	-1508297525	2026-06-12 01:20:11	898018154	927340211	0	0	-1	-1	-1
20260612-012021	ItemAdd	3912887248	rage02	ServeR_Anh	1090		1000	200	1271	2754			0		0	0	0	0	VËt phÈm Xu	2	1	30230	1000	-137828384	2026-06-12 01:20:21	4294905097	0	0	0	-1	-1	-1
20260612-012024	ItemConsume	ExpendIdx	rage02	ServeR_Anh	1090		1000	200	1271	2754			0		0	0	0	0	VËt phÈm Xu	2	1	30230	1000	-137828384	2026-06-12 01:20:21	4294905097	0	0	0	2	0	3
20260612-012024	ItemConsume	ExpendIdx	rage02	ServeR_Anh	1090		1	200	1271	2754			0		0	0	0	0	¦ng tö Ên	2	0	30006	1	-2029346297	2026-06-12 01:20:11	4294904171	0	0	0	2	1	0
20260612-012024	ItemAdd	572208334	rage02	ServeR_Anh	1090		1	200	1271	2754			0		0	0	0	0	Hæ tö Ên	2	0	30003	1	-1783985429	2026-06-12 01:20:24	4294903893	0	0	0	-1	-1	-1
20260612-012024	ItemConsume	ExpendGDP	rage02	ServeR_Anh	1090		1	200	1271	2754			0		0	0	0	0	Thanh S­¬ng tr©m	0	108	637	360	-1962105900	2026-06-12 01:20:11	4294905470	0	0	0	2	2	0
20260612-012024	ItemConsume	ExpendGDP	rage02	ServeR_Anh	1090		1	200	1271	2754			0		0	0	0	0	Thanh S­¬ng ¸o	0	109	637	360	-545435362	2026-06-12 01:20:11	4294904794	0	0	0	2	3	0
20260612-012024	ItemConsume	ExpendGDP	rage02	ServeR_Anh	1090		1	200	1271	2754			0		0	0	0	0	Thanh S­¬ng trang	0	110	637	360	1117885687	2026-06-12 01:20:11	4294903894	0	0	0	2	4	0
20260612-012024	ItemAdd	572208334	rage02	ServeR_Anh	1090		1	200	1271	2754			0		0	0	0	0	Thanh S­¬ng tr©m	0	108	637	360	1254792584	2026-06-12 01:20:24	4294905511	0	0	0	-1	-1	-1
20260612-012024	ItemAdd	572208334	rage02	ServeR_Anh	1090		1	200	1271	2754			0		0	0	0	0	Thanh S­¬ng ¸o	0	109	637	360	149756713	2026-06-12 01:20:24	4294904564	0	0	0	-1	-1	-1
20260612-012024	ItemAdd	572208334	rage02	ServeR_Anh	1090		1	200	1271	2754			0		0	0	0	0	Thanh S­¬ng trang	0	110	637	360	-291476261	2026-06-12 01:20:24	5377211	4294904528	0	0	-1	-1	-1
20260612-012024	ItemAdd	572208334	rage02	ServeR_Anh	1090		1	200	1271	2754			0		0	0	0	0	Hæ 10-H	0	148	139	800	-1039012988	2026-06-12 01:20:24	932458117	932520805	0	0	-1	-1	-1
20260612-012024	ItemAdd	572208334	rage02	ServeR_Anh	1090		1	200	1271	2754			0		0	0	0	0	Hæ 10-C	0	149	143	800	1726379024	2026-06-12 01:20:24	898971354	932719927	0	0	-1	-1	-1
20260612-012024	ItemAdd	572208334	rage02	ServeR_Anh	1090		1	200	1271	2754			0		0	0	0	0	Hæ 10-T	0	150	139	800	-1222004772	2026-06-12 01:20:24	898017427	932847609	0	0	-1	-1	-1
20260612-012034	ItemAdd	3912887248	rage02	ServeR_Anh	1090		1000	200	1271	2754			0		0	0	0	0	VËt phÈm Xu	2	1	30230	1000	696724272	2026-06-12 01:20:34	593178	200464	0	0	-1	-1	-1
20260612-012036	ItemConsume	ExpendIdx	rage02	ServeR_Anh	1090		1000	200	1271	2754			0		0	0	0	0	VËt phÈm Xu	2	1	30230	1000	696724272	2026-06-12 01:20:34	593178	200464	0	0	2	3	3
20260612-012036	ItemConsume	ExpendIdx	rage02	ServeR_Anh	1090		1	200	1271	2754			0		0	0	0	0	Hæ tö Ên	2	0	30003	1	-1783985429	2026-06-12 01:20:24	4294903893	0	0	0	2	1	0
20260612-012036	ItemAdd	572208334	rage02	ServeR_Anh	1090		1	200	1271	2754			0		0	0	0	0	Long tö Ên	2	0	30002	1	2051481421	2026-06-12 01:20:36	3606541	4294905610	0	0	-1	-1	-1
20260612-012036	ItemConsume	ExpendGDP	rage02	ServeR_Anh	1090		1	200	1271	2754			0		0	0	0	0	Thanh S­¬ng tr©m	0	108	637	360	1254792584	2026-06-12 01:20:24	4294905511	0	0	0	2	2	0
20260612-012036	ItemConsume	ExpendGDP	rage02	ServeR_Anh	1090		1	200	1271	2754			0		0	0	0	0	Thanh S­¬ng ¸o	0	109	637	360	149756713	2026-06-12 01:20:24	4294904564	0	0	0	2	3	0
20260612-012036	ItemConsume	ExpendGDP	rage02	ServeR_Anh	1090		1	200	1271	2754			0		0	0	0	0	Thanh S­¬ng trang	0	110	637	360	-291476261	2026-06-12 01:20:24	5377211	4294904528	0	0	2	4	0
20260612-012036	ItemAdd	572208334	rage02	ServeR_Anh	1090		1	200	1271	2754			0		0	0	0	0	Thanh S­¬ng tr©m	0	108	637	360	-39464258	2026-06-12 01:20:36	4294905073	2690555	0	0	-1	-1	-1
20260612-012036	ItemAdd	572208334	rage02	ServeR_Anh	1090		1	200	1271	2754			0		0	0	0	0	Thanh S­¬ng ¸o	0	109	637	360	-2003509901	2026-06-12 01:20:36	4294905479	789348	0	0	-1	-1	-1
20260612-012036	ItemAdd	572208334	rage02	ServeR_Anh	1090		1	200	1271	2754			0		0	0	0	0	Thanh S­¬ng trang	0	110	637	360	-1299578244	2026-06-12 01:20:36	4294905656	0	0	0	-1	-1	-1
20260612-012036	ItemAdd	572208334	rage02	ServeR_Anh	1090		1	200	1271	2754			0		0	0	0	0	Long 10-H	0	148	137	800	710931206	2026-06-12 01:20:36	898771933	932321069	0	0	-1	-1	-1
20260612-012036	ItemAdd	572208334	rage02	ServeR_Anh	1090		1	200	1271	2754			0		0	0	0	0	Long 10-C	0	149	141	800	-705802894	2026-06-12 01:20:36	898381297	932647673	0	0	-1	-1	-1
20260612-012036	ItemAdd	572208334	rage02	ServeR_Anh	1090		1	200	1271	2754			0		0	0	0	0	Long 10-T	0	150	137	800	-1696883426	2026-06-12 01:20:36	898017848	927340538	0	0	-1	-1	-1
20260612-012051	MoneyPay	CommonEnhanceEmbroidery	rage02	ServeR_Anh	1090		8000000	200	1271	2754			0		0	0	0	0		0	0	0	0	0		0	0	0	0	-1	-1	-1
20260612-012051	ItemConsume	CommonEnhanceEmbroidery	rage02	ServeR_Anh	1090		1	200	1271	2754			0		0	0	0	0	Long 10-H	0	148	137	800	710931206	2026-06-12 01:20:36	898771933	932321069	0	0	8	1	0
20260612-012058	MoneyPay	CommonEnhanceEmbroidery	rage02	ServeR_Anh	1090		8000000	200	1271	2754			0		0	0	0	0		0	0	0	0	0		0	0	0	0	-1	-1	-1
20260612-012058	ItemConsume	CommonEnhanceEmbroidery	rage02	ServeR_Anh	1090		1	200	1271	2754			0		0	0	0	0	Long 10-C	0	149	141	800	-705802894	2026-06-12 01:20:36	898381297	932647673	0	0	8	1	0
20260612-012115	MoneyPay	CommonEnhanceEmbroidery	rage02	ServeR_Anh	1090		8000000	200	1271	2754			0		0	0	0	0		0	0	0	0	0		0	0	0	0	-1	-1	-1
20260612-012115	ItemConsume	CommonEnhanceEmbroidery	rage02	ServeR_Anh	1090		1	200	1271	2754			0		0	0	0	0	Phông 10-C	0	149	142	800	1693741512	2026-06-12 01:20:03	926163209	932720617	0	0	8	1	0
20260612-012125	MoneyPay	CommonEnhanceEmbroidery	rage02	ServeR_Anh	1090		8000000	200	1271	2754			0		0	0	0	0		0	0	0	0	0		0	0	0	0	-1	-1	-1
20260612-012125	ItemConsume	CommonEnhanceEmbroidery	rage02	ServeR_Anh	1090		1	200	1271	2754			0		0	0	0	0	Hæ 10-T	0	150	139	800	-1222004772	2026-06-12 01:20:24	898017427	932847609	0	0	8	1	0
20260612-012133	ItemAdd	2834304296	rage02	ServeR_Anh	1090		1	200	1271	2754			0		0	0	0	0	Tèng-Chu T­íc T­íng Kh«	0	103	32263	360	-1736552578	2026-06-12 01:21:33	977144265	977276074	977342106	15	-1	-1	-1
20260612-012133	ItemAdd	2834304296	rage02	ServeR_Anh	1090		1	200	1271	2754			0		0	0	0	0	Tèng-Chu T­íc T­íng Y	0	100	32263	360	2131696343	2026-06-12 01:21:33	977145556	977275715	977406735	15	-1	-1	-1
20260612-012133	ItemAdd	2834304296	rage02	ServeR_Anh	1090		1	200	1271	2754			0		0	0	0	0	Tèng-Chu T­íc T­íng Tra	0	101	32263	360	852506852	2026-06-12 01:21:33	977143912	977275712	977471857	15	-1	-1	-1
20260612-012133	ItemAdd	2834304296	rage02	ServeR_Anh	1090		1	200	1271	2754			0		0	0	0	0	Tèng-Chu T­íc T­íng LÖn	0	102	31856	100	-1545114955	2026-06-12 01:21:33	977144348	977866683	977603524	0	-1	-1	-1
20260612-012133	ItemAdd	2834304296	rage02	ServeR_Anh	1090		1	200	1271	2754			0		0	0	0	0	Tèng-Chu T­íc T­íng LÖn	0	102	31878	100	1516151450	2026-06-12 01:21:33	977144531	977865172	980160157	0	-1	-1	-1
20260612-012133	ItemAdd	2834304296	rage02	ServeR_Anh	1090		1	200	1271	2754			0		0	0	0	0	Tèng-Chu T­íc T­íng LÖn	0	102	31900	100	477039907	2026-06-12 01:21:33	977144664	977864949	980224704	0	-1	-1	-1
20260612-012133	ItemAdd	2834304296	rage02	ServeR_Anh	1090		1	200	1271	2754			0		0	0	0	0	Tèng-Chu T­íc T­íng KiÕ	0	2	32553	300	978095648	2026-06-12 01:21:33	977735270	978128775	949294201	15	-1	-1	-1
20260612-012150	ItemConsume	ClearItemInPos	rage02	ServeR_Anh	1090		1	200	1271	2754			0		0	0	0	0	Vâ L©m 2 Shiina	2	1	50001	1	166465731	2026-06-12 01:19:49	4294903957	0	0	0	2	0	0
20260612-012150	ItemConsume	ClearItemInPos	rage02	ServeR_Anh	1090		1	200	1271	2754			0		0	0	0	0	Long tö Ên	2	0	30002	1	2051481421	2026-06-12 01:20:36	3606541	4294905610	0	0	2	1	0
20260612-012150	ItemConsume	ClearItemInPos	rage02	ServeR_Anh	1090		1	200	1271	2754			0		0	0	0	0	DiÖu D­¬ng-PhËt V©n Th¸	0	103	3139	200	1088455442	2026-06-12 00:49:32	18096494	852495655	42416169	9	2	2	0
20260612-012150	ItemConsume	ClearItemInPos	rage02	ServeR_Anh	1090		1	200	1271	2754			0		0	0	0	0	Thanh S­¬ng ¸o	0	109	637	360	-2003509901	2026-06-12 01:20:36	4294905479	789348	0	0	2	3	0
20260612-012150	ItemConsume	ClearItemInPos	rage02	ServeR_Anh	1090		1	200	1271	2754			0		0	0	0	0	Thanh S­¬ng trang	0	110	637	360	-1299578244	2026-06-12 01:20:36	4294905656	0	0	0	2	4	0
20260612-012150	ItemConsume	ClearItemInPos	rage02	ServeR_Anh	1090		1	200	1271	2754			0		0	0	0	0	Long 10-H	0	148	137	800	-897754061	2026-06-12 01:19:52	898772750	932320084	0	0	2	0	1
20260612-012150	ItemConsume	ClearItemInPos	rage02	ServeR_Anh	1090		1	200	1271	2754			0		0	0	0	0	Long 10-C	0	149	141	800	513664207	2026-06-12 01:19:52	898379898	932647676	0	0	2	1	1
20260612-012150	ItemConsume	ClearItemInPos	rage02	ServeR_Anh	1090		1	200	1271	2754			0		0	0	0	0	Long 10-T	0	150	137	800	43216811	2026-06-12 01:19:52	898019226	927339813	0	0	2	2	1
20260612-012150	ItemConsume	ClearItemInPos	rage02	ServeR_Anh	1090		1	200	1271	2754			0		0	0	0	0	Tñ ¸o Thiªn BiÕn TiÕu	2	1	30494	1	1023875394	2026-06-12 01:19:57	2048	2048	2048	0	2	3	1
20260612-012150	ItemConsume	ClearItemInPos	rage02	ServeR_Anh	1090		1	200	1271	2754			0		0	0	0	0	Phông 10-H	0	148	138	800	-2054921028	2026-06-12 01:20:03	926122026	932386698	0	0	2	4	1
20260612-012150	ItemConsume	ClearItemInPos	rage02	ServeR_Anh	1090		1	200	1271	2754			0		0	0	0	0	DiÖu D­¬ng-PhËt V©n Th¸	0	100	3139	250	-2002540293	2026-06-12 00:49:32	852303864	55910131	42613839	9	2	0	2
20260612-012150	ItemConsume	ClearItemInPos	rage02	ServeR_Anh	1090		1	200	1271	2754			0		0	0	0	0	Phông 10-T	0	150	138	800	-765367788	2026-06-12 01:20:03	898182748	932846093	0	0	2	1	2
20260612-012150	ItemConsume	ClearItemInPos	rage02	ServeR_Anh	1090		1	200	1271	2754			0		0	0	0	0	¦ng 10-H	0	148	140	800	-95914620	2026-06-12 01:20:11	932585676	0	0	0	2	2	2
20260612-012150	ItemConsume	ClearItemInPos	rage02	ServeR_Anh	1090		1	200	1271	2754			0		0	0	0	0	¦ng 10-C	0	149	144	800	490568687	2026-06-12 01:20:11	898381356	932778329	0	0	2	3	2
20260612-012150	ItemConsume	ClearItemInPos	rage02	ServeR_Anh	1090		1	200	1271	2754			0		0	0	0	0	¦ng 10-T	0	150	140	800	-1508297525	2026-06-12 01:20:11	898018154	927340211	0	0	2	4	2
20260612-012150	ItemConsume	ClearItemInPos	rage02	ServeR_Anh	1090		1	200	1271	2754			0		0	0	0	0	Hæ 10-H	0	148	139	800	-1039012988	2026-06-12 01:20:24	932458117	932520805	0	0	2	0	3
20260612-012150	ItemConsume	ClearItemInPos	rage02	ServeR_Anh	1090		1	200	1271	2754			0		0	0	0	0	Hæ 10-C	0	149	143	800	1726379024	2026-06-12 01:20:24	898971354	932719927	0	0	2	1	3
20260612-012150	ItemConsume	ClearItemInPos	rage02	ServeR_Anh	1090		1	200	1271	2754			0		0	0	0	0	DiÖu D­¬ng-PhËt V©n Th¸	0	101	3139	200	1735520472	2026-06-12 00:49:32	852301788	852629634	42547775	9	2	2	3
20260612-012150	ItemConsume	ClearItemInPos	rage02	ServeR_Anh	1090		1	200	1271	2754			0		0	0	0	0	Long 10-T	0	150	137	800	-1696883426	2026-06-12 01:20:36	898017848	927340538	0	0	2	3	3
20260612-012150	ItemConsume	ClearItemInPos	rage02	ServeR_Anh	1090		1	200	1271	2754			0		0	0	0	0	Tèng-Chu T­íc T­íng LÖn	0	102	31856	100	-1545114955	2026-06-12 01:21:33	977144348	977866683	977603524	0	2	4	3
20260612-012150	ItemConsume	ClearItemInPos	rage02	ServeR_Anh	1090		1	200	1271	2754			0		0	0	0	0	NhÉn V« Cùc	0	102	31130	100	-6040358	2026-06-12 00:51:13	925240343	925306751	0	0	2	0	4
20260612-012150	ItemConsume	ClearItemInPos	rage02	ServeR_Anh	1090		1	200	1271	2754			0		0	0	0	0	Minh Tinh Chi Giíi	0	102	31131	100	586462726	2026-06-12 00:51:13	925241110	925306423	0	0	2	1	4
20260612-012150	ItemConsume	ClearItemInPos	rage02	ServeR_Anh	1090		1	200	1271	2754			0		0	0	0	0	DiÖu D­¬ng-PhËt V©n Th¸	0	2	8996	299	-844301127	2026-06-12 00:49:32	55713455	42613246	55841375	9	2	2	4
20260612-012150	ItemAdd	3086646439	rage02	ServeR_Anh	1090		1	200	1271	2754			0		0	0	0	0	Vâ L©m 2 Shiina	2	1	50001	1	-527714727	2026-06-12 01:21:50	4294905609	0	0	0	-1	-1	-1
20260612-012416	ItemAdd	3574353432	rage02	ServeR_Anh	1090		1	200	1278	2755			0		0	0	0	0	DiÖu D­¬ng-PhËt V©n Th¸	0	103	3139	200	-560962369	2026-06-12 01:24:16	18098025	852495879	42417295	15	-1	-1	-1
20260612-012416	ItemAdd	3574353432	rage02	ServeR_Anh	1090		1	200	1278	2755			0		0	0	0	0	DiÖu D­¬ng-PhËt V©n Th¸	0	100	3139	250	-151798036	2026-06-12 01:24:16	852302051	55910318	42614250	15	-1	-1	-1
20260612-012416	ItemAdd	3574353432	rage02	ServeR_Anh	1090		1	200	1278	2755			0		0	0	0	0	DiÖu D­¬ng-PhËt V©n Th¸	0	101	3139	200	2043254621	2026-06-12 01:24:16	852299991	852631066	42549162	15	-1	-1	-1
20260612-012416	ItemAdd	3574353432	rage02	ServeR_Anh	1090		1	200	1278	2755			0		0	0	0	0	DiÖu D­¬ng-PhËt V©n Th¸	0	2	8996	300	-17788318	2026-06-12 01:24:16	55711904	42612926	55841165	15	-1	-1	-1
20260612-012416	ItemAdd	3574353432	rage02	ServeR_Anh	1090		1	200	1278	2755			0		0	0	0	0	DiÖu D­¬ng Thiªn Cung-¤	0	102	3190	100	-562825589	2026-06-12 01:24:16	42286348	55250099	55191141	0	-1	-1	-1
20260612-012416	ItemAdd	3574353432	rage02	ServeR_Anh	1090		1	200	1278	2755			0		0	0	0	0	DiÖu D­¬ng Thiªn Cung-T	0	102	3191	100	-1665578584	2026-06-12 01:24:16	42483187	55249949	55189646	0	-1	-1	-1
20260612-012416	ItemAdd	3574353432	rage02	ServeR_Anh	1090		1	200	1278	2755			0		0	0	0	0	DiÖu D­¬ng Thiªn Cung-V	0	102	3192	100	1987375561	2026-06-12 01:24:16	42613436	55249550	55190645	0	-1	-1	-1
20260612-012416	ItemAdd	3574353432	rage02	ServeR_Anh	1090		1	200	1278	2755			0		0	0	0	0	DiÖu D­¬ng Thiªn Cung-X	0	102	3193	100	1527327294	2026-06-12 01:24:16	42548456	55250211	55190247	0	-1	-1	-1
20260612-012416	ItemAdd	3574353432	rage02	ServeR_Anh	1090		1	200	1278	2755			0		0	0	0	0	DiÖu D­¬ng Thiªn Cung-B	0	102	3194	100	-624894825	2026-06-12 01:24:16	42417065	55250428	55189778	0	-1	-1	-1
20260612-012503	ItemAdd	3574353432	rage01	MaJas_ServeR	1090		1	200	1274	2756			0		0	0	0	0	DiÖu D­¬ng-§é KiÕp T«n 	0	103	3130	200	-1115063703	2026-06-12 01:25:03	18097895	852495777	42483536	15	-1	-1	-1
20260612-012503	ItemAdd	3574353432	rage01	MaJas_ServeR	1090		1	200	1274	2756			0		0	0	0	0	DiÖu D­¬ng-§é KiÕp T«n 	0	100	3130	250	-1493698722	2026-06-12 01:25:03	852110199	55909971	42613450	15	-1	-1	-1
20260612-012503	ItemAdd	3574353432	rage01	MaJas_ServeR	1090		1	200	1274	2756			0		0	0	0	0	DiÖu D­¬ng-§é KiÕp T«n 	0	101	3130	200	-205969353	2026-06-12 01:25:03	852174996	852629887	42416794	15	-1	-1	-1
20260612-012503	ItemAdd	3574353432	rage01	MaJas_ServeR	1090		1	200	1274	2756			0		0	0	0	0	DiÖu D­¬ng-§é KiÕp T«n 	0	0	8993	300	-394118716	2026-06-12 01:25:03	55320691	42613828	55450429	15	-1	-1	-1
20260612-012503	ItemAdd	3574353432	rage01	MaJas_ServeR	1090		1	200	1274	2756			0		0	0	0	0	DiÖu D­¬ng Thiªn Cung-¤	0	102	3190	100	-1822391019	2026-06-12 01:25:03	42286686	55250426	55190870	0	-1	-1	-1
20260612-012503	ItemAdd	3574353432	rage01	MaJas_ServeR	1090		1	200	1274	2756			0		0	0	0	0	DiÖu D­¬ng Thiªn Cung-T	0	102	3191	100	-863538054	2026-06-12 01:25:03	42483218	55250407	55190156	0	-1	-1	-1
20260612-012503	ItemAdd	3574353432	rage01	MaJas_ServeR	1090		1	200	1274	2756			0		0	0	0	0	DiÖu D­¬ng Thiªn Cung-V	0	102	3192	100	-829879165	2026-06-12 01:25:03	42613848	55249369	55190743	0	-1	-1	-1
20260612-012503	ItemAdd	3574353432	rage01	MaJas_ServeR	1090		1	200	1274	2756			0		0	0	0	0	DiÖu D­¬ng Thiªn Cung-X	0	102	3193	100	-1203967744	2026-06-12 01:25:03	42549234	55250203	55190008	0	-1	-1	-1
20260612-012503	ItemAdd	3574353432	rage01	MaJas_ServeR	1090		1	200	1274	2756			0		0	0	0	0	DiÖu D­¬ng Thiªn Cung-B	0	102	3194	100	-53363199	2026-06-12 01:25:03	42416731	55249383	55190327	0	-1	-1	-1
20260612-012557	ItemAdd	1990807953	rage01	MaJas_ServeR	1090		1	200	1276	2758			0		0	0	0	0	Ph¸ Hån LÖnh (§Çu)	2	1	31529	1	-382371039	2026-06-12 01:25:57	4294904365	0	0	0	-1	-1	-1
20260612-012557	ItemAdd	1990807953	rage01	MaJas_ServeR	1090		1	200	1276	2758			0		0	0	0	0	Ph¸ Hån LÖnh (¸o)	2	1	31530	1	2089199734	2026-06-12 01:25:57	4294904343	1379926	0	0	-1	-1	-1
20260612-012557	ItemAdd	1990807953	rage01	MaJas_ServeR	1090		1	200	1276	2758			0		0	0	0	0	Ph¸ Hån LÖnh (QuÇn)	2	1	31531	1	-2081513973	2026-06-12 01:25:57	4294905317	0	0	0	-1	-1	-1
20260612-012557	ItemAdd	1990807953	rage01	MaJas_ServeR	1090		1	200	1276	2758			0		0	0	0	0	Ph¸ Hån LÖnh (Vò KhÝ)	2	1	31532	1	1289057357	2026-06-12 01:25:57	592905	0	0	0	-1	-1	-1
20260612-012557	ItemAdd	1990807953	rage01	MaJas_ServeR	1090		1	200	1276	2758			0		0	0	0	0	Ph¸ Hån LÖnh (Trang Søc	2	1	31533	1	-722541947	2026-06-12 01:25:57	4294905471	198852	0	0	-1	-1	-1
20260612-012557	ItemAdd	1990807953	rage01	MaJas_ServeR	1090		1	200	1276	2758			0		0	0	0	0	Ph¸ Hån LÖnh (Trang Søc	2	1	31533	1	-1672055082	2026-06-12 01:25:57	4294905592	0	0	0	-1	-1	-1
20260612-012610	ItemConsume	ExpendIdx	rage01	MaJas_ServeR	1090		1	200	1276	2758			0		0	0	0	0	Ph¸ Hån LÖnh (Trang Søc	2	1	31533	1	-1672055082	2026-06-12 01:25:57	4294905592	0	0	0	2	0	3
20260612-012610	ItemAdd	2447690182	rage01	MaJas_ServeR	1090		1	200	1276	2758			0		0	0	0	0	NhÉn Ph¸ Hån	0	102	32160	100	1257255184	2026-06-12 01:26:10	0	0	0	0	-1	-1	-1
20260612-012626	ItemConsume	ExpendIdx	rage01	MaJas_ServeR	1090		1	200	1276	2758			0		0	0	0	0	Ph¸ Hån LÖnh (§Çu)	2	1	31529	1	-382371039	2026-06-12 01:25:57	4294904365	0	0	0	2	0	2
20260612-012626	large_str	AddItem[/settings/static_script/item/item_pohun.lua|nothing]			0		3632489766	0	0	0			0		0	0	0	0		0	0	0	0	0		0	0	0	0	-1	-1	-1
20260612-012626	ItemAdd	3632489766	rage01	MaJas_ServeR	1090		1	200	1276	2758			0		0	0	0	0	MÆt N¹ Ph¸ Hån	0	103	32347	360	1739629127	2026-06-12 01:26:26	0	0	0	0	-1	-1	-1
20260612-012639	ItemConsume	ExpendIdx	rage01	MaJas_ServeR	1090		1	200	1276	2758			0		0	0	0	0	Ph¸ Hån LÖnh (¸o)	2	1	31530	1	2089199734	2026-06-12 01:25:57	4294904343	1379926	0	0	2	1	2
20260612-012639	ItemAdd	3632489766	rage01	MaJas_ServeR	1090		1	200	1276	2758			0		0	0	0	0	A¸o Ph¸ Hån	0	100	32347	360	-1087390478	2026-06-12 01:26:39	0	0	0	0	-1	-1	-1
20260612-012645	ItemConsume	ExpendIdx	rage01	MaJas_ServeR	1090		1	200	1276	2758			0		0	0	0	0	Ph¸ Hån LÖnh (QuÇn)	2	1	31531	1	-2081513973	2026-06-12 01:25:57	4294905317	0	0	0	2	2	2
20260612-012645	ItemAdd	3632489766	rage01	MaJas_ServeR	1090		1	200	1276	2758			0		0	0	0	0	QuÇn Ph¸ Hån	0	101	32347	360	-104078225	2026-06-12 01:26:45	0	0	0	0	-1	-1	-1
20260612-012653	ItemConsume	ExpendIdx	rage01	MaJas_ServeR	1090		1	200	1276	2758			0		0	0	0	0	Ph¸ Hån LÖnh (Vò KhÝ)	2	1	31532	1	1289057357	2026-06-12 01:25:57	592905	0	0	0	2	3	2
20260612-012653	ItemAdd	3632489766	rage01	MaJas_ServeR	1090		1	200	1276	2758			0		0	0	0	0	Ph¸ Hån TÞch DiÖt §ao	0	3	15301	300	-801946714	2026-06-12 01:26:53	0	0	0	0	-1	-1	-1
20260612-012704	ItemConsume	ExpendIdx	rage01	MaJas_ServeR	1090		1	200	1276	2758			0		0	0	0	0	Ph¸ Hån LÖnh (Trang Søc	2	1	31533	1	-722541947	2026-06-12 01:25:57	4294905471	198852	0	0	2	4	2
20260612-012704	ItemAdd	3632489766	rage01	MaJas_ServeR	1090		1	200	1276	2758			0		0	0	0	0	NhÉn Ph¸ Hån	0	102	32160	100	1110607523	2026-06-12 01:27:04	0	0	0	0	-1	-1	-1
20260612-012720	ItemAdd	2834304296	rage01	MaJas_ServeR	1090		1	200	1277	2755			0		0	0	0	0	Tèng T­íng Qu©n ChiÕn K	0	103	3016	120	-1258632967	2026-06-12 01:27:20	18096813	16591922	26810924	15	-1	-1	-1
20260612-012720	ItemAdd	2834304296	rage01	MaJas_ServeR	1090		1	200	1277	2755			0		0	0	0	0	Tèng T­íng Qu©n ChiÕn B	0	100	3016	120	2129274158	2026-06-12 01:27:20	26682907	16592273	26810940	15	-1	-1	-1
20260612-012720	ItemAdd	2834304296	rage01	MaJas_ServeR	1090		1	200	1277	2755			0		0	0	0	0	Tèng T­íng Qu©n ChiÕn T	0	101	3016	120	-146975161	2026-06-12 01:27:20	26811290	16591660	16657319	15	-1	-1	-1
20260612-012720	ItemAdd	2834304296	rage01	MaJas_ServeR	1090		1	200	1277	2755			0		0	0	0	0	Thiªn Chi Tèng T­íng Qu	0	102	3032	100	992861460	2026-06-12 01:27:20	1775377	16591768	26810960	0	-1	-1	-1
20260612-012720	ItemAdd	2834304296	rage01	MaJas_ServeR	1090		1	200	1277	2755			0		0	0	0	0	Thiªn Chi Tèng T­íng Qu	0	102	3036	100	-163121499	2026-06-12 01:27:20	26875417	16591369	26811883	0	-1	-1	-1
20260612-012720	ItemAdd	2834304296	rage01	MaJas_ServeR	1090		1	200	1277	2755			0		0	0	0	0	Thiªn Chi Tèng T­íng Qu	0	102	3040	100	346997066	2026-06-12 01:27:20	26811608	16591420	26939561	0	-1	-1	-1
20260612-012728	ItemAdd	2834304296	rage01	MaJas_ServeR	1090		1	200	1277	2755			0		0	0	0	0	Tèng Ngù Long T­íng Qu©	0	103	30017	120	310266847	2026-06-12 01:27:28	26813050	16592216	18097600	15	-1	-1	-1
20260612-012728	ItemAdd	2834304296	rage01	MaJas_ServeR	1090		1	200	1277	2755			0		0	0	0	0	Tèng Ngù Long T­íng Qu©	0	100	30017	120	-930173812	2026-06-12 01:27:28	26812567	16592100	852698011	15	-1	-1	-1
20260612-012728	ItemAdd	2834304296	rage01	MaJas_ServeR	1090		1	200	1277	2755			0		0	0	0	0	Tèng Ngù Long T­íng Qu©	0	101	30017	120	1727229309	2026-06-12 01:27:28	26813787	16592841	18230061	15	-1	-1	-1
20260612-012728	ItemAdd	2834304296	rage01	MaJas_ServeR	1090		1	200	1277	2755			0		0	0	0	0	Tèng Ngù Long T­íng Qu©	0	102	30013	100	-580625662	2026-06-12 01:27:28	26814249	16592488	1776679	0	-1	-1	-1
20260612-012728	ItemAdd	2834304296	rage01	MaJas_ServeR	1090		1	200	1277	2755			0		0	0	0	0	Tèng Ngù Long T­íng Qu©	0	102	30017	100	-186448981	2026-06-12 01:27:28	26813412	16591265	26877149	0	-1	-1	-1
20260612-012728	ItemAdd	2834304296	rage01	MaJas_ServeR	1090		1	200	1277	2755			0		0	0	0	0	Tèng Ngù Long T­íng Qu©	0	102	30021	100	1604769096	2026-06-12 01:27:28	26813667	16591384	26943026	0	-1	-1	-1
20260612-012739	ItemAdd	2834304296	rage01	MaJas_ServeR	1090		1	200	1277	2755			0		0	0	0	0	Tèng-Chu T­íc T­íng Kh«	0	103	32261	360	144852081	2026-06-12 01:27:39	977143999	977276894	977340544	15	-1	-1	-1
20260612-012739	ItemAdd	2834304296	rage01	MaJas_ServeR	1090		1	200	1277	2755			0		0	0	0	0	Tèng-Chu T­íc T­íng Y	0	100	32261	360	-134236154	2026-06-12 01:27:39	977144191	977275008	977407300	15	-1	-1	-1
20260612-012739	ItemAdd	2834304296	rage01	MaJas_ServeR	1090		1	200	1277	2755			0		0	0	0	0	Tèng-Chu T­íc T­íng Tra	0	101	32261	360	137575423	2026-06-12 01:27:39	977145505	977276667	977473108	15	-1	-1	-1
20260612-012739	ItemAdd	2834304296	rage01	MaJas_ServeR	1090		1	200	1277	2755			0		0	0	0	0	Tèng-Chu T­íc T­íng LÖn	0	102	31854	100	1881216812	2026-06-12 01:27:39	977145345	977865470	977603115	0	-1	-1	-1
20260612-012739	ItemAdd	2834304296	rage01	MaJas_ServeR	1090		1	200	1277	2755			0		0	0	0	0	Tèng-Chu T­íc T­íng LÖn	0	102	31876	100	1617511581	2026-06-12 01:27:39	977144113	977865763	980159203	0	-1	-1	-1
20260612-012739	ItemAdd	2834304296	rage01	MaJas_ServeR	1090		1	200	1277	2755			0		0	0	0	0	Tèng-Chu T­íc T­íng LÖn	0	102	31898	100	97122466	2026-06-12 01:27:39	977144826	977865512	980225149	0	-1	-1	-1
20260612-012739	ItemAdd	2834304296	rage01	MaJas_ServeR	1090		1	200	1277	2755			0		0	0	0	0	Tèng-Chu T­íc T­íng Thñ	0	0	32551	300	-954119733	2026-06-12 01:27:39	977734185	978127118	949294553	15	-1	-1	-1
20260612-012801	ItemAdd	3912887248	rage02	ServeR_Anh	1090		1	200	1282	2756			0		0	0	0	0	Tñ ¸o Thiªn BiÕn TiÕu	2	1	30494	1	855236990	2026-06-12 01:28:01	2048	2048	2048	0	-1	-1	-1
20260612-012801	ItemAdd	3912887248	rage02	ServeR_Anh	1090		1000	200	1282	2756			0		0	0	0	0	VËt phÈm Xu	2	1	30230	1000	706319575	2026-06-12 01:28:01	4294905560	0	0	0	-1	-1	-1
20260612-012803	ItemAdd	3912887248	rage02	ServeR_Anh	1090		1000	200	1282	2756			0		0	0	0	0	VËt phÈm Xu	2	1	30230	1000	1438189118	2026-06-12 01:28:03	4294904300	5049939	0	0	-1	-1	-1
20260612-012810	ItemAdd	2405051819	rage02	ServeR_Anh	1090		100	200	1282	2756			0		0	0	0	0	ThiÕt tinh cÊp 4	2	1	30612	100	546664765	2026-06-12 01:28:10	0	0	0	0	-1	-1	-1
20260612-012810	ItemAdd	2405051819	rage02	ServeR_Anh	1090		100	200	1282	2756			0		0	0	0	0	ThiÕt tinh cÊp 4	2	1	30612	100	-316462449	2026-06-12 01:28:10	0	0	0	0	-1	-1	-1
20260612-012810	ItemAdd	2405051819	rage02	ServeR_Anh	1090		100	200	1282	2756			0		0	0	0	0	ThiÕt tinh cÊp 4	2	1	30612	100	-645935119	2026-06-12 01:28:10	0	0	0	0	-1	-1	-1
20260612-012810	ItemAdd	2405051819	rage02	ServeR_Anh	1090		100	200	1282	2756			0		0	0	0	0	ThiÕt tinh cÊp 4	2	1	30612	100	-1829353082	2026-06-12 01:28:10	0	0	0	0	-1	-1	-1
20260612-012810	ItemAdd	2405051819	rage02	ServeR_Anh	1090		100	200	1282	2756			0		0	0	0	0	ThiÕt tinh cÊp 4	2	1	30612	100	1313295840	2026-06-12 01:28:10	0	0	0	0	-1	-1	-1
20260612-012815	ItemAdd	2833709819	rage02	ServeR_Anh	1090		100	200	1282	2756			0		0	0	0	0	HuyÕtTrÝchTh¹ch Lv1	2	22	101	100	-581863628	2026-06-12 01:28:15	0	0	0	0	-1	-1	-1
20260612-012815	ItemAdd	2833709819	rage02	ServeR_Anh	1090		100	200	1282	2756			0		0	0	0	0	NguyÖtB¹chTh¹ch Lv1	2	22	201	100	1722397888	2026-06-12 01:28:15	0	0	0	0	-1	-1	-1
20260612-012815	ItemAdd	2833709819	rage02	ServeR_Anh	1090		100	200	1282	2756			0		0	0	0	0	Hæ Ph¸ch Th¹ch CÊp 1	2	22	301	100	-1013033588	2026-06-12 01:28:15	0	0	0	0	-1	-1	-1
20260612-012815	ItemAdd	2833709819	rage02	ServeR_Anh	1090		100	200	1282	2756			0		0	0	0	0	H¾c DiÖu Th¹ch CÊp 1	2	22	401	100	403793304	2026-06-12 01:28:15	0	0	0	0	-1	-1	-1
20260612-012815	ItemAdd	2833709819	rage02	ServeR_Anh	1090		100	200	1282	2756			0		0	0	0	0	HuyÕtTrÝchTh¹ch Lv2	2	22	102	100	1350578404	2026-06-12 01:28:15	4294902980	0	0	0	-1	-1	-1
20260612-012815	ItemAdd	2833709819	rage02	ServeR_Anh	1090		100	200	1282	2756			0		0	0	0	0	NguyÖtB¹chTh¹ch Lv2	2	22	202	100	281883310	2026-06-12 01:28:15	4294902940	0	0	0	-1	-1	-1
20260612-012815	ItemAdd	2833709819	rage02	ServeR_Anh	1090		100	200	1282	2756			0		0	0	0	0	Hæ Ph¸ch Th¹ch CÊp 2	2	22	302	100	-1263332921	2026-06-12 01:28:15	0	0	0	0	-1	-1	-1
20260612-012815	ItemAdd	2833709819	rage02	ServeR_Anh	1090		100	200	1282	2756			0		0	0	0	0	H¾c DiÖu Th¹ch CÊp 2	2	22	402	100	226731299	2026-06-12 01:28:15	0	0	0	0	-1	-1	-1
20260612-012815	ItemAdd	2833709819	rage02	ServeR_Anh	1090		100	200	1282	2756			0		0	0	0	0	HuyÕtTrÝchTh¹ch Lv3	2	22	103	100	-1327083841	2026-06-12 01:28:15	0	0	0	0	-1	-1	-1
20260612-012815	ItemAdd	2833709819	rage02	ServeR_Anh	1090		100	200	1282	2756			0		0	0	0	0	NguyÖtB¹chTh¹ch Lv3	2	22	203	100	419490459	2026-06-12 01:28:15	4294902709	0	0	0	-1	-1	-1
20260612-012815	ItemAdd	2833709819	rage02	ServeR_Anh	1090		100	200	1282	2756			0		0	0	0	0	Hæ Ph¸ch Th¹ch CÊp 3	2	22	303	100	1097380189	2026-06-12 01:28:15	4294902454	0	0	0	-1	-1	-1
20260612-012815	ItemAdd	2833709819	rage02	ServeR_Anh	1090		100	200	1282	2756			0		0	0	0	0	H¾c DiÖu Th¹ch CÊp 3	2	22	403	100	-407686046	2026-06-12 01:28:15	4294902493	0	0	0	-1	-1	-1
20260612-012815	ItemAdd	2833709819	rage02	ServeR_Anh	1090		100	200	1282	2756			0		0	0	0	0	HuyÕtTrÝchTh¹ch Lv4	2	22	104	100	1204448412	2026-06-12 01:28:15	0	0	0	0	-1	-1	-1
20260612-012815	ItemAdd	2833709819	rage02	ServeR_Anh	1090		100	200	1282	2756			0		0	0	0	0	NguyÖtB¹chTh¹ch Lv4	2	22	204	100	2041928616	2026-06-12 01:28:15	0	0	0	0	-1	-1	-1
20260612-012815	ItemAdd	2833709819	rage02	ServeR_Anh	1090		100	200	1282	2756			0		0	0	0	0	Hæ Ph¸ch Th¹ch CÊp 4	2	22	304	100	-250014220	2026-06-12 01:28:15	0	0	0	0	-1	-1	-1
20260612-012815	ItemAdd	2833709819	rage02	ServeR_Anh	1090		100	200	1282	2756			0		0	0	0	0	H¾c DiÖu Th¹ch CÊp 4	2	22	404	100	-115792000	2026-06-12 01:28:15	4294902720	0	0	0	-1	-1	-1
20260612-012815	ItemAdd	2833709819	rage02	ServeR_Anh	1090		100	200	1282	2756			0		0	0	0	0	HuyÕtTrÝchTh¹ch Lv5	2	22	105	100	4000554	2026-06-12 01:28:15	4294903454	0	0	0	-1	-1	-1
20260612-012815	ItemAdd	2833709819	rage02	ServeR_Anh	1090		100	200	1282	2756			0		0	0	0	0	NguyÖtB¹chTh¹ch Lv5	2	22	205	100	-1937122061	2026-06-12 01:28:15	4294902276	0	0	0	-1	-1	-1
20260612-012815	ItemAdd	2833709819	rage02	ServeR_Anh	1090		100	200	1282	2756			0		0	0	0	0	Hæ Ph¸ch Th¹ch CÊp 5	2	22	305	100	-2099402635	2026-06-12 01:28:15	0	0	0	0	-1	-1	-1
20260612-012815	ItemAdd	2833709819	rage02	ServeR_Anh	1090		100	200	1282	2756			0		0	0	0	0	H¾c DiÖu Th¹ch CÊp 5	2	22	405	100	926119665	2026-06-12 01:28:15	0	0	0	0	-1	-1	-1
20260612-012815	ItemAdd	2833709819	rage02	ServeR_Anh	1090		100	200	1282	2756			0		0	0	0	0	HuyÕtTrÝchTh¹ch Lv6	2	22	106	100	777734573	2026-06-12 01:28:15	4294903650	0	0	0	-1	-1	-1
20260612-012815	ItemAdd	2833709819	rage02	ServeR_Anh	1090		100	200	1282	2756			0		0	0	0	0	NguyÖtB¹chTh¹ch Lv6	2	22	206	100	-1357375264	2026-06-12 01:28:15	4294903618	0	0	0	-1	-1	-1
20260612-012815	ItemAdd	2833709819	rage02	ServeR_Anh	1090		100	200	1282	2756			0		0	0	0	0	Hæ Ph¸ch Th¹ch CÊp 6	2	22	306	100	1567838090	2026-06-12 01:28:15	4294903019	0	0	0	-1	-1	-1
20260612-012815	ItemAdd	2833709819	rage02	ServeR_Anh	1090		100	200	1282	2756			0		0	0	0	0	H¾c DiÖu Th¹ch CÊp 6	2	22	406	100	2143854803	2026-06-12 01:28:15	0	0	0	0	-1	-1	-1
20260612-012815	ItemAdd	2833709819	rage02	ServeR_Anh	1090		100	200	1282	2756			0		0	0	0	0	HuyÕt TrÝch Th¹ch cÊp 7	2	22	107	100	-1668808849	2026-06-12 01:28:15	0	0	0	0	-1	-1	-1
20260612-012815	ItemAdd	2833709819	rage02	ServeR_Anh	1090		100	200	1282	2756			0		0	0	0	0	NguyÖt B¹ch Th¹ch cÊp 7	2	22	207	100	-174260149	2026-06-12 01:28:15	4294902106	0	0	0	-1	-1	-1
20260612-012815	ItemAdd	2833709819	rage02	ServeR_Anh	1090		100	200	1282	2756			0		0	0	0	0	Hæ Ph¸ch Th¹ch cÊp 7	2	22	307	100	-235595635	2026-06-12 01:28:15	4294903425	0	0	0	-1	-1	-1
20260612-012815	ItemAdd	2833709819	rage02	ServeR_Anh	1090		100	200	1282	2756			0		0	0	0	0	H¾c DiÖu Th¹ch cÊp 7	2	22	407	100	192424031	2026-06-12 01:28:15	4294901817	0	0	0	-1	-1	-1
20260612-012815	ItemAdd	2833709819	rage02	ServeR_Anh	1090		100	200	1282	2756			0		0	0	0	0	HuyÕt TrÝch Th¹ch CÊp 8	2	22	108	100	797096001	2026-06-12 01:28:15	4294902574	0	0	0	-1	-1	-1
20260612-012815	ItemAdd	2833709819	rage02	ServeR_Anh	1090		100	200	1282	2756			0		0	0	0	0	NguyÖt B¹ch Th¹ch CÊp 8	2	22	208	100	995511908	2026-06-12 01:28:15	4294902894	0	0	0	-1	-1	-1
20260612-012815	ItemAdd	2833709819	rage02	ServeR_Anh	1090		100	200	1282	2756			0		0	0	0	0	Hæ Ph¸ch Th¹ch CÊp 8	2	22	308	100	569210923	2026-06-12 01:28:15	4294903291	0	0	0	-1	-1	-1
20260612-012815	ItemAdd	2833709819	rage02	ServeR_Anh	1090		100	200	1282	2756			0		0	0	0	0	H¾c DiÖu Th¹ch CÊp 8	2	22	408	100	246957000	2026-06-12 01:28:15	0	0	0	0	-1	-1	-1
20260612-012825	ItemAdd	394055601	rage02	ServeR_Anh	1090		500	200	1282	2756			0		0	0	0	0	Tinh Hån	2	95	3855	500	1084620535	2026-06-12 01:28:25	2689244	5376244	0	0	-1	-1	-1
20260612-012825	ItemAdd	394055601	rage02	ServeR_Anh	1090		500	200	1282	2756			0		0	0	0	0	NguyÖt Ph¸ch	2	102	232	500	638096853	2026-06-12 01:28:25	7212317	0	0	0	-1	-1	-1
20260612-012837	ItemConsume	ClearItemInPos	rage02	ServeR_Anh	1090		1	200	1282	2753			0		0	0	0	0	Vâ L©m 2 Shiina	2	1	50001	1	-527714727	2026-06-12 01:21:50	4294905609	0	0	0	2	0	0
20260612-012837	ItemConsume	ClearItemInPos	rage02	ServeR_Anh	1090		1	200	1282	2753			0		0	0	0	0	Tèng-Chu T­íc T­íng Kh«	0	103	32263	359	-1736552578	2026-06-12 01:21:33	977144265	977276074	977342106	15	2	1	0
20260612-012837	ItemConsume	ClearItemInPos	rage02	ServeR_Anh	1090		1	200	1282	2753			0		0	0	0	0	Tèng-Chu T­íc T­íng Y	0	100	32263	357	2131696343	2026-06-12 01:21:33	977145556	977275715	977406735	15	2	2	0
20260612-012837	ItemConsume	ClearItemInPos	rage02	ServeR_Anh	1090		1	200	1282	2753			0		0	0	0	0	Tèng-Chu T­íc T­íng Tra	0	101	32263	359	852506852	2026-06-12 01:21:33	977143912	977275712	977471857	15	2	3	0
20260612-012837	ItemConsume	ClearItemInPos	rage02	ServeR_Anh	1090		1	200	1282	2753			0		0	0	0	0	Tèng-Chu T­íc T­íng KiÕ	0	2	32553	298	978095648	2026-06-12 01:21:33	977735270	978128775	949294201	15	2	4	0
20260612-012837	ItemConsume	ClearItemInPos	rage02	ServeR_Anh	1090		1	200	1282	2753			0		0	0	0	0	DiÖu D­¬ng Thiªn Cung-¤	0	102	3190	100	-562825589	2026-06-12 01:24:16	42286348	55250099	55191141	0	2	0	1
20260612-012837	ItemConsume	ClearItemInPos	rage02	ServeR_Anh	1090		1	200	1282	2753			0		0	0	0	0	DiÖu D­¬ng Thiªn Cung-T	0	102	3191	100	-1665578584	2026-06-12 01:24:16	42483187	55249949	55189646	0	2	1	1
20260612-012837	ItemConsume	ClearItemInPos	rage02	ServeR_Anh	1090		1	200	1282	2753			0		0	0	0	0	Tèng-Chu T­íc T­íng LÖn	0	102	31878	100	1516151450	2026-06-12 01:21:33	977144531	977865172	980160157	0	2	2	1
20260612-012837	ItemConsume	ClearItemInPos	rage02	ServeR_Anh	1090		1	200	1282	2753			0		0	0	0	0	DiÖu D­¬ng Thiªn Cung-X	0	102	3193	100	1527327294	2026-06-12 01:24:16	42548456	55250211	55190247	0	2	3	1
20260612-012837	ItemConsume	ClearItemInPos	rage02	ServeR_Anh	1090		1	200	1282	2753			0		0	0	0	0	Tèng-Chu T­íc T­íng LÖn	0	102	31900	100	477039907	2026-06-12 01:21:33	977144664	977864949	980224704	0	2	4	1
20260612-012837	ItemConsume	ClearItemInPos	rage02	ServeR_Anh	1090		1	200	1282	2753			0		0	0	0	0	Tñ ¸o Thiªn BiÕn TiÕu	2	1	30494	1	855236990	2026-06-12 01:28:01	2048	2048	2048	0	2	0	2
20260612-012837	ItemConsume	ClearItemInPos	rage02	ServeR_Anh	1090		2000	200	1282	2753			0		0	0	0	0	VËt phÈm Xu	2	1	30230	2000	706319575	2026-06-12 01:28:01	4294905560	0	0	0	2	1	2
20260612-012837	ItemConsume	ClearItemInPos	rage02	ServeR_Anh	1090		100	200	1282	2753			0		0	0	0	0	ThiÕt tinh cÊp 4	2	1	30612	100	546664765	2026-06-12 01:28:10	0	0	0	0	2	2	2
20260612-012837	ItemConsume	ClearItemInPos	rage02	ServeR_Anh	1090		100	200	1282	2753			0		0	0	0	0	ThiÕt tinh cÊp 4	2	1	30612	100	-316462449	2026-06-12 01:28:10	0	0	0	0	2	3	2
20260612-012837	ItemConsume	ClearItemInPos	rage02	ServeR_Anh	1090		100	200	1282	2753			0		0	0	0	0	ThiÕt tinh cÊp 4	2	1	30612	100	-645935119	2026-06-12 01:28:10	0	0	0	0	2	4	2
20260612-012837	ItemConsume	ClearItemInPos	rage02	ServeR_Anh	1090		100	200	1282	2753			0		0	0	0	0	ThiÕt tinh cÊp 4	2	1	30612	100	-1829353082	2026-06-12 01:28:10	0	0	0	0	2	0	3
20260612-012837	ItemConsume	ClearItemInPos	rage02	ServeR_Anh	1090		100	200	1282	2753			0		0	0	0	0	ThiÕt tinh cÊp 4	2	1	30612	100	1313295840	2026-06-12 01:28:10	0	0	0	0	2	1	3
20260612-012837	ItemConsume	ClearItemInPos	rage02	ServeR_Anh	1090		100	200	1282	2753			0		0	0	0	0	HuyÕtTrÝchTh¹ch Lv1	2	22	101	100	-581863628	2026-06-12 01:28:15	0	0	0	0	2	2	3
20260612-012837	ItemConsume	ClearItemInPos	rage02	ServeR_Anh	1090		100	200	1282	2753			0		0	0	0	0	NguyÖtB¹chTh¹ch Lv1	2	22	201	100	1722397888	2026-06-12 01:28:15	0	0	0	0	2	3	3
20260612-012837	ItemConsume	ClearItemInPos	rage02	ServeR_Anh	1090		100	200	1282	2753			0		0	0	0	0	Hæ Ph¸ch Th¹ch CÊp 1	2	22	301	100	-1013033588	2026-06-12 01:28:15	0	0	0	0	2	4	3
20260612-012837	ItemConsume	ClearItemInPos	rage02	ServeR_Anh	1090		100	200	1282	2753			0		0	0	0	0	H¾c DiÖu Th¹ch CÊp 1	2	22	401	100	403793304	2026-06-12 01:28:15	0	0	0	0	2	0	4
20260612-012837	ItemConsume	ClearItemInPos	rage02	ServeR_Anh	1090		100	200	1282	2753			0		0	0	0	0	HuyÕtTrÝchTh¹ch Lv2	2	22	102	100	1350578404	2026-06-12 01:28:15	4294902980	0	0	0	2	1	4
20260612-012837	ItemConsume	ClearItemInPos	rage02	ServeR_Anh	1090		100	200	1282	2753			0		0	0	0	0	NguyÖtB¹chTh¹ch Lv2	2	22	202	100	281883310	2026-06-12 01:28:15	4294902940	0	0	0	2	2	4
20260612-012837	ItemConsume	ClearItemInPos	rage02	ServeR_Anh	1090		100	200	1282	2753			0		0	0	0	0	Hæ Ph¸ch Th¹ch CÊp 2	2	22	302	100	-1263332921	2026-06-12 01:28:15	0	0	0	0	2	3	4
20260612-012837	ItemConsume	ClearItemInPos	rage02	ServeR_Anh	1090		100	200	1282	2753			0		0	0	0	0	H¾c DiÖu Th¹ch CÊp 2	2	22	402	100	226731299	2026-06-12 01:28:15	0	0	0	0	2	4	4
20260612-012837	ItemConsume	ClearItemInPos	rage02	ServeR_Anh	1090		100	200	1282	2753			0		0	0	0	0	HuyÕtTrÝchTh¹ch Lv3	2	22	103	100	-1327083841	2026-06-12 01:28:15	0	0	0	0	2	0	5
20260612-012837	ItemConsume	ClearItemInPos	rage02	ServeR_Anh	1090		100	200	1282	2753			0		0	0	0	0	NguyÖtB¹chTh¹ch Lv3	2	22	203	100	419490459	2026-06-12 01:28:15	4294902709	0	0	0	2	1	5
20260612-012837	ItemConsume	ClearItemInPos	rage02	ServeR_Anh	1090		100	200	1282	2753			0		0	0	0	0	Hæ Ph¸ch Th¹ch CÊp 3	2	22	303	100	1097380189	2026-06-12 01:28:15	4294902454	0	0	0	2	2	5
20260612-012837	ItemConsume	ClearItemInPos	rage02	ServeR_Anh	1090		100	200	1282	2753			0		0	0	0	0	H¾c DiÖu Th¹ch CÊp 3	2	22	403	100	-407686046	2026-06-12 01:28:15	4294902493	0	0	0	2	3	5
20260612-012837	ItemConsume	ClearItemInPos	rage02	ServeR_Anh	1090		100	200	1282	2753			0		0	0	0	0	HuyÕtTrÝchTh¹ch Lv4	2	22	104	100	1204448412	2026-06-12 01:28:15	0	0	0	0	2	4	5
20260612-012837	ItemConsume	ClearItemInPos	rage02	ServeR_Anh	1090		100	200	1282	2753			0		0	0	0	0	NguyÖtB¹chTh¹ch Lv4	2	22	204	100	2041928616	2026-06-12 01:28:15	0	0	0	0	2	0	6
20260612-012837	ItemConsume	ClearItemInPos	rage02	ServeR_Anh	1090		100	200	1282	2753			0		0	0	0	0	Hæ Ph¸ch Th¹ch CÊp 4	2	22	304	100	-250014220	2026-06-12 01:28:15	0	0	0	0	2	1	6
20260612-012837	ItemConsume	ClearItemInPos	rage02	ServeR_Anh	1090		100	200	1282	2753			0		0	0	0	0	H¾c DiÖu Th¹ch CÊp 4	2	22	404	100	-115792000	2026-06-12 01:28:15	4294902720	0	0	0	2	2	6
20260612-012837	ItemConsume	ClearItemInPos	rage02	ServeR_Anh	1090		100	200	1282	2753			0		0	0	0	0	HuyÕtTrÝchTh¹ch Lv5	2	22	105	100	4000554	2026-06-12 01:28:15	4294903454	0	0	0	2	3	6
20260612-012837	ItemConsume	ClearItemInPos	rage02	ServeR_Anh	1090		100	200	1282	2753			0		0	0	0	0	NguyÖtB¹chTh¹ch Lv5	2	22	205	100	-1937122061	2026-06-12 01:28:15	4294902276	0	0	0	2	4	6
20260612-012837	ItemConsume	ClearItemInPos	rage02	ServeR_Anh	1090		100	200	1282	2753			0		0	0	0	0	Hæ Ph¸ch Th¹ch CÊp 5	2	22	305	100	-2099402635	2026-06-12 01:28:15	0	0	0	0	2	0	7
20260612-012837	ItemConsume	ClearItemInPos	rage02	ServeR_Anh	1090		100	200	1282	2753			0		0	0	0	0	H¾c DiÖu Th¹ch CÊp 5	2	22	405	100	926119665	2026-06-12 01:28:15	0	0	0	0	2	1	7
20260612-012837	ItemConsume	ClearItemInPos	rage02	ServeR_Anh	1090		100	200	1282	2753			0		0	0	0	0	HuyÕtTrÝchTh¹ch Lv6	2	22	106	100	777734573	2026-06-12 01:28:15	4294903650	0	0	0	2	2	7
20260612-012837	ItemConsume	ClearItemInPos	rage02	ServeR_Anh	1090		100	200	1282	2753			0		0	0	0	0	NguyÖtB¹chTh¹ch Lv6	2	22	206	100	-1357375264	2026-06-12 01:28:15	4294903618	0	0	0	2	3	7
20260612-012837	ItemConsume	ClearItemInPos	rage02	ServeR_Anh	1090		100	200	1282	2753			0		0	0	0	0	Hæ Ph¸ch Th¹ch CÊp 6	2	22	306	100	1567838090	2026-06-12 01:28:15	4294903019	0	0	0	2	4	7
20260612-012837	ItemConsume	ClearItemInPos	rage02	ServeR_Anh	1090		100	200	1282	2753			0		0	0	0	0	H¾c DiÖu Th¹ch CÊp 6	2	22	406	100	2143854803	2026-06-12 01:28:15	0	0	0	0	2	0	8
20260612-012837	ItemConsume	ClearItemInPos	rage02	ServeR_Anh	1090		100	200	1282	2753			0		0	0	0	0	HuyÕt TrÝch Th¹ch cÊp 7	2	22	107	100	-1668808849	2026-06-12 01:28:15	0	0	0	0	2	1	8
20260612-012837	ItemConsume	ClearItemInPos	rage02	ServeR_Anh	1090		100	200	1282	2753			0		0	0	0	0	NguyÖt B¹ch Th¹ch cÊp 7	2	22	207	100	-174260149	2026-06-12 01:28:15	4294902106	0	0	0	2	2	8
20260612-012837	ItemConsume	ClearItemInPos	rage02	ServeR_Anh	1090		100	200	1282	2753			0		0	0	0	0	Hæ Ph¸ch Th¹ch cÊp 7	2	22	307	100	-235595635	2026-06-12 01:28:15	4294903425	0	0	0	2	3	8
20260612-012837	ItemConsume	ClearItemInPos	rage02	ServeR_Anh	1090		100	200	1282	2753			0		0	0	0	0	H¾c DiÖu Th¹ch cÊp 7	2	22	407	100	192424031	2026-06-12 01:28:15	4294901817	0	0	0	2	4	8
20260612-012837	ItemConsume	ClearItemInPos	rage02	ServeR_Anh	1090		100	200	1282	2753			0		0	0	0	0	HuyÕt TrÝch Th¹ch CÊp 8	2	22	108	100	797096001	2026-06-12 01:28:15	4294902574	0	0	0	2	0	9
20260612-012837	ItemConsume	ClearItemInPos	rage02	ServeR_Anh	1090		100	200	1282	2753			0		0	0	0	0	NguyÖt B¹ch Th¹ch CÊp 8	2	22	208	100	995511908	2026-06-12 01:28:15	4294902894	0	0	0	2	1	9
20260612-012837	ItemConsume	ClearItemInPos	rage02	ServeR_Anh	1090		100	200	1282	2753			0		0	0	0	0	Hæ Ph¸ch Th¹ch CÊp 8	2	22	308	100	569210923	2026-06-12 01:28:15	4294903291	0	0	0	2	2	9
20260612-012837	ItemConsume	ClearItemInPos	rage02	ServeR_Anh	1090		100	200	1282	2753			0		0	0	0	0	H¾c DiÖu Th¹ch CÊp 8	2	22	408	100	246957000	2026-06-12 01:28:15	0	0	0	0	2	3	9
20260612-012837	ItemConsume	ClearItemInPos	rage02	ServeR_Anh	1090		500	200	1282	2753			0		0	0	0	0	Tinh Hån	2	95	3855	500	1084620535	2026-06-12 01:28:25	2689244	5376244	0	0	2	4	9
20260612-012837	ItemAdd	3086646439	rage02	ServeR_Anh	1090		1	200	1282	2753			0		0	0	0	0	Vâ L©m 2 Shiina	2	1	50001	1	-1822493602	2026-06-12 01:28:37	592382	4294904775	0	0	-1	-1	-1
20260612-012856	ItemAdd	IBShop	rage02	ServeR_Anh	1090		1	200	1282	2755			0		0	0	0	0	Bao Thiªn Kiªu LÖnh Lín	2	95	2087	1	1205928865	2026-06-12 01:28:56	0	0	0	0	2	1	0
20260612-012901	ItemConsume	ExpendIdx	rage02	ServeR_Anh	1090		1	200	1282	2755			0		0	0	0	0	Bao Thiªn Kiªu LÖnh Lín	2	95	2087	1	1205928865	2026-06-12 01:28:56	0	0	0	0	2	1	0
20260612-012901	large_str	AddItem[/script/item/item_billing/packed_ib_item.lua|NoFunc]			0		2847438515	0	0	0			0		0	0	0	0		0	0	0	0	0		0	0	0	0	-1	-1	-1
20260612-012901	ItemAdd	2847438515	rage02	ServeR_Anh	1090		50	200	1282	2755			0		0	0	0	0	Thiªn Kiªu LÖnh	2	97	236	50	-948990208	2026-06-12 01:29:01	2048	2048	2048	0	-1	-1	-1
20260612-012946	ItemAdd	3574353432	rage02	ServeR_Anh	1090		1	200	1282	2755			0		0	0	0	0	DiÖu D­¬ng-PhËt V©n Th¸	0	103	3139	200	-337049994	2026-06-12 01:29:46	18096509	852495047	42418082	15	-1	-1	-1
20260612-012946	ItemAdd	3574353432	rage02	ServeR_Anh	1090		1	200	1282	2755			0		0	0	0	0	DiÖu D­¬ng-PhËt V©n Th¸	0	100	3139	250	1571204911	2026-06-12 01:29:46	852302582	55908979	42613688	15	-1	-1	-1
20260612-012946	ItemAdd	3574353432	rage02	ServeR_Anh	1090		1	200	1282	2755			0		0	0	0	0	DiÖu D­¬ng-PhËt V©n Th¸	0	101	3139	200	-1627333092	2026-06-12 01:29:46	852301367	852630030	42549052	15	-1	-1	-1
20260612-012946	ItemAdd	3574353432	rage02	ServeR_Anh	1090		1	200	1282	2755			0		0	0	0	0	DiÖu D­¬ng-PhËt V©n Th¸	0	2	8996	300	555842125	2026-06-12 01:29:46	55713498	42613345	55841967	15	-1	-1	-1
20260612-012946	ItemAdd	3574353432	rage02	ServeR_Anh	1090		1	200	1282	2755			0		0	0	0	0	DiÖu D­¬ng Thiªn Cung-¤	0	102	3190	100	-547089390	2026-06-12 01:29:46	42286406	55250313	55189557	0	-1	-1	-1
20260612-012946	ItemAdd	3574353432	rage02	ServeR_Anh	1090		1	200	1282	2755			0		0	0	0	0	DiÖu D­¬ng Thiªn Cung-T	0	102	3191	100	-476033541	2026-06-12 01:29:46	42483364	55249829	55189887	0	-1	-1	-1
20260612-012946	ItemAdd	3574353432	rage02	ServeR_Anh	1090		1	200	1282	2755			0		0	0	0	0	DiÖu D­¬ng Thiªn Cung-V	0	102	3192	100	-1773127208	2026-06-12 01:29:46	42612992	55250750	55190304	0	-1	-1	-1
20260612-012946	ItemAdd	3574353432	rage02	ServeR_Anh	1090		1	200	1282	2755			0		0	0	0	0	DiÖu D­¬ng Thiªn Cung-X	0	102	3193	100	1480374713	2026-06-12 01:29:46	42547365	55250249	55190765	0	-1	-1	-1
20260612-012946	ItemAdd	3574353432	rage02	ServeR_Anh	1090		1	200	1282	2755			0		0	0	0	0	DiÖu D­¬ng Thiªn Cung-B	0	102	3194	100	1367291118	2026-06-12 01:29:46	42417274	55250413	55190028	0	-1	-1	-1
20260612-013157	ItemConsume	ClearItemInPos	rage01	MaJas_ServeR	1090		1	200	1277	2755			0		0	0	0	0	Vâ L©m 2 Shiina	2	1	50001	1	-1584540425	2026-06-12 01:14:34	4197742	0	0	0	2	0	0
20260612-013157	ItemConsume	ClearItemInPos	rage01	MaJas_ServeR	1090		1	200	1277	2755			0		0	0	0	0	Tèng-Chu T­íc T­íng Kh«	0	103	32261	360	-1341000763	2026-06-12 01:00:56	977143845	977274986	977341576	15	2	1	0
20260612-013157	ItemConsume	ClearItemInPos	rage01	MaJas_ServeR	1090		1	200	1277	2755			0		0	0	0	0	Tèng-Chu T­íc T­íng Y	0	100	32261	359	-1546978070	2026-06-12 01:00:56	977145522	977275312	977407600	15	2	2	0
20260612-013157	ItemConsume	ClearItemInPos	rage01	MaJas_ServeR	1090		1	200	1277	2755			0		0	0	0	0	Tèng-Chu T­íc T­íng Tra	0	101	32261	360	-1391410765	2026-06-12 01:00:56	977144861	977276676	977472833	15	2	3	0
20260612-013157	ItemConsume	ClearItemInPos	rage01	MaJas_ServeR	1090		1	200	1277	2755			0		0	0	0	0	Tèng-Chu T­íc T­íng Thñ	0	0	32551	300	1752474431	2026-06-12 01:00:56	977735153	978127515	949295005	15	2	4	0
20260612-013157	ItemConsume	ClearItemInPos	rage01	MaJas_ServeR	1090		1	200	1277	2755			0		0	0	0	0	DiÖu D­¬ng Thiªn Cung-¤	0	102	3190	100	-1822391019	2026-06-12 01:25:03	42286686	55250426	55190870	0	2	0	1
20260612-013157	ItemConsume	ClearItemInPos	rage01	MaJas_ServeR	1090		1	200	1277	2755			0		0	0	0	0	DiÖu D­¬ng Thiªn Cung-T	0	102	3191	100	-863538054	2026-06-12 01:25:03	42483218	55250407	55190156	0	2	1	1
20260612-013157	ItemConsume	ClearItemInPos	rage01	MaJas_ServeR	1090		1	200	1277	2755			0		0	0	0	0	Tèng-Chu T­íc T­íng LÖn	0	102	31898	100	1329783366	2026-06-12 01:00:56	977144011	977865876	980224981	0	2	2	1
20260612-013157	ItemConsume	ClearItemInPos	rage01	MaJas_ServeR	1090		1	200	1277	2755			0		0	0	0	0	Tèng-Chu T­íc T­íng LÖn	0	102	31854	100	1805752816	2026-06-12 01:00:56	977145702	977866020	977604360	0	2	3	1
20260612-013157	ItemConsume	ClearItemInPos	rage01	MaJas_ServeR	1090		1	200	1277	2755			0		0	0	0	0	DiÖu D­¬ng Thiªn Cung-B	0	102	3194	100	-53363199	2026-06-12 01:25:03	42416731	55249383	55190327	0	2	4	1
20260612-013157	ItemConsume	ClearItemInPos	rage01	MaJas_ServeR	1090		1	200	1277	2755			0		0	0	0	0	DiÖu D­¬ng-§é KiÕp T«n 	0	103	3130	200	-1115063703	2026-06-12 01:25:03	18097895	852495777	42483536	15	2	0	2
20260612-013157	ItemConsume	ClearItemInPos	rage01	MaJas_ServeR	1090		1	200	1277	2755			0		0	0	0	0	DiÖu D­¬ng-§é KiÕp T«n 	0	100	3130	250	-1493698722	2026-06-12 01:25:03	852110199	55909971	42613450	15	2	1	2
20260612-013157	ItemConsume	ClearItemInPos	rage01	MaJas_ServeR	1090		1	200	1277	2755			0		0	0	0	0	DiÖu D­¬ng-§é KiÕp T«n 	0	101	3130	200	-205969353	2026-06-12 01:25:03	852174996	852629887	42416794	15	2	2	2
20260612-013157	ItemConsume	ClearItemInPos	rage01	MaJas_ServeR	1090		1	200	1277	2755			0		0	0	0	0	Ph¸ Hån TÞch DiÖt §ao	0	3	15301	300	-801946714	2026-06-12 01:26:53	0	0	0	0	2	3	2
20260612-013157	ItemConsume	ClearItemInPos	rage01	MaJas_ServeR	1090		1	200	1277	2755			0		0	0	0	0	DiÖu D­¬ng Thiªn Cung-X	0	102	3193	100	-1203967744	2026-06-12 01:25:03	42549234	55250203	55190008	0	2	4	2
20260612-013157	ItemConsume	ClearItemInPos	rage01	MaJas_ServeR	1090		1	200	1277	2755			0		0	0	0	0	DiÖu D­¬ng Thiªn Cung-V	0	102	3192	100	-829879165	2026-06-12 01:25:03	42613848	55249369	55190743	0	2	0	3
20260612-013157	ItemConsume	ClearItemInPos	rage01	MaJas_ServeR	1090		1	200	1277	2755			0		0	0	0	0	Tèng T­íng Qu©n ChiÕn K	0	103	3016	120	-1258632967	2026-06-12 01:27:20	18096813	16591922	26810924	15	2	1	3
20260612-013157	ItemConsume	ClearItemInPos	rage01	MaJas_ServeR	1090		1	200	1277	2755			0		0	0	0	0	Tèng T­íng Qu©n ChiÕn B	0	100	3016	120	2129274158	2026-06-12 01:27:20	26682907	16592273	26810940	15	2	2	3
20260612-013157	ItemConsume	ClearItemInPos	rage01	MaJas_ServeR	1090		1	200	1277	2755			0		0	0	0	0	Tèng T­íng Qu©n ChiÕn T	0	101	3016	120	-146975161	2026-06-12 01:27:20	26811290	16591660	16657319	15	2	3	3
20260612-013157	ItemConsume	ClearItemInPos	rage01	MaJas_ServeR	1090		1	200	1277	2755			0		0	0	0	0	Thiªn Chi Tèng T­íng Qu	0	102	3032	100	992861460	2026-06-12 01:27:20	1775377	16591768	26810960	0	2	4	3
20260612-013157	ItemConsume	ClearItemInPos	rage01	MaJas_ServeR	1090		1	200	1277	2755			0		0	0	0	0	Thiªn Chi Tèng T­íng Qu	0	102	3036	100	-163121499	2026-06-12 01:27:20	26875417	16591369	26811883	0	2	0	4
20260612-013157	ItemConsume	ClearItemInPos	rage01	MaJas_ServeR	1090		1	200	1277	2755			0		0	0	0	0	Thiªn Chi Tèng T­íng Qu	0	102	3040	100	346997066	2026-06-12 01:27:20	26811608	16591420	26939561	0	2	1	4
20260612-013157	ItemConsume	ClearItemInPos	rage01	MaJas_ServeR	1090		1	200	1277	2755			0		0	0	0	0	Tèng Ngù Long T­íng Qu©	0	103	30017	120	310266847	2026-06-12 01:27:28	26813050	16592216	18097600	15	2	2	4
20260612-013157	ItemConsume	ClearItemInPos	rage01	MaJas_ServeR	1090		1	200	1277	2755			0		0	0	0	0	Tèng Ngù Long T­íng Qu©	0	100	30017	120	-930173812	2026-06-12 01:27:28	26812567	16592100	852698011	15	2	3	4
20260612-013157	ItemConsume	ClearItemInPos	rage01	MaJas_ServeR	1090		1	200	1277	2755			0		0	0	0	0	Tèng Ngù Long T­íng Qu©	0	101	30017	120	1727229309	2026-06-12 01:27:28	26813787	16592841	18230061	15	2	4	4
20260612-013157	ItemConsume	ClearItemInPos	rage01	MaJas_ServeR	1090		1	200	1277	2755			0		0	0	0	0	Tèng Ngù Long T­íng Qu©	0	102	30013	100	-580625662	2026-06-12 01:27:28	26814249	16592488	1776679	0	2	0	5
20260612-013157	ItemConsume	ClearItemInPos	rage01	MaJas_ServeR	1090		1	200	1277	2755			0		0	0	0	0	Tèng Ngù Long T­íng Qu©	0	102	30017	100	-186448981	2026-06-12 01:27:28	26813412	16591265	26877149	0	2	1	5
20260612-013157	ItemConsume	ClearItemInPos	rage01	MaJas_ServeR	1090		1	200	1277	2755			0		0	0	0	0	Tèng Ngù Long T­íng Qu©	0	102	30021	100	1604769096	2026-06-12 01:27:28	26813667	16591384	26943026	0	2	2	5
20260612-013157	ItemConsume	ClearItemInPos	rage01	MaJas_ServeR	1090		1	200	1277	2755			0		0	0	0	0	MÆt N¹ Ph¸ Hån	0	103	32347	360	1739629127	2026-06-12 01:26:26	0	0	0	0	2	3	5
20260612-013157	ItemConsume	ClearItemInPos	rage01	MaJas_ServeR	1090		1	200	1277	2755			0		0	0	0	0	A¸o Ph¸ Hån	0	100	32347	360	-1087390478	2026-06-12 01:26:39	0	0	0	0	2	4	5
20260612-013157	ItemConsume	ClearItemInPos	rage01	MaJas_ServeR	1090		1	200	1277	2755			0		0	0	0	0	QuÇn Ph¸ Hån	0	101	32347	360	-104078225	2026-06-12 01:26:45	0	0	0	0	2	0	6
20260612-013157	ItemConsume	ClearItemInPos	rage01	MaJas_ServeR	1090		1	200	1277	2755			0		0	0	0	0	NhÉn Ph¸ Hån	0	102	32160	100	1110607523	2026-06-12 01:27:04	0	0	0	0	2	1	6
20260612-013157	ItemConsume	ClearItemInPos	rage01	MaJas_ServeR	1090		1	200	1277	2755			0		0	0	0	0	NhÉn Ph¸ Hån	0	102	32160	100	1257255184	2026-06-12 01:26:10	0	0	0	0	2	2	6
20260612-013157	ItemConsume	ClearItemInPos	rage01	MaJas_ServeR	1090		1	200	1277	2755			0		0	0	0	0	Tèng-Chu T­íc T­íng LÖn	0	102	31898	100	97122466	2026-06-12 01:27:39	977144826	977865512	980225149	0	2	3	6
20260612-013157	ItemConsume	ClearItemInPos	rage01	MaJas_ServeR	1090		1	200	1277	2755			0		0	0	0	0	DiÖu D­¬ng-§é KiÕp T«n 	0	0	8993	300	-394118716	2026-06-12 01:25:03	55320691	42613828	55450429	15	2	4	6
20260612-013157	ItemAdd	3086646439	rage01	MaJas_ServeR	1090		1	200	1277	2755			0		0	0	0	0	Vâ L©m 2 Shiina	2	1	50001	1	154548552	2026-06-12 01:31:57	4294904910	0	0	0	-1	-1	-1
20260612-013204	ItemAdd	1482429952	rage01	MaJas_ServeR	1090		1	200	1277	2755			0		0	0	0	0	Cµn Kh«n phï	2	0	555	1	1946124719	2026-06-12 01:32:04	2048	2048	2048	0	-1	-1	-1
20260612-013204	ItemAdd	1482429952	rage01	MaJas_ServeR	1090		1	200	1277	2755			0		0	0	0	0	Héi Minh LÖnh Bµi	2	0	125	1	-1803575669	2026-06-12 01:32:04	2048	2048	2048	0	-1	-1	-1
20260612-013233	MoneyPay	CreateTong	rage01	MaJas_ServeR	1090		5000000	200	1290	2765			0		0	0	0	0		0	0	0	0	0		0	0	0	0	-1	-1	-1
20260612-013233	ItemConsume	ExpendIdx	rage01	MaJas_ServeR	1090		1	200	1290	2765			0		0	0	0	0	Héi Minh LÖnh Bµi	2	0	125	1	-1803575669	2026-06-12 01:32:04	2048	2048	2048	0	2	2	0
20260612-013233	ItemConsume	ExpendIdx	rage01	MaJas_ServeR	1090		1	200	1290	2765			0		0	0	0	0	Cµn Kh«n phï	2	0	555	1	1946124719	2026-06-12 01:32:04	2048	2048	2048	0	2	1	0
20260612-013247	ItemAdd	1997990311	rage01	MaJas_ServeR	1090	AllStar	200	200	1281	2757			0		0	0	0	0	Th­¬ng H¶i Ch©u CÊp 7 (	2	102	214	200	145022239	2026-06-12 01:32:47	4294917821	0	0	0	-1	-1	-1
20260612-013251	ItemConsume	ExpendIdx	rage01	MaJas_ServeR	1090	AllStar	1	200	1281	2757			0		0	0	0	0	Th­¬ng H¶i Ch©u CÊp 7 (	2	102	214	199	145022239	2026-06-12 01:32:47	4294917821	0	0	0	0	0	0
20260612-013251	ItemAdd	2648439867	rage01	MaJas_ServeR	1090	AllStar	1	200	1281	2757			0		0	0	0	0	§«ng-Linh Tr¹ch	0	122	363	100	165975116	2026-06-12 01:32:51	0	0	0	0	-1	-1	-1
20260612-013253	ItemConsume	ExpendIdx	rage01	MaJas_ServeR	1090	AllStar	1	200	1281	2757			0		0	0	0	0	Th­¬ng H¶i Ch©u CÊp 7 (	2	102	214	198	145022239	2026-06-12 01:32:47	4294917821	0	0	0	0	0	0
20260612-013253	ItemAdd	2648439867	rage01	MaJas_ServeR	1090	AllStar	1	200	1281	2757			0		0	0	0	0		0	122	590	100	1306459080	2026-06-12 01:32:53	0	0	0	0	-1	-1	-1
20260612-013257	ItemConsume	ExpendIdx	rage01	MaJas_ServeR	1090	AllStar	1	200	1281	2757			0		0	0	0	0	Th­¬ng H¶i Ch©u CÊp 7 (	2	102	214	197	145022239	2026-06-12 01:32:47	4294917821	0	0	0	0	0	0
20260612-013257	ItemAdd	2648439867	rage01	MaJas_ServeR	1090	AllStar	1	200	1281	2757			0		0	0	0	0	Xu©n-Ngù K×nh	0	122	294	100	-1965581277	2026-06-12 01:32:57	0	0	0	0	-1	-1	-1
20260612-013258	ItemConsume	ExpendIdx	rage01	MaJas_ServeR	1090	AllStar	1	200	1281	2757			0		0	0	0	0	Th­¬ng H¶i Ch©u CÊp 7 (	2	102	214	196	145022239	2026-06-12 01:32:47	4294917821	0	0	0	0	0	0
20260612-013258	ItemAdd	2648439867	rage01	MaJas_ServeR	1090	AllStar	1	200	1281	2757			0		0	0	0	0	H¶i-Minh M«ng	0	122	216	100	-1164896373	2026-06-12 01:32:58	0	0	0	0	-1	-1	-1
20260612-013259	ItemConsume	ExpendIdx	rage01	MaJas_ServeR	1090	AllStar	1	200	1281	2757			0		0	0	0	0	Th­¬ng H¶i Ch©u CÊp 7 (	2	102	214	195	145022239	2026-06-12 01:32:47	4294917821	0	0	0	0	0	0
20260612-013259	ItemAdd	2648439867	rage01	MaJas_ServeR	1090	AllStar	1	200	1281	2757			0		0	0	0	0		0	122	672	100	310098418	2026-06-12 01:32:59	0	0	0	0	-1	-1	-1
20260612-013259	ItemConsume	ExpendIdx	rage01	MaJas_ServeR	1090	AllStar	1	200	1281	2757			0		0	0	0	0	Th­¬ng H¶i Ch©u CÊp 7 (	2	102	214	194	145022239	2026-06-12 01:32:47	4294917821	0	0	0	0	0	0
20260612-013259	ItemAdd	2648439867	rage01	MaJas_ServeR	1090	AllStar	1	200	1281	2757			0		0	0	0	0	Vô-Tè TrÇn	0	122	271	100	-2047675695	2026-06-12 01:32:59	0	0	0	0	-1	-1	-1
20260612-013304	ItemConsume	ExpendIdx	rage01	MaJas_ServeR	1090	AllStar	1	200	1281	2757			0		0	0	0	0	Th­¬ng H¶i Ch©u CÊp 7 (	2	102	214	193	145022239	2026-06-12 01:32:47	4294917821	0	0	0	0	0	0
20260612-013304	ItemAdd	2648439867	rage01	MaJas_ServeR	1090	AllStar	1	200	1281	2757			0		0	0	0	0		0	122	622	100	-1303326546	2026-06-12 01:33:04	0	0	0	0	-1	-1	-1
20260612-013304	ItemConsume	ExpendIdx	rage01	MaJas_ServeR	1090	AllStar	1	200	1281	2757			0		0	0	0	0	Th­¬ng H¶i Ch©u CÊp 7 (	2	102	214	192	145022239	2026-06-12 01:32:47	4294917821	0	0	0	0	0	0
20260612-013304	ItemAdd	2648439867	rage01	MaJas_ServeR	1090	AllStar	1	200	1281	2757			0		0	0	0	0	Vô-Thñy V©n	0	122	270	100	815940596	2026-06-12 01:33:04	0	0	0	0	-1	-1	-1
20260612-013307	ItemConsume	ExpendIdx	rage01	MaJas_ServeR	1090	AllStar	1	200	1281	2757			0		0	0	0	0	Th­¬ng H¶i Ch©u CÊp 7 (	2	102	214	191	145022239	2026-06-12 01:32:47	4294917821	0	0	0	0	0	0
20260612-013307	ItemAdd	2648439867	rage01	MaJas_ServeR	1090	AllStar	1	200	1281	2757			0		0	0	0	0	§«ng-Nguyªn Tù	0	122	361	100	976370562	2026-06-12 01:33:07	0	0	0	0	-1	-1	-1
20260612-013309	ItemConsume	ExpendIdx	rage01	MaJas_ServeR	1090	AllStar	1	200	1281	2757			0		0	0	0	0	Th­¬ng H¶i Ch©u CÊp 7 (	2	102	214	190	145022239	2026-06-12 01:32:47	4294917821	0	0	0	0	0	0
20260612-013309	ItemAdd	2648439867	rage01	MaJas_ServeR	1090	AllStar	1	200	1281	2757			0		0	0	0	0	H¹-Cöu Thö	0	122	314	100	-524197554	2026-06-12 01:33:09	0	0	0	0	-1	-1	-1
20260612-013311	ItemConsume	ExpendIdx	rage01	MaJas_ServeR	1090	AllStar	1	200	1281	2757			0		0	0	0	0	Th­¬ng H¶i Ch©u CÊp 7 (	2	102	214	189	145022239	2026-06-12 01:32:47	4294917821	0	0	0	0	0	0
20260612-013311	ItemAdd	2648439867	rage01	MaJas_ServeR	1090	AllStar	1	200	1281	2757			0		0	0	0	0		0	122	610	100	1901922196	2026-06-12 01:33:11	0	0	0	0	-1	-1	-1
20260612-013312	ItemConsume	ExpendIdx	rage01	MaJas_ServeR	1090	AllStar	1	200	1281	2757			0		0	0	0	0	Th­¬ng H¶i Ch©u CÊp 7 (	2	102	214	188	145022239	2026-06-12 01:32:47	4294917821	0	0	0	0	0	0
20260612-013312	ItemAdd	2648439867	rage01	MaJas_ServeR	1090	AllStar	1	200	1281	2757			0		0	0	0	0		0	122	710	100	1195002775	2026-06-12 01:33:12	0	0	0	0	-1	-1	-1
20260612-013312	ItemConsume	ExpendIdx	rage01	MaJas_ServeR	1090	AllStar	1	200	1281	2757			0		0	0	0	0	Th­¬ng H¶i Ch©u CÊp 7 (	2	102	214	187	145022239	2026-06-12 01:32:47	4294917821	0	0	0	0	0	0
20260612-013312	ItemAdd	2648439867	rage01	MaJas_ServeR	1090	AllStar	1	200	1281	2757			0		0	0	0	0		0	122	567	100	-43742807	2026-06-12 01:33:12	0	0	0	0	-1	-1	-1
20260612-013313	ItemConsume	ExpendIdx	rage01	MaJas_ServeR	1090	AllStar	1	200	1281	2757			0		0	0	0	0	Th­¬ng H¶i Ch©u CÊp 7 (	2	102	214	186	145022239	2026-06-12 01:32:47	4294917821	0	0	0	0	0	0
20260612-013313	ItemAdd	2648439867	rage01	MaJas_ServeR	1090	AllStar	1	200	1281	2757			0		0	0	0	0		0	122	616	100	-912052389	2026-06-12 01:33:13	0	0	0	0	-1	-1	-1
20260612-013313	ItemConsume	ExpendIdx	rage01	MaJas_ServeR	1090	AllStar	1	200	1281	2757			0		0	0	0	0	Th­¬ng H¶i Ch©u CÊp 7 (	2	102	214	185	145022239	2026-06-12 01:32:47	4294917821	0	0	0	0	0	0
20260612-013313	ItemAdd	2648439867	rage01	MaJas_ServeR	1090	AllStar	1	200	1281	2757			0		0	0	0	0	Th¹ch-Huúnh HoÆc	0	122	432	100	-825240179	2026-06-12 01:33:13	0	0	0	0	-1	-1	-1
20260612-013313	ItemConsume	ExpendIdx	rage01	MaJas_ServeR	1090	AllStar	1	200	1281	2757			0		0	0	0	0	Th­¬ng H¶i Ch©u CÊp 7 (	2	102	214	184	145022239	2026-06-12 01:32:47	4294917821	0	0	0	0	0	0
20260612-013313	ItemAdd	2648439867	rage01	MaJas_ServeR	1090	AllStar	1	200	1281	2757			0		0	0	0	0	S¬n-Ngù K×nh	0	122	196	100	-1569046446	2026-06-12 01:33:13	0	0	0	0	-1	-1	-1
20260612-013313	ItemConsume	ExpendIdx	rage01	MaJas_ServeR	1090	AllStar	1	200	1281	2757			0		0	0	0	0	Th­¬ng H¶i Ch©u CÊp 7 (	2	102	214	183	145022239	2026-06-12 01:32:47	4294917821	0	0	0	0	0	0
20260612-013313	ItemAdd	2648439867	rage01	MaJas_ServeR	1090	AllStar	1	200	1281	2757			0		0	0	0	0		0	122	672	100	2090349846	2026-06-12 01:33:13	0	0	0	0	-1	-1	-1
20260612-013313	ItemConsume	ExpendIdx	rage01	MaJas_ServeR	1090	AllStar	1	200	1281	2757			0		0	0	0	0	Th­¬ng H¶i Ch©u CÊp 7 (	2	102	214	182	145022239	2026-06-12 01:32:47	4294917821	0	0	0	0	0	0
20260612-013313	ItemAdd	2648439867	rage01	MaJas_ServeR	1090	AllStar	1	200	1281	2757			0		0	0	0	0	H¶i-Ngù K×nh	0	122	217	100	-1014659936	2026-06-12 01:33:13	0	0	0	0	-1	-1	-1
20260612-013314	ItemConsume	ExpendIdx	rage01	MaJas_ServeR	1090	AllStar	1	200	1281	2757			0		0	0	0	0	Th­¬ng H¶i Ch©u CÊp 7 (	2	102	214	181	145022239	2026-06-12 01:32:47	4294917821	0	0	0	0	0	0
20260612-013314	ItemAdd	2648439867	rage01	MaJas_ServeR	1090	AllStar	1	200	1281	2757			0		0	0	0	0		0	122	650	100	-800822966	2026-06-12 01:33:14	0	0	0	0	-1	-1	-1
20260612-013314	ItemConsume	ExpendIdx	rage01	MaJas_ServeR	1090	AllStar	1	200	1281	2757			0		0	0	0	0	Th­¬ng H¶i Ch©u CÊp 7 (	2	102	214	180	145022239	2026-06-12 01:32:47	4294917821	0	0	0	0	0	0
20260612-013314	ItemAdd	2648439867	rage01	MaJas_ServeR	1090	AllStar	1	200	1281	2757			0		0	0	0	0	Phong-Ngù K×nh	0	122	245	100	1584909715	2026-06-12 01:33:14	0	0	0	0	-1	-1	-1
20260612-013314	ItemConsume	ExpendIdx	rage01	MaJas_ServeR	1090	AllStar	1	200	1281	2757			0		0	0	0	0	Th­¬ng H¶i Ch©u CÊp 7 (	2	102	214	179	145022239	2026-06-12 01:32:47	4294917821	0	0	0	0	0	0
20260612-013314	ItemAdd	2648439867	rage01	MaJas_ServeR	1090	AllStar	1	200	1281	2757			0		0	0	0	0		0	122	595	100	1260744443	2026-06-12 01:33:14	0	0	0	0	-1	-1	-1
20260612-013314	ItemConsume	ExpendIdx	rage01	MaJas_ServeR	1090	AllStar	1	200	1281	2757			0		0	0	0	0	Th­¬ng H¶i Ch©u CÊp 7 (	2	102	214	178	145022239	2026-06-12 01:32:47	4294917821	0	0	0	0	0	0
20260612-013314	ItemAdd	2648439867	rage01	MaJas_ServeR	1090	AllStar	1	200	1281	2757			0		0	0	0	0	Thiªn-H¹o Th­¬ng	0	122	153	100	-1836752707	2026-06-12 01:33:14	0	0	0	0	-1	-1	-1
20260612-013314	ItemConsume	ExpendIdx	rage01	MaJas_ServeR	1090	AllStar	1	200	1281	2757			0		0	0	0	0	Th­¬ng H¶i Ch©u CÊp 7 (	2	102	214	177	145022239	2026-06-12 01:32:47	4294917821	0	0	0	0	0	0
20260612-013314	ItemAdd	2648439867	rage01	MaJas_ServeR	1090	AllStar	1	200	1281	2757			0		0	0	0	0		0	122	590	100	-112197822	2026-06-12 01:33:14	0	0	0	0	-1	-1	-1
20260612-013314	ItemConsume	ExpendIdx	rage01	MaJas_ServeR	1090	AllStar	1	200	1281	2757			0		0	0	0	0	Th­¬ng H¶i Ch©u CÊp 7 (	2	102	214	176	145022239	2026-06-12 01:32:47	4294917821	0	0	0	0	0	0
20260612-013314	ItemAdd	2648439867	rage01	MaJas_ServeR	1090	AllStar	1	200	1281	2757			0		0	0	0	0	ThÇn-Ngù K×nh	0	122	133	100	1286723441	2026-06-12 01:33:14	0	0	0	0	-1	-1	-1
20260612-013315	ItemConsume	ExpendIdx	rage01	MaJas_ServeR	1090	AllStar	1	200	1281	2757			0		0	0	0	0	Th­¬ng H¶i Ch©u CÊp 7 (	2	102	214	175	145022239	2026-06-12 01:32:47	4294917821	0	0	0	0	0	0
20260612-013315	ItemAdd	2648439867	rage01	MaJas_ServeR	1090	AllStar	1	200	1281	2757			0		0	0	0	0	Thu-Ngù K×nh	0	122	336	100	1757238660	2026-06-12 01:33:15	0	0	0	0	-1	-1	-1
20260612-013315	ItemConsume	ExpendIdx	rage01	MaJas_ServeR	1090	AllStar	1	200	1281	2757			0		0	0	0	0	Th­¬ng H¶i Ch©u CÊp 7 (	2	102	214	174	145022239	2026-06-12 01:32:47	4294917821	0	0	0	0	0	0
20260612-013315	ItemAdd	2648439867	rage01	MaJas_ServeR	1090	AllStar	1	200	1281	2757			0		0	0	0	0	Thiªn-Hång Qu©n	0	122	152	100	2070950990	2026-06-12 01:33:15	0	0	0	0	-1	-1	-1
20260612-013315	ItemConsume	ExpendIdx	rage01	MaJas_ServeR	1090	AllStar	1	200	1281	2757			0		0	0	0	0	Th­¬ng H¶i Ch©u CÊp 7 (	2	102	214	173	145022239	2026-06-12 01:32:47	4294917821	0	0	0	0	0	0
20260612-013315	ItemAdd	2648439867	rage01	MaJas_ServeR	1090	AllStar	1	200	1281	2757			0		0	0	0	0		0	122	709	100	-844063948	2026-06-12 01:33:15	0	0	0	0	-1	-1	-1
20260612-013315	ItemConsume	ExpendIdx	rage01	MaJas_ServeR	1090	AllStar	1	200	1281	2757			0		0	0	0	0	Th­¬ng H¶i Ch©u CÊp 7 (	2	102	214	172	145022239	2026-06-12 01:32:47	4294917821	0	0	0	0	0	0
20260612-013315	ItemAdd	2648439867	rage01	MaJas_ServeR	1090	AllStar	1	200	1281	2757			0		0	0	0	0		0	122	696	100	-1337930581	2026-06-12 01:33:15	0	0	0	0	-1	-1	-1
20260612-013315	ItemConsume	ExpendIdx	rage01	MaJas_ServeR	1090	AllStar	1	200	1281	2757			0		0	0	0	0	Th­¬ng H¶i Ch©u CÊp 7 (	2	102	214	171	145022239	2026-06-12 01:32:47	4294917821	0	0	0	0	0	0
20260612-013315	ItemAdd	2648439867	rage01	MaJas_ServeR	1090	AllStar	1	200	1281	2757			0		0	0	0	0		0	122	614	100	2073120749	2026-06-12 01:33:15	0	0	0	0	-1	-1	-1
20260612-013315	ItemConsume	ExpendIdx	rage01	MaJas_ServeR	1090	AllStar	1	200	1281	2757			0		0	0	0	0	Th­¬ng H¶i Ch©u CÊp 7 (	2	102	214	170	145022239	2026-06-12 01:32:47	4294917821	0	0	0	0	0	0
20260612-013315	ItemAdd	2648439867	rage01	MaJas_ServeR	1090	AllStar	1	200	1281	2757			0		0	0	0	0		0	122	656	100	-474797531	2026-06-12 01:33:15	0	0	0	0	-1	-1	-1
20260612-013316	ItemConsume	ExpendIdx	rage01	MaJas_ServeR	1090	AllStar	1	200	1281	2757			0		0	0	0	0	Th­¬ng H¶i Ch©u CÊp 7 (	2	102	214	169	145022239	2026-06-12 01:32:47	4294917821	0	0	0	0	0	0
20260612-013316	ItemAdd	2648439867	rage01	MaJas_ServeR	1090	AllStar	1	200	1281	2757			0		0	0	0	0	S¬n-Ngù K×nh	0	122	196	100	1948469798	2026-06-12 01:33:16	0	0	0	0	-1	-1	-1
20260612-013316	ItemConsume	ExpendIdx	rage01	MaJas_ServeR	1090	AllStar	1	200	1281	2757			0		0	0	0	0	Th­¬ng H¶i Ch©u CÊp 7 (	2	102	214	168	145022239	2026-06-12 01:32:47	4294917821	0	0	0	0	0	0
20260612-013316	ItemAdd	2648439867	rage01	MaJas_ServeR	1090	AllStar	1	200	1281	2757			0		0	0	0	0	H¹-Cöu Thö	0	122	314	100	1979059072	2026-06-12 01:33:16	0	0	0	0	-1	-1	-1
20260612-013316	ItemConsume	ExpendIdx	rage01	MaJas_ServeR	1090	AllStar	1	200	1281	2757			0		0	0	0	0	Th­¬ng H¶i Ch©u CÊp 7 (	2	102	214	167	145022239	2026-06-12 01:32:47	4294917821	0	0	0	0	0	0
20260612-013316	ItemAdd	2648439867	rage01	MaJas_ServeR	1090	AllStar	1	200	1281	2757			0		0	0	0	0		0	122	610	100	2054426410	2026-06-12 01:33:16	0	0	0	0	-1	-1	-1
20260612-013316	ItemConsume	ExpendIdx	rage01	MaJas_ServeR	1090	AllStar	1	200	1281	2757			0		0	0	0	0	Th­¬ng H¶i Ch©u CÊp 7 (	2	102	214	166	145022239	2026-06-12 01:32:47	4294917821	0	0	0	0	0	0
20260612-013316	ItemAdd	2648439867	rage01	MaJas_ServeR	1090	AllStar	1	200	1281	2757			0		0	0	0	0		0	122	703	100	77988594	2026-06-12 01:33:16	0	0	0	0	-1	-1	-1
20260612-013316	ItemConsume	ExpendIdx	rage01	MaJas_ServeR	1090	AllStar	1	200	1281	2757			0		0	0	0	0	Th­¬ng H¶i Ch©u CÊp 7 (	2	102	214	165	145022239	2026-06-12 01:32:47	4294917821	0	0	0	0	0	0
20260612-013316	ItemAdd	2648439867	rage01	MaJas_ServeR	1090	AllStar	1	200	1281	2757			0		0	0	0	0	S­¬ng-S­¬ng Tù	0	122	559	100	-1145865570	2026-06-12 01:33:16	0	0	0	0	-1	-1	-1
20260612-013316	ItemConsume	ExpendIdx	rage01	MaJas_ServeR	1090	AllStar	1	200	1281	2757			0		0	0	0	0	Th­¬ng H¶i Ch©u CÊp 7 (	2	102	214	164	145022239	2026-06-12 01:32:47	4294917821	0	0	0	0	0	0
20260612-013316	ItemAdd	2648439867	rage01	MaJas_ServeR	1090	AllStar	1	200	1281	2757			0		0	0	0	0	Xu©n-D­¬ng Trung	0	122	293	100	-1416689224	2026-06-12 01:33:16	0	0	0	0	-1	-1	-1
20260612-013317	ItemConsume	ExpendIdx	rage01	MaJas_ServeR	1090	AllStar	1	200	1281	2757			0		0	0	0	0	Th­¬ng H¶i Ch©u CÊp 7 (	2	102	214	163	145022239	2026-06-12 01:32:47	4294917821	0	0	0	0	0	0
20260612-013317	ItemAdd	2648439867	rage01	MaJas_ServeR	1090	AllStar	1	200	1281	2757			0		0	0	0	0	Thu-Ngù K×nh	0	122	336	100	337778978	2026-06-12 01:33:17	0	0	0	0	-1	-1	-1
20260612-013317	ItemConsume	ExpendIdx	rage01	MaJas_ServeR	1090	AllStar	1	200	1281	2757			0		0	0	0	0	Th­¬ng H¶i Ch©u CÊp 7 (	2	102	214	162	145022239	2026-06-12 01:32:47	4294917821	0	0	0	0	0	0
20260612-013317	ItemAdd	2648439867	rage01	MaJas_ServeR	1090	AllStar	1	200	1281	2757			0		0	0	0	0	Thu-Ngù K×nh	0	122	336	100	-412255747	2026-06-12 01:33:17	0	0	0	0	-1	-1	-1
20260612-013317	ItemConsume	ExpendIdx	rage01	MaJas_ServeR	1090	AllStar	1	200	1281	2757			0		0	0	0	0	Th­¬ng H¶i Ch©u CÊp 7 (	2	102	214	161	145022239	2026-06-12 01:32:47	4294917821	0	0	0	0	0	0
20260612-013317	ItemAdd	2648439867	rage01	MaJas_ServeR	1090	AllStar	1	200	1281	2757			0		0	0	0	0	§Þa-Ngù K×nh	0	122	175	100	-1899544190	2026-06-12 01:33:17	0	0	0	0	-1	-1	-1
20260612-013317	ItemConsume	ExpendIdx	rage01	MaJas_ServeR	1090	AllStar	1	200	1281	2757			0		0	0	0	0	Th­¬ng H¶i Ch©u CÊp 7 (	2	102	214	160	145022239	2026-06-12 01:32:47	4294917821	0	0	0	0	0	0
20260612-013317	ItemAdd	2648439867	rage01	MaJas_ServeR	1090	AllStar	1	200	1281	2757			0		0	0	0	0		0	122	692	100	-86312260	2026-06-12 01:33:17	0	0	0	0	-1	-1	-1
20260612-013317	ItemConsume	ExpendIdx	rage01	MaJas_ServeR	1090	AllStar	1	200	1281	2757			0		0	0	0	0	Th­¬ng H¶i Ch©u CÊp 7 (	2	102	214	159	145022239	2026-06-12 01:32:47	4294917821	0	0	0	0	0	0
20260612-013317	ItemAdd	2648439867	rage01	MaJas_ServeR	1090	AllStar	1	200	1281	2757			0		0	0	0	0		0	122	683	100	-2136309308	2026-06-12 01:33:17	0	0	0	0	-1	-1	-1
20260612-013317	ItemConsume	ExpendIdx	rage01	MaJas_ServeR	1090	AllStar	1	200	1281	2757			0		0	0	0	0	Th­¬ng H¶i Ch©u CÊp 7 (	2	102	214	158	145022239	2026-06-12 01:32:47	4294917821	0	0	0	0	0	0
20260612-013317	ItemAdd	2648439867	rage01	MaJas_ServeR	1090	AllStar	1	200	1281	2757			0		0	0	0	0	Xu©n-Ngù K×nh	0	122	294	100	-1963953522	2026-06-12 01:33:17	0	0	0	0	-1	-1	-1
20260612-013318	ItemConsume	ExpendIdx	rage01	MaJas_ServeR	1090	AllStar	1	200	1281	2757			0		0	0	0	0	Th­¬ng H¶i Ch©u CÊp 7 (	2	102	214	157	145022239	2026-06-12 01:32:47	4294917821	0	0	0	0	0	0
20260612-013318	ItemAdd	2648439867	rage01	MaJas_ServeR	1090	AllStar	1	200	1281	2757			0		0	0	0	0		0	122	616	100	720451444	2026-06-12 01:33:18	0	0	0	0	-1	-1	-1
20260612-013318	ItemConsume	ExpendIdx	rage01	MaJas_ServeR	1090	AllStar	1	200	1281	2757			0		0	0	0	0	Th­¬ng H¶i Ch©u CÊp 7 (	2	102	214	156	145022239	2026-06-12 01:32:47	4294917821	0	0	0	0	0	0
20260612-013318	ItemAdd	2648439867	rage01	MaJas_ServeR	1090	AllStar	1	200	1281	2757			0		0	0	0	0		0	122	656	100	182250475	2026-06-12 01:33:18	0	0	0	0	-1	-1	-1
20260612-013318	ItemConsume	ExpendIdx	rage01	MaJas_ServeR	1090	AllStar	1	200	1281	2757			0		0	0	0	0	Th­¬ng H¶i Ch©u CÊp 7 (	2	102	214	155	145022239	2026-06-12 01:32:47	4294917821	0	0	0	0	0	0
20260612-013318	ItemAdd	2648439867	rage01	MaJas_ServeR	1090	AllStar	1	200	1281	2757			0		0	0	0	0	S­¬ng-Ngù K×nh	0	122	560	100	1235751175	2026-06-12 01:33:18	0	0	0	0	-1	-1	-1
20260612-013318	ItemConsume	ExpendIdx	rage01	MaJas_ServeR	1090	AllStar	1	200	1281	2757			0		0	0	0	0	Th­¬ng H¶i Ch©u CÊp 7 (	2	102	214	154	145022239	2026-06-12 01:32:47	4294917821	0	0	0	0	0	0
20260612-013318	ItemAdd	2648439867	rage01	MaJas_ServeR	1090	AllStar	1	200	1281	2757			0		0	0	0	0		0	122	598	100	-1960653979	2026-06-12 01:33:18	0	0	0	0	-1	-1	-1
20260612-013318	ItemConsume	ExpendIdx	rage01	MaJas_ServeR	1090	AllStar	1	200	1281	2757			0		0	0	0	0	Th­¬ng H¶i Ch©u CÊp 7 (	2	102	214	153	145022239	2026-06-12 01:32:47	4294917821	0	0	0	0	0	0
20260612-013318	ItemAdd	2648439867	rage01	MaJas_ServeR	1090	AllStar	1	200	1281	2757			0		0	0	0	0		0	122	691	100	-289118195	2026-06-12 01:33:18	0	0	0	0	-1	-1	-1
20260612-013319	ItemConsume	ExpendIdx	rage01	MaJas_ServeR	1090	AllStar	1	200	1281	2757			0		0	0	0	0	Th­¬ng H¶i Ch©u CÊp 7 (	2	102	214	152	145022239	2026-06-12 01:32:47	4294917821	0	0	0	0	0	0
20260612-013319	ItemAdd	2648439867	rage01	MaJas_ServeR	1090	AllStar	1	200	1281	2757			0		0	0	0	0	S¬n-Ngäc Ch­íng	0	122	195	100	-1853053742	2026-06-12 01:33:19	0	0	0	0	-1	-1	-1
20260612-013319	ItemConsume	ExpendIdx	rage01	MaJas_ServeR	1090	AllStar	1	200	1281	2757			0		0	0	0	0	Th­¬ng H¶i Ch©u CÊp 7 (	2	102	214	151	145022239	2026-06-12 01:32:47	4294917821	0	0	0	0	0	0
20260612-013319	ItemAdd	2648439867	rage01	MaJas_ServeR	1090	AllStar	1	200	1281	2757			0		0	0	0	0	S¬n-Sïng A	0	122	194	100	-244214313	2026-06-12 01:33:19	0	0	0	0	-1	-1	-1
20260612-013319	ItemConsume	ExpendIdx	rage01	MaJas_ServeR	1090	AllStar	1	200	1281	2757			0		0	0	0	0	Th­¬ng H¶i Ch©u CÊp 7 (	2	102	214	150	145022239	2026-06-12 01:32:47	4294917821	0	0	0	0	0	0
20260612-013319	ItemAdd	2648439867	rage01	MaJas_ServeR	1090	AllStar	1	200	1281	2757			0		0	0	0	0		0	122	649	100	-73663077	2026-06-12 01:33:19	0	0	0	0	-1	-1	-1
20260612-013319	ItemConsume	ExpendIdx	rage01	MaJas_ServeR	1090	AllStar	1	200	1281	2757			0		0	0	0	0	Th­¬ng H¶i Ch©u CÊp 7 (	2	102	214	149	145022239	2026-06-12 01:32:47	4294917821	0	0	0	0	0	0
20260612-013319	ItemAdd	2648439867	rage01	MaJas_ServeR	1090	AllStar	1	200	1281	2757			0		0	0	0	0		0	122	616	100	47216567	2026-06-12 01:33:19	0	0	0	0	-1	-1	-1
20260612-013319	ItemConsume	ExpendIdx	rage01	MaJas_ServeR	1090	AllStar	1	200	1281	2757			0		0	0	0	0	Th­¬ng H¶i Ch©u CÊp 7 (	2	102	214	148	145022239	2026-06-12 01:32:47	4294917821	0	0	0	0	0	0
20260612-013319	ItemAdd	2648439867	rage01	MaJas_ServeR	1090	AllStar	1	200	1281	2757			0		0	0	0	0		0	122	598	100	-383983804	2026-06-12 01:33:19	0	0	0	0	-1	-1	-1
20260612-013319	ItemConsume	ExpendIdx	rage01	MaJas_ServeR	1090	AllStar	1	200	1281	2757			0		0	0	0	0	Th­¬ng H¶i Ch©u CÊp 7 (	2	102	214	147	145022239	2026-06-12 01:32:47	4294917821	0	0	0	0	0	0
20260612-013319	ItemAdd	2648439867	rage01	MaJas_ServeR	1090	AllStar	1	200	1281	2757			0		0	0	0	0	Vô-Ngù K×nh	0	122	273	100	1765215611	2026-06-12 01:33:19	0	0	0	0	-1	-1	-1
20260612-013320	ItemConsume	ExpendIdx	rage01	MaJas_ServeR	1090	AllStar	1	200	1281	2757			0		0	0	0	0	Th­¬ng H¶i Ch©u CÊp 7 (	2	102	214	146	145022239	2026-06-12 01:32:47	4294917821	0	0	0	0	0	0
20260612-013320	ItemAdd	2648439867	rage01	MaJas_ServeR	1090	AllStar	1	200	1281	2757			0		0	0	0	0	S­¬ng-Ngù K×nh	0	122	560	100	1206910628	2026-06-12 01:33:20	0	0	0	0	-1	-1	-1
20260612-013320	ItemConsume	ExpendIdx	rage01	MaJas_ServeR	1090	AllStar	1	200	1281	2757			0		0	0	0	0	Th­¬ng H¶i Ch©u CÊp 7 (	2	102	214	145	145022239	2026-06-12 01:32:47	4294917821	0	0	0	0	0	0
20260612-013320	ItemAdd	2648439867	rage01	MaJas_ServeR	1090	AllStar	1	200	1281	2757			0		0	0	0	0	V©n-Thiªn Ng­ng	0	122	474	100	-457097618	2026-06-12 01:33:20	0	0	0	0	-1	-1	-1
20260612-013320	ItemConsume	ExpendIdx	rage01	MaJas_ServeR	1090	AllStar	1	200	1281	2757			0		0	0	0	0	Th­¬ng H¶i Ch©u CÊp 7 (	2	102	214	144	145022239	2026-06-12 01:32:47	4294917821	0	0	0	0	0	0
20260612-013320	ItemAdd	2648439867	rage01	MaJas_ServeR	1090	AllStar	1	200	1281	2757			0		0	0	0	0		0	122	595	100	1420912648	2026-06-12 01:33:20	0	0	0	0	-1	-1	-1
20260612-013320	ItemConsume	ExpendIdx	rage01	MaJas_ServeR	1090	AllStar	1	200	1281	2757			0		0	0	0	0	Th­¬ng H¶i Ch©u CÊp 7 (	2	102	214	143	145022239	2026-06-12 01:32:47	4294917821	0	0	0	0	0	0
20260612-013320	ItemAdd	2648439867	rage01	MaJas_ServeR	1090	AllStar	1	200	1281	2757			0		0	0	0	0		0	122	649	100	-758480273	2026-06-12 01:33:20	0	0	0	0	-1	-1	-1
20260612-013320	ItemConsume	ExpendIdx	rage01	MaJas_ServeR	1090	AllStar	1	200	1281	2757			0		0	0	0	0	Th­¬ng H¶i Ch©u CÊp 7 (	2	102	214	142	145022239	2026-06-12 01:32:47	4294917821	0	0	0	0	0	0
20260612-013320	ItemAdd	2648439867	rage01	MaJas_ServeR	1090	AllStar	1	200	1281	2757			0		0	0	0	0	Vò-M¹ch L©m	0	122	503	100	-1940236614	2026-06-12 01:33:20	0	0	0	0	-1	-1	-1
20260612-013418	ItemConsume	DelItemByIndex	rage01	MaJas_ServeR	1090	AllStar	1	200	1281	2757			0		0	0	0	0	§«ng-Linh Tr¹ch	0	122	363	100	165975116	2026-06-12 01:32:51	0	0	0	0	-1	-1	-1
20260612-013418	large_str	AddItem[/script/misc/left_pearl/left_pearl.lua|DisassembleLeftPearl]			0		1374054949	0	0	0			0		0	0	0	0		0	0	0	0	0		0	0	0	0	-1	-1	-1
20260612-013418	ItemAdd	1374054949	rage01	MaJas_ServeR	1090	AllStar	200	200	1281	2757			0		0	0	0	0	Bét Tr©n Ch©u	2	102	215	200	-870372664	2026-06-12 01:34:18	2048	2048	2048	0	-1	-1	-1
20260612-013418	ItemConsume	DelItemByIndex	rage01	MaJas_ServeR	1090	AllStar	1	200	1281	2757			0		0	0	0	0	S¬n-Ngù K×nh	0	122	196	100	1948469798	2026-06-12 01:33:16	0	0	0	0	-1	-1	-1
20260612-013418	ItemAdd	1374054949	rage01	MaJas_ServeR	1090	AllStar	200	200	1281	2757			0		0	0	0	0	Bét Tr©n Ch©u	2	102	215	200	1478976677	2026-06-12 01:34:18	2048	2048	2048	0	-1	-1	-1
20260612-013418	ItemConsume	DelItemByIndex	rage01	MaJas_ServeR	1090	AllStar	1	200	1281	2757			0		0	0	0	0	S­¬ng-Ngù K×nh	0	122	560	100	1206910628	2026-06-12 01:33:20	0	0	0	0	-1	-1	-1
20260612-013418	ItemAdd	1374054949	rage01	MaJas_ServeR	1090	AllStar	200	200	1281	2757			0		0	0	0	0	Bét Tr©n Ch©u	2	102	215	200	-1054337225	2026-06-12 01:34:18	2048	2048	2048	0	-1	-1	-1
20260612-013418	ItemConsume	DelItemByIndex	rage01	MaJas_ServeR	1090	AllStar	1	200	1281	2757			0		0	0	0	0	Xu©n-Ngù K×nh	0	122	294	100	-1965581277	2026-06-12 01:32:57	0	0	0	0	-1	-1	-1
20260612-013418	ItemAdd	1374054949	rage01	MaJas_ServeR	1090	AllStar	200	200	1281	2757			0		0	0	0	0	Bét Tr©n Ch©u	2	102	215	200	1315762137	2026-06-12 01:34:18	2048	2048	2048	0	-1	-1	-1
20260612-013418	ItemConsume	DelItemByIndex	rage01	MaJas_ServeR	1090	AllStar	1	200	1281	2757			0		0	0	0	0	H¹-Cöu Thö	0	122	314	100	1979059072	2026-06-12 01:33:16	0	0	0	0	-1	-1	-1
20260612-013418	ItemAdd	1374054949	rage01	MaJas_ServeR	1090	AllStar	200	200	1281	2757			0		0	0	0	0	Bét Tr©n Ch©u	2	102	215	200	901499659	2026-06-12 01:34:18	2048	2048	2048	0	-1	-1	-1
20260612-013418	ItemConsume	DelItemByIndex	rage01	MaJas_ServeR	1090	AllStar	1	200	1281	2757			0		0	0	0	0	V©n-Thiªn Ng­ng	0	122	474	100	-457097618	2026-06-12 01:33:20	0	0	0	0	-1	-1	-1
20260612-013418	ItemAdd	1374054949	rage01	MaJas_ServeR	1090	AllStar	200	200	1281	2757			0		0	0	0	0	Bét Tr©n Ch©u	2	102	215	200	-1782867928	2026-06-12 01:34:18	2048	2048	2048	0	-1	-1	-1
20260612-013418	ItemConsume	DelItemByIndex	rage01	MaJas_ServeR	1090	AllStar	1	200	1281	2757			0		0	0	0	0	H¶i-Minh M«ng	0	122	216	100	-1164896373	2026-06-12 01:32:58	0	0	0	0	-1	-1	-1
20260612-013418	ItemAdd	1374054949	rage01	MaJas_ServeR	1090	AllStar	200	200	1281	2757			0		0	0	0	0	Bét Tr©n Ch©u	2	102	215	200	1425335547	2026-06-12 01:34:18	2048	2048	2048	0	-1	-1	-1
20260612-013418	ItemConsume	DelItemByIndex	rage01	MaJas_ServeR	1090	AllStar	1	200	1281	2757			0		0	0	0	0	S­¬ng-S­¬ng Tù	0	122	559	100	-1145865570	2026-06-12 01:33:16	0	0	0	0	-1	-1	-1
20260612-013418	ItemAdd	1374054949	rage01	MaJas_ServeR	1090	AllStar	200	200	1281	2757			0		0	0	0	0	Bét Tr©n Ch©u	2	102	215	200	242539736	2026-06-12 01:34:18	2048	2048	2048	0	-1	-1	-1
20260612-013418	ItemConsume	DelItemByIndex	rage01	MaJas_ServeR	1090	AllStar	1	200	1281	2757			0		0	0	0	0	Vô-Tè TrÇn	0	122	271	100	-2047675695	2026-06-12 01:32:59	0	0	0	0	-1	-1	-1
20260612-013418	ItemAdd	1374054949	rage01	MaJas_ServeR	1090	AllStar	200	200	1281	2757			0		0	0	0	0	Bét Tr©n Ch©u	2	102	215	200	418585922	2026-06-12 01:34:18	2048	2048	2048	0	-1	-1	-1
20260612-013418	ItemConsume	DelItemByIndex	rage01	MaJas_ServeR	1090	AllStar	1	200	1281	2757			0		0	0	0	0	Xu©n-D­¬ng Trung	0	122	293	100	-1416689224	2026-06-12 01:33:16	0	0	0	0	-1	-1	-1
20260612-013418	ItemAdd	1374054949	rage01	MaJas_ServeR	1090	AllStar	200	200	1281	2757			0		0	0	0	0	Bét Tr©n Ch©u	2	102	215	200	17958012	2026-06-12 01:34:18	2048	2048	2048	0	-1	-1	-1
20260612-013418	ItemConsume	DelItemByIndex	rage01	MaJas_ServeR	1090	AllStar	1	200	1281	2757			0		0	0	0	0	Vô-Thñy V©n	0	122	270	100	815940596	2026-06-12 01:33:04	0	0	0	0	-1	-1	-1
20260612-013418	ItemAdd	1374054949	rage01	MaJas_ServeR	1090	AllStar	200	200	1281	2757			0		0	0	0	0	Bét Tr©n Ch©u	2	102	215	200	1340584745	2026-06-12 01:34:18	2048	2048	2048	0	-1	-1	-1
20260612-013418	ItemConsume	DelItemByIndex	rage01	MaJas_ServeR	1090	AllStar	1	200	1281	2757			0		0	0	0	0	Thu-Ngù K×nh	0	122	336	100	337778978	2026-06-12 01:33:17	0	0	0	0	-1	-1	-1
20260612-013418	ItemAdd	1374054949	rage01	MaJas_ServeR	1090	AllStar	200	200	1281	2757			0		0	0	0	0	Bét Tr©n Ch©u	2	102	215	200	-1735277349	2026-06-12 01:34:18	2048	2048	2048	0	-1	-1	-1
20260612-013418	ItemConsume	DelItemByIndex	rage01	MaJas_ServeR	1090	AllStar	1	200	1281	2757			0		0	0	0	0	§«ng-Nguyªn Tù	0	122	361	100	976370562	2026-06-12 01:33:07	0	0	0	0	-1	-1	-1
20260612-013418	ItemAdd	1374054949	rage01	MaJas_ServeR	1090	AllStar	200	200	1281	2757			0		0	0	0	0	Bét Tr©n Ch©u	2	102	215	200	-825449596	2026-06-12 01:34:18	2048	2048	2048	0	-1	-1	-1
20260612-013418	ItemConsume	DelItemByIndex	rage01	MaJas_ServeR	1090	AllStar	1	200	1281	2757			0		0	0	0	0	Thu-Ngù K×nh	0	122	336	100	-412255747	2026-06-12 01:33:17	0	0	0	0	-1	-1	-1
20260612-013418	ItemAdd	1374054949	rage01	MaJas_ServeR	1090	AllStar	200	200	1281	2757			0		0	0	0	0	Bét Tr©n Ch©u	2	102	215	200	-686925231	2026-06-12 01:34:18	2048	2048	2048	0	-1	-1	-1
20260612-013418	ItemConsume	DelItemByIndex	rage01	MaJas_ServeR	1090	AllStar	1	200	1281	2757			0		0	0	0	0	H¹-Cöu Thö	0	122	314	100	-524197554	2026-06-12 01:33:09	0	0	0	0	-1	-1	-1
20260612-013418	ItemAdd	1374054949	rage01	MaJas_ServeR	1090	AllStar	200	200	1281	2757			0		0	0	0	0	Bét Tr©n Ch©u	2	102	215	200	-1378921661	2026-06-12 01:34:18	2048	2048	2048	0	-1	-1	-1
20260612-013418	ItemConsume	DelItemByIndex	rage01	MaJas_ServeR	1090	AllStar	1	200	1281	2757			0		0	0	0	0	§Þa-Ngù K×nh	0	122	175	100	-1899544190	2026-06-12 01:33:17	0	0	0	0	-1	-1	-1
20260612-013418	ItemAdd	1374054949	rage01	MaJas_ServeR	1090	AllStar	200	200	1281	2757			0		0	0	0	0	Bét Tr©n Ch©u	2	102	215	200	-662688443	2026-06-12 01:34:18	2048	2048	2048	0	-1	-1	-1
20260612-013418	ItemConsume	DelItemByIndex	rage01	MaJas_ServeR	1090	AllStar	1	200	1281	2757			0		0	0	0	0	H¶i-Ngù K×nh	0	122	217	100	-1014659936	2026-06-12 01:33:13	0	0	0	0	-1	-1	-1
20260612-013418	ItemAdd	1374054949	rage01	MaJas_ServeR	1090	AllStar	200	200	1281	2757			0		0	0	0	0	Bét Tr©n Ch©u	2	102	215	200	556291178	2026-06-12 01:34:18	2048	2048	2048	0	-1	-1	-1
20260612-013418	ItemConsume	DelItemByIndex	rage01	MaJas_ServeR	1090	AllStar	1	200	1281	2757			0		0	0	0	0	Xu©n-Ngù K×nh	0	122	294	100	-1963953522	2026-06-12 01:33:17	0	0	0	0	-1	-1	-1
20260612-013418	ItemAdd	1374054949	rage01	MaJas_ServeR	1090	AllStar	200	200	1281	2757			0		0	0	0	0	Bét Tr©n Ch©u	2	102	215	200	-1545690396	2026-06-12 01:34:18	2048	2048	2048	0	-1	-1	-1
20260612-013418	ItemConsume	DelItemByIndex	rage01	MaJas_ServeR	1090	AllStar	1	200	1281	2757			0		0	0	0	0	Phong-Ngù K×nh	0	122	245	100	1584909715	2026-06-12 01:33:14	0	0	0	0	-1	-1	-1
20260612-013418	ItemAdd	1374054949	rage01	MaJas_ServeR	1090	AllStar	200	200	1281	2757			0		0	0	0	0	Bét Tr©n Ch©u	2	102	215	200	509129902	2026-06-12 01:34:18	2048	2048	2048	0	-1	-1	-1
20260612-013418	ItemConsume	DelItemByIndex	rage01	MaJas_ServeR	1090	AllStar	1	200	1281	2757			0		0	0	0	0	S­¬ng-Ngù K×nh	0	122	560	100	1235751175	2026-06-12 01:33:18	0	0	0	0	-1	-1	-1
20260612-013418	ItemAdd	1374054949	rage01	MaJas_ServeR	1090	AllStar	200	200	1281	2757			0		0	0	0	0	Bét Tr©n Ch©u	2	102	215	200	792735523	2026-06-12 01:34:18	2048	2048	2048	0	-1	-1	-1
20260612-013418	ItemConsume	DelItemByIndex	rage01	MaJas_ServeR	1090	AllStar	1	200	1281	2757			0		0	0	0	0	ThÇn-Ngù K×nh	0	122	133	100	1286723441	2026-06-12 01:33:14	0	0	0	0	-1	-1	-1
20260612-013418	ItemAdd	1374054949	rage01	MaJas_ServeR	1090	AllStar	200	200	1281	2757			0		0	0	0	0	Bét Tr©n Ch©u	2	102	215	200	-1554524128	2026-06-12 01:34:18	2048	2048	2048	0	-1	-1	-1
20260612-013418	ItemConsume	DelItemByIndex	rage01	MaJas_ServeR	1090	AllStar	1	200	1281	2757			0		0	0	0	0	S¬n-Ngäc Ch­íng	0	122	195	100	-1853053742	2026-06-12 01:33:19	0	0	0	0	-1	-1	-1
20260612-013418	ItemAdd	1374054949	rage01	MaJas_ServeR	1090	AllStar	200	200	1281	2757			0		0	0	0	0	Bét Tr©n Ch©u	2	102	215	200	915917661	2026-06-12 01:34:18	2048	2048	2048	0	-1	-1	-1
20260612-013418	ItemConsume	DelItemByIndex	rage01	MaJas_ServeR	1090	AllStar	1	200	1281	2757			0		0	0	0	0	Thu-Ngù K×nh	0	122	336	100	1757238660	2026-06-12 01:33:15	0	0	0	0	-1	-1	-1
20260612-013418	ItemAdd	1374054949	rage01	MaJas_ServeR	1090	AllStar	200	200	1281	2757			0		0	0	0	0	Bét Tr©n Ch©u	2	102	215	200	-290968145	2026-06-12 01:34:18	2048	2048	2048	0	-1	-1	-1
20260612-013418	ItemConsume	DelItemByIndex	rage01	MaJas_ServeR	1090	AllStar	1	200	1281	2757			0		0	0	0	0	S¬n-Ngù K×nh	0	122	196	100	-1569046446	2026-06-12 01:33:13	0	0	0	0	-1	-1	-1
20260612-013418	ItemAdd	1374054949	rage01	MaJas_ServeR	1090	AllStar	200	200	1281	2757			0		0	0	0	0	Bét Tr©n Ch©u	2	102	215	200	464356369	2026-06-12 01:34:18	2048	2048	2048	0	-1	-1	-1
20260612-013418	ItemConsume	DelItemByIndex	rage01	MaJas_ServeR	1090	AllStar	1	200	1281	2757			0		0	0	0	0	Thiªn-Hång Qu©n	0	122	152	100	2070950990	2026-06-12 01:33:15	0	0	0	0	-1	-1	-1
20260612-013418	ItemAdd	1374054949	rage01	MaJas_ServeR	1090	AllStar	200	200	1281	2757			0		0	0	0	0	Bét Tr©n Ch©u	2	102	215	200	-1280664829	2026-06-12 01:34:18	2048	2048	2048	0	-1	-1	-1
20260612-013418	ItemConsume	DelItemByIndex	rage01	MaJas_ServeR	1090	AllStar	1	200	1281	2757			0		0	0	0	0	Vô-Ngù K×nh	0	122	273	100	1765215611	2026-06-12 01:33:19	0	0	0	0	-1	-1	-1
20260612-013418	ItemAdd	1374054949	rage01	MaJas_ServeR	1090	AllStar	200	200	1281	2757			0		0	0	0	0	Bét Tr©n Ch©u	2	102	215	200	1330316037	2026-06-12 01:34:18	2048	2048	2048	0	-1	-1	-1
20260612-013420	ItemConsume	ExpendIdx	rage01	MaJas_ServeR	1090	AllStar	1	200	1281	2757			0		0	0	0	0	Th­¬ng H¶i Ch©u CÊp 7 (	2	102	214	141	145022239	2026-06-12 01:32:47	4294917821	0	0	0	0	0	0
20260612-013420	ItemAdd	2648439867	rage01	MaJas_ServeR	1090	AllStar	1	200	1281	2757			0		0	0	0	0	S­¬ng-Ngù K×nh	0	122	560	100	-158049552	2026-06-12 01:34:20	0	0	0	0	-1	-1	-1
20260612-013420	ItemConsume	ExpendIdx	rage01	MaJas_ServeR	1090	AllStar	1	200	1281	2757			0		0	0	0	0	Th­¬ng H¶i Ch©u CÊp 7 (	2	102	214	140	145022239	2026-06-12 01:32:47	4294917821	0	0	0	0	0	0
20260612-013420	ItemAdd	2648439867	rage01	MaJas_ServeR	1090	AllStar	1	200	1281	2757			0		0	0	0	0		0	122	638	100	966774724	2026-06-12 01:34:20	0	0	0	0	-1	-1	-1
20260612-013420	ItemConsume	ExpendIdx	rage01	MaJas_ServeR	1090	AllStar	1	200	1281	2757			0		0	0	0	0	Th­¬ng H¶i Ch©u CÊp 7 (	2	102	214	139	145022239	2026-06-12 01:32:47	4294917821	0	0	0	0	0	0
20260612-013420	ItemAdd	2648439867	rage01	MaJas_ServeR	1090	AllStar	1	200	1281	2757			0		0	0	0	0	NhËt-Ngu Uyªn	0	122	27	100	-584887216	2026-06-12 01:34:20	0	0	0	0	-1	-1	-1
20260612-013421	ItemConsume	ExpendIdx	rage01	MaJas_ServeR	1090	AllStar	1	200	1281	2757			0		0	0	0	0	Th­¬ng H¶i Ch©u CÊp 7 (	2	102	214	138	145022239	2026-06-12 01:32:47	4294917821	0	0	0	0	0	0
20260612-013421	ItemAdd	2648439867	rage01	MaJas_ServeR	1090	AllStar	1	200	1281	2757			0		0	0	0	0		0	122	620	100	153143256	2026-06-12 01:34:21	0	0	0	0	-1	-1	-1
20260612-013421	ItemConsume	ExpendIdx	rage01	MaJas_ServeR	1090	AllStar	1	200	1281	2757			0		0	0	0	0	Th­¬ng H¶i Ch©u CÊp 7 (	2	102	214	137	145022239	2026-06-12 01:32:47	4294917821	0	0	0	0	0	0
20260612-013421	ItemAdd	2648439867	rage01	MaJas_ServeR	1090	AllStar	1	200	1281	2757			0		0	0	0	0	Phong-Nam Hu©n	0	122	243	100	-802627655	2026-06-12 01:34:21	0	0	0	0	-1	-1	-1
20260612-013421	ItemConsume	ExpendIdx	rage01	MaJas_ServeR	1090	AllStar	1	200	1281	2757			0		0	0	0	0	Th­¬ng H¶i Ch©u CÊp 7 (	2	102	214	136	145022239	2026-06-12 01:32:47	4294917821	0	0	0	0	0	0
20260612-013421	ItemAdd	2648439867	rage01	MaJas_ServeR	1090	AllStar	1	200	1281	2757			0		0	0	0	0	S­¬ng-Ngù K×nh	0	122	560	100	-1760043140	2026-06-12 01:34:21	0	0	0	0	-1	-1	-1
20260612-013421	ItemConsume	ExpendIdx	rage01	MaJas_ServeR	1090	AllStar	1	200	1281	2757			0		0	0	0	0	Th­¬ng H¶i Ch©u CÊp 7 (	2	102	214	135	145022239	2026-06-12 01:32:47	4294917821	0	0	0	0	0	0
20260612-013421	ItemAdd	2648439867	rage01	MaJas_ServeR	1090	AllStar	1	200	1281	2757			0		0	0	0	0		0	122	720	100	-1529128365	2026-06-12 01:34:21	0	0	0	0	-1	-1	-1
20260612-013421	ItemConsume	ExpendIdx	rage01	MaJas_ServeR	1090	AllStar	1	200	1281	2757			0		0	0	0	0	Th­¬ng H¶i Ch©u CÊp 7 (	2	102	214	134	145022239	2026-06-12 01:32:47	4294917821	0	0	0	0	0	0
20260612-013421	ItemAdd	2648439867	rage01	MaJas_ServeR	1090	AllStar	1	200	1281	2757			0		0	0	0	0		0	122	656	100	1511736654	2026-06-12 01:34:21	0	0	0	0	-1	-1	-1
20260612-013421	ItemConsume	ExpendIdx	rage01	MaJas_ServeR	1090	AllStar	1	200	1281	2757			0		0	0	0	0	Th­¬ng H¶i Ch©u CÊp 7 (	2	102	214	133	145022239	2026-06-12 01:32:47	4294917821	0	0	0	0	0	0
20260612-013421	ItemAdd	2648439867	rage01	MaJas_ServeR	1090	AllStar	1	200	1281	2757			0		0	0	0	0	S­¬ng-S­¬ng Tù	0	122	559	100	410706746	2026-06-12 01:34:21	0	0	0	0	-1	-1	-1
20260612-013422	ItemConsume	ExpendIdx	rage01	MaJas_ServeR	1090	AllStar	1	200	1281	2757			0		0	0	0	0	Th­¬ng H¶i Ch©u CÊp 7 (	2	102	214	132	145022239	2026-06-12 01:32:47	4294917821	0	0	0	0	0	0
20260612-013422	ItemAdd	2648439867	rage01	MaJas_ServeR	1090	AllStar	1	200	1281	2757			0		0	0	0	0		0	122	638	100	-1122716747	2026-06-12 01:34:22	0	0	0	0	-1	-1	-1
20260612-013422	ItemConsume	ExpendIdx	rage01	MaJas_ServeR	1090	AllStar	1	200	1281	2757			0		0	0	0	0	Th­¬ng H¶i Ch©u CÊp 7 (	2	102	214	131	145022239	2026-06-12 01:32:47	4294917821	0	0	0	0	0	0
20260612-013422	ItemAdd	2648439867	rage01	MaJas_ServeR	1090	AllStar	1	200	1281	2757			0		0	0	0	0	S¬n-Ngù K×nh	0	122	196	100	-1280745574	2026-06-12 01:34:22	0	0	0	0	-1	-1	-1
20260612-013422	ItemConsume	ExpendIdx	rage01	MaJas_ServeR	1090	AllStar	1	200	1281	2757			0		0	0	0	0	Th­¬ng H¶i Ch©u CÊp 7 (	2	102	214	130	145022239	2026-06-12 01:32:47	4294917821	0	0	0	0	0	0
20260612-013422	ItemAdd	2648439867	rage01	MaJas_ServeR	1090	AllStar	1	200	1281	2757			0		0	0	0	0		0	122	615	100	1553229759	2026-06-12 01:34:22	0	0	0	0	-1	-1	-1
20260612-013422	ItemConsume	ExpendIdx	rage01	MaJas_ServeR	1090	AllStar	1	200	1281	2757			0		0	0	0	0	Th­¬ng H¶i Ch©u CÊp 7 (	2	102	214	129	145022239	2026-06-12 01:32:47	4294917821	0	0	0	0	0	0
20260612-013422	ItemAdd	2648439867	rage01	MaJas_ServeR	1090	AllStar	1	200	1281	2757			0		0	0	0	0		0	122	719	100	1882499857	2026-06-12 01:34:22	0	0	0	0	-1	-1	-1
20260612-013422	ItemConsume	ExpendIdx	rage01	MaJas_ServeR	1090	AllStar	1	200	1281	2757			0		0	0	0	0	Th­¬ng H¶i Ch©u CÊp 7 (	2	102	214	128	145022239	2026-06-12 01:32:47	4294917821	0	0	0	0	0	0
20260612-013422	ItemAdd	2648439867	rage01	MaJas_ServeR	1090	AllStar	1	200	1281	2757			0		0	0	0	0		0	122	638	100	1721645862	2026-06-12 01:34:22	0	0	0	0	-1	-1	-1
20260612-013423	ItemConsume	ExpendIdx	rage01	MaJas_ServeR	1090	AllStar	1	200	1281	2757			0		0	0	0	0	Th­¬ng H¶i Ch©u CÊp 7 (	2	102	214	127	145022239	2026-06-12 01:32:47	4294917821	0	0	0	0	0	0
20260612-013423	ItemAdd	2648439867	rage01	MaJas_ServeR	1090	AllStar	1	200	1281	2757			0		0	0	0	0		0	122	602	100	-2062813793	2026-06-12 01:34:23	0	0	0	0	-1	-1	-1
20260612-013423	ItemConsume	ExpendIdx	rage01	MaJas_ServeR	1090	AllStar	1	200	1281	2757			0		0	0	0	0	Th­¬ng H¶i Ch©u CÊp 7 (	2	102	214	126	145022239	2026-06-12 01:32:47	4294917821	0	0	0	0	0	0
20260612-013423	ItemAdd	2648439867	rage01	MaJas_ServeR	1090	AllStar	1	200	1281	2757			0		0	0	0	0	S¬n-Sïng A	0	122	194	100	-521033396	2026-06-12 01:34:23	0	0	0	0	-1	-1	-1
20260612-013423	ItemConsume	ExpendIdx	rage01	MaJas_ServeR	1090	AllStar	1	200	1281	2757			0		0	0	0	0	Th­¬ng H¶i Ch©u CÊp 7 (	2	102	214	125	145022239	2026-06-12 01:32:47	4294917821	0	0	0	0	0	0
20260612-013423	ItemAdd	2648439867	rage01	MaJas_ServeR	1090	AllStar	1	200	1281	2757			0		0	0	0	0		0	122	598	100	57202799	2026-06-12 01:34:23	0	0	0	0	-1	-1	-1
20260612-013424	ItemConsume	ExpendIdx	rage01	MaJas_ServeR	1090	AllStar	1	200	1281	2757			0		0	0	0	0	Th­¬ng H¶i Ch©u CÊp 7 (	2	102	214	124	145022239	2026-06-12 01:32:47	4294917821	0	0	0	0	0	0
20260612-013424	ItemAdd	2648439867	rage01	MaJas_ServeR	1090	AllStar	1	200	1281	2757			0		0	0	0	0	Xu©n-D­¬ng Trung	0	122	293	100	177804497	2026-06-12 01:34:24	0	0	0	0	-1	-1	-1
20260612-013424	ItemConsume	ExpendIdx	rage01	MaJas_ServeR	1090	AllStar	1	200	1281	2757			0		0	0	0	0	Th­¬ng H¶i Ch©u CÊp 7 (	2	102	214	123	145022239	2026-06-12 01:32:47	4294917821	0	0	0	0	0	0
20260612-013424	ItemAdd	2648439867	rage01	MaJas_ServeR	1090	AllStar	1	200	1281	2757			0		0	0	0	0		0	122	620	100	-478634359	2026-06-12 01:34:24	0	0	0	0	-1	-1	-1
20260612-013424	ItemConsume	ExpendIdx	rage01	MaJas_ServeR	1090	AllStar	1	200	1281	2757			0		0	0	0	0	Th­¬ng H¶i Ch©u CÊp 7 (	2	102	214	122	145022239	2026-06-12 01:32:47	4294917821	0	0	0	0	0	0
20260612-013424	ItemAdd	2648439867	rage01	MaJas_ServeR	1090	AllStar	1	200	1281	2757			0		0	0	0	0	ThÇn-Ngù K×nh	0	122	133	100	631062827	2026-06-12 01:34:24	0	0	0	0	-1	-1	-1
20260612-013424	ItemConsume	ExpendIdx	rage01	MaJas_ServeR	1090	AllStar	1	200	1281	2757			0		0	0	0	0	Th­¬ng H¶i Ch©u CÊp 7 (	2	102	214	121	145022239	2026-06-12 01:32:47	4294917821	0	0	0	0	0	0
20260612-013424	ItemAdd	2648439867	rage01	MaJas_ServeR	1090	AllStar	1	200	1281	2757			0		0	0	0	0	H¹-Chu Minh	0	122	313	100	-1158559635	2026-06-12 01:34:24	0	0	0	0	-1	-1	-1
20260612-013424	ItemConsume	ExpendIdx	rage01	MaJas_ServeR	1090	AllStar	1	200	1281	2757			0		0	0	0	0	Th­¬ng H¶i Ch©u CÊp 7 (	2	102	214	120	145022239	2026-06-12 01:32:47	4294917821	0	0	0	0	0	0
20260612-013424	ItemAdd	2648439867	rage01	MaJas_ServeR	1090	AllStar	1	200	1281	2757			0		0	0	0	0	NguyÖt-Ngäc Bµn	0	122	74	100	-2026785614	2026-06-12 01:34:24	0	0	0	0	-1	-1	-1
20260612-013424	ItemConsume	ExpendIdx	rage01	MaJas_ServeR	1090	AllStar	1	200	1281	2757			0		0	0	0	0	Th­¬ng H¶i Ch©u CÊp 7 (	2	102	214	119	145022239	2026-06-12 01:32:47	4294917821	0	0	0	0	0	0
20260612-013424	ItemAdd	2648439867	rage01	MaJas_ServeR	1090	AllStar	1	200	1281	2757			0		0	0	0	0		0	122	643	100	2103147898	2026-06-12 01:34:24	0	0	0	0	-1	-1	-1
20260612-013425	ItemConsume	ExpendIdx	rage01	MaJas_ServeR	1090	AllStar	1	200	1281	2757			0		0	0	0	0	Th­¬ng H¶i Ch©u CÊp 7 (	2	102	214	118	145022239	2026-06-12 01:32:47	4294917821	0	0	0	0	0	0
20260612-013425	ItemAdd	2648439867	rage01	MaJas_ServeR	1090	AllStar	1	200	1281	2757			0		0	0	0	0	S­¬ng-Ngù K×nh	0	122	560	100	-1152284285	2026-06-12 01:34:25	0	0	0	0	-1	-1	-1
20260612-013425	ItemConsume	ExpendIdx	rage01	MaJas_ServeR	1090	AllStar	1	200	1281	2757			0		0	0	0	0	Th­¬ng H¶i Ch©u CÊp 7 (	2	102	214	117	145022239	2026-06-12 01:32:47	4294917821	0	0	0	0	0	0
20260612-013425	ItemAdd	2648439867	rage01	MaJas_ServeR	1090	AllStar	1	200	1281	2757			0		0	0	0	0		0	122	642	100	-2056394240	2026-06-12 01:34:25	0	0	0	0	-1	-1	-1
20260612-013425	ItemConsume	ExpendIdx	rage01	MaJas_ServeR	1090	AllStar	1	200	1281	2757			0		0	0	0	0	Th­¬ng H¶i Ch©u CÊp 7 (	2	102	214	116	145022239	2026-06-12 01:32:47	4294917821	0	0	0	0	0	0
20260612-013425	ItemAdd	2648439867	rage01	MaJas_ServeR	1090	AllStar	1	200	1281	2757			0		0	0	0	0		0	122	704	100	83962760	2026-06-12 01:34:25	0	0	0	0	-1	-1	-1
20260612-013425	ItemConsume	ExpendIdx	rage01	MaJas_ServeR	1090	AllStar	1	200	1281	2757			0		0	0	0	0	Th­¬ng H¶i Ch©u CÊp 7 (	2	102	214	115	145022239	2026-06-12 01:32:47	4294917821	0	0	0	0	0	0
20260612-013425	ItemAdd	2648439867	rage01	MaJas_ServeR	1090	AllStar	1	200	1281	2757			0		0	0	0	0	Phong-Nam Hu©n	0	122	243	100	-899536129	2026-06-12 01:34:25	0	0	0	0	-1	-1	-1
20260612-013425	ItemConsume	ExpendIdx	rage01	MaJas_ServeR	1090	AllStar	1	200	1281	2757			0		0	0	0	0	Th­¬ng H¶i Ch©u CÊp 7 (	2	102	214	114	145022239	2026-06-12 01:32:47	4294917821	0	0	0	0	0	0
20260612-013425	ItemAdd	2648439867	rage01	MaJas_ServeR	1090	AllStar	1	200	1281	2757			0		0	0	0	0		0	122	615	100	-501479455	2026-06-12 01:34:25	0	0	0	0	-1	-1	-1
20260612-013426	ItemConsume	ExpendIdx	rage01	MaJas_ServeR	1090	AllStar	1	200	1281	2757			0		0	0	0	0	Th­¬ng H¶i Ch©u CÊp 7 (	2	102	214	113	145022239	2026-06-12 01:32:47	4294917821	0	0	0	0	0	0
20260612-013426	ItemAdd	2648439867	rage01	MaJas_ServeR	1090	AllStar	1	200	1281	2757			0		0	0	0	0	S­¬ng-Vi TiÕt	0	122	558	100	-1873243837	2026-06-12 01:34:26	0	0	0	0	-1	-1	-1
20260612-013443	ItemConsume	ClearItemInPos	rage01	MaJas_ServeR	1090	AllStar	1	200	1281	2757			0		0	0	0	0	Vâ L©m 2 Shiina	2	1	50001	1	154548552	2026-06-12 01:31:57	4294904910	0	0	0	2	0	0
20260612-013443	ItemConsume	ClearItemInPos	rage01	MaJas_ServeR	1090	AllStar	5200	200	1281	2757			0		0	0	0	0	Bét Tr©n Ch©u	2	102	215	5200	-870372664	2026-06-12 01:34:18	2048	2048	2048	0	2	1	0
20260612-013443	ItemConsume	ClearItemInPos	rage01	MaJas_ServeR	1090	AllStar	1	200	1281	2757			0		0	0	0	0		0	122	590	100	1306459080	2026-06-12 01:32:53	0	0	0	0	2	2	0
20260612-013443	ItemConsume	ClearItemInPos	rage01	MaJas_ServeR	1090	AllStar	1	200	1281	2757			0		0	0	0	0	S­¬ng-Ngù K×nh	0	122	560	100	-158049552	2026-06-12 01:34:20	0	0	0	0	2	3	0
20260612-013443	ItemConsume	ClearItemInPos	rage01	MaJas_ServeR	1090	AllStar	1	200	1281	2757			0		0	0	0	0		0	122	638	100	966774724	2026-06-12 01:34:20	0	0	0	0	2	4	0
20260612-013443	ItemConsume	ClearItemInPos	rage01	MaJas_ServeR	1090	AllStar	1	200	1281	2757			0		0	0	0	0		0	122	672	100	310098418	2026-06-12 01:32:59	0	0	0	0	2	0	1
20260612-013443	ItemConsume	ClearItemInPos	rage01	MaJas_ServeR	1090	AllStar	1	200	1281	2757			0		0	0	0	0		0	122	622	100	-1303326546	2026-06-12 01:33:04	0	0	0	0	2	2	1
20260612-013443	ItemConsume	ClearItemInPos	rage01	MaJas_ServeR	1090	AllStar	1	200	1281	2757			0		0	0	0	0		0	122	620	100	153143256	2026-06-12 01:34:21	0	0	0	0	2	3	1
20260612-013443	ItemConsume	ClearItemInPos	rage01	MaJas_ServeR	1090	AllStar	1	200	1281	2757			0		0	0	0	0	Phong-Nam Hu©n	0	122	243	100	-802627655	2026-06-12 01:34:21	0	0	0	0	2	4	1
20260612-013443	ItemConsume	ClearItemInPos	rage01	MaJas_ServeR	1090	AllStar	1	200	1281	2757			0		0	0	0	0	S­¬ng-Ngù K×nh	0	122	560	100	-1760043140	2026-06-12 01:34:21	0	0	0	0	2	0	2
20260612-013443	ItemConsume	ClearItemInPos	rage01	MaJas_ServeR	1090	AllStar	1	200	1281	2757			0		0	0	0	0		0	122	610	100	1901922196	2026-06-12 01:33:11	0	0	0	0	2	1	2
20260612-013443	ItemConsume	ClearItemInPos	rage01	MaJas_ServeR	1090	AllStar	1	200	1281	2757			0		0	0	0	0		0	122	710	100	1195002775	2026-06-12 01:33:12	0	0	0	0	2	2	2
20260612-013443	ItemConsume	ClearItemInPos	rage01	MaJas_ServeR	1090	AllStar	1	200	1281	2757			0		0	0	0	0		0	122	567	100	-43742807	2026-06-12 01:33:12	0	0	0	0	2	3	2
20260612-013443	ItemConsume	ClearItemInPos	rage01	MaJas_ServeR	1090	AllStar	1	200	1281	2757			0		0	0	0	0		0	122	616	100	-912052389	2026-06-12 01:33:13	0	0	0	0	2	4	2
20260612-013443	ItemConsume	ClearItemInPos	rage01	MaJas_ServeR	1090	AllStar	1	200	1281	2757			0		0	0	0	0		0	122	720	100	-1529128365	2026-06-12 01:34:21	0	0	0	0	2	0	3
20260612-013443	ItemConsume	ClearItemInPos	rage01	MaJas_ServeR	1090	AllStar	1	200	1281	2757			0		0	0	0	0		0	122	656	100	1511736654	2026-06-12 01:34:21	0	0	0	0	2	1	3
20260612-013443	ItemConsume	ClearItemInPos	rage01	MaJas_ServeR	1090	AllStar	1	200	1281	2757			0		0	0	0	0		0	122	672	100	2090349846	2026-06-12 01:33:13	0	0	0	0	2	2	3
20260612-013443	ItemConsume	ClearItemInPos	rage01	MaJas_ServeR	1090	AllStar	1	200	1281	2757			0		0	0	0	0	S­¬ng-S­¬ng Tù	0	122	559	100	410706746	2026-06-12 01:34:21	0	0	0	0	2	3	3
20260612-013443	ItemConsume	ClearItemInPos	rage01	MaJas_ServeR	1090	AllStar	1	200	1281	2757			0		0	0	0	0		0	122	650	100	-800822966	2026-06-12 01:33:14	0	0	0	0	2	4	3
20260612-013443	ItemConsume	ClearItemInPos	rage01	MaJas_ServeR	1090	AllStar	1	200	1281	2757			0		0	0	0	0		0	122	638	100	-1122716747	2026-06-12 01:34:22	0	0	0	0	2	0	4
20260612-013443	ItemConsume	ClearItemInPos	rage01	MaJas_ServeR	1090	AllStar	1	200	1281	2757			0		0	0	0	0		0	122	595	100	1260744443	2026-06-12 01:33:14	0	0	0	0	2	1	4
20260612-013443	ItemConsume	ClearItemInPos	rage01	MaJas_ServeR	1090	AllStar	1	200	1281	2757			0		0	0	0	0	S¬n-Ngù K×nh	0	122	196	100	-1280745574	2026-06-12 01:34:22	0	0	0	0	2	2	4
20260612-013443	ItemConsume	ClearItemInPos	rage01	MaJas_ServeR	1090	AllStar	1	200	1281	2757			0		0	0	0	0		0	122	590	100	-112197822	2026-06-12 01:33:14	0	0	0	0	2	3	4
20260612-013443	ItemConsume	ClearItemInPos	rage01	MaJas_ServeR	1090	AllStar	1	200	1281	2757			0		0	0	0	0		0	122	615	100	1553229759	2026-06-12 01:34:22	0	0	0	0	2	4	4
20260612-013443	ItemConsume	ClearItemInPos	rage01	MaJas_ServeR	1090	AllStar	1	200	1281	2757			0		0	0	0	0		0	122	719	100	1882499857	2026-06-12 01:34:22	0	0	0	0	2	0	5
20260612-013443	ItemConsume	ClearItemInPos	rage01	MaJas_ServeR	1090	AllStar	1	200	1281	2757			0		0	0	0	0		0	122	638	100	1721645862	2026-06-12 01:34:22	0	0	0	0	2	1	5
20260612-013443	ItemConsume	ClearItemInPos	rage01	MaJas_ServeR	1090	AllStar	1	200	1281	2757			0		0	0	0	0		0	122	709	100	-844063948	2026-06-12 01:33:15	0	0	0	0	2	2	5
20260612-013443	ItemConsume	ClearItemInPos	rage01	MaJas_ServeR	1090	AllStar	1	200	1281	2757			0		0	0	0	0		0	122	696	100	-1337930581	2026-06-12 01:33:15	0	0	0	0	2	3	5
20260612-013443	ItemConsume	ClearItemInPos	rage01	MaJas_ServeR	1090	AllStar	1	200	1281	2757			0		0	0	0	0		0	122	614	100	2073120749	2026-06-12 01:33:15	0	0	0	0	2	4	5
20260612-013443	ItemConsume	ClearItemInPos	rage01	MaJas_ServeR	1090	AllStar	1	200	1281	2757			0		0	0	0	0		0	122	656	100	-474797531	2026-06-12 01:33:15	0	0	0	0	2	0	6
20260612-013443	ItemConsume	ClearItemInPos	rage01	MaJas_ServeR	1090	AllStar	1	200	1281	2757			0		0	0	0	0		0	122	602	100	-2062813793	2026-06-12 01:34:23	0	0	0	0	2	1	6
20260612-013443	ItemConsume	ClearItemInPos	rage01	MaJas_ServeR	1090	AllStar	1	200	1281	2757			0		0	0	0	0	S¬n-Sïng A	0	122	194	100	-521033396	2026-06-12 01:34:23	0	0	0	0	2	2	6
20260612-013443	ItemConsume	ClearItemInPos	rage01	MaJas_ServeR	1090	AllStar	1	200	1281	2757			0		0	0	0	0		0	122	610	100	2054426410	2026-06-12 01:33:16	0	0	0	0	2	3	6
20260612-013443	ItemConsume	ClearItemInPos	rage01	MaJas_ServeR	1090	AllStar	1	200	1281	2757			0		0	0	0	0		0	122	703	100	77988594	2026-06-12 01:33:16	0	0	0	0	2	4	6
20260612-013443	ItemConsume	ClearItemInPos	rage01	MaJas_ServeR	1090	AllStar	1	200	1281	2757			0		0	0	0	0		0	122	598	100	57202799	2026-06-12 01:34:23	0	0	0	0	2	0	7
20260612-013443	ItemConsume	ClearItemInPos	rage01	MaJas_ServeR	1090	AllStar	1	200	1281	2757			0		0	0	0	0	Xu©n-D­¬ng Trung	0	122	293	100	177804497	2026-06-12 01:34:24	0	0	0	0	2	1	7
20260612-013443	ItemConsume	ClearItemInPos	rage01	MaJas_ServeR	1090	AllStar	1	200	1281	2757			0		0	0	0	0		0	122	620	100	-478634359	2026-06-12 01:34:24	0	0	0	0	2	2	7
20260612-013443	ItemConsume	ClearItemInPos	rage01	MaJas_ServeR	1090	AllStar	1	200	1281	2757			0		0	0	0	0	ThÇn-Ngù K×nh	0	122	133	100	631062827	2026-06-12 01:34:24	0	0	0	0	2	3	7
20260612-013443	ItemConsume	ClearItemInPos	rage01	MaJas_ServeR	1090	AllStar	1	200	1281	2757			0		0	0	0	0	H¹-Chu Minh	0	122	313	100	-1158559635	2026-06-12 01:34:24	0	0	0	0	2	4	7
20260612-013443	ItemConsume	ClearItemInPos	rage01	MaJas_ServeR	1090	AllStar	1	200	1281	2757			0		0	0	0	0		0	122	692	100	-86312260	2026-06-12 01:33:17	0	0	0	0	2	0	8
20260612-013443	ItemConsume	ClearItemInPos	rage01	MaJas_ServeR	1090	AllStar	1	200	1281	2757			0		0	0	0	0		0	122	683	100	-2136309308	2026-06-12 01:33:17	0	0	0	0	2	1	8
20260612-013443	ItemConsume	ClearItemInPos	rage01	MaJas_ServeR	1090	AllStar	1	200	1281	2757			0		0	0	0	0	NguyÖt-Ngäc Bµn	0	122	74	100	-2026785614	2026-06-12 01:34:24	0	0	0	0	2	2	8
20260612-013443	ItemConsume	ClearItemInPos	rage01	MaJas_ServeR	1090	AllStar	1	200	1281	2757			0		0	0	0	0		0	122	616	100	720451444	2026-06-12 01:33:18	0	0	0	0	2	3	8
20260612-013443	ItemConsume	ClearItemInPos	rage01	MaJas_ServeR	1090	AllStar	1	200	1281	2757			0		0	0	0	0		0	122	656	100	182250475	2026-06-12 01:33:18	0	0	0	0	2	4	8
20260612-013443	ItemConsume	ClearItemInPos	rage01	MaJas_ServeR	1090	AllStar	1	200	1281	2757			0		0	0	0	0		0	122	643	100	2103147898	2026-06-12 01:34:24	0	0	0	0	2	0	9
20260612-013443	ItemConsume	ClearItemInPos	rage01	MaJas_ServeR	1090	AllStar	1	200	1281	2757			0		0	0	0	0		0	122	598	100	-1960653979	2026-06-12 01:33:18	0	0	0	0	2	1	9
20260612-013443	ItemConsume	ClearItemInPos	rage01	MaJas_ServeR	1090	AllStar	1	200	1281	2757			0		0	0	0	0		0	122	691	100	-289118195	2026-06-12 01:33:18	0	0	0	0	2	2	9
20260612-013443	ItemConsume	ClearItemInPos	rage01	MaJas_ServeR	1090	AllStar	1	200	1281	2757			0		0	0	0	0	S­¬ng-Ngù K×nh	0	122	560	100	-1152284285	2026-06-12 01:34:25	0	0	0	0	2	3	9
20260612-013443	ItemConsume	ClearItemInPos	rage01	MaJas_ServeR	1090	AllStar	1	200	1281	2757			0		0	0	0	0		0	122	642	100	-2056394240	2026-06-12 01:34:25	0	0	0	0	2	4	9
20260612-013443	ItemConsume	ClearItemInPos	rage01	MaJas_ServeR	1090	AllStar	1	200	1281	2757			0		0	0	0	0		0	122	649	100	-73663077	2026-06-12 01:33:19	0	0	0	0	2	0	10
20260612-013443	ItemConsume	ClearItemInPos	rage01	MaJas_ServeR	1090	AllStar	1	200	1281	2757			0		0	0	0	0		0	122	616	100	47216567	2026-06-12 01:33:19	0	0	0	0	2	1	10
20260612-013443	ItemConsume	ClearItemInPos	rage01	MaJas_ServeR	1090	AllStar	1	200	1281	2757			0		0	0	0	0		0	122	598	100	-383983804	2026-06-12 01:33:19	0	0	0	0	2	2	10
20260612-013443	ItemConsume	ClearItemInPos	rage01	MaJas_ServeR	1090	AllStar	1	200	1281	2757			0		0	0	0	0		0	122	704	100	83962760	2026-06-12 01:34:25	0	0	0	0	2	3	10
20260612-013443	ItemConsume	ClearItemInPos	rage01	MaJas_ServeR	1090	AllStar	1	200	1281	2757			0		0	0	0	0	Phong-Nam Hu©n	0	122	243	100	-899536129	2026-06-12 01:34:25	0	0	0	0	2	4	10
20260612-013443	ItemConsume	ClearItemInPos	rage01	MaJas_ServeR	1090	AllStar	1	200	1281	2757			0		0	0	0	0		0	122	615	100	-501479455	2026-06-12 01:34:25	0	0	0	0	2	0	11
20260612-013443	ItemConsume	ClearItemInPos	rage01	MaJas_ServeR	1090	AllStar	1	200	1281	2757			0		0	0	0	0		0	122	595	100	1420912648	2026-06-12 01:33:20	0	0	0	0	2	1	11
20260612-013443	ItemConsume	ClearItemInPos	rage01	MaJas_ServeR	1090	AllStar	1	200	1281	2757			0		0	0	0	0		0	122	649	100	-758480273	2026-06-12 01:33:20	0	0	0	0	2	2	11
20260612-013443	ItemConsume	ClearItemInPos	rage01	MaJas_ServeR	1090	AllStar	1	200	1281	2757			0		0	0	0	0	S­¬ng-Vi TiÕt	0	122	558	100	-1873243837	2026-06-12 01:34:26	0	0	0	0	2	3	11
20260612-013443	ItemAdd	3086646439	rage01	MaJas_ServeR	1090	AllStar	1	200	1281	2757			0		0	0	0	0	Vâ L©m 2 Shiina	2	1	50001	1	-1188962709	2026-06-12 01:34:43	593323	4460297	0	0	-1	-1	-1
20260612-013448	ItemConsume	ExpendIdx	rage01	MaJas_ServeR	1090	AllStar	1	200	1281	2757			0		0	0	0	0	Th­¬ng H¶i Ch©u CÊp 7 (	2	102	214	112	145022239	2026-06-12 01:32:47	4294917821	0	0	0	0	0	0
20260612-013448	ItemAdd	2648439867	rage01	MaJas_ServeR	1090	AllStar	1	200	1281	2757			0		0	0	0	0		0	122	704	100	-2134565551	2026-06-12 01:34:48	0	0	0	0	-1	-1	-1
20260612-013448	ItemConsume	ExpendIdx	rage01	MaJas_ServeR	1090	AllStar	1	200	1281	2757			0		0	0	0	0	Th­¬ng H¶i Ch©u CÊp 7 (	2	102	214	111	145022239	2026-06-12 01:32:47	4294917821	0	0	0	0	0	0
20260612-013448	ItemAdd	2648439867	rage01	MaJas_ServeR	1090	AllStar	1	200	1281	2757			0		0	0	0	0		0	122	712	100	64252467	2026-06-12 01:34:48	0	0	0	0	-1	-1	-1
20260612-013448	ItemConsume	ExpendIdx	rage01	MaJas_ServeR	1090	AllStar	1	200	1281	2757			0		0	0	0	0	Th­¬ng H¶i Ch©u CÊp 7 (	2	102	214	110	145022239	2026-06-12 01:32:47	4294917821	0	0	0	0	0	0
20260612-013448	ItemAdd	2648439867	rage01	MaJas_ServeR	1090	AllStar	1	200	1281	2757			0		0	0	0	0	NhËt-Ngù K×nh	0	122	28	100	1804553328	2026-06-12 01:34:48	0	0	0	0	-1	-1	-1
20260612-013448	ItemConsume	ExpendIdx	rage01	MaJas_ServeR	1090	AllStar	1	200	1281	2757			0		0	0	0	0	Th­¬ng H¶i Ch©u CÊp 7 (	2	102	214	109	145022239	2026-06-12 01:32:47	4294917821	0	0	0	0	0	0
20260612-013448	ItemAdd	2648439867	rage01	MaJas_ServeR	1090	AllStar	1	200	1281	2757			0		0	0	0	0	§Þa-Th¸i Ninh	0	122	174	100	-673609491	2026-06-12 01:34:48	0	0	0	0	-1	-1	-1
20260612-013448	ItemConsume	ExpendIdx	rage01	MaJas_ServeR	1090	AllStar	1	200	1281	2757			0		0	0	0	0	Th­¬ng H¶i Ch©u CÊp 7 (	2	102	214	108	145022239	2026-06-12 01:32:47	4294917821	0	0	0	0	0	0
20260612-013448	ItemAdd	2648439867	rage01	MaJas_ServeR	1090	AllStar	1	200	1281	2757			0		0	0	0	0	V©n-V©n Õ	0	122	472	100	1892386256	2026-06-12 01:34:48	0	0	0	0	-1	-1	-1
20260612-013448	ItemConsume	ExpendIdx	rage01	MaJas_ServeR	1090	AllStar	1	200	1281	2757			0		0	0	0	0	Th­¬ng H¶i Ch©u CÊp 7 (	2	102	214	107	145022239	2026-06-12 01:32:47	4294917821	0	0	0	0	0	0
20260612-013448	ItemAdd	2648439867	rage01	MaJas_ServeR	1090	AllStar	1	200	1281	2757			0		0	0	0	0		0	122	672	100	100118695	2026-06-12 01:34:48	0	0	0	0	-1	-1	-1
20260612-013449	ItemConsume	ExpendIdx	rage01	MaJas_ServeR	1090	AllStar	1	200	1281	2757			0		0	0	0	0	Th­¬ng H¶i Ch©u CÊp 7 (	2	102	214	106	145022239	2026-06-12 01:32:47	4294917821	0	0	0	0	0	0
20260612-013449	ItemAdd	2648439867	rage01	MaJas_ServeR	1090	AllStar	1	200	1281	2757			0		0	0	0	0	NguyÖt-Ngù K×nh	0	122	77	100	283948547	2026-06-12 01:34:49	0	0	0	0	-1	-1	-1
20260612-013449	ItemConsume	ExpendIdx	rage01	MaJas_ServeR	1090	AllStar	1	200	1281	2757			0		0	0	0	0	Th­¬ng H¶i Ch©u CÊp 7 (	2	102	214	105	145022239	2026-06-12 01:32:47	4294917821	0	0	0	0	0	0
20260612-013449	ItemAdd	2648439867	rage01	MaJas_ServeR	1090	AllStar	1	200	1281	2757			0		0	0	0	0		0	122	644	100	922775680	2026-06-12 01:34:49	0	0	0	0	-1	-1	-1
20260612-013449	ItemConsume	ExpendIdx	rage01	MaJas_ServeR	1090	AllStar	1	200	1281	2757			0		0	0	0	0	Th­¬ng H¶i Ch©u CÊp 7 (	2	102	214	104	145022239	2026-06-12 01:32:47	4294917821	0	0	0	0	0	0
20260612-013449	ItemAdd	2648439867	rage01	MaJas_ServeR	1090	AllStar	1	200	1281	2757			0		0	0	0	0		0	122	590	100	-331090259	2026-06-12 01:34:49	0	0	0	0	-1	-1	-1
20260612-013449	ItemConsume	ExpendIdx	rage01	MaJas_ServeR	1090	AllStar	1	200	1281	2757			0		0	0	0	0	Th­¬ng H¶i Ch©u CÊp 7 (	2	102	214	103	145022239	2026-06-12 01:32:47	4294917821	0	0	0	0	0	0
20260612-013449	ItemAdd	2648439867	rage01	MaJas_ServeR	1090	AllStar	1	200	1281	2757			0		0	0	0	0		0	122	588	100	1761671593	2026-06-12 01:34:49	0	0	0	0	-1	-1	-1
20260612-013449	ItemConsume	ExpendIdx	rage01	MaJas_ServeR	1090	AllStar	1	200	1281	2757			0		0	0	0	0	Th­¬ng H¶i Ch©u CÊp 7 (	2	102	214	102	145022239	2026-06-12 01:32:47	4294917821	0	0	0	0	0	0
20260612-013449	ItemAdd	2648439867	rage01	MaJas_ServeR	1090	AllStar	1	200	1281	2757			0		0	0	0	0		0	122	576	100	1356666782	2026-06-12 01:34:49	0	0	0	0	-1	-1	-1
20260612-013450	ItemConsume	ExpendIdx	rage01	MaJas_ServeR	1090	AllStar	1	200	1281	2757			0		0	0	0	0	Th­¬ng H¶i Ch©u CÊp 7 (	2	102	214	101	145022239	2026-06-12 01:32:47	4294917821	0	0	0	0	0	0
20260612-013450	ItemAdd	2648439867	rage01	MaJas_ServeR	1090	AllStar	1	200	1281	2757			0		0	0	0	0		0	122	568	100	-1282720317	2026-06-12 01:34:50	0	0	0	0	-1	-1	-1
20260612-013450	ItemConsume	ExpendIdx	rage01	MaJas_ServeR	1090	AllStar	1	200	1281	2757			0		0	0	0	0	Th­¬ng H¶i Ch©u CÊp 7 (	2	102	214	100	145022239	2026-06-12 01:32:47	4294917821	0	0	0	0	0	0
20260612-013450	ItemAdd	2648439867	rage01	MaJas_ServeR	1090	AllStar	1	200	1281	2757			0		0	0	0	0		0	122	672	100	1449272128	2026-06-12 01:34:50	0	0	0	0	-1	-1	-1
20260612-013450	ItemConsume	ExpendIdx	rage01	MaJas_ServeR	1090	AllStar	1	200	1281	2757			0		0	0	0	0	Th­¬ng H¶i Ch©u CÊp 7 (	2	102	214	99	145022239	2026-06-12 01:32:47	4294917821	0	0	0	0	0	0
20260612-013450	ItemAdd	2648439867	rage01	MaJas_ServeR	1090	AllStar	1	200	1281	2757			0		0	0	0	0		0	122	638	100	1283093825	2026-06-12 01:34:50	0	0	0	0	-1	-1	-1
20260612-013450	ItemConsume	ExpendIdx	rage01	MaJas_ServeR	1090	AllStar	1	200	1281	2757			0		0	0	0	0	Th­¬ng H¶i Ch©u CÊp 7 (	2	102	214	98	145022239	2026-06-12 01:32:47	4294917821	0	0	0	0	0	0
20260612-013450	ItemAdd	2648439867	rage01	MaJas_ServeR	1090	AllStar	1	200	1281	2757			0		0	0	0	0	V©n-Ngù K×nh	0	122	476	100	1948093289	2026-06-12 01:34:50	0	0	0	0	-1	-1	-1
20260612-013450	ItemConsume	ExpendIdx	rage01	MaJas_ServeR	1090	AllStar	1	200	1281	2757			0		0	0	0	0	Th­¬ng H¶i Ch©u CÊp 7 (	2	102	214	97	145022239	2026-06-12 01:32:47	4294917821	0	0	0	0	0	0
20260612-013450	ItemAdd	2648439867	rage01	MaJas_ServeR	1090	AllStar	1	200	1281	2757			0		0	0	0	0		0	122	691	100	-2089218277	2026-06-12 01:34:50	0	0	0	0	-1	-1	-1
20260612-013450	ItemConsume	ExpendIdx	rage01	MaJas_ServeR	1090	AllStar	1	200	1281	2757			0		0	0	0	0	Th­¬ng H¶i Ch©u CÊp 7 (	2	102	214	96	145022239	2026-06-12 01:32:47	4294917821	0	0	0	0	0	0
20260612-013450	ItemAdd	2648439867	rage01	MaJas_ServeR	1090	AllStar	1	200	1281	2757			0		0	0	0	0	H¶i-Ngù K×nh	0	122	217	100	532934967	2026-06-12 01:34:50	0	0	0	0	-1	-1	-1
20260612-013451	ItemConsume	ExpendIdx	rage01	MaJas_ServeR	1090	AllStar	1	200	1281	2757			0		0	0	0	0	Th­¬ng H¶i Ch©u CÊp 7 (	2	102	214	95	145022239	2026-06-12 01:32:47	4294917821	0	0	0	0	0	0
20260612-013451	ItemAdd	2648439867	rage01	MaJas_ServeR	1090	AllStar	1	200	1281	2757			0		0	0	0	0	S­¬ng-Ngù K×nh	0	122	560	100	357471934	2026-06-12 01:34:51	0	0	0	0	-1	-1	-1
20260612-013451	ItemConsume	ExpendIdx	rage01	MaJas_ServeR	1090	AllStar	1	200	1281	2757			0		0	0	0	0	Th­¬ng H¶i Ch©u CÊp 7 (	2	102	214	94	145022239	2026-06-12 01:32:47	4294917821	0	0	0	0	0	0
20260612-013451	ItemAdd	2648439867	rage01	MaJas_ServeR	1090	AllStar	1	200	1281	2757			0		0	0	0	0	Th¹ch-Huúnh HoÆc	0	122	432	100	758817559	2026-06-12 01:34:51	0	0	0	0	-1	-1	-1
20260612-013451	ItemConsume	ExpendIdx	rage01	MaJas_ServeR	1090	AllStar	1	200	1281	2757			0		0	0	0	0	Th­¬ng H¶i Ch©u CÊp 7 (	2	102	214	93	145022239	2026-06-12 01:32:47	4294917821	0	0	0	0	0	0
20260612-013451	ItemAdd	2648439867	rage01	MaJas_ServeR	1090	AllStar	1	200	1281	2757			0		0	0	0	0	Vò-M¹ch L©m	0	122	503	100	-682724882	2026-06-12 01:34:51	0	0	0	0	-1	-1	-1
20260612-013451	ItemConsume	ExpendIdx	rage01	MaJas_ServeR	1090	AllStar	1	200	1281	2757			0		0	0	0	0	Th­¬ng H¶i Ch©u CÊp 7 (	2	102	214	92	145022239	2026-06-12 01:32:47	4294917821	0	0	0	0	0	0
20260612-013451	ItemAdd	2648439867	rage01	MaJas_ServeR	1090	AllStar	1	200	1281	2757			0		0	0	0	0		0	122	703	100	167466909	2026-06-12 01:34:51	0	0	0	0	-1	-1	-1
20260612-013451	ItemConsume	ExpendIdx	rage01	MaJas_ServeR	1090	AllStar	1	200	1281	2757			0		0	0	0	0	Th­¬ng H¶i Ch©u CÊp 7 (	2	102	214	91	145022239	2026-06-12 01:32:47	4294917821	0	0	0	0	0	0
20260612-013451	ItemAdd	2648439867	rage01	MaJas_ServeR	1090	AllStar	1	200	1281	2757			0		0	0	0	0		0	122	672	100	-1184826471	2026-06-12 01:34:51	0	0	0	0	-1	-1	-1
20260612-013452	ItemConsume	ExpendIdx	rage01	MaJas_ServeR	1090	AllStar	1	200	1281	2757			0		0	0	0	0	Th­¬ng H¶i Ch©u CÊp 7 (	2	102	214	90	145022239	2026-06-12 01:32:47	4294917821	0	0	0	0	0	0
20260612-013452	ItemAdd	2648439867	rage01	MaJas_ServeR	1090	AllStar	1	200	1281	2757			0		0	0	0	0	Thiªn-Ngù K×nh	0	122	154	100	2105574603	2026-06-12 01:34:52	0	0	0	0	-1	-1	-1
20260612-013452	ItemConsume	ExpendIdx	rage01	MaJas_ServeR	1090	AllStar	1	200	1281	2757			0		0	0	0	0	Th­¬ng H¶i Ch©u CÊp 7 (	2	102	214	89	145022239	2026-06-12 01:32:47	4294917821	0	0	0	0	0	0
20260612-013452	ItemAdd	2648439867	rage01	MaJas_ServeR	1090	AllStar	1	200	1281	2757			0		0	0	0	0		0	122	598	100	1222199603	2026-06-12 01:34:52	0	0	0	0	-1	-1	-1
20260612-013452	ItemConsume	ExpendIdx	rage01	MaJas_ServeR	1090	AllStar	1	200	1281	2757			0		0	0	0	0	Th­¬ng H¶i Ch©u CÊp 7 (	2	102	214	88	145022239	2026-06-12 01:32:47	4294917821	0	0	0	0	0	0
20260612-013452	ItemAdd	2648439867	rage01	MaJas_ServeR	1090	AllStar	1	200	1281	2757			0		0	0	0	0	Thu-Ngù K×nh	0	122	336	100	-1203251344	2026-06-12 01:34:52	0	0	0	0	-1	-1	-1
20260612-013452	ItemConsume	ExpendIdx	rage01	MaJas_ServeR	1090	AllStar	1	200	1281	2757			0		0	0	0	0	Th­¬ng H¶i Ch©u CÊp 7 (	2	102	214	87	145022239	2026-06-12 01:32:47	4294917821	0	0	0	0	0	0
20260612-013452	ItemAdd	2648439867	rage01	MaJas_ServeR	1090	AllStar	1	200	1281	2757			0		0	0	0	0	S¬n-Ngù K×nh	0	122	196	100	-745992550	2026-06-12 01:34:52	0	0	0	0	-1	-1	-1
20260612-013452	ItemConsume	ExpendIdx	rage01	MaJas_ServeR	1090	AllStar	1	200	1281	2757			0		0	0	0	0	Th­¬ng H¶i Ch©u CÊp 7 (	2	102	214	86	145022239	2026-06-12 01:32:47	4294917821	0	0	0	0	0	0
20260612-013452	ItemAdd	2648439867	rage01	MaJas_ServeR	1090	AllStar	1	200	1281	2757			0		0	0	0	0		0	122	709	100	1708648546	2026-06-12 01:34:52	0	0	0	0	-1	-1	-1
20260612-013452	ItemConsume	ExpendIdx	rage01	MaJas_ServeR	1090	AllStar	1	200	1281	2757			0		0	0	0	0	Th­¬ng H¶i Ch©u CÊp 7 (	2	102	214	85	145022239	2026-06-12 01:32:47	4294917821	0	0	0	0	0	0
20260612-013452	ItemAdd	2648439867	rage01	MaJas_ServeR	1090	AllStar	1	200	1281	2757			0		0	0	0	0	Thiªn-Ngù K×nh	0	122	154	100	520339612	2026-06-12 01:34:52	0	0	0	0	-1	-1	-1
20260612-013453	ItemConsume	ExpendIdx	rage01	MaJas_ServeR	1090	AllStar	1	200	1281	2757			0		0	0	0	0	Th­¬ng H¶i Ch©u CÊp 7 (	2	102	214	84	145022239	2026-06-12 01:32:47	4294917821	0	0	0	0	0	0
20260612-013453	ItemAdd	2648439867	rage01	MaJas_ServeR	1090	AllStar	1	200	1281	2757			0		0	0	0	0		0	122	620	100	-1299804215	2026-06-12 01:34:53	0	0	0	0	-1	-1	-1
20260612-013453	ItemConsume	ExpendIdx	rage01	MaJas_ServeR	1090	AllStar	1	200	1281	2757			0		0	0	0	0	Th­¬ng H¶i Ch©u CÊp 7 (	2	102	214	83	145022239	2026-06-12 01:32:47	4294917821	0	0	0	0	0	0
20260612-013453	ItemAdd	2648439867	rage01	MaJas_ServeR	1090	AllStar	1	200	1281	2757			0		0	0	0	0	Thu-Ngù K×nh	0	122	336	100	845929579	2026-06-12 01:34:53	0	0	0	0	-1	-1	-1
20260612-013453	ItemConsume	ExpendIdx	rage01	MaJas_ServeR	1090	AllStar	1	200	1281	2757			0		0	0	0	0	Th­¬ng H¶i Ch©u CÊp 7 (	2	102	214	82	145022239	2026-06-12 01:32:47	4294917821	0	0	0	0	0	0
20260612-013453	ItemAdd	2648439867	rage01	MaJas_ServeR	1090	AllStar	1	200	1281	2757			0		0	0	0	0	§«ng-Nguyªn Tù	0	122	361	100	21163272	2026-06-12 01:34:53	0	0	0	0	-1	-1	-1
20260612-013453	ItemConsume	ExpendIdx	rage01	MaJas_ServeR	1090	AllStar	1	200	1281	2757			0		0	0	0	0	Th­¬ng H¶i Ch©u CÊp 7 (	2	102	214	81	145022239	2026-06-12 01:32:47	4294917821	0	0	0	0	0	0
20260612-013453	ItemAdd	2648439867	rage01	MaJas_ServeR	1090	AllStar	1	200	1281	2757			0		0	0	0	0		0	122	598	100	1108488946	2026-06-12 01:34:53	0	0	0	0	-1	-1	-1
20260612-013453	ItemConsume	ExpendIdx	rage01	MaJas_ServeR	1090	AllStar	1	200	1281	2757			0		0	0	0	0	Th­¬ng H¶i Ch©u CÊp 7 (	2	102	214	80	145022239	2026-06-12 01:32:47	4294917821	0	0	0	0	0	0
20260612-013453	ItemAdd	2648439867	rage01	MaJas_ServeR	1090	AllStar	1	200	1281	2757			0		0	0	0	0		0	122	604	100	-902088868	2026-06-12 01:34:53	0	0	0	0	-1	-1	-1
20260612-013454	ItemConsume	ExpendIdx	rage01	MaJas_ServeR	1090	AllStar	1	200	1281	2757			0		0	0	0	0	Th­¬ng H¶i Ch©u CÊp 7 (	2	102	214	79	145022239	2026-06-12 01:32:47	4294917821	0	0	0	0	0	0
20260612-013454	ItemAdd	2648439867	rage01	MaJas_ServeR	1090	AllStar	1	200	1281	2757			0		0	0	0	0	Thu-Ngù K×nh	0	122	336	100	-792470333	2026-06-12 01:34:54	0	0	0	0	-1	-1	-1
20260612-013454	ItemConsume	ExpendIdx	rage01	MaJas_ServeR	1090	AllStar	1	200	1281	2757			0		0	0	0	0	Th­¬ng H¶i Ch©u CÊp 7 (	2	102	214	78	145022239	2026-06-12 01:32:47	4294917821	0	0	0	0	0	0
20260612-013454	ItemAdd	2648439867	rage01	MaJas_ServeR	1090	AllStar	1	200	1281	2757			0		0	0	0	0	Thiªn-Ngù K×nh	0	122	154	100	1530077893	2026-06-12 01:34:54	0	0	0	0	-1	-1	-1
20260612-013454	ItemConsume	ExpendIdx	rage01	MaJas_ServeR	1090	AllStar	1	200	1281	2757			0		0	0	0	0	Th­¬ng H¶i Ch©u CÊp 7 (	2	102	214	77	145022239	2026-06-12 01:32:47	4294917821	0	0	0	0	0	0
20260612-013454	ItemAdd	2648439867	rage01	MaJas_ServeR	1090	AllStar	1	200	1281	2757			0		0	0	0	0	H¶i-Ngù K×nh	0	122	217	100	1712053101	2026-06-12 01:34:54	0	0	0	0	-1	-1	-1
20260612-013454	ItemConsume	ExpendIdx	rage01	MaJas_ServeR	1090	AllStar	1	200	1281	2757			0		0	0	0	0	Th­¬ng H¶i Ch©u CÊp 7 (	2	102	214	76	145022239	2026-06-12 01:32:47	4294917821	0	0	0	0	0	0
20260612-013454	ItemAdd	2648439867	rage01	MaJas_ServeR	1090	AllStar	1	200	1281	2757			0		0	0	0	0	Th¹ch-V©n C¨n	0	122	430	100	1767015346	2026-06-12 01:34:54	0	0	0	0	-1	-1	-1
20260612-013454	ItemConsume	ExpendIdx	rage01	MaJas_ServeR	1090	AllStar	1	200	1281	2757			0		0	0	0	0	Th­¬ng H¶i Ch©u CÊp 7 (	2	102	214	75	145022239	2026-06-12 01:32:47	4294917821	0	0	0	0	0	0
20260612-013454	ItemAdd	2648439867	rage01	MaJas_ServeR	1090	AllStar	1	200	1281	2757			0		0	0	0	0	Vô-Ngù K×nh	0	122	273	100	-584102373	2026-06-12 01:34:54	0	0	0	0	-1	-1	-1
20260612-013454	ItemConsume	ExpendIdx	rage01	MaJas_ServeR	1090	AllStar	1	200	1281	2757			0		0	0	0	0	Th­¬ng H¶i Ch©u CÊp 7 (	2	102	214	74	145022239	2026-06-12 01:32:47	4294917821	0	0	0	0	0	0
20260612-013454	ItemAdd	2648439867	rage01	MaJas_ServeR	1090	AllStar	1	200	1281	2757			0		0	0	0	0		0	122	636	100	1736549507	2026-06-12 01:34:54	0	0	0	0	-1	-1	-1
20260612-013455	ItemConsume	ExpendIdx	rage01	MaJas_ServeR	1090	AllStar	1	200	1281	2757			0		0	0	0	0	Th­¬ng H¶i Ch©u CÊp 7 (	2	102	214	73	145022239	2026-06-12 01:32:47	4294917821	0	0	0	0	0	0
20260612-013455	ItemAdd	2648439867	rage01	MaJas_ServeR	1090	AllStar	1	200	1281	2757			0		0	0	0	0		0	122	650	100	-41600993	2026-06-12 01:34:55	0	0	0	0	-1	-1	-1
20260612-013455	ItemConsume	ExpendIdx	rage01	MaJas_ServeR	1090	AllStar	1	200	1281	2757			0		0	0	0	0	Th­¬ng H¶i Ch©u CÊp 7 (	2	102	214	72	145022239	2026-06-12 01:32:47	4294917821	0	0	0	0	0	0
20260612-013455	ItemAdd	2648439867	rage01	MaJas_ServeR	1090	AllStar	1	200	1281	2757			0		0	0	0	0	S­¬ng-Ngù K×nh	0	122	560	100	-1495630388	2026-06-12 01:34:55	0	0	0	0	-1	-1	-1
20260612-013455	ItemConsume	ExpendIdx	rage01	MaJas_ServeR	1090	AllStar	1	200	1281	2757			0		0	0	0	0	Th­¬ng H¶i Ch©u CÊp 7 (	2	102	214	71	145022239	2026-06-12 01:32:47	4294917821	0	0	0	0	0	0
20260612-013455	ItemAdd	2648439867	rage01	MaJas_ServeR	1090	AllStar	1	200	1281	2757			0		0	0	0	0		0	122	598	100	-1554063261	2026-06-12 01:34:55	0	0	0	0	-1	-1	-1
20260612-013455	ItemConsume	ExpendIdx	rage01	MaJas_ServeR	1090	AllStar	1	200	1281	2757			0		0	0	0	0	Th­¬ng H¶i Ch©u CÊp 7 (	2	102	214	70	145022239	2026-06-12 01:32:47	4294917821	0	0	0	0	0	0
20260612-013455	ItemAdd	2648439867	rage01	MaJas_ServeR	1090	AllStar	1	200	1281	2757			0		0	0	0	0	NhËt-Ngù K×nh	0	122	28	100	1099447141	2026-06-12 01:34:55	0	0	0	0	-1	-1	-1
20260612-013455	ItemConsume	ExpendIdx	rage01	MaJas_ServeR	1090	AllStar	1	200	1281	2757			0		0	0	0	0	Th­¬ng H¶i Ch©u CÊp 7 (	2	102	214	69	145022239	2026-06-12 01:32:47	4294917821	0	0	0	0	0	0
20260612-013455	ItemAdd	2648439867	rage01	MaJas_ServeR	1090	AllStar	1	200	1281	2757			0		0	0	0	0		0	122	610	100	-558272712	2026-06-12 01:34:55	0	0	0	0	-1	-1	-1
20260612-013456	ItemConsume	ExpendIdx	rage01	MaJas_ServeR	1090	AllStar	1	200	1281	2757			0		0	0	0	0	Th­¬ng H¶i Ch©u CÊp 7 (	2	102	214	68	145022239	2026-06-12 01:32:47	4294917821	0	0	0	0	0	0
20260612-013456	ItemAdd	2648439867	rage01	MaJas_ServeR	1090	AllStar	1	200	1281	2757			0		0	0	0	0		0	122	663	100	-1327459392	2026-06-12 01:34:56	0	0	0	0	-1	-1	-1
20260612-013456	ItemConsume	ExpendIdx	rage01	MaJas_ServeR	1090	AllStar	1	200	1281	2757			0		0	0	0	0	Th­¬ng H¶i Ch©u CÊp 7 (	2	102	214	67	145022239	2026-06-12 01:32:47	4294917821	0	0	0	0	0	0
20260612-013456	ItemAdd	2648439867	rage01	MaJas_ServeR	1090	AllStar	1	200	1281	2757			0		0	0	0	0		0	122	701	100	-2043113535	2026-06-12 01:34:56	0	0	0	0	-1	-1	-1
20260612-013456	ItemConsume	ExpendIdx	rage01	MaJas_ServeR	1090	AllStar	1	200	1281	2757			0		0	0	0	0	Th­¬ng H¶i Ch©u CÊp 7 (	2	102	214	66	145022239	2026-06-12 01:32:47	4294917821	0	0	0	0	0	0
20260612-013456	ItemAdd	2648439867	rage01	MaJas_ServeR	1090	AllStar	1	200	1281	2757			0		0	0	0	0	Thu-B¹ch Tµng	0	122	334	100	-582866893	2026-06-12 01:34:56	0	0	0	0	-1	-1	-1
20260612-013456	ItemConsume	ExpendIdx	rage01	MaJas_ServeR	1090	AllStar	1	200	1281	2757			0		0	0	0	0	Th­¬ng H¶i Ch©u CÊp 7 (	2	102	214	65	145022239	2026-06-12 01:32:47	4294917821	0	0	0	0	0	0
20260612-013456	ItemAdd	2648439867	rage01	MaJas_ServeR	1090	AllStar	1	200	1281	2757			0		0	0	0	0		0	122	691	100	-1864009506	2026-06-12 01:34:56	0	0	0	0	-1	-1	-1
20260612-013456	ItemConsume	ExpendIdx	rage01	MaJas_ServeR	1090	AllStar	1	200	1281	2757			0		0	0	0	0	Th­¬ng H¶i Ch©u CÊp 7 (	2	102	214	64	145022239	2026-06-12 01:32:47	4294917821	0	0	0	0	0	0
20260612-013456	ItemAdd	2648439867	rage01	MaJas_ServeR	1090	AllStar	1	200	1281	2757			0		0	0	0	0		0	122	579	100	1159310794	2026-06-12 01:34:56	0	0	0	0	-1	-1	-1
20260612-013457	ItemConsume	ExpendIdx	rage01	MaJas_ServeR	1090	AllStar	1	200	1281	2757			0		0	0	0	0	Th­¬ng H¶i Ch©u CÊp 7 (	2	102	214	63	145022239	2026-06-12 01:32:47	4294917821	0	0	0	0	0	0
20260612-013457	ItemAdd	2648439867	rage01	MaJas_ServeR	1090	AllStar	1	200	1281	2757			0		0	0	0	0	Thu-Ngù K×nh	0	122	336	100	-13070524	2026-06-12 01:34:57	0	0	0	0	-1	-1	-1
20260612-013457	ItemConsume	ExpendIdx	rage01	MaJas_ServeR	1090	AllStar	1	200	1281	2757			0		0	0	0	0	Th­¬ng H¶i Ch©u CÊp 7 (	2	102	214	62	145022239	2026-06-12 01:32:47	4294917821	0	0	0	0	0	0
20260612-013457	ItemAdd	2648439867	rage01	MaJas_ServeR	1090	AllStar	1	200	1281	2757			0		0	0	0	0	ThÇn-Khèn §«n	0	122	130	100	178453883	2026-06-12 01:34:57	0	0	0	0	-1	-1	-1
20260612-013457	ItemConsume	ExpendIdx	rage01	MaJas_ServeR	1090	AllStar	1	200	1281	2757			0		0	0	0	0	Th­¬ng H¶i Ch©u CÊp 7 (	2	102	214	61	145022239	2026-06-12 01:32:47	4294917821	0	0	0	0	0	0
20260612-013457	ItemAdd	2648439867	rage01	MaJas_ServeR	1090	AllStar	1	200	1281	2757			0		0	0	0	0		0	122	701	100	1338883670	2026-06-12 01:34:57	0	0	0	0	-1	-1	-1
20260612-013457	ItemConsume	ExpendIdx	rage01	MaJas_ServeR	1090	AllStar	1	200	1281	2757			0		0	0	0	0	Th­¬ng H¶i Ch©u CÊp 7 (	2	102	214	60	145022239	2026-06-12 01:32:47	4294917821	0	0	0	0	0	0
20260612-013457	ItemAdd	2648439867	rage01	MaJas_ServeR	1090	AllStar	1	200	1281	2757			0		0	0	0	0	Vô-Thñy V©n	0	122	270	100	-1229648753	2026-06-12 01:34:57	0	0	0	0	-1	-1	-1
20260612-013457	ItemConsume	ExpendIdx	rage01	MaJas_ServeR	1090	AllStar	1	200	1281	2757			0		0	0	0	0	Th­¬ng H¶i Ch©u CÊp 7 (	2	102	214	59	145022239	2026-06-12 01:32:47	4294917821	0	0	0	0	0	0
20260612-013457	ItemAdd	2648439867	rage01	MaJas_ServeR	1090	AllStar	1	200	1281	2757			0		0	0	0	0	Tinh-Quúnh TiÕt	0	122	103	100	460842634	2026-06-12 01:34:57	0	0	0	0	-1	-1	-1
20260612-013458	ItemConsume	ExpendIdx	rage01	MaJas_ServeR	1090	AllStar	1	200	1281	2757			0		0	0	0	0	Th­¬ng H¶i Ch©u CÊp 7 (	2	102	214	58	145022239	2026-06-12 01:32:47	4294917821	0	0	0	0	0	0
20260612-013458	ItemAdd	2648439867	rage01	MaJas_ServeR	1090	AllStar	1	200	1281	2757			0		0	0	0	0	§«ng-Hµn ThÇn	0	122	362	100	199416671	2026-06-12 01:34:58	0	0	0	0	-1	-1	-1
20260612-013617	ItemConsume	ClearItemInPos	rage01	MaJas_ServeR	1090	AllStar	1	200	1281	2757			0		0	0	0	0	Vâ L©m 2 Shiina	2	1	50001	1	-1188962709	2026-06-12 01:34:43	593323	4460297	0	0	2	0	0
20260612-013617	ItemConsume	ClearItemInPos	rage01	MaJas_ServeR	1090	AllStar	1	200	1281	2757			0		0	0	0	0		0	122	704	100	-2134565551	2026-06-12 01:34:48	0	0	0	0	2	1	0
20260612-013617	ItemConsume	ClearItemInPos	rage01	MaJas_ServeR	1090	AllStar	1	200	1281	2757			0		0	0	0	0		0	122	712	100	64252467	2026-06-12 01:34:48	0	0	0	0	2	2	0
20260612-013617	ItemConsume	ClearItemInPos	rage01	MaJas_ServeR	1090	AllStar	1	200	1281	2757			0		0	0	0	0	NhËt-Ngù K×nh	0	122	28	100	1804553328	2026-06-12 01:34:48	0	0	0	0	2	3	0
20260612-013617	ItemConsume	ClearItemInPos	rage01	MaJas_ServeR	1090	AllStar	1	200	1281	2757			0		0	0	0	0	§Þa-Th¸i Ninh	0	122	174	100	-673609491	2026-06-12 01:34:48	0	0	0	0	2	4	0
20260612-013617	ItemConsume	ClearItemInPos	rage01	MaJas_ServeR	1090	AllStar	1	200	1281	2757			0		0	0	0	0	V©n-V©n Õ	0	122	472	100	1892386256	2026-06-12 01:34:48	0	0	0	0	2	0	1
20260612-013617	ItemConsume	ClearItemInPos	rage01	MaJas_ServeR	1090	AllStar	1	200	1281	2757			0		0	0	0	0		0	122	672	100	100118695	2026-06-12 01:34:48	0	0	0	0	2	1	1
20260612-013617	ItemConsume	ClearItemInPos	rage01	MaJas_ServeR	1090	AllStar	1	200	1281	2757			0		0	0	0	0	NguyÖt-Ngù K×nh	0	122	77	100	283948547	2026-06-12 01:34:49	0	0	0	0	2	2	1
20260612-013617	ItemConsume	ClearItemInPos	rage01	MaJas_ServeR	1090	AllStar	1	200	1281	2757			0		0	0	0	0		0	122	644	100	922775680	2026-06-12 01:34:49	0	0	0	0	2	3	1
20260612-013617	ItemConsume	ClearItemInPos	rage01	MaJas_ServeR	1090	AllStar	1	200	1281	2757			0		0	0	0	0		0	122	590	100	-331090259	2026-06-12 01:34:49	0	0	0	0	2	4	1
20260612-013617	ItemConsume	ClearItemInPos	rage01	MaJas_ServeR	1090	AllStar	1	200	1281	2757			0		0	0	0	0		0	122	588	100	1761671593	2026-06-12 01:34:49	0	0	0	0	2	0	2
20260612-013617	ItemConsume	ClearItemInPos	rage01	MaJas_ServeR	1090	AllStar	1	200	1281	2757			0		0	0	0	0		0	122	576	100	1356666782	2026-06-12 01:34:49	0	0	0	0	2	1	2
20260612-013617	ItemConsume	ClearItemInPos	rage01	MaJas_ServeR	1090	AllStar	1	200	1281	2757			0		0	0	0	0		0	122	568	100	-1282720317	2026-06-12 01:34:50	0	0	0	0	2	2	2
20260612-013617	ItemConsume	ClearItemInPos	rage01	MaJas_ServeR	1090	AllStar	1	200	1281	2757			0		0	0	0	0		0	122	672	100	1449272128	2026-06-12 01:34:50	0	0	0	0	2	3	2
20260612-013617	ItemConsume	ClearItemInPos	rage01	MaJas_ServeR	1090	AllStar	1	200	1281	2757			0		0	0	0	0		0	122	638	100	1283093825	2026-06-12 01:34:50	0	0	0	0	2	4	2
20260612-013617	ItemConsume	ClearItemInPos	rage01	MaJas_ServeR	1090	AllStar	1	200	1281	2757			0		0	0	0	0	V©n-Ngù K×nh	0	122	476	100	1948093289	2026-06-12 01:34:50	0	0	0	0	2	0	3
20260612-013617	ItemConsume	ClearItemInPos	rage01	MaJas_ServeR	1090	AllStar	1	200	1281	2757			0		0	0	0	0		0	122	691	100	-2089218277	2026-06-12 01:34:50	0	0	0	0	2	1	3
20260612-013617	ItemConsume	ClearItemInPos	rage01	MaJas_ServeR	1090	AllStar	1	200	1281	2757			0		0	0	0	0	H¶i-Ngù K×nh	0	122	217	100	532934967	2026-06-12 01:34:50	0	0	0	0	2	2	3
20260612-013617	ItemConsume	ClearItemInPos	rage01	MaJas_ServeR	1090	AllStar	1	200	1281	2757			0		0	0	0	0	S­¬ng-Ngù K×nh	0	122	560	100	357471934	2026-06-12 01:34:51	0	0	0	0	2	3	3
20260612-013617	ItemConsume	ClearItemInPos	rage01	MaJas_ServeR	1090	AllStar	1	200	1281	2757			0		0	0	0	0	Th¹ch-Huúnh HoÆc	0	122	432	100	758817559	2026-06-12 01:34:51	0	0	0	0	2	4	3
20260612-013617	ItemConsume	ClearItemInPos	rage01	MaJas_ServeR	1090	AllStar	1	200	1281	2757			0		0	0	0	0	Vò-M¹ch L©m	0	122	503	100	-682724882	2026-06-12 01:34:51	0	0	0	0	2	0	4
20260612-013617	ItemConsume	ClearItemInPos	rage01	MaJas_ServeR	1090	AllStar	1	200	1281	2757			0		0	0	0	0		0	122	703	100	167466909	2026-06-12 01:34:51	0	0	0	0	2	1	4
20260612-013617	ItemConsume	ClearItemInPos	rage01	MaJas_ServeR	1090	AllStar	1	200	1281	2757			0		0	0	0	0		0	122	672	100	-1184826471	2026-06-12 01:34:51	0	0	0	0	2	2	4
20260612-013617	ItemConsume	ClearItemInPos	rage01	MaJas_ServeR	1090	AllStar	1	200	1281	2757			0		0	0	0	0	Thiªn-Ngù K×nh	0	122	154	100	2105574603	2026-06-12 01:34:52	0	0	0	0	2	3	4
20260612-013617	ItemConsume	ClearItemInPos	rage01	MaJas_ServeR	1090	AllStar	1	200	1281	2757			0		0	0	0	0		0	122	598	100	1222199603	2026-06-12 01:34:52	0	0	0	0	2	4	4
20260612-013617	ItemConsume	ClearItemInPos	rage01	MaJas_ServeR	1090	AllStar	1	200	1281	2757			0		0	0	0	0	Thu-Ngù K×nh	0	122	336	100	-1203251344	2026-06-12 01:34:52	0	0	0	0	2	0	5
20260612-013617	ItemConsume	ClearItemInPos	rage01	MaJas_ServeR	1090	AllStar	1	200	1281	2757			0		0	0	0	0	S¬n-Sïng A	0	122	194	100	-244214313	2026-06-12 01:33:19	0	0	0	0	2	1	5
20260612-013617	ItemConsume	ClearItemInPos	rage01	MaJas_ServeR	1090	AllStar	1	200	1281	2757			0		0	0	0	0		0	122	709	100	1708648546	2026-06-12 01:34:52	0	0	0	0	2	2	5
20260612-013617	ItemConsume	ClearItemInPos	rage01	MaJas_ServeR	1090	AllStar	1	200	1281	2757			0		0	0	0	0	Thiªn-Ngù K×nh	0	122	154	100	520339612	2026-06-12 01:34:52	0	0	0	0	2	3	5
20260612-013617	ItemConsume	ClearItemInPos	rage01	MaJas_ServeR	1090	AllStar	1	200	1281	2757			0		0	0	0	0		0	122	620	100	-1299804215	2026-06-12 01:34:53	0	0	0	0	2	4	5
20260612-013617	ItemConsume	ClearItemInPos	rage01	MaJas_ServeR	1090	AllStar	1	200	1281	2757			0		0	0	0	0	Thu-Ngù K×nh	0	122	336	100	845929579	2026-06-12 01:34:53	0	0	0	0	2	0	6
20260612-013617	ItemConsume	ClearItemInPos	rage01	MaJas_ServeR	1090	AllStar	1	200	1281	2757			0		0	0	0	0	§«ng-Nguyªn Tù	0	122	361	100	21163272	2026-06-12 01:34:53	0	0	0	0	2	1	6
20260612-013617	ItemConsume	ClearItemInPos	rage01	MaJas_ServeR	1090	AllStar	1	200	1281	2757			0		0	0	0	0		0	122	598	100	1108488946	2026-06-12 01:34:53	0	0	0	0	2	2	6
20260612-013617	ItemConsume	ClearItemInPos	rage01	MaJas_ServeR	1090	AllStar	1	200	1281	2757			0		0	0	0	0		0	122	604	100	-902088868	2026-06-12 01:34:53	0	0	0	0	2	3	6
20260612-013617	ItemConsume	ClearItemInPos	rage01	MaJas_ServeR	1090	AllStar	1	200	1281	2757			0		0	0	0	0	Thu-Ngù K×nh	0	122	336	100	-792470333	2026-06-12 01:34:54	0	0	0	0	2	4	6
20260612-013617	ItemConsume	ClearItemInPos	rage01	MaJas_ServeR	1090	AllStar	1	200	1281	2757			0		0	0	0	0	Thiªn-Ngù K×nh	0	122	154	100	1530077893	2026-06-12 01:34:54	0	0	0	0	2	0	7
20260612-013617	ItemConsume	ClearItemInPos	rage01	MaJas_ServeR	1090	AllStar	1	200	1281	2757			0		0	0	0	0	H¶i-Ngù K×nh	0	122	217	100	1712053101	2026-06-12 01:34:54	0	0	0	0	2	1	7
20260612-013617	ItemConsume	ClearItemInPos	rage01	MaJas_ServeR	1090	AllStar	1	200	1281	2757			0		0	0	0	0	Th¹ch-Huúnh HoÆc	0	122	432	100	-825240179	2026-06-12 01:33:13	0	0	0	0	2	2	7
20260612-013617	ItemConsume	ClearItemInPos	rage01	MaJas_ServeR	1090	AllStar	1	200	1281	2757			0		0	0	0	0	Vô-Ngù K×nh	0	122	273	100	-584102373	2026-06-12 01:34:54	0	0	0	0	2	3	7
20260612-013617	ItemConsume	ClearItemInPos	rage01	MaJas_ServeR	1090	AllStar	1	200	1281	2757			0		0	0	0	0		0	122	636	100	1736549507	2026-06-12 01:34:54	0	0	0	0	2	4	7
20260612-013617	ItemConsume	ClearItemInPos	rage01	MaJas_ServeR	1090	AllStar	1	200	1281	2757			0		0	0	0	0		0	122	650	100	-41600993	2026-06-12 01:34:55	0	0	0	0	2	0	8
20260612-013617	ItemConsume	ClearItemInPos	rage01	MaJas_ServeR	1090	AllStar	1	200	1281	2757			0		0	0	0	0	S­¬ng-Ngù K×nh	0	122	560	100	-1495630388	2026-06-12 01:34:55	0	0	0	0	2	1	8
20260612-013617	ItemConsume	ClearItemInPos	rage01	MaJas_ServeR	1090	AllStar	1	200	1281	2757			0		0	0	0	0		0	122	598	100	-1554063261	2026-06-12 01:34:55	0	0	0	0	2	2	8
20260612-013617	ItemConsume	ClearItemInPos	rage01	MaJas_ServeR	1090	AllStar	1	200	1281	2757			0		0	0	0	0	NhËt-Ngù K×nh	0	122	28	100	1099447141	2026-06-12 01:34:55	0	0	0	0	2	3	8
20260612-013617	ItemConsume	ClearItemInPos	rage01	MaJas_ServeR	1090	AllStar	1	200	1281	2757			0		0	0	0	0		0	122	610	100	-558272712	2026-06-12 01:34:55	0	0	0	0	2	4	8
20260612-013617	ItemConsume	ClearItemInPos	rage01	MaJas_ServeR	1090	AllStar	1	200	1281	2757			0		0	0	0	0		0	122	663	100	-1327459392	2026-06-12 01:34:56	0	0	0	0	2	0	9
20260612-013617	ItemConsume	ClearItemInPos	rage01	MaJas_ServeR	1090	AllStar	1	200	1281	2757			0		0	0	0	0		0	122	701	100	-2043113535	2026-06-12 01:34:56	0	0	0	0	2	1	9
20260612-013617	ItemConsume	ClearItemInPos	rage01	MaJas_ServeR	1090	AllStar	1	200	1281	2757			0		0	0	0	0		0	122	691	100	-1864009506	2026-06-12 01:34:56	0	0	0	0	2	3	9
20260612-013617	ItemConsume	ClearItemInPos	rage01	MaJas_ServeR	1090	AllStar	1	200	1281	2757			0		0	0	0	0		0	122	579	100	1159310794	2026-06-12 01:34:56	0	0	0	0	2	4	9
20260612-013617	ItemConsume	ClearItemInPos	rage01	MaJas_ServeR	1090	AllStar	1	200	1281	2757			0		0	0	0	0	Thu-Ngù K×nh	0	122	336	100	-13070524	2026-06-12 01:34:57	0	0	0	0	2	0	10
20260612-013617	ItemConsume	ClearItemInPos	rage01	MaJas_ServeR	1090	AllStar	1	200	1281	2757			0		0	0	0	0		0	122	701	100	1338883670	2026-06-12 01:34:57	0	0	0	0	2	2	10
20260612-013617	ItemConsume	ClearItemInPos	rage01	MaJas_ServeR	1090	AllStar	1	200	1281	2757			0		0	0	0	0	Vô-Thñy V©n	0	122	270	100	-1229648753	2026-06-12 01:34:57	0	0	0	0	2	3	10
20260612-013617	ItemConsume	ClearItemInPos	rage01	MaJas_ServeR	1090	AllStar	1	200	1281	2757			0		0	0	0	0	Tinh-Quúnh TiÕt	0	122	103	100	460842634	2026-06-12 01:34:57	0	0	0	0	2	4	10
20260612-013617	ItemConsume	ClearItemInPos	rage01	MaJas_ServeR	1090	AllStar	1	200	1281	2757			0		0	0	0	0	§«ng-Hµn ThÇn	0	122	362	100	199416671	2026-06-12 01:34:58	0	0	0	0	2	0	11
20260612-013617	ItemAdd	3086646439	rage01	MaJas_ServeR	1090	AllStar	1	200	1281	2757			0		0	0	0	0	Vâ L©m 2 Shiina	2	1	50001	1	772920089	2026-06-12 01:36:17	592760	0	0	0	-1	-1	-1
20260612-013620	ItemConsume	ExpendIdx	rage01	MaJas_ServeR	1090	AllStar	1	200	1281	2757			0		0	0	0	0	Th­¬ng H¶i Ch©u CÊp 7 (	2	102	214	57	145022239	2026-06-12 01:32:47	4294917821	0	0	0	0	0	0
20260612-013620	ItemAdd	2648439867	rage01	MaJas_ServeR	1090	AllStar	1	200	1281	2757			0		0	0	0	0		0	122	582	100	-2121245255	2026-06-12 01:36:20	0	0	0	0	-1	-1	-1
20260612-013620	ItemConsume	ExpendIdx	rage01	MaJas_ServeR	1090	AllStar	1	200	1281	2757			0		0	0	0	0	Th­¬ng H¶i Ch©u CÊp 7 (	2	102	214	56	145022239	2026-06-12 01:32:47	4294917821	0	0	0	0	0	0
20260612-013620	ItemAdd	2648439867	rage01	MaJas_ServeR	1090	AllStar	1	200	1281	2757			0		0	0	0	0	S­¬ng-S­¬ng Tù	0	122	559	100	-2070126879	2026-06-12 01:36:20	0	0	0	0	-1	-1	-1
20260612-013620	ItemConsume	ExpendIdx	rage01	MaJas_ServeR	1090	AllStar	1	200	1281	2757			0		0	0	0	0	Th­¬ng H¶i Ch©u CÊp 7 (	2	102	214	55	145022239	2026-06-12 01:32:47	4294917821	0	0	0	0	0	0
20260612-013620	ItemAdd	2648439867	rage01	MaJas_ServeR	1090	AllStar	1	200	1281	2757			0		0	0	0	0	Tinh-Ngù K×nh	0	122	105	100	83232851	2026-06-12 01:36:20	0	0	0	0	-1	-1	-1
20260612-013620	ItemConsume	ExpendIdx	rage01	MaJas_ServeR	1090	AllStar	1	200	1281	2757			0		0	0	0	0	Th­¬ng H¶i Ch©u CÊp 7 (	2	102	214	54	145022239	2026-06-12 01:32:47	4294917821	0	0	0	0	0	0
20260612-013620	ItemAdd	2648439867	rage01	MaJas_ServeR	1090	AllStar	1	200	1281	2757			0		0	0	0	0		0	122	656	100	1808430805	2026-06-12 01:36:20	0	0	0	0	-1	-1	-1
20260612-013620	ItemConsume	ExpendIdx	rage01	MaJas_ServeR	1090	AllStar	1	200	1281	2757			0		0	0	0	0	Th­¬ng H¶i Ch©u CÊp 7 (	2	102	214	53	145022239	2026-06-12 01:32:47	4294917821	0	0	0	0	0	0
20260612-013620	ItemAdd	2648439867	rage01	MaJas_ServeR	1090	AllStar	1	200	1281	2757			0		0	0	0	0		0	122	679	100	1947883834	2026-06-12 01:36:20	0	0	0	0	-1	-1	-1
20260612-013621	ItemConsume	ExpendIdx	rage01	MaJas_ServeR	1090	AllStar	1	200	1281	2757			0		0	0	0	0	Th­¬ng H¶i Ch©u CÊp 7 (	2	102	214	52	145022239	2026-06-12 01:32:47	4294917821	0	0	0	0	0	0
20260612-013621	ItemAdd	2648439867	rage01	MaJas_ServeR	1090	AllStar	1	200	1281	2757			0		0	0	0	0	NhËt-Ngu Uyªn	0	122	27	100	860837634	2026-06-12 01:36:21	0	0	0	0	-1	-1	-1
20260612-013621	ItemConsume	ExpendIdx	rage01	MaJas_ServeR	1090	AllStar	1	200	1281	2757			0		0	0	0	0	Th­¬ng H¶i Ch©u CÊp 7 (	2	102	214	51	145022239	2026-06-12 01:32:47	4294917821	0	0	0	0	0	0
20260612-013621	ItemAdd	2648439867	rage01	MaJas_ServeR	1090	AllStar	1	200	1281	2757			0		0	0	0	0		0	122	635	100	1301458859	2026-06-12 01:36:21	0	0	0	0	-1	-1	-1
20260612-013621	ItemConsume	ExpendIdx	rage01	MaJas_ServeR	1090	AllStar	1	200	1281	2757			0		0	0	0	0	Th­¬ng H¶i Ch©u CÊp 7 (	2	102	214	50	145022239	2026-06-12 01:32:47	4294917821	0	0	0	0	0	0
20260612-013621	ItemAdd	2648439867	rage01	MaJas_ServeR	1090	AllStar	1	200	1281	2757			0		0	0	0	0		0	122	620	100	2145553133	2026-06-12 01:36:21	0	0	0	0	-1	-1	-1
20260612-013621	ItemConsume	ExpendIdx	rage01	MaJas_ServeR	1090	AllStar	1	200	1281	2757			0		0	0	0	0	Th­¬ng H¶i Ch©u CÊp 7 (	2	102	214	49	145022239	2026-06-12 01:32:47	4294917821	0	0	0	0	0	0
20260612-013621	ItemAdd	2648439867	rage01	MaJas_ServeR	1090	AllStar	1	200	1281	2757			0		0	0	0	0	§«ng-Linh Tr¹ch	0	122	363	100	610429615	2026-06-12 01:36:21	0	0	0	0	-1	-1	-1
20260612-013621	ItemConsume	ExpendIdx	rage01	MaJas_ServeR	1090	AllStar	1	200	1281	2757			0		0	0	0	0	Th­¬ng H¶i Ch©u CÊp 7 (	2	102	214	48	145022239	2026-06-12 01:32:47	4294917821	0	0	0	0	0	0
20260612-013621	ItemAdd	2648439867	rage01	MaJas_ServeR	1090	AllStar	1	200	1281	2757			0		0	0	0	0	TuyÕt-Ngù K×nh	0	122	532	100	1545693457	2026-06-12 01:36:21	0	0	0	0	-1	-1	-1
20260612-013621	ItemConsume	ExpendIdx	rage01	MaJas_ServeR	1090	AllStar	1	200	1281	2757			0		0	0	0	0	Th­¬ng H¶i Ch©u CÊp 7 (	2	102	214	47	145022239	2026-06-12 01:32:47	4294917821	0	0	0	0	0	0
20260612-013621	ItemAdd	2648439867	rage01	MaJas_ServeR	1090	AllStar	1	200	1281	2757			0		0	0	0	0	V©n-Ngù K×nh	0	122	476	100	888760722	2026-06-12 01:36:21	0	0	0	0	-1	-1	-1
20260612-013622	ItemConsume	ExpendIdx	rage01	MaJas_ServeR	1090	AllStar	1	200	1281	2757			0		0	0	0	0	Th­¬ng H¶i Ch©u CÊp 7 (	2	102	214	46	145022239	2026-06-12 01:32:47	4294917821	0	0	0	0	0	0
20260612-013622	ItemAdd	2648439867	rage01	MaJas_ServeR	1090	AllStar	1	200	1281	2757			0		0	0	0	0		0	122	620	100	-937630749	2026-06-12 01:36:22	0	0	0	0	-1	-1	-1
20260612-013622	ItemConsume	ExpendIdx	rage01	MaJas_ServeR	1090	AllStar	1	200	1281	2757			0		0	0	0	0	Th­¬ng H¶i Ch©u CÊp 7 (	2	102	214	45	145022239	2026-06-12 01:32:47	4294917821	0	0	0	0	0	0
20260612-013622	ItemAdd	2648439867	rage01	MaJas_ServeR	1090	AllStar	1	200	1281	2757			0		0	0	0	0	Phong-Ngù K×nh	0	122	245	100	1898799487	2026-06-12 01:36:22	0	0	0	0	-1	-1	-1
20260612-013622	ItemConsume	ExpendIdx	rage01	MaJas_ServeR	1090	AllStar	1	200	1281	2757			0		0	0	0	0	Th­¬ng H¶i Ch©u CÊp 7 (	2	102	214	44	145022239	2026-06-12 01:32:47	4294917821	0	0	0	0	0	0
20260612-013622	ItemAdd	2648439867	rage01	MaJas_ServeR	1090	AllStar	1	200	1281	2757			0		0	0	0	0	TuyÕt-Ng­ng Vò	0	122	530	100	1450627681	2026-06-12 01:36:22	0	0	0	0	-1	-1	-1
20260612-013622	ItemConsume	ExpendIdx	rage01	MaJas_ServeR	1090	AllStar	1	200	1281	2757			0		0	0	0	0	Th­¬ng H¶i Ch©u CÊp 7 (	2	102	214	43	145022239	2026-06-12 01:32:47	4294917821	0	0	0	0	0	0
20260612-013622	ItemAdd	2648439867	rage01	MaJas_ServeR	1090	AllStar	1	200	1281	2757			0		0	0	0	0	Phong-Ngù K×nh	0	122	245	100	-1014908973	2026-06-12 01:36:22	0	0	0	0	-1	-1	-1
20260612-013622	ItemConsume	ExpendIdx	rage01	MaJas_ServeR	1090	AllStar	1	200	1281	2757			0		0	0	0	0	Th­¬ng H¶i Ch©u CÊp 7 (	2	102	214	42	145022239	2026-06-12 01:32:47	4294917821	0	0	0	0	0	0
20260612-013622	ItemAdd	2648439867	rage01	MaJas_ServeR	1090	AllStar	1	200	1281	2757			0		0	0	0	0		0	122	669	100	-907861673	2026-06-12 01:36:22	0	0	0	0	-1	-1	-1
20260612-013622	ItemConsume	ExpendIdx	rage01	MaJas_ServeR	1090	AllStar	1	200	1281	2757			0		0	0	0	0	Th­¬ng H¶i Ch©u CÊp 7 (	2	102	214	41	145022239	2026-06-12 01:32:47	4294917821	0	0	0	0	0	0
20260612-013622	ItemAdd	2648439867	rage01	MaJas_ServeR	1090	AllStar	1	200	1281	2757			0		0	0	0	0		0	122	643	100	-638153805	2026-06-12 01:36:22	0	0	0	0	-1	-1	-1
20260612-013623	ItemConsume	ExpendIdx	rage01	MaJas_ServeR	1090	AllStar	1	200	1281	2757			0		0	0	0	0	Th­¬ng H¶i Ch©u CÊp 7 (	2	102	214	40	145022239	2026-06-12 01:32:47	4294917821	0	0	0	0	0	0
20260612-013623	ItemAdd	2648439867	rage01	MaJas_ServeR	1090	AllStar	1	200	1281	2757			0		0	0	0	0	Tinh-Ngù K×nh	0	122	105	100	2101451855	2026-06-12 01:36:23	0	0	0	0	-1	-1	-1
20260612-013623	ItemConsume	ExpendIdx	rage01	MaJas_ServeR	1090	AllStar	1	200	1281	2757			0		0	0	0	0	Th­¬ng H¶i Ch©u CÊp 7 (	2	102	214	39	145022239	2026-06-12 01:32:47	4294917821	0	0	0	0	0	0
20260612-013623	ItemAdd	2648439867	rage01	MaJas_ServeR	1090	AllStar	1	200	1281	2757			0		0	0	0	0		0	122	637	100	-1085739117	2026-06-12 01:36:23	0	0	0	0	-1	-1	-1
20260612-013623	ItemConsume	ExpendIdx	rage01	MaJas_ServeR	1090	AllStar	1	200	1281	2757			0		0	0	0	0	Th­¬ng H¶i Ch©u CÊp 7 (	2	102	214	38	145022239	2026-06-12 01:32:47	4294917821	0	0	0	0	0	0
20260612-013623	ItemAdd	2648439867	rage01	MaJas_ServeR	1090	AllStar	1	200	1281	2757			0		0	0	0	0	V©n-Ngù K×nh	0	122	476	100	1306560533	2026-06-12 01:36:23	0	0	0	0	-1	-1	-1
20260612-013623	ItemConsume	ExpendIdx	rage01	MaJas_ServeR	1090	AllStar	1	200	1281	2757			0		0	0	0	0	Th­¬ng H¶i Ch©u CÊp 7 (	2	102	214	37	145022239	2026-06-12 01:32:47	4294917821	0	0	0	0	0	0
20260612-013623	ItemAdd	2648439867	rage01	MaJas_ServeR	1090	AllStar	1	200	1281	2757			0		0	0	0	0		0	122	602	100	1898509178	2026-06-12 01:36:23	0	0	0	0	-1	-1	-1
20260612-013623	ItemConsume	ExpendIdx	rage01	MaJas_ServeR	1090	AllStar	1	200	1281	2757			0		0	0	0	0	Th­¬ng H¶i Ch©u CÊp 7 (	2	102	214	36	145022239	2026-06-12 01:32:47	4294917821	0	0	0	0	0	0
20260612-013623	ItemAdd	2648439867	rage01	MaJas_ServeR	1090	AllStar	1	200	1281	2757			0		0	0	0	0	§«ng-Ngù K×nh	0	122	364	100	850737167	2026-06-12 01:36:23	0	0	0	0	-1	-1	-1
20260612-013624	ItemConsume	ExpendIdx	rage01	MaJas_ServeR	1090	AllStar	1	200	1281	2757			0		0	0	0	0	Th­¬ng H¶i Ch©u CÊp 7 (	2	102	214	35	145022239	2026-06-12 01:32:47	4294917821	0	0	0	0	0	0
20260612-013624	ItemAdd	2648439867	rage01	MaJas_ServeR	1090	AllStar	1	200	1281	2757			0		0	0	0	0		0	122	577	100	-642680	2026-06-12 01:36:24	0	0	0	0	-1	-1	-1
20260612-013624	ItemConsume	ExpendIdx	rage01	MaJas_ServeR	1090	AllStar	1	200	1281	2757			0		0	0	0	0	Th­¬ng H¶i Ch©u CÊp 7 (	2	102	214	34	145022239	2026-06-12 01:32:47	4294917821	0	0	0	0	0	0
20260612-013624	ItemAdd	2648439867	rage01	MaJas_ServeR	1090	AllStar	1	200	1281	2757			0		0	0	0	0		0	122	656	100	272366450	2026-06-12 01:36:24	0	0	0	0	-1	-1	-1
20260612-013624	ItemConsume	ExpendIdx	rage01	MaJas_ServeR	1090	AllStar	1	200	1281	2757			0		0	0	0	0	Th­¬ng H¶i Ch©u CÊp 7 (	2	102	214	33	145022239	2026-06-12 01:32:47	4294917821	0	0	0	0	0	0
20260612-013624	ItemAdd	2648439867	rage01	MaJas_ServeR	1090	AllStar	1	200	1281	2757			0		0	0	0	0	Vò-Long NhuËn	0	122	501	100	937722844	2026-06-12 01:36:24	0	0	0	0	-1	-1	-1
20260612-013624	ItemConsume	ExpendIdx	rage01	MaJas_ServeR	1090	AllStar	1	200	1281	2757			0		0	0	0	0	Th­¬ng H¶i Ch©u CÊp 7 (	2	102	214	32	145022239	2026-06-12 01:32:47	4294917821	0	0	0	0	0	0
20260612-013624	ItemAdd	2648439867	rage01	MaJas_ServeR	1090	AllStar	1	200	1281	2757			0		0	0	0	0		0	122	604	100	-375765146	2026-06-12 01:36:24	0	0	0	0	-1	-1	-1
20260612-013624	ItemConsume	ExpendIdx	rage01	MaJas_ServeR	1090	AllStar	1	200	1281	2757			0		0	0	0	0	Th­¬ng H¶i Ch©u CÊp 7 (	2	102	214	31	145022239	2026-06-12 01:32:47	4294917821	0	0	0	0	0	0
20260612-013624	ItemAdd	2648439867	rage01	MaJas_ServeR	1090	AllStar	1	200	1281	2757			0		0	0	0	0	Vô-Ngù K×nh	0	122	273	100	-1148372014	2026-06-12 01:36:24	0	0	0	0	-1	-1	-1
20260612-013625	ItemConsume	ExpendIdx	rage01	MaJas_ServeR	1090	AllStar	1	200	1281	2757			0		0	0	0	0	Th­¬ng H¶i Ch©u CÊp 7 (	2	102	214	30	145022239	2026-06-12 01:32:47	4294917821	0	0	0	0	0	0
20260612-013625	ItemAdd	2648439867	rage01	MaJas_ServeR	1090	AllStar	1	200	1281	2757			0		0	0	0	0	S¬n-Ngäc Ch­íng	0	122	195	100	-446260445	2026-06-12 01:36:25	0	0	0	0	-1	-1	-1
20260612-013625	ItemConsume	ExpendIdx	rage01	MaJas_ServeR	1090	AllStar	1	200	1281	2757			0		0	0	0	0	Th­¬ng H¶i Ch©u CÊp 7 (	2	102	214	29	145022239	2026-06-12 01:32:47	4294917821	0	0	0	0	0	0
20260612-013625	ItemAdd	2648439867	rage01	MaJas_ServeR	1090	AllStar	1	200	1281	2757			0		0	0	0	0		0	122	589	100	1197431845	2026-06-12 01:36:25	0	0	0	0	-1	-1	-1
20260612-013625	ItemConsume	ExpendIdx	rage01	MaJas_ServeR	1090	AllStar	1	200	1281	2757			0		0	0	0	0	Th­¬ng H¶i Ch©u CÊp 7 (	2	102	214	28	145022239	2026-06-12 01:32:47	4294917821	0	0	0	0	0	0
20260612-013625	ItemAdd	2648439867	rage01	MaJas_ServeR	1090	AllStar	1	200	1281	2757			0		0	0	0	0	Xu©n-Ngù K×nh	0	122	294	100	-792808246	2026-06-12 01:36:25	0	0	0	0	-1	-1	-1
20260612-013625	ItemConsume	ExpendIdx	rage01	MaJas_ServeR	1090	AllStar	1	200	1281	2757			0		0	0	0	0	Th­¬ng H¶i Ch©u CÊp 7 (	2	102	214	27	145022239	2026-06-12 01:32:47	4294917821	0	0	0	0	0	0
20260612-013625	ItemAdd	2648439867	rage01	MaJas_ServeR	1090	AllStar	1	200	1281	2757			0		0	0	0	0	NguyÖt-Ngù K×nh	0	122	77	100	1167389343	2026-06-12 01:36:25	0	0	0	0	-1	-1	-1
20260612-013625	ItemConsume	ExpendIdx	rage01	MaJas_ServeR	1090	AllStar	1	200	1281	2757			0		0	0	0	0	Th­¬ng H¶i Ch©u CÊp 7 (	2	102	214	26	145022239	2026-06-12 01:32:47	4294917821	0	0	0	0	0	0
20260612-013625	ItemAdd	2648439867	rage01	MaJas_ServeR	1090	AllStar	1	200	1281	2757			0		0	0	0	0		0	122	684	100	-702413695	2026-06-12 01:36:25	0	0	0	0	-1	-1	-1
20260612-013625	ItemConsume	ExpendIdx	rage01	MaJas_ServeR	1090	AllStar	1	200	1281	2757			0		0	0	0	0	Th­¬ng H¶i Ch©u CÊp 7 (	2	102	214	25	145022239	2026-06-12 01:32:47	4294917821	0	0	0	0	0	0
20260612-013625	ItemAdd	2648439867	rage01	MaJas_ServeR	1090	AllStar	1	200	1281	2757			0		0	0	0	0		0	122	637	100	-80358058	2026-06-12 01:36:25	0	0	0	0	-1	-1	-1
20260612-013626	ItemConsume	ExpendIdx	rage01	MaJas_ServeR	1090	AllStar	1	200	1281	2757			0		0	0	0	0	Th­¬ng H¶i Ch©u CÊp 7 (	2	102	214	24	145022239	2026-06-12 01:32:47	4294917821	0	0	0	0	0	0
20260612-013626	ItemAdd	2648439867	rage01	MaJas_ServeR	1090	AllStar	1	200	1281	2757			0		0	0	0	0	Thñy-Ngù K×nh	0	122	392	100	-937799195	2026-06-12 01:36:26	0	0	0	0	-1	-1	-1
20260612-013626	ItemConsume	ExpendIdx	rage01	MaJas_ServeR	1090	AllStar	1	200	1281	2757			0		0	0	0	0	Th­¬ng H¶i Ch©u CÊp 7 (	2	102	214	23	145022239	2026-06-12 01:32:47	4294917821	0	0	0	0	0	0
20260612-013626	ItemAdd	2648439867	rage01	MaJas_ServeR	1090	AllStar	1	200	1281	2757			0		0	0	0	0		0	122	621	100	611245687	2026-06-12 01:36:26	0	0	0	0	-1	-1	-1
20260612-013626	ItemConsume	ExpendIdx	rage01	MaJas_ServeR	1090	AllStar	1	200	1281	2757			0		0	0	0	0	Th­¬ng H¶i Ch©u CÊp 7 (	2	102	214	22	145022239	2026-06-12 01:32:47	4294917821	0	0	0	0	0	0
20260612-013626	ItemAdd	2648439867	rage01	MaJas_ServeR	1090	AllStar	1	200	1281	2757			0		0	0	0	0	S­¬ng-S­¬ng Tù	0	122	559	100	1906579155	2026-06-12 01:36:26	0	0	0	0	-1	-1	-1
20260612-013626	ItemConsume	ExpendIdx	rage01	MaJas_ServeR	1090	AllStar	1	200	1281	2757			0		0	0	0	0	Th­¬ng H¶i Ch©u CÊp 7 (	2	102	214	21	145022239	2026-06-12 01:32:47	4294917821	0	0	0	0	0	0
20260612-013626	ItemAdd	2648439867	rage01	MaJas_ServeR	1090	AllStar	1	200	1281	2757			0		0	0	0	0	NguyÖt-Ngù K×nh	0	122	77	100	912199422	2026-06-12 01:36:26	0	0	0	0	-1	-1	-1
20260612-013626	ItemConsume	ExpendIdx	rage01	MaJas_ServeR	1090	AllStar	1	200	1281	2757			0		0	0	0	0	Th­¬ng H¶i Ch©u CÊp 7 (	2	102	214	20	145022239	2026-06-12 01:32:47	4294917821	0	0	0	0	0	0
20260612-013626	ItemAdd	2648439867	rage01	MaJas_ServeR	1090	AllStar	1	200	1281	2757			0		0	0	0	0	Thu-Ngù K×nh	0	122	336	100	-1720455081	2026-06-12 01:36:26	0	0	0	0	-1	-1	-1
20260612-013626	ItemConsume	ExpendIdx	rage01	MaJas_ServeR	1090	AllStar	1	200	1281	2757			0		0	0	0	0	Th­¬ng H¶i Ch©u CÊp 7 (	2	102	214	19	145022239	2026-06-12 01:32:47	4294917821	0	0	0	0	0	0
20260612-013626	ItemAdd	2648439867	rage01	MaJas_ServeR	1090	AllStar	1	200	1281	2757			0		0	0	0	0		0	122	602	100	1453939812	2026-06-12 01:36:26	0	0	0	0	-1	-1	-1
20260612-013627	ItemConsume	ExpendIdx	rage01	MaJas_ServeR	1090	AllStar	1	200	1281	2757			0		0	0	0	0	Th­¬ng H¶i Ch©u CÊp 7 (	2	102	214	18	145022239	2026-06-12 01:32:47	4294917821	0	0	0	0	0	0
20260612-013627	ItemAdd	2648439867	rage01	MaJas_ServeR	1090	AllStar	1	200	1281	2757			0		0	0	0	0	ThÇn-Ngù K×nh	0	122	133	100	-2064659348	2026-06-12 01:36:27	0	0	0	0	-1	-1	-1
20260612-013627	ItemConsume	ExpendIdx	rage01	MaJas_ServeR	1090	AllStar	1	200	1281	2757			0		0	0	0	0	Th­¬ng H¶i Ch©u CÊp 7 (	2	102	214	17	145022239	2026-06-12 01:32:47	4294917821	0	0	0	0	0	0
20260612-013627	ItemAdd	2648439867	rage01	MaJas_ServeR	1090	AllStar	1	200	1281	2757			0		0	0	0	0	NguyÖt-Väng Th­	0	122	71	100	-1818009482	2026-06-12 01:36:27	0	0	0	0	-1	-1	-1
20260612-013627	ItemConsume	ExpendIdx	rage01	MaJas_ServeR	1090	AllStar	1	200	1281	2757			0		0	0	0	0	Th­¬ng H¶i Ch©u CÊp 7 (	2	102	214	16	145022239	2026-06-12 01:32:47	4294917821	0	0	0	0	0	0
20260612-013627	ItemAdd	2648439867	rage01	MaJas_ServeR	1090	AllStar	1	200	1281	2757			0		0	0	0	0		0	122	590	100	-141412853	2026-06-12 01:36:27	0	0	0	0	-1	-1	-1
20260612-013627	ItemConsume	ExpendIdx	rage01	MaJas_ServeR	1090	AllStar	1	200	1281	2757			0		0	0	0	0	Th­¬ng H¶i Ch©u CÊp 7 (	2	102	214	15	145022239	2026-06-12 01:32:47	4294917821	0	0	0	0	0	0
20260612-013627	ItemAdd	2648439867	rage01	MaJas_ServeR	1090	AllStar	1	200	1281	2757			0		0	0	0	0	Vô-Thanh Huy	0	122	272	100	100085462	2026-06-12 01:36:27	0	0	0	0	-1	-1	-1
20260612-013627	ItemConsume	ExpendIdx	rage01	MaJas_ServeR	1090	AllStar	1	200	1281	2757			0		0	0	0	0	Th­¬ng H¶i Ch©u CÊp 7 (	2	102	214	14	145022239	2026-06-12 01:32:47	4294917821	0	0	0	0	0	0
20260612-013627	ItemAdd	2648439867	rage01	MaJas_ServeR	1090	AllStar	1	200	1281	2757			0		0	0	0	0	NguyÖt-Ngù K×nh	0	122	77	100	-577843733	2026-06-12 01:36:27	0	0	0	0	-1	-1	-1
20260612-013628	ItemConsume	ExpendIdx	rage01	MaJas_ServeR	1090	AllStar	1	200	1281	2757			0		0	0	0	0	Th­¬ng H¶i Ch©u CÊp 7 (	2	102	214	13	145022239	2026-06-12 01:32:47	4294917821	0	0	0	0	0	0
20260612-013628	ItemAdd	2648439867	rage01	MaJas_ServeR	1090	AllStar	1	200	1281	2757			0		0	0	0	0		0	122	627	100	-1400714451	2026-06-12 01:36:28	0	0	0	0	-1	-1	-1
20260612-013628	ItemConsume	ExpendIdx	rage01	MaJas_ServeR	1090	AllStar	1	200	1281	2757			0		0	0	0	0	Th­¬ng H¶i Ch©u CÊp 7 (	2	102	214	12	145022239	2026-06-12 01:32:47	4294917821	0	0	0	0	0	0
20260612-013628	ItemAdd	2648439867	rage01	MaJas_ServeR	1090	AllStar	1	200	1281	2757			0		0	0	0	0		0	122	610	100	-1071053271	2026-06-12 01:36:28	0	0	0	0	-1	-1	-1
20260612-013628	ItemConsume	ExpendIdx	rage01	MaJas_ServeR	1090	AllStar	1	200	1281	2757			0		0	0	0	0	Th­¬ng H¶i Ch©u CÊp 7 (	2	102	214	11	145022239	2026-06-12 01:32:47	4294917821	0	0	0	0	0	0
20260612-013628	ItemAdd	2648439867	rage01	MaJas_ServeR	1090	AllStar	1	200	1281	2757			0		0	0	0	0		0	122	568	100	-1097402933	2026-06-12 01:36:28	0	0	0	0	-1	-1	-1
20260612-013628	ItemConsume	ExpendIdx	rage01	MaJas_ServeR	1090	AllStar	1	200	1281	2757			0		0	0	0	0	Th­¬ng H¶i Ch©u CÊp 7 (	2	102	214	10	145022239	2026-06-12 01:32:47	4294917821	0	0	0	0	0	0
20260612-013628	ItemAdd	2648439867	rage01	MaJas_ServeR	1090	AllStar	1	200	1281	2757			0		0	0	0	0	§Þa-Kh«n Linh	0	122	173	100	-1587094297	2026-06-12 01:36:28	0	0	0	0	-1	-1	-1
20260612-013628	ItemConsume	ExpendIdx	rage01	MaJas_ServeR	1090	AllStar	1	200	1281	2757			0		0	0	0	0	Th­¬ng H¶i Ch©u CÊp 7 (	2	102	214	9	145022239	2026-06-12 01:32:47	4294917821	0	0	0	0	0	0
20260612-013628	ItemAdd	2648439867	rage01	MaJas_ServeR	1090	AllStar	1	200	1281	2757			0		0	0	0	0		0	122	656	100	-1425472817	2026-06-12 01:36:28	0	0	0	0	-1	-1	-1
20260612-013628	ItemConsume	ExpendIdx	rage01	MaJas_ServeR	1090	AllStar	1	200	1281	2757			0		0	0	0	0	Th­¬ng H¶i Ch©u CÊp 7 (	2	102	214	8	145022239	2026-06-12 01:32:47	4294917821	0	0	0	0	0	0
20260612-013628	ItemAdd	2648439867	rage01	MaJas_ServeR	1090	AllStar	1	200	1281	2757			0		0	0	0	0		0	122	567	100	808489532	2026-06-12 01:36:28	0	0	0	0	-1	-1	-1
20260612-013629	ItemConsume	ExpendIdx	rage01	MaJas_ServeR	1090	AllStar	1	200	1281	2757			0		0	0	0	0	Th­¬ng H¶i Ch©u CÊp 7 (	2	102	214	7	145022239	2026-06-12 01:32:47	4294917821	0	0	0	0	0	0
20260612-013629	ItemAdd	2648439867	rage01	MaJas_ServeR	1090	AllStar	1	200	1281	2757			0		0	0	0	0		0	122	703	100	1414942918	2026-06-12 01:36:29	0	0	0	0	-1	-1	-1
20260612-013629	ItemConsume	ExpendIdx	rage01	MaJas_ServeR	1090	AllStar	1	200	1281	2757			0		0	0	0	0	Th­¬ng H¶i Ch©u CÊp 7 (	2	102	214	6	145022239	2026-06-12 01:32:47	4294917821	0	0	0	0	0	0
20260612-013629	ItemAdd	2648439867	rage01	MaJas_ServeR	1090	AllStar	1	200	1281	2757			0		0	0	0	0	Thu-Ngù K×nh	0	122	336	100	989564722	2026-06-12 01:36:29	0	0	0	0	-1	-1	-1
20260612-013629	ItemConsume	ExpendIdx	rage01	MaJas_ServeR	1090	AllStar	1	200	1281	2757			0		0	0	0	0	Th­¬ng H¶i Ch©u CÊp 7 (	2	102	214	5	145022239	2026-06-12 01:32:47	4294917821	0	0	0	0	0	0
20260612-013629	ItemAdd	2648439867	rage01	MaJas_ServeR	1090	AllStar	1	200	1281	2757			0		0	0	0	0	NguyÖt-Ngäc Bµn	0	122	74	100	1139533818	2026-06-12 01:36:29	0	0	0	0	-1	-1	-1
20260612-013629	ItemConsume	ExpendIdx	rage01	MaJas_ServeR	1090	AllStar	1	200	1281	2757			0		0	0	0	0	Th­¬ng H¶i Ch©u CÊp 7 (	2	102	214	4	145022239	2026-06-12 01:32:47	4294917821	0	0	0	0	0	0
20260612-013629	ItemAdd	2648439867	rage01	MaJas_ServeR	1090	AllStar	1	200	1281	2757			0		0	0	0	0	Th¹ch-Huúnh HoÆc	0	122	432	100	-1446599165	2026-06-12 01:36:29	0	0	0	0	-1	-1	-1
20260612-013717	ItemConsume	ClearItemInPos	rage01	MaJas_ServeR	1090	AllStar	1	200	1281	2757			0		0	0	0	0	Vâ L©m 2 Shiina	2	1	50001	1	772920089	2026-06-12 01:36:17	592760	0	0	0	2	0	0
20260612-013717	ItemConsume	ClearItemInPos	rage01	MaJas_ServeR	1090	AllStar	1	200	1281	2757			0		0	0	0	0		0	122	582	100	-2121245255	2026-06-12 01:36:20	0	0	0	0	2	1	0
20260612-013717	ItemConsume	ClearItemInPos	rage01	MaJas_ServeR	1090	AllStar	1	200	1281	2757			0		0	0	0	0	S­¬ng-S­¬ng Tù	0	122	559	100	-2070126879	2026-06-12 01:36:20	0	0	0	0	2	2	0
20260612-013717	ItemConsume	ClearItemInPos	rage01	MaJas_ServeR	1090	AllStar	1	200	1281	2757			0		0	0	0	0	Tinh-Ngù K×nh	0	122	105	100	83232851	2026-06-12 01:36:20	0	0	0	0	2	3	0
20260612-013717	ItemConsume	ClearItemInPos	rage01	MaJas_ServeR	1090	AllStar	1	200	1281	2757			0		0	0	0	0		0	122	656	100	1808430805	2026-06-12 01:36:20	0	0	0	0	2	4	0
20260612-013717	ItemConsume	ClearItemInPos	rage01	MaJas_ServeR	1090	AllStar	1	200	1281	2757			0		0	0	0	0		0	122	679	100	1947883834	2026-06-12 01:36:20	0	0	0	0	2	0	1
20260612-013717	ItemConsume	ClearItemInPos	rage01	MaJas_ServeR	1090	AllStar	1	200	1281	2757			0		0	0	0	0	NhËt-Ngu Uyªn	0	122	27	100	860837634	2026-06-12 01:36:21	0	0	0	0	2	1	1
20260612-013717	ItemConsume	ClearItemInPos	rage01	MaJas_ServeR	1090	AllStar	1	200	1281	2757			0		0	0	0	0		0	122	635	100	1301458859	2026-06-12 01:36:21	0	0	0	0	2	2	1
20260612-013717	ItemConsume	ClearItemInPos	rage01	MaJas_ServeR	1090	AllStar	1	200	1281	2757			0		0	0	0	0		0	122	620	100	2145553133	2026-06-12 01:36:21	0	0	0	0	2	3	1
20260612-013717	ItemConsume	ClearItemInPos	rage01	MaJas_ServeR	1090	AllStar	1	200	1281	2757			0		0	0	0	0	§«ng-Linh Tr¹ch	0	122	363	100	610429615	2026-06-12 01:36:21	0	0	0	0	2	4	1
20260612-013717	ItemConsume	ClearItemInPos	rage01	MaJas_ServeR	1090	AllStar	1	200	1281	2757			0		0	0	0	0	TuyÕt-Ngù K×nh	0	122	532	100	1545693457	2026-06-12 01:36:21	0	0	0	0	2	0	2
20260612-013717	ItemConsume	ClearItemInPos	rage01	MaJas_ServeR	1090	AllStar	1	200	1281	2757			0		0	0	0	0	V©n-Ngù K×nh	0	122	476	100	888760722	2026-06-12 01:36:21	0	0	0	0	2	1	2
20260612-013717	ItemConsume	ClearItemInPos	rage01	MaJas_ServeR	1090	AllStar	1	200	1281	2757			0		0	0	0	0		0	122	620	100	-937630749	2026-06-12 01:36:22	0	0	0	0	2	2	2
20260612-013717	ItemConsume	ClearItemInPos	rage01	MaJas_ServeR	1090	AllStar	1	200	1281	2757			0		0	0	0	0	Phong-Ngù K×nh	0	122	245	100	1898799487	2026-06-12 01:36:22	0	0	0	0	2	3	2
20260612-013717	ItemConsume	ClearItemInPos	rage01	MaJas_ServeR	1090	AllStar	1	200	1281	2757			0		0	0	0	0	TuyÕt-Ng­ng Vò	0	122	530	100	1450627681	2026-06-12 01:36:22	0	0	0	0	2	4	2
20260612-013717	ItemConsume	ClearItemInPos	rage01	MaJas_ServeR	1090	AllStar	1	200	1281	2757			0		0	0	0	0	Phong-Ngù K×nh	0	122	245	100	-1014908973	2026-06-12 01:36:22	0	0	0	0	2	0	3
20260612-013717	ItemConsume	ClearItemInPos	rage01	MaJas_ServeR	1090	AllStar	1	200	1281	2757			0		0	0	0	0		0	122	669	100	-907861673	2026-06-12 01:36:22	0	0	0	0	2	1	3
20260612-013717	ItemConsume	ClearItemInPos	rage01	MaJas_ServeR	1090	AllStar	1	200	1281	2757			0		0	0	0	0		0	122	643	100	-638153805	2026-06-12 01:36:22	0	0	0	0	2	2	3
20260612-013717	ItemConsume	ClearItemInPos	rage01	MaJas_ServeR	1090	AllStar	1	200	1281	2757			0		0	0	0	0	Tinh-Ngù K×nh	0	122	105	100	2101451855	2026-06-12 01:36:23	0	0	0	0	2	3	3
20260612-013717	ItemConsume	ClearItemInPos	rage01	MaJas_ServeR	1090	AllStar	1	200	1281	2757			0		0	0	0	0		0	122	637	100	-1085739117	2026-06-12 01:36:23	0	0	0	0	2	4	3
20260612-013717	ItemConsume	ClearItemInPos	rage01	MaJas_ServeR	1090	AllStar	1	200	1281	2757			0		0	0	0	0	V©n-Ngù K×nh	0	122	476	100	1306560533	2026-06-12 01:36:23	0	0	0	0	2	0	4
20260612-013717	ItemConsume	ClearItemInPos	rage01	MaJas_ServeR	1090	AllStar	1	200	1281	2757			0		0	0	0	0		0	122	602	100	1898509178	2026-06-12 01:36:23	0	0	0	0	2	1	4
20260612-013717	ItemConsume	ClearItemInPos	rage01	MaJas_ServeR	1090	AllStar	1	200	1281	2757			0		0	0	0	0	§«ng-Ngù K×nh	0	122	364	100	850737167	2026-06-12 01:36:23	0	0	0	0	2	2	4
20260612-013717	ItemConsume	ClearItemInPos	rage01	MaJas_ServeR	1090	AllStar	1	200	1281	2757			0		0	0	0	0		0	122	577	100	-642680	2026-06-12 01:36:24	0	0	0	0	2	3	4
20260612-013717	ItemConsume	ClearItemInPos	rage01	MaJas_ServeR	1090	AllStar	1	200	1281	2757			0		0	0	0	0		0	122	656	100	272366450	2026-06-12 01:36:24	0	0	0	0	2	4	4
20260612-013717	ItemConsume	ClearItemInPos	rage01	MaJas_ServeR	1090	AllStar	1	200	1281	2757			0		0	0	0	0	Vò-M¹ch L©m	0	122	503	100	-1940236614	2026-06-12 01:33:20	0	0	0	0	2	0	5
20260612-013717	ItemConsume	ClearItemInPos	rage01	MaJas_ServeR	1090	AllStar	1	200	1281	2757			0		0	0	0	0		0	122	604	100	-375765146	2026-06-12 01:36:24	0	0	0	0	2	1	5
20260612-013717	ItemConsume	ClearItemInPos	rage01	MaJas_ServeR	1090	AllStar	1	200	1281	2757			0		0	0	0	0	Vô-Ngù K×nh	0	122	273	100	-1148372014	2026-06-12 01:36:24	0	0	0	0	2	2	5
20260612-013717	ItemConsume	ClearItemInPos	rage01	MaJas_ServeR	1090	AllStar	1	200	1281	2757			0		0	0	0	0	S¬n-Ngäc Ch­íng	0	122	195	100	-446260445	2026-06-12 01:36:25	0	0	0	0	2	3	5
20260612-013717	ItemConsume	ClearItemInPos	rage01	MaJas_ServeR	1090	AllStar	1	200	1281	2757			0		0	0	0	0		0	122	589	100	1197431845	2026-06-12 01:36:25	0	0	0	0	2	4	5
20260612-013717	ItemConsume	ClearItemInPos	rage01	MaJas_ServeR	1090	AllStar	1	200	1281	2757			0		0	0	0	0	Xu©n-Ngù K×nh	0	122	294	100	-792808246	2026-06-12 01:36:25	0	0	0	0	2	0	6
20260612-013717	ItemConsume	ClearItemInPos	rage01	MaJas_ServeR	1090	AllStar	1	200	1281	2757			0		0	0	0	0	NguyÖt-Ngù K×nh	0	122	77	100	1167389343	2026-06-12 01:36:25	0	0	0	0	2	1	6
20260612-013717	ItemConsume	ClearItemInPos	rage01	MaJas_ServeR	1090	AllStar	1	200	1281	2757			0		0	0	0	0		0	122	684	100	-702413695	2026-06-12 01:36:25	0	0	0	0	2	2	6
20260612-013717	ItemConsume	ClearItemInPos	rage01	MaJas_ServeR	1090	AllStar	1	200	1281	2757			0		0	0	0	0		0	122	637	100	-80358058	2026-06-12 01:36:25	0	0	0	0	2	3	6
20260612-013717	ItemConsume	ClearItemInPos	rage01	MaJas_ServeR	1090	AllStar	1	200	1281	2757			0		0	0	0	0	Thñy-Ngù K×nh	0	122	392	100	-937799195	2026-06-12 01:36:26	0	0	0	0	2	4	6
20260612-013717	ItemConsume	ClearItemInPos	rage01	MaJas_ServeR	1090	AllStar	1	200	1281	2757			0		0	0	0	0		0	122	621	100	611245687	2026-06-12 01:36:26	0	0	0	0	2	0	7
20260612-013717	ItemConsume	ClearItemInPos	rage01	MaJas_ServeR	1090	AllStar	1	200	1281	2757			0		0	0	0	0	S­¬ng-S­¬ng Tù	0	122	559	100	1906579155	2026-06-12 01:36:26	0	0	0	0	2	1	7
20260612-013717	ItemConsume	ClearItemInPos	rage01	MaJas_ServeR	1090	AllStar	1	200	1281	2757			0		0	0	0	0	NguyÖt-Ngù K×nh	0	122	77	100	912199422	2026-06-12 01:36:26	0	0	0	0	2	2	7
20260612-013717	ItemConsume	ClearItemInPos	rage01	MaJas_ServeR	1090	AllStar	1	200	1281	2757			0		0	0	0	0	Thu-Ngù K×nh	0	122	336	100	-1720455081	2026-06-12 01:36:26	0	0	0	0	2	3	7
20260612-013717	ItemConsume	ClearItemInPos	rage01	MaJas_ServeR	1090	AllStar	1	200	1281	2757			0		0	0	0	0		0	122	602	100	1453939812	2026-06-12 01:36:26	0	0	0	0	2	4	7
20260612-013717	ItemConsume	ClearItemInPos	rage01	MaJas_ServeR	1090	AllStar	1	200	1281	2757			0		0	0	0	0	ThÇn-Ngù K×nh	0	122	133	100	-2064659348	2026-06-12 01:36:27	0	0	0	0	2	0	8
20260612-013717	ItemConsume	ClearItemInPos	rage01	MaJas_ServeR	1090	AllStar	1	200	1281	2757			0		0	0	0	0	NguyÖt-Väng Th­	0	122	71	100	-1818009482	2026-06-12 01:36:27	0	0	0	0	2	1	8
20260612-013717	ItemConsume	ClearItemInPos	rage01	MaJas_ServeR	1090	AllStar	1	200	1281	2757			0		0	0	0	0		0	122	590	100	-141412853	2026-06-12 01:36:27	0	0	0	0	2	2	8
20260612-013717	ItemConsume	ClearItemInPos	rage01	MaJas_ServeR	1090	AllStar	1	200	1281	2757			0		0	0	0	0	Vô-Thanh Huy	0	122	272	100	100085462	2026-06-12 01:36:27	0	0	0	0	2	3	8
20260612-013717	ItemConsume	ClearItemInPos	rage01	MaJas_ServeR	1090	AllStar	1	200	1281	2757			0		0	0	0	0	NguyÖt-Ngù K×nh	0	122	77	100	-577843733	2026-06-12 01:36:27	0	0	0	0	2	4	8
20260612-013717	ItemConsume	ClearItemInPos	rage01	MaJas_ServeR	1090	AllStar	1	200	1281	2757			0		0	0	0	0		0	122	627	100	-1400714451	2026-06-12 01:36:28	0	0	0	0	2	0	9
20260612-013717	ItemConsume	ClearItemInPos	rage01	MaJas_ServeR	1090	AllStar	1	200	1281	2757			0		0	0	0	0		0	122	610	100	-1071053271	2026-06-12 01:36:28	0	0	0	0	2	1	9
20260612-013717	ItemConsume	ClearItemInPos	rage01	MaJas_ServeR	1090	AllStar	1	200	1281	2757			0		0	0	0	0		0	122	568	100	-1097402933	2026-06-12 01:36:28	0	0	0	0	2	2	9
20260612-013717	ItemConsume	ClearItemInPos	rage01	MaJas_ServeR	1090	AllStar	1	200	1281	2757			0		0	0	0	0	§Þa-Kh«n Linh	0	122	173	100	-1587094297	2026-06-12 01:36:28	0	0	0	0	2	3	9
20260612-013717	ItemConsume	ClearItemInPos	rage01	MaJas_ServeR	1090	AllStar	1	200	1281	2757			0		0	0	0	0		0	122	656	100	-1425472817	2026-06-12 01:36:28	0	0	0	0	2	4	9
20260612-013717	ItemConsume	ClearItemInPos	rage01	MaJas_ServeR	1090	AllStar	1	200	1281	2757			0		0	0	0	0		0	122	567	100	808489532	2026-06-12 01:36:28	0	0	0	0	2	0	10
20260612-013717	ItemConsume	ClearItemInPos	rage01	MaJas_ServeR	1090	AllStar	1	200	1281	2757			0		0	0	0	0		0	122	703	100	1414942918	2026-06-12 01:36:29	0	0	0	0	2	1	10
20260612-013717	ItemConsume	ClearItemInPos	rage01	MaJas_ServeR	1090	AllStar	1	200	1281	2757			0		0	0	0	0	Thu-Ngù K×nh	0	122	336	100	989564722	2026-06-12 01:36:29	0	0	0	0	2	2	10
20260612-013717	ItemConsume	ClearItemInPos	rage01	MaJas_ServeR	1090	AllStar	1	200	1281	2757			0		0	0	0	0	NguyÖt-Ngäc Bµn	0	122	74	100	1139533818	2026-06-12 01:36:29	0	0	0	0	2	3	10
20260612-013717	ItemConsume	ClearItemInPos	rage01	MaJas_ServeR	1090	AllStar	1	200	1281	2757			0		0	0	0	0	Th¹ch-Huúnh HoÆc	0	122	432	100	-1446599165	2026-06-12 01:36:29	0	0	0	0	2	4	10
20260612-013717	ItemConsume	ClearItemInPos	rage01	MaJas_ServeR	1090	AllStar	4	200	1281	2757			0		0	0	0	0	Th­¬ng H¶i Ch©u CÊp 7 (	2	102	214	4	145022239	2026-06-12 01:32:47	4294917821	0	0	0	2	4	11
20260612-013717	ItemAdd	3086646439	rage01	MaJas_ServeR	1090	AllStar	1	200	1281	2757			0		0	0	0	0	Vâ L©m 2 Shiina	2	1	50001	1	-1981882352	2026-06-12 01:37:17	8587562	0	0	0	-1	-1	-1
20260612-013721	large_str	AddItem[/script/ksgvn/item/item_test_card.lua|kgm_AddBotTranChau]			0		3274124158	0	0	0			0		0	0	0	0		0	0	0	0	0		0	0	0	0	-1	-1	-1
20260612-013721	ItemAdd	3274124158	rage01	MaJas_ServeR	1090	AllStar	1000	200	1281	2757			0		0	0	0	0	Bét Tr©n Ch©u	2	102	215	1000	-1630106265	2026-06-12 01:37:21	724098	2690751	0	0	-1	-1	-1
20260612-013727	ItemAdd	3274124158	rage01	MaJas_ServeR	1090	AllStar	1000	200	1281	2757			0		0	0	0	0	Bét Tr©n Ch©u	2	102	215	1000	-635309879	2026-06-12 01:37:27	4294904774	0	0	0	-1	-1	-1
20260612-013735	ItemAdd	1997990311	rage01	MaJas_ServeR	1090	AllStar	200	200	1281	2757			0		0	0	0	0	Th­¬ng H¶i Ch©u CÊp 7 (	2	102	214	200	-765110867	2026-06-12 01:37:35	4294917375	0	0	0	-1	-1	-1
20260612-013737	ItemConsume	ExpendIdx	rage01	MaJas_ServeR	1090	AllStar	1	200	1281	2757			0		0	0	0	0	Th­¬ng H¶i Ch©u CÊp 7 (	2	102	214	199	-765110867	2026-06-12 01:37:35	4294917375	0	0	0	0	0	0
20260612-013737	ItemAdd	2648439867	rage01	MaJas_ServeR	1090	AllStar	1	200	1281	2757			0		0	0	0	0		0	122	620	100	-2141680509	2026-06-12 01:37:37	0	0	0	0	-1	-1	-1
20260612-013738	ItemConsume	ExpendIdx	rage01	MaJas_ServeR	1090	AllStar	1	200	1281	2757			0		0	0	0	0	Th­¬ng H¶i Ch©u CÊp 7 (	2	102	214	198	-765110867	2026-06-12 01:37:35	4294917375	0	0	0	0	0	0
20260612-013738	ItemAdd	2648439867	rage01	MaJas_ServeR	1090	AllStar	1	200	1281	2757			0		0	0	0	0	§Þa-Th¸i Ninh	0	122	174	100	1600284928	2026-06-12 01:37:38	0	0	0	0	-1	-1	-1
20260612-013738	ItemConsume	ExpendIdx	rage01	MaJas_ServeR	1090	AllStar	1	200	1281	2757			0		0	0	0	0	Th­¬ng H¶i Ch©u CÊp 7 (	2	102	214	197	-765110867	2026-06-12 01:37:35	4294917375	0	0	0	0	0	0
20260612-013738	ItemAdd	2648439867	rage01	MaJas_ServeR	1090	AllStar	1	200	1281	2757			0		0	0	0	0		0	122	669	100	-1407555321	2026-06-12 01:37:38	0	0	0	0	-1	-1	-1
20260612-013738	ItemConsume	ExpendIdx	rage01	MaJas_ServeR	1090	AllStar	1	200	1281	2757			0		0	0	0	0	Th­¬ng H¶i Ch©u CÊp 7 (	2	102	214	196	-765110867	2026-06-12 01:37:35	4294917375	0	0	0	0	0	0
20260612-013738	ItemAdd	2648439867	rage01	MaJas_ServeR	1090	AllStar	1	200	1281	2757			0		0	0	0	0		0	122	672	100	1189099220	2026-06-12 01:37:38	0	0	0	0	-1	-1	-1
20260612-013738	ItemConsume	ExpendIdx	rage01	MaJas_ServeR	1090	AllStar	1	200	1281	2757			0		0	0	0	0	Th­¬ng H¶i Ch©u CÊp 7 (	2	102	214	195	-765110867	2026-06-12 01:37:35	4294917375	0	0	0	0	0	0
20260612-013738	ItemAdd	2648439867	rage01	MaJas_ServeR	1090	AllStar	1	200	1281	2757			0		0	0	0	0		0	122	615	100	1699112411	2026-06-12 01:37:38	0	0	0	0	-1	-1	-1
20260612-013738	ItemConsume	ExpendIdx	rage01	MaJas_ServeR	1090	AllStar	1	200	1281	2757			0		0	0	0	0	Th­¬ng H¶i Ch©u CÊp 7 (	2	102	214	194	-765110867	2026-06-12 01:37:35	4294917375	0	0	0	0	0	0
20260612-013738	ItemAdd	2648439867	rage01	MaJas_ServeR	1090	AllStar	1	200	1281	2757			0		0	0	0	0	Thiªn-Hång Qu©n	0	122	152	100	706967352	2026-06-12 01:37:38	0	0	0	0	-1	-1	-1
20260612-013738	ItemConsume	ExpendIdx	rage01	MaJas_ServeR	1090	AllStar	1	200	1281	2757			0		0	0	0	0	Th­¬ng H¶i Ch©u CÊp 7 (	2	102	214	193	-765110867	2026-06-12 01:37:35	4294917375	0	0	0	0	0	0
20260612-013738	ItemAdd	2648439867	rage01	MaJas_ServeR	1090	AllStar	1	200	1281	2757			0		0	0	0	0		0	122	709	100	-524143035	2026-06-12 01:37:38	0	0	0	0	-1	-1	-1
20260612-013739	ItemConsume	ExpendIdx	rage01	MaJas_ServeR	1090	AllStar	1	200	1281	2757			0		0	0	0	0	Th­¬ng H¶i Ch©u CÊp 7 (	2	102	214	192	-765110867	2026-06-12 01:37:35	4294917375	0	0	0	0	0	0
20260612-013739	ItemAdd	2648439867	rage01	MaJas_ServeR	1090	AllStar	1	200	1281	2757			0		0	0	0	0	TuyÕt-Ngù K×nh	0	122	532	100	-949864511	2026-06-12 01:37:39	0	0	0	0	-1	-1	-1
20260612-013739	ItemConsume	ExpendIdx	rage01	MaJas_ServeR	1090	AllStar	1	200	1281	2757			0		0	0	0	0	Th­¬ng H¶i Ch©u CÊp 7 (	2	102	214	191	-765110867	2026-06-12 01:37:35	4294917375	0	0	0	0	0	0
20260612-013739	ItemAdd	2648439867	rage01	MaJas_ServeR	1090	AllStar	1	200	1281	2757			0		0	0	0	0		0	122	615	100	1346834483	2026-06-12 01:37:39	0	0	0	0	-1	-1	-1
20260612-013739	ItemConsume	ExpendIdx	rage01	MaJas_ServeR	1090	AllStar	1	200	1281	2757			0		0	0	0	0	Th­¬ng H¶i Ch©u CÊp 7 (	2	102	214	190	-765110867	2026-06-12 01:37:35	4294917375	0	0	0	0	0	0
20260612-013739	ItemAdd	2648439867	rage01	MaJas_ServeR	1090	AllStar	1	200	1281	2757			0		0	0	0	0		0	122	610	100	-634175266	2026-06-12 01:37:39	0	0	0	0	-1	-1	-1
20260612-013739	ItemConsume	ExpendIdx	rage01	MaJas_ServeR	1090	AllStar	1	200	1281	2757			0		0	0	0	0	Th­¬ng H¶i Ch©u CÊp 7 (	2	102	214	189	-765110867	2026-06-12 01:37:35	4294917375	0	0	0	0	0	0
20260612-013739	ItemAdd	2648439867	rage01	MaJas_ServeR	1090	AllStar	1	200	1281	2757			0		0	0	0	0	§Þa-Ngù K×nh	0	122	175	100	-1183648310	2026-06-12 01:37:39	0	0	0	0	-1	-1	-1
20260612-013739	ItemConsume	ExpendIdx	rage01	MaJas_ServeR	1090	AllStar	1	200	1281	2757			0		0	0	0	0	Th­¬ng H¶i Ch©u CÊp 7 (	2	102	214	188	-765110867	2026-06-12 01:37:35	4294917375	0	0	0	0	0	0
20260612-013739	ItemAdd	2648439867	rage01	MaJas_ServeR	1090	AllStar	1	200	1281	2757			0		0	0	0	0	Th¹ch-S¬n Cèt	0	122	429	100	-1713236156	2026-06-12 01:37:39	0	0	0	0	-1	-1	-1
20260612-013739	ItemConsume	ExpendIdx	rage01	MaJas_ServeR	1090	AllStar	1	200	1281	2757			0		0	0	0	0	Th­¬ng H¶i Ch©u CÊp 7 (	2	102	214	187	-765110867	2026-06-12 01:37:35	4294917375	0	0	0	0	0	0
20260612-013739	ItemAdd	2648439867	rage01	MaJas_ServeR	1090	AllStar	1	200	1281	2757			0		0	0	0	0	TuyÕt-Ngù K×nh	0	122	532	100	1042694551	2026-06-12 01:37:39	0	0	0	0	-1	-1	-1
20260612-013740	ItemConsume	ExpendIdx	rage01	MaJas_ServeR	1090	AllStar	1	200	1281	2757			0		0	0	0	0	Th­¬ng H¶i Ch©u CÊp 7 (	2	102	214	186	-765110867	2026-06-12 01:37:35	4294917375	0	0	0	0	0	0
20260612-013740	ItemAdd	2648439867	rage01	MaJas_ServeR	1090	AllStar	1	200	1281	2757			0		0	0	0	0		0	122	691	100	955856548	2026-06-12 01:37:40	0	0	0	0	-1	-1	-1
20260612-013740	ItemConsume	ExpendIdx	rage01	MaJas_ServeR	1090	AllStar	1	200	1281	2757			0		0	0	0	0	Th­¬ng H¶i Ch©u CÊp 7 (	2	102	214	185	-765110867	2026-06-12 01:37:35	4294917375	0	0	0	0	0	0
20260612-013740	ItemAdd	2648439867	rage01	MaJas_ServeR	1090	AllStar	1	200	1281	2757			0		0	0	0	0	Vô-Ngù K×nh	0	122	273	100	-769735829	2026-06-12 01:37:40	0	0	0	0	-1	-1	-1
20260612-013740	ItemConsume	ExpendIdx	rage01	MaJas_ServeR	1090	AllStar	1	200	1281	2757			0		0	0	0	0	Th­¬ng H¶i Ch©u CÊp 7 (	2	102	214	184	-765110867	2026-06-12 01:37:35	4294917375	0	0	0	0	0	0
20260612-013740	ItemAdd	2648439867	rage01	MaJas_ServeR	1090	AllStar	1	200	1281	2757			0		0	0	0	0		0	122	655	100	-1729745965	2026-06-12 01:37:40	0	0	0	0	-1	-1	-1
20260612-013740	ItemConsume	ExpendIdx	rage01	MaJas_ServeR	1090	AllStar	1	200	1281	2757			0		0	0	0	0	Th­¬ng H¶i Ch©u CÊp 7 (	2	102	214	183	-765110867	2026-06-12 01:37:35	4294917375	0	0	0	0	0	0
20260612-013740	ItemAdd	2648439867	rage01	MaJas_ServeR	1090	AllStar	1	200	1281	2757			0		0	0	0	0	V©n-Ngù K×nh	0	122	476	100	-1933748651	2026-06-12 01:37:40	0	0	0	0	-1	-1	-1
20260612-013740	ItemConsume	ExpendIdx	rage01	MaJas_ServeR	1090	AllStar	1	200	1281	2757			0		0	0	0	0	Th­¬ng H¶i Ch©u CÊp 7 (	2	102	214	182	-765110867	2026-06-12 01:37:35	4294917375	0	0	0	0	0	0
20260612-013740	ItemAdd	2648439867	rage01	MaJas_ServeR	1090	AllStar	1	200	1281	2757			0		0	0	0	0	NhËt-Ngù K×nh	0	122	28	100	-1389113670	2026-06-12 01:37:40	0	0	0	0	-1	-1	-1
20260612-013741	ItemConsume	ExpendIdx	rage01	MaJas_ServeR	1090	AllStar	1	200	1281	2757			0		0	0	0	0	Th­¬ng H¶i Ch©u CÊp 7 (	2	102	214	181	-765110867	2026-06-12 01:37:35	4294917375	0	0	0	0	0	0
20260612-013741	ItemAdd	2648439867	rage01	MaJas_ServeR	1090	AllStar	1	200	1281	2757			0		0	0	0	0	S¬n-Sïng A	0	122	194	100	-43159243	2026-06-12 01:37:41	0	0	0	0	-1	-1	-1
20260612-013741	ItemConsume	ExpendIdx	rage01	MaJas_ServeR	1090	AllStar	1	200	1281	2757			0		0	0	0	0	Th­¬ng H¶i Ch©u CÊp 7 (	2	102	214	180	-765110867	2026-06-12 01:37:35	4294917375	0	0	0	0	0	0
20260612-013741	ItemAdd	2648439867	rage01	MaJas_ServeR	1090	AllStar	1	200	1281	2757			0		0	0	0	0		0	122	656	100	779782938	2026-06-12 01:37:41	0	0	0	0	-1	-1	-1
20260612-013741	ItemConsume	ExpendIdx	rage01	MaJas_ServeR	1090	AllStar	1	200	1281	2757			0		0	0	0	0	Th­¬ng H¶i Ch©u CÊp 7 (	2	102	214	179	-765110867	2026-06-12 01:37:35	4294917375	0	0	0	0	0	0
20260612-013741	ItemAdd	2648439867	rage01	MaJas_ServeR	1090	AllStar	1	200	1281	2757			0		0	0	0	0		0	122	642	100	-1325547159	2026-06-12 01:37:41	0	0	0	0	-1	-1	-1
20260612-013741	ItemConsume	ExpendIdx	rage01	MaJas_ServeR	1090	AllStar	1	200	1281	2757			0		0	0	0	0	Th­¬ng H¶i Ch©u CÊp 7 (	2	102	214	178	-765110867	2026-06-12 01:37:35	4294917375	0	0	0	0	0	0
20260612-013741	ItemAdd	2648439867	rage01	MaJas_ServeR	1090	AllStar	1	200	1281	2757			0		0	0	0	0	NhËt-U D­¬ng	0	122	25	100	1320538396	2026-06-12 01:37:41	0	0	0	0	-1	-1	-1
20260612-013741	ItemConsume	ExpendIdx	rage01	MaJas_ServeR	1090	AllStar	1	200	1281	2757			0		0	0	0	0	Th­¬ng H¶i Ch©u CÊp 7 (	2	102	214	177	-765110867	2026-06-12 01:37:35	4294917375	0	0	0	0	0	0
20260612-013741	ItemAdd	2648439867	rage01	MaJas_ServeR	1090	AllStar	1	200	1281	2757			0		0	0	0	0		0	122	684	100	-163942746	2026-06-12 01:37:41	0	0	0	0	-1	-1	-1
20260612-013741	ItemConsume	ExpendIdx	rage01	MaJas_ServeR	1090	AllStar	1	200	1281	2757			0		0	0	0	0	Th­¬ng H¶i Ch©u CÊp 7 (	2	102	214	176	-765110867	2026-06-12 01:37:35	4294917375	0	0	0	0	0	0
20260612-013741	ItemAdd	2648439867	rage01	MaJas_ServeR	1090	AllStar	1	200	1281	2757			0		0	0	0	0		0	122	656	100	-1608044782	2026-06-12 01:37:41	0	0	0	0	-1	-1	-1
20260612-013742	ItemConsume	ExpendIdx	rage01	MaJas_ServeR	1090	AllStar	1	200	1281	2757			0		0	0	0	0	Th­¬ng H¶i Ch©u CÊp 7 (	2	102	214	175	-765110867	2026-06-12 01:37:35	4294917375	0	0	0	0	0	0
20260612-013742	ItemAdd	2648439867	rage01	MaJas_ServeR	1090	AllStar	1	200	1281	2757			0		0	0	0	0		0	122	662	100	-1085063823	2026-06-12 01:37:42	0	0	0	0	-1	-1	-1
20260612-013742	ItemConsume	ExpendIdx	rage01	MaJas_ServeR	1090	AllStar	1	200	1281	2757			0		0	0	0	0	Th­¬ng H¶i Ch©u CÊp 7 (	2	102	214	174	-765110867	2026-06-12 01:37:35	4294917375	0	0	0	0	0	0
20260612-013742	ItemAdd	2648439867	rage01	MaJas_ServeR	1090	AllStar	1	200	1281	2757			0		0	0	0	0		0	122	580	100	315566125	2026-06-12 01:37:42	0	0	0	0	-1	-1	-1
20260612-013742	ItemConsume	ExpendIdx	rage01	MaJas_ServeR	1090	AllStar	1	200	1281	2757			0		0	0	0	0	Th­¬ng H¶i Ch©u CÊp 7 (	2	102	214	173	-765110867	2026-06-12 01:37:35	4294917375	0	0	0	0	0	0
20260612-013742	ItemAdd	2648439867	rage01	MaJas_ServeR	1090	AllStar	1	200	1281	2757			0		0	0	0	0	ThÇn-Ngù K×nh	0	122	133	100	1818602751	2026-06-12 01:37:42	0	0	0	0	-1	-1	-1
20260612-013742	ItemConsume	ExpendIdx	rage01	MaJas_ServeR	1090	AllStar	1	200	1281	2757			0		0	0	0	0	Th­¬ng H¶i Ch©u CÊp 7 (	2	102	214	172	-765110867	2026-06-12 01:37:35	4294917375	0	0	0	0	0	0
20260612-013742	ItemAdd	2648439867	rage01	MaJas_ServeR	1090	AllStar	1	200	1281	2757			0		0	0	0	0	V©n-V©n Õ	0	122	472	100	1209248614	2026-06-12 01:37:42	0	0	0	0	-1	-1	-1
20260612-013742	ItemConsume	ExpendIdx	rage01	MaJas_ServeR	1090	AllStar	1	200	1281	2757			0		0	0	0	0	Th­¬ng H¶i Ch©u CÊp 7 (	2	102	214	171	-765110867	2026-06-12 01:37:35	4294917375	0	0	0	0	0	0
20260612-013742	ItemAdd	2648439867	rage01	MaJas_ServeR	1090	AllStar	1	200	1281	2757			0		0	0	0	0	H¶i-Ngù K×nh	0	122	217	100	-1457199424	2026-06-12 01:37:42	0	0	0	0	-1	-1	-1
20260612-013743	ItemConsume	ExpendIdx	rage01	MaJas_ServeR	1090	AllStar	1	200	1281	2757			0		0	0	0	0	Th­¬ng H¶i Ch©u CÊp 7 (	2	102	214	170	-765110867	2026-06-12 01:37:35	4294917375	0	0	0	0	0	0
20260612-013743	ItemAdd	2648439867	rage01	MaJas_ServeR	1090	AllStar	1	200	1281	2757			0		0	0	0	0	S­¬ng-Ngù K×nh	0	122	560	100	-71262527	2026-06-12 01:37:43	0	0	0	0	-1	-1	-1
20260612-013743	ItemConsume	ExpendIdx	rage01	MaJas_ServeR	1090	AllStar	1	200	1281	2757			0		0	0	0	0	Th­¬ng H¶i Ch©u CÊp 7 (	2	102	214	169	-765110867	2026-06-12 01:37:35	4294917375	0	0	0	0	0	0
20260612-013743	ItemAdd	2648439867	rage01	MaJas_ServeR	1090	AllStar	1	200	1281	2757			0		0	0	0	0		0	122	598	100	232370324	2026-06-12 01:37:43	0	0	0	0	-1	-1	-1
20260612-013743	ItemConsume	ExpendIdx	rage01	MaJas_ServeR	1090	AllStar	1	200	1281	2757			0		0	0	0	0	Th­¬ng H¶i Ch©u CÊp 7 (	2	102	214	168	-765110867	2026-06-12 01:37:35	4294917375	0	0	0	0	0	0
20260612-013743	ItemAdd	2648439867	rage01	MaJas_ServeR	1090	AllStar	1	200	1281	2757			0		0	0	0	0	S¬n-Ngù K×nh	0	122	196	100	-295316514	2026-06-12 01:37:43	0	0	0	0	-1	-1	-1
20260612-013743	ItemConsume	ExpendIdx	rage01	MaJas_ServeR	1090	AllStar	1	200	1281	2757			0		0	0	0	0	Th­¬ng H¶i Ch©u CÊp 7 (	2	102	214	167	-765110867	2026-06-12 01:37:35	4294917375	0	0	0	0	0	0
20260612-013743	ItemAdd	2648439867	rage01	MaJas_ServeR	1090	AllStar	1	200	1281	2757			0		0	0	0	0		0	122	712	100	373730141	2026-06-12 01:37:43	0	0	0	0	-1	-1	-1
20260612-013743	ItemConsume	ExpendIdx	rage01	MaJas_ServeR	1090	AllStar	1	200	1281	2757			0		0	0	0	0	Th­¬ng H¶i Ch©u CÊp 7 (	2	102	214	166	-765110867	2026-06-12 01:37:35	4294917375	0	0	0	0	0	0
20260612-013743	ItemAdd	2648439867	rage01	MaJas_ServeR	1090	AllStar	1	200	1281	2757			0		0	0	0	0		0	122	567	100	-1217242752	2026-06-12 01:37:43	0	0	0	0	-1	-1	-1
20260612-013743	ItemConsume	ExpendIdx	rage01	MaJas_ServeR	1090	AllStar	1	200	1281	2757			0		0	0	0	0	Th­¬ng H¶i Ch©u CÊp 7 (	2	102	214	165	-765110867	2026-06-12 01:37:35	4294917375	0	0	0	0	0	0
20260612-013743	ItemAdd	2648439867	rage01	MaJas_ServeR	1090	AllStar	1	200	1281	2757			0		0	0	0	0	Thiªn-Ngù K×nh	0	122	154	100	1378438442	2026-06-12 01:37:43	0	0	0	0	-1	-1	-1
20260612-013744	ItemConsume	ExpendIdx	rage01	MaJas_ServeR	1090	AllStar	1	200	1281	2757			0		0	0	0	0	Th­¬ng H¶i Ch©u CÊp 7 (	2	102	214	164	-765110867	2026-06-12 01:37:35	4294917375	0	0	0	0	0	0
20260612-013744	ItemAdd	2648439867	rage01	MaJas_ServeR	1090	AllStar	1	200	1281	2757			0		0	0	0	0	S­¬ng-Ngù K×nh	0	122	560	100	-1234996828	2026-06-12 01:37:44	0	0	0	0	-1	-1	-1
20260612-013744	ItemConsume	ExpendIdx	rage01	MaJas_ServeR	1090	AllStar	1	200	1281	2757			0		0	0	0	0	Th­¬ng H¶i Ch©u CÊp 7 (	2	102	214	163	-765110867	2026-06-12 01:37:35	4294917375	0	0	0	0	0	0
20260612-013744	ItemAdd	2648439867	rage01	MaJas_ServeR	1090	AllStar	1	200	1281	2757			0		0	0	0	0	Vò-Ngù K×nh	0	122	504	100	-1759106644	2026-06-12 01:37:44	0	0	0	0	-1	-1	-1
20260612-013744	ItemConsume	ExpendIdx	rage01	MaJas_ServeR	1090	AllStar	1	200	1281	2757			0		0	0	0	0	Th­¬ng H¶i Ch©u CÊp 7 (	2	102	214	162	-765110867	2026-06-12 01:37:35	4294917375	0	0	0	0	0	0
20260612-013744	ItemAdd	2648439867	rage01	MaJas_ServeR	1090	AllStar	1	200	1281	2757			0		0	0	0	0		0	122	610	100	-791983761	2026-06-12 01:37:44	0	0	0	0	-1	-1	-1
20260612-013744	ItemConsume	ExpendIdx	rage01	MaJas_ServeR	1090	AllStar	1	200	1281	2757			0		0	0	0	0	Th­¬ng H¶i Ch©u CÊp 7 (	2	102	214	161	-765110867	2026-06-12 01:37:35	4294917375	0	0	0	0	0	0
20260612-013744	ItemAdd	2648439867	rage01	MaJas_ServeR	1090	AllStar	1	200	1281	2757			0		0	0	0	0		0	122	663	100	1367723473	2026-06-12 01:37:44	0	0	0	0	-1	-1	-1
20260612-013744	ItemConsume	ExpendIdx	rage01	MaJas_ServeR	1090	AllStar	1	200	1281	2757			0		0	0	0	0	Th­¬ng H¶i Ch©u CÊp 7 (	2	102	214	160	-765110867	2026-06-12 01:37:35	4294917375	0	0	0	0	0	0
20260612-013744	ItemAdd	2648439867	rage01	MaJas_ServeR	1090	AllStar	1	200	1281	2757			0		0	0	0	0		0	122	720	100	1041768548	2026-06-12 01:37:44	0	0	0	0	-1	-1	-1
20260612-013745	ItemConsume	ExpendIdx	rage01	MaJas_ServeR	1090	AllStar	1	200	1281	2757			0		0	0	0	0	Th­¬ng H¶i Ch©u CÊp 7 (	2	102	214	159	-765110867	2026-06-12 01:37:35	4294917375	0	0	0	0	0	0
20260612-013745	ItemAdd	2648439867	rage01	MaJas_ServeR	1090	AllStar	1	200	1281	2757			0		0	0	0	0		0	122	590	100	-2073524171	2026-06-12 01:37:45	0	0	0	0	-1	-1	-1
20260612-013745	ItemConsume	ExpendIdx	rage01	MaJas_ServeR	1090	AllStar	1	200	1281	2757			0		0	0	0	0	Th­¬ng H¶i Ch©u CÊp 7 (	2	102	214	158	-765110867	2026-06-12 01:37:35	4294917375	0	0	0	0	0	0
20260612-013745	ItemAdd	2648439867	rage01	MaJas_ServeR	1090	AllStar	1	200	1281	2757			0		0	0	0	0	S­¬ng-Ngù K×nh	0	122	560	100	903289521	2026-06-12 01:37:45	0	0	0	0	-1	-1	-1
20260612-013745	ItemConsume	ExpendIdx	rage01	MaJas_ServeR	1090	AllStar	1	200	1281	2757			0		0	0	0	0	Th­¬ng H¶i Ch©u CÊp 7 (	2	102	214	157	-765110867	2026-06-12 01:37:35	4294917375	0	0	0	0	0	0
20260612-013745	ItemAdd	2648439867	rage01	MaJas_ServeR	1090	AllStar	1	200	1281	2757			0		0	0	0	0		0	122	656	100	-715710813	2026-06-12 01:37:45	0	0	0	0	-1	-1	-1
20260612-013745	ItemConsume	ExpendIdx	rage01	MaJas_ServeR	1090	AllStar	1	200	1281	2757			0		0	0	0	0	Th­¬ng H¶i Ch©u CÊp 7 (	2	102	214	156	-765110867	2026-06-12 01:37:35	4294917375	0	0	0	0	0	0
20260612-013745	ItemAdd	2648439867	rage01	MaJas_ServeR	1090	AllStar	1	200	1281	2757			0		0	0	0	0	ThÇn-Ngù K×nh	0	122	133	100	-1287640565	2026-06-12 01:37:45	0	0	0	0	-1	-1	-1
20260612-013745	ItemConsume	ExpendIdx	rage01	MaJas_ServeR	1090	AllStar	1	200	1281	2757			0		0	0	0	0	Th­¬ng H¶i Ch©u CÊp 7 (	2	102	214	155	-765110867	2026-06-12 01:37:35	4294917375	0	0	0	0	0	0
20260612-013745	ItemAdd	2648439867	rage01	MaJas_ServeR	1090	AllStar	1	200	1281	2757			0		0	0	0	0		0	122	568	100	168403752	2026-06-12 01:37:45	0	0	0	0	-1	-1	-1
20260612-013745	ItemConsume	ExpendIdx	rage01	MaJas_ServeR	1090	AllStar	1	200	1281	2757			0		0	0	0	0	Th­¬ng H¶i Ch©u CÊp 7 (	2	102	214	154	-765110867	2026-06-12 01:37:35	4294917375	0	0	0	0	0	0
20260612-013745	ItemAdd	2648439867	rage01	MaJas_ServeR	1090	AllStar	1	200	1281	2757			0		0	0	0	0		0	122	696	100	1687611721	2026-06-12 01:37:45	0	0	0	0	-1	-1	-1
20260612-013746	ItemConsume	ExpendIdx	rage01	MaJas_ServeR	1090	AllStar	1	200	1281	2757			0		0	0	0	0	Th­¬ng H¶i Ch©u CÊp 7 (	2	102	214	153	-765110867	2026-06-12 01:37:35	4294917375	0	0	0	0	0	0
20260612-013746	ItemAdd	2648439867	rage01	MaJas_ServeR	1090	AllStar	1	200	1281	2757			0		0	0	0	0	ThÇn-Ngù K×nh	0	122	133	100	-2090639224	2026-06-12 01:37:46	0	0	0	0	-1	-1	-1
20260612-013746	ItemConsume	ExpendIdx	rage01	MaJas_ServeR	1090	AllStar	1	200	1281	2757			0		0	0	0	0	Th­¬ng H¶i Ch©u CÊp 7 (	2	102	214	152	-765110867	2026-06-12 01:37:35	4294917375	0	0	0	0	0	0
20260612-013746	ItemAdd	2648439867	rage01	MaJas_ServeR	1090	AllStar	1	200	1281	2757			0		0	0	0	0		0	122	672	100	1939071602	2026-06-12 01:37:46	0	0	0	0	-1	-1	-1
20260612-013746	ItemConsume	ExpendIdx	rage01	MaJas_ServeR	1090	AllStar	1	200	1281	2757			0		0	0	0	0	Th­¬ng H¶i Ch©u CÊp 7 (	2	102	214	151	-765110867	2026-06-12 01:37:35	4294917375	0	0	0	0	0	0
20260612-013746	ItemAdd	2648439867	rage01	MaJas_ServeR	1090	AllStar	1	200	1281	2757			0		0	0	0	0	S­¬ng-S­¬ng Tù	0	122	559	100	-336535010	2026-06-12 01:37:46	0	0	0	0	-1	-1	-1
20260612-013746	ItemConsume	ExpendIdx	rage01	MaJas_ServeR	1090	AllStar	1	200	1281	2757			0		0	0	0	0	Th­¬ng H¶i Ch©u CÊp 7 (	2	102	214	150	-765110867	2026-06-12 01:37:35	4294917375	0	0	0	0	0	0
20260612-013746	ItemAdd	2648439867	rage01	MaJas_ServeR	1090	AllStar	1	200	1281	2757			0		0	0	0	0	Xu©n-Thanh D­¬ng	0	122	292	100	657792614	2026-06-12 01:37:46	0	0	0	0	-1	-1	-1
20260612-013746	ItemConsume	ExpendIdx	rage01	MaJas_ServeR	1090	AllStar	1	200	1281	2757			0		0	0	0	0	Th­¬ng H¶i Ch©u CÊp 7 (	2	102	214	149	-765110867	2026-06-12 01:37:35	4294917375	0	0	0	0	0	0
20260612-013746	ItemAdd	2648439867	rage01	MaJas_ServeR	1090	AllStar	1	200	1281	2757			0		0	0	0	0		0	122	638	100	-728878656	2026-06-12 01:37:46	0	0	0	0	-1	-1	-1
20260612-013746	ItemConsume	ExpendIdx	rage01	MaJas_ServeR	1090	AllStar	1	200	1281	2757			0		0	0	0	0	Th­¬ng H¶i Ch©u CÊp 7 (	2	102	214	148	-765110867	2026-06-12 01:37:35	4294917375	0	0	0	0	0	0
20260612-013746	ItemAdd	2648439867	rage01	MaJas_ServeR	1090	AllStar	1	200	1281	2757			0		0	0	0	0		0	122	622	100	-1839004223	2026-06-12 01:37:46	0	0	0	0	-1	-1	-1
20260612-013747	ItemConsume	ExpendIdx	rage01	MaJas_ServeR	1090	AllStar	1	200	1281	2757			0		0	0	0	0	Th­¬ng H¶i Ch©u CÊp 7 (	2	102	214	147	-765110867	2026-06-12 01:37:35	4294917375	0	0	0	0	0	0
20260612-013747	ItemAdd	2648439867	rage01	MaJas_ServeR	1090	AllStar	1	200	1281	2757			0		0	0	0	0		0	122	648	100	1339705279	2026-06-12 01:37:47	0	0	0	0	-1	-1	-1
20260612-013747	ItemConsume	ExpendIdx	rage01	MaJas_ServeR	1090	AllStar	1	200	1281	2757			0		0	0	0	0	Th­¬ng H¶i Ch©u CÊp 7 (	2	102	214	146	-765110867	2026-06-12 01:37:35	4294917375	0	0	0	0	0	0
20260612-013747	ItemAdd	2648439867	rage01	MaJas_ServeR	1090	AllStar	1	200	1281	2757			0		0	0	0	0		0	122	582	100	89635786	2026-06-12 01:37:47	0	0	0	0	-1	-1	-1
20260612-013747	ItemConsume	ExpendIdx	rage01	MaJas_ServeR	1090	AllStar	1	200	1281	2757			0		0	0	0	0	Th­¬ng H¶i Ch©u CÊp 7 (	2	102	214	145	-765110867	2026-06-12 01:37:35	4294917375	0	0	0	0	0	0
20260612-013747	ItemAdd	2648439867	rage01	MaJas_ServeR	1090	AllStar	1	200	1281	2757			0		0	0	0	0	Th¹ch-V©n C¨n	0	122	430	100	1751571958	2026-06-12 01:37:47	0	0	0	0	-1	-1	-1
20260612-013826	ItemConsume	DelItemByIndex	rage01	MaJas_ServeR	1090	AllStar	1	200	1281	2757			0		0	0	0	0	§Þa-Th¸i Ninh	0	122	174	100	1600284928	2026-06-12 01:37:38	0	0	0	0	-1	-1	-1
20260612-013826	ItemAdd	1374054949	rage01	MaJas_ServeR	1090	AllStar	200	200	1281	2757			0		0	0	0	0	Bét Tr©n Ch©u	2	102	215	200	825103186	2026-06-12 01:38:26	2048	2048	2048	0	-1	-1	-1
20260612-013826	ItemConsume	DelItemByIndex	rage01	MaJas_ServeR	1090	AllStar	1	200	1281	2757			0		0	0	0	0	V©n-V©n Õ	0	122	472	100	1209248614	2026-06-12 01:37:42	0	0	0	0	-1	-1	-1
20260612-013826	ItemAdd	1374054949	rage01	MaJas_ServeR	1090	AllStar	200	200	1281	2757			0		0	0	0	0	Bét Tr©n Ch©u	2	102	215	200	-511355124	2026-06-12 01:38:26	2048	2048	2048	0	-1	-1	-1
20260612-013826	ItemConsume	DelItemByIndex	rage01	MaJas_ServeR	1090	AllStar	1	200	1281	2757			0		0	0	0	0	Th¹ch-V©n C¨n	0	122	430	100	1751571958	2026-06-12 01:37:47	0	0	0	0	-1	-1	-1
20260612-013826	ItemAdd	1374054949	rage01	MaJas_ServeR	1090	AllStar	200	200	1281	2757			0		0	0	0	0	Bét Tr©n Ch©u	2	102	215	200	-1346647555	2026-06-12 01:38:26	2048	2048	2048	0	-1	-1	-1
20260612-013826	ItemConsume	DelItemByIndex	rage01	MaJas_ServeR	1090	AllStar	1	200	1281	2757			0		0	0	0	0	Thiªn-Hång Qu©n	0	122	152	100	706967352	2026-06-12 01:37:38	0	0	0	0	-1	-1	-1
20260612-013826	ItemAdd	1374054949	rage01	MaJas_ServeR	1090	AllStar	200	200	1281	2757			0		0	0	0	0	Bét Tr©n Ch©u	2	102	215	200	-2138099666	2026-06-12 01:38:26	2048	2048	2048	0	-1	-1	-1
20260612-013826	ItemConsume	DelItemByIndex	rage01	MaJas_ServeR	1090	AllStar	1	200	1281	2757			0		0	0	0	0	H¶i-Ngù K×nh	0	122	217	100	-1457199424	2026-06-12 01:37:42	0	0	0	0	-1	-1	-1
20260612-013826	ItemAdd	1374054949	rage01	MaJas_ServeR	1090	AllStar	200	200	1281	2757			0		0	0	0	0	Bét Tr©n Ch©u	2	102	215	200	1507309512	2026-06-12 01:38:26	2048	2048	2048	0	-1	-1	-1
20260612-013826	ItemConsume	DelItemByIndex	rage01	MaJas_ServeR	1090	AllStar	1	200	1281	2757			0		0	0	0	0	TuyÕt-Ngù K×nh	0	122	532	100	-949864511	2026-06-12 01:37:39	0	0	0	0	-1	-1	-1
20260612-013826	ItemAdd	1374054949	rage01	MaJas_ServeR	1090	AllStar	200	200	1281	2757			0		0	0	0	0	Bét Tr©n Ch©u	2	102	215	200	-85773719	2026-06-12 01:38:26	2048	2048	2048	0	-1	-1	-1
20260612-013826	ItemConsume	DelItemByIndex	rage01	MaJas_ServeR	1090	AllStar	1	200	1281	2757			0		0	0	0	0	S­¬ng-Ngù K×nh	0	122	560	100	-71262527	2026-06-12 01:37:43	0	0	0	0	-1	-1	-1
20260612-013826	ItemAdd	1374054949	rage01	MaJas_ServeR	1090	AllStar	200	200	1281	2757			0		0	0	0	0	Bét Tr©n Ch©u	2	102	215	200	-760565539	2026-06-12 01:38:26	2048	2048	2048	0	-1	-1	-1
20260612-013826	ItemConsume	DelItemByIndex	rage01	MaJas_ServeR	1090	AllStar	1	200	1281	2757			0		0	0	0	0	§Þa-Ngù K×nh	0	122	175	100	-1183648310	2026-06-12 01:37:39	0	0	0	0	-1	-1	-1
20260612-013826	ItemAdd	1374054949	rage01	MaJas_ServeR	1090	AllStar	200	200	1281	2757			0		0	0	0	0	Bét Tr©n Ch©u	2	102	215	200	1072258863	2026-06-12 01:38:26	2048	2048	2048	0	-1	-1	-1
20260612-013826	ItemConsume	DelItemByIndex	rage01	MaJas_ServeR	1090	AllStar	1	200	1281	2757			0		0	0	0	0	S¬n-Ngù K×nh	0	122	196	100	-295316514	2026-06-12 01:37:43	0	0	0	0	-1	-1	-1
20260612-013826	ItemAdd	1374054949	rage01	MaJas_ServeR	1090	AllStar	200	200	1281	2757			0		0	0	0	0	Bét Tr©n Ch©u	2	102	215	200	1726828060	2026-06-12 01:38:26	2048	2048	2048	0	-1	-1	-1
20260612-013826	ItemConsume	DelItemByIndex	rage01	MaJas_ServeR	1090	AllStar	1	200	1281	2757			0		0	0	0	0	Th¹ch-S¬n Cèt	0	122	429	100	-1713236156	2026-06-12 01:37:39	0	0	0	0	-1	-1	-1
20260612-013826	ItemAdd	1374054949	rage01	MaJas_ServeR	1090	AllStar	200	200	1281	2757			0		0	0	0	0	Bét Tr©n Ch©u	2	102	215	200	-1249537114	2026-06-12 01:38:26	2048	2048	2048	0	-1	-1	-1
20260612-013826	ItemConsume	DelItemByIndex	rage01	MaJas_ServeR	1090	AllStar	1	200	1281	2757			0		0	0	0	0	Thiªn-Ngù K×nh	0	122	154	100	1378438442	2026-06-12 01:37:43	0	0	0	0	-1	-1	-1
20260612-013826	ItemAdd	1374054949	rage01	MaJas_ServeR	1090	AllStar	200	200	1281	2757			0		0	0	0	0	Bét Tr©n Ch©u	2	102	215	200	-1893990917	2026-06-12 01:38:26	2048	2048	2048	0	-1	-1	-1
20260612-013826	ItemConsume	DelItemByIndex	rage01	MaJas_ServeR	1090	AllStar	1	200	1281	2757			0		0	0	0	0	TuyÕt-Ngù K×nh	0	122	532	100	1042694551	2026-06-12 01:37:39	0	0	0	0	-1	-1	-1
20260612-013826	ItemAdd	1374054949	rage01	MaJas_ServeR	1090	AllStar	200	200	1281	2757			0		0	0	0	0	Bét Tr©n Ch©u	2	102	215	200	396995032	2026-06-12 01:38:26	2048	2048	2048	0	-1	-1	-1
20260612-013826	ItemConsume	DelItemByIndex	rage01	MaJas_ServeR	1090	AllStar	1	200	1281	2757			0		0	0	0	0	S­¬ng-Ngù K×nh	0	122	560	100	-1234996828	2026-06-12 01:37:44	0	0	0	0	-1	-1	-1
20260612-013826	ItemAdd	1374054949	rage01	MaJas_ServeR	1090	AllStar	200	200	1281	2757			0		0	0	0	0	Bét Tr©n Ch©u	2	102	215	200	220231669	2026-06-12 01:38:26	2048	2048	2048	0	-1	-1	-1
20260612-013826	ItemConsume	DelItemByIndex	rage01	MaJas_ServeR	1090	AllStar	1	200	1281	2757			0		0	0	0	0	Vô-Ngù K×nh	0	122	273	100	-769735829	2026-06-12 01:37:40	0	0	0	0	-1	-1	-1
20260612-013826	ItemAdd	1374054949	rage01	MaJas_ServeR	1090	AllStar	200	200	1281	2757			0		0	0	0	0	Bét Tr©n Ch©u	2	102	215	200	-647839645	2026-06-12 01:38:26	2048	2048	2048	0	-1	-1	-1
20260612-013826	ItemConsume	DelItemByIndex	rage01	MaJas_ServeR	1090	AllStar	1	200	1281	2757			0		0	0	0	0	Vò-Ngù K×nh	0	122	504	100	-1759106644	2026-06-12 01:37:44	0	0	0	0	-1	-1	-1
20260612-013826	ItemAdd	1374054949	rage01	MaJas_ServeR	1090	AllStar	200	200	1281	2757			0		0	0	0	0	Bét Tr©n Ch©u	2	102	215	200	815651116	2026-06-12 01:38:26	2048	2048	2048	0	-1	-1	-1
20260612-013826	ItemConsume	DelItemByIndex	rage01	MaJas_ServeR	1090	AllStar	1	200	1281	2757			0		0	0	0	0	V©n-Ngù K×nh	0	122	476	100	-1933748651	2026-06-12 01:37:40	0	0	0	0	-1	-1	-1
20260612-013826	ItemAdd	1374054949	rage01	MaJas_ServeR	1090	AllStar	200	200	1281	2757			0		0	0	0	0	Bét Tr©n Ch©u	2	102	215	200	1026876214	2026-06-12 01:38:26	2048	2048	2048	0	-1	-1	-1
20260612-013826	ItemConsume	DelItemByIndex	rage01	MaJas_ServeR	1090	AllStar	1	200	1281	2757			0		0	0	0	0	S­¬ng-Ngù K×nh	0	122	560	100	903289521	2026-06-12 01:37:45	0	0	0	0	-1	-1	-1
20260612-013826	ItemAdd	1374054949	rage01	MaJas_ServeR	1090	AllStar	200	200	1281	2757			0		0	0	0	0	Bét Tr©n Ch©u	2	102	215	200	-1523194933	2026-06-12 01:38:26	2048	2048	2048	0	-1	-1	-1
20260612-013826	ItemConsume	DelItemByIndex	rage01	MaJas_ServeR	1090	AllStar	1	200	1281	2757			0		0	0	0	0	NhËt-Ngù K×nh	0	122	28	100	-1389113670	2026-06-12 01:37:40	0	0	0	0	-1	-1	-1
20260612-013826	ItemAdd	1374054949	rage01	MaJas_ServeR	1090	AllStar	200	200	1281	2757			0		0	0	0	0	Bét Tr©n Ch©u	2	102	215	200	-337201139	2026-06-12 01:38:26	2048	2048	2048	0	-1	-1	-1
20260612-013826	ItemConsume	DelItemByIndex	rage01	MaJas_ServeR	1090	AllStar	1	200	1281	2757			0		0	0	0	0	ThÇn-Ngù K×nh	0	122	133	100	-1287640565	2026-06-12 01:37:45	0	0	0	0	-1	-1	-1
20260612-013826	ItemAdd	1374054949	rage01	MaJas_ServeR	1090	AllStar	200	200	1281	2757			0		0	0	0	0	Bét Tr©n Ch©u	2	102	215	200	296301778	2026-06-12 01:38:26	2048	2048	2048	0	-1	-1	-1
20260612-013826	ItemConsume	DelItemByIndex	rage01	MaJas_ServeR	1090	AllStar	1	200	1281	2757			0		0	0	0	0	S¬n-Sïng A	0	122	194	100	-43159243	2026-06-12 01:37:41	0	0	0	0	-1	-1	-1
20260612-013826	ItemAdd	1374054949	rage01	MaJas_ServeR	1090	AllStar	200	200	1281	2757			0		0	0	0	0	Bét Tr©n Ch©u	2	102	215	200	974496908	2026-06-12 01:38:26	2048	2048	2048	0	-1	-1	-1
20260612-013826	ItemConsume	DelItemByIndex	rage01	MaJas_ServeR	1090	AllStar	1	200	1281	2757			0		0	0	0	0	ThÇn-Ngù K×nh	0	122	133	100	-2090639224	2026-06-12 01:37:46	0	0	0	0	-1	-1	-1
20260612-013826	ItemAdd	1374054949	rage01	MaJas_ServeR	1090	AllStar	200	200	1281	2757			0		0	0	0	0	Bét Tr©n Ch©u	2	102	215	200	-1181235843	2026-06-12 01:38:26	2048	2048	2048	0	-1	-1	-1
20260612-013826	ItemConsume	DelItemByIndex	rage01	MaJas_ServeR	1090	AllStar	1	200	1281	2757			0		0	0	0	0	NhËt-Ngu Uyªn	0	122	27	100	-584887216	2026-06-12 01:34:20	0	0	0	0	-1	-1	-1
20260612-013826	ItemAdd	1374054949	rage01	MaJas_ServeR	1090	AllStar	200	200	1281	2757			0		0	0	0	0	Bét Tr©n Ch©u	2	102	215	200	39424770	2026-06-12 01:38:26	2048	2048	2048	0	-1	-1	-1
20260612-013826	ItemConsume	DelItemByIndex	rage01	MaJas_ServeR	1090	AllStar	1	200	1281	2757			0		0	0	0	0	S­¬ng-S­¬ng Tù	0	122	559	100	-336535010	2026-06-12 01:37:46	0	0	0	0	-1	-1	-1
20260612-013826	ItemAdd	1374054949	rage01	MaJas_ServeR	1090	AllStar	200	200	1281	2757			0		0	0	0	0	Bét Tr©n Ch©u	2	102	215	200	92445611	2026-06-12 01:38:26	2048	2048	2048	0	-1	-1	-1
20260612-013826	ItemConsume	DelItemByIndex	rage01	MaJas_ServeR	1090	AllStar	1	200	1281	2757			0		0	0	0	0	ThÇn-Ngù K×nh	0	122	133	100	1818602751	2026-06-12 01:37:42	0	0	0	0	-1	-1	-1
20260612-013826	ItemAdd	1374054949	rage01	MaJas_ServeR	1090	AllStar	200	200	1281	2757			0		0	0	0	0	Bét Tr©n Ch©u	2	102	215	200	-1159180984	2026-06-12 01:38:26	2048	2048	2048	0	-1	-1	-1
20260612-013826	ItemConsume	DelItemByIndex	rage01	MaJas_ServeR	1090	AllStar	1	200	1281	2757			0		0	0	0	0	Xu©n-Thanh D­¬ng	0	122	292	100	657792614	2026-06-12 01:37:46	0	0	0	0	-1	-1	-1
20260612-013826	ItemAdd	1374054949	rage01	MaJas_ServeR	1090	AllStar	200	200	1281	2757			0		0	0	0	0	Bét Tr©n Ch©u	2	102	215	200	1587234098	2026-06-12 01:38:26	2048	2048	2048	0	-1	-1	-1
20260612-013849	ItemConsume	ClearItemInPos	rage01	MaJas_ServeR	1090	AllStar	1	200	1278	2771			0		0	0	0	0	Vâ L©m 2 Shiina	2	1	50001	1	-1981882352	2026-06-12 01:37:17	8587562	0	0	0	2	0	0
20260612-013849	ItemConsume	ClearItemInPos	rage01	MaJas_ServeR	1090	AllStar	2000	200	1278	2771			0		0	0	0	0	Bét Tr©n Ch©u	2	102	215	2000	-1630106265	2026-06-12 01:37:21	724098	2690751	0	0	2	1	0
20260612-013849	ItemConsume	ClearItemInPos	rage01	MaJas_ServeR	1090	AllStar	1	200	1278	2771			0		0	0	0	0		0	122	620	100	-2141680509	2026-06-12 01:37:37	0	0	0	0	2	2	0
20260612-013849	ItemConsume	ClearItemInPos	rage01	MaJas_ServeR	1090	AllStar	1	200	1278	2771			0		0	0	0	0		0	122	669	100	-1407555321	2026-06-12 01:37:38	0	0	0	0	2	4	0
20260612-013849	ItemConsume	ClearItemInPos	rage01	MaJas_ServeR	1090	AllStar	1	200	1278	2771			0		0	0	0	0		0	122	672	100	1189099220	2026-06-12 01:37:38	0	0	0	0	2	0	1
20260612-013849	ItemConsume	ClearItemInPos	rage01	MaJas_ServeR	1090	AllStar	1	200	1278	2771			0		0	0	0	0		0	122	615	100	1699112411	2026-06-12 01:37:38	0	0	0	0	2	1	1
20260612-013849	ItemConsume	ClearItemInPos	rage01	MaJas_ServeR	1090	AllStar	1	200	1278	2771			0		0	0	0	0		0	122	709	100	-524143035	2026-06-12 01:37:38	0	0	0	0	2	3	1
20260612-013849	ItemConsume	ClearItemInPos	rage01	MaJas_ServeR	1090	AllStar	1	200	1278	2771			0		0	0	0	0		0	122	615	100	1346834483	2026-06-12 01:37:39	0	0	0	0	2	0	2
20260612-013849	ItemConsume	ClearItemInPos	rage01	MaJas_ServeR	1090	AllStar	1	200	1278	2771			0		0	0	0	0		0	122	610	100	-634175266	2026-06-12 01:37:39	0	0	0	0	2	1	2
20260612-013849	ItemConsume	ClearItemInPos	rage01	MaJas_ServeR	1090	AllStar	1	200	1278	2771			0		0	0	0	0		0	122	691	100	955856548	2026-06-12 01:37:40	0	0	0	0	2	0	3
20260612-013849	ItemConsume	ClearItemInPos	rage01	MaJas_ServeR	1090	AllStar	1	200	1278	2771			0		0	0	0	0		0	122	655	100	-1729745965	2026-06-12 01:37:40	0	0	0	0	2	2	3
20260612-013849	ItemConsume	ClearItemInPos	rage01	MaJas_ServeR	1090	AllStar	1	200	1278	2771			0		0	0	0	0		0	122	656	100	779782938	2026-06-12 01:37:41	0	0	0	0	2	1	4
20260612-013849	ItemConsume	ClearItemInPos	rage01	MaJas_ServeR	1090	AllStar	1	200	1278	2771			0		0	0	0	0		0	122	642	100	-1325547159	2026-06-12 01:37:41	0	0	0	0	2	2	4
20260612-013849	ItemConsume	ClearItemInPos	rage01	MaJas_ServeR	1090	AllStar	1	200	1278	2771			0		0	0	0	0		0	122	684	100	-163942746	2026-06-12 01:37:41	0	0	0	0	2	4	4
20260612-013849	ItemConsume	ClearItemInPos	rage01	MaJas_ServeR	1090	AllStar	1	200	1278	2771			0		0	0	0	0		0	122	656	100	-1608044782	2026-06-12 01:37:41	0	0	0	0	2	0	5
20260612-013849	ItemConsume	ClearItemInPos	rage01	MaJas_ServeR	1090	AllStar	1	200	1278	2771			0		0	0	0	0		0	122	662	100	-1085063823	2026-06-12 01:37:42	0	0	0	0	2	1	5
20260612-013849	ItemConsume	ClearItemInPos	rage01	MaJas_ServeR	1090	AllStar	1	200	1278	2771			0		0	0	0	0		0	122	580	100	315566125	2026-06-12 01:37:42	0	0	0	0	2	2	5
20260612-013849	ItemConsume	ClearItemInPos	rage01	MaJas_ServeR	1090	AllStar	1	200	1278	2771			0		0	0	0	0		0	122	598	100	232370324	2026-06-12 01:37:43	0	0	0	0	2	2	6
20260612-013849	ItemConsume	ClearItemInPos	rage01	MaJas_ServeR	1090	AllStar	1	200	1278	2771			0		0	0	0	0		0	122	712	100	373730141	2026-06-12 01:37:43	0	0	0	0	2	4	6
20260612-013849	ItemConsume	ClearItemInPos	rage01	MaJas_ServeR	1090	AllStar	1	200	1278	2771			0		0	0	0	0		0	122	567	100	-1217242752	2026-06-12 01:37:43	0	0	0	0	2	0	7
20260612-013849	ItemConsume	ClearItemInPos	rage01	MaJas_ServeR	1090	AllStar	1	200	1278	2771			0		0	0	0	0		0	122	610	100	-791983761	2026-06-12 01:37:44	0	0	0	0	2	4	7
20260612-013849	ItemConsume	ClearItemInPos	rage01	MaJas_ServeR	1090	AllStar	1	200	1278	2771			0		0	0	0	0		0	122	663	100	1367723473	2026-06-12 01:37:44	0	0	0	0	2	0	8
20260612-013849	ItemConsume	ClearItemInPos	rage01	MaJas_ServeR	1090	AllStar	1	200	1278	2771			0		0	0	0	0		0	122	720	100	1041768548	2026-06-12 01:37:44	0	0	0	0	2	1	8
20260612-013849	ItemConsume	ClearItemInPos	rage01	MaJas_ServeR	1090	AllStar	1	200	1278	2771			0		0	0	0	0		0	122	590	100	-2073524171	2026-06-12 01:37:45	0	0	0	0	2	2	8
20260612-013849	ItemConsume	ClearItemInPos	rage01	MaJas_ServeR	1090	AllStar	1	200	1278	2771			0		0	0	0	0		0	122	656	100	-715710813	2026-06-12 01:37:45	0	0	0	0	2	4	8
20260612-013849	ItemConsume	ClearItemInPos	rage01	MaJas_ServeR	1090	AllStar	1	200	1278	2771			0		0	0	0	0		0	122	568	100	168403752	2026-06-12 01:37:45	0	0	0	0	2	1	9
20260612-013849	ItemConsume	ClearItemInPos	rage01	MaJas_ServeR	1090	AllStar	1	200	1278	2771			0		0	0	0	0		0	122	696	100	1687611721	2026-06-12 01:37:45	0	0	0	0	2	2	9
20260612-013849	ItemConsume	ClearItemInPos	rage01	MaJas_ServeR	1090	AllStar	1	200	1278	2771			0		0	0	0	0		0	122	672	100	1939071602	2026-06-12 01:37:46	0	0	0	0	2	4	9
20260612-013849	ItemConsume	ClearItemInPos	rage01	MaJas_ServeR	1090	AllStar	1	200	1278	2771			0		0	0	0	0		0	122	638	100	-728878656	2026-06-12 01:37:46	0	0	0	0	2	2	10
20260612-013849	ItemConsume	ClearItemInPos	rage01	MaJas_ServeR	1090	AllStar	1	200	1278	2771			0		0	0	0	0		0	122	622	100	-1839004223	2026-06-12 01:37:46	0	0	0	0	2	3	10
20260612-013849	ItemConsume	ClearItemInPos	rage01	MaJas_ServeR	1090	AllStar	1	200	1278	2771			0		0	0	0	0		0	122	648	100	1339705279	2026-06-12 01:37:47	0	0	0	0	2	4	10
20260612-013849	ItemConsume	ClearItemInPos	rage01	MaJas_ServeR	1090	AllStar	1	200	1278	2771			0		0	0	0	0		0	122	582	100	89635786	2026-06-12 01:37:47	0	0	0	0	2	0	11
20260612-013849	ItemConsume	ClearItemInPos	rage01	MaJas_ServeR	1090	AllStar	145	200	1278	2771			0		0	0	0	0	Th­¬ng H¶i Ch©u CÊp 7 (	2	102	214	145	-765110867	2026-06-12 01:37:35	4294917375	0	0	0	2	4	11
20260612-013849	ItemAdd	3086646439	rage01	MaJas_ServeR	1090	AllStar	1	200	1278	2771			0		0	0	0	0	Vâ L©m 2 Shiina	2	1	50001	1	1377992340	2026-06-12 01:38:49	4294905164	0	0	0	-1	-1	-1
20260612-014011	ItemAdd	3220264017	rage01	MaJas_ServeR	1090	AllStar	1	200	1277	2762			0		0	0	0	0	[BÝ §iÓn] MËt TÞch TiÒm	0	107	30046	0	-1897777148	2026-06-12 01:40:11	335610624	336856068	197633	0	-1	-1	-1
20260612-014011	ItemAdd	3220264017	rage01	MaJas_ServeR	1090	AllStar	1	200	1277	2762			0		0	0	0	0	[BÝ §iÓn] MËt TÞch TiÒm	0	107	30046	0	955831842	2026-06-12 01:40:11	335610880	336856067	196865	0	-1	-1	-1
20260612-014025	ItemAdd	4247153898	rage01	MaJas_ServeR	1090	AllStar	1	200	1277	2762			0		0	0	0	0	R­¬ng YÕu QuyÕt_S¬	2	1	50005	1	-336726458	2026-06-12 01:40:25	4294904833	0	0	0	-1	-1	-1
20260612-014026	ItemConsume	ExpendIdx	rage01	MaJas_ServeR	1090	AllStar	1	200	1277	2762			0		0	0	0	0	R­¬ng YÕu QuyÕt_S¬	2	1	50005	1	-336726458	2026-06-12 01:40:25	4294904833	0	0	0	2	4	0
20260612-014026	ItemAdd	2916245822	rage01	MaJas_ServeR	1090	AllStar	1	200	1277	2762			0		0	0	0	0	ThÊt B¶o ChiÕu quyÕt	2	6	11	1	277899690	2026-06-12 01:40:26	4294916842	0	0	0	-1	-1	-1
20260612-014026	ItemAdd	2916245822	rage01	MaJas_ServeR	1090	AllStar	1	200	1277	2762			0		0	0	0	0	La H¸n QuyÒn quyÕt	2	6	12	1	-659030669	2026-06-12 01:40:26	4294916398	0	0	0	-1	-1	-1
20260612-014026	ItemAdd	2916245822	rage01	MaJas_ServeR	1090	AllStar	1	200	1277	2762			0		0	0	0	0	Ca DiÖp Thèi quyÕt	2	6	13	1	1585778864	2026-06-12 01:40:26	4294917453	0	0	0	-1	-1	-1
20260612-014026	ItemAdd	2916245822	rage01	MaJas_ServeR	1090	AllStar	1	200	1277	2762			0		0	0	0	0	HuÖ Nh·n quyÕt	2	6	14	1	558510961	2026-06-12 01:40:26	4294916607	0	0	0	-1	-1	-1
20260612-014026	ItemAdd	2916245822	rage01	MaJas_ServeR	1090	AllStar	1	200	1277	2762			0		0	0	0	0	Vi §µ quyÕt	2	6	15	1	-978021626	2026-06-12 01:40:26	4263429	4294916360	0	0	-1	-1	-1
20260612-014026	ItemAdd	2916245822	rage01	MaJas_ServeR	1090	AllStar	1	200	1277	2762			0		0	0	0	0	V¨n V©n quyÕt	2	6	16	1	-1014363429	2026-06-12 01:40:26	3551245	1379877	0	0	-1	-1	-1
20260612-014026	ItemAdd	2916245822	rage01	MaJas_ServeR	1090	AllStar	1	200	1277	2762			0		0	0	0	0	La H¸n TrËn quyÕt	2	6	17	1	-1266522215	2026-06-12 01:40:26	597329	4294917407	0	0	-1	-1	-1
20260612-014026	ItemAdd	2916245822	rage01	MaJas_ServeR	1090	AllStar	1	200	1277	2762			0		0	0	0	0	§¹i Tu Di Ch­ëng	2	6	18	1	2141036776	2026-06-12 01:40:26	4294917762	0	0	0	-1	-1	-1
20260612-014026	ItemAdd	2916245822	rage01	MaJas_ServeR	1090	AllStar	1	200	1277	2762			0		0	0	0	0	V« ¶nh quyÕt	2	6	19	1	1654770185	2026-06-12 01:40:26	4294916483	0	0	0	-1	-1	-1
20260612-014026	ItemAdd	2916245822	rage01	MaJas_ServeR	1090	AllStar	1	200	1277	2762			0		0	0	0	0	Long Tr¶o Thñ quyÕt	2	6	20	1	-1782687874	2026-06-12 01:40:26	3934726	0	0	0	-1	-1	-1
20260612-014118	ItemAdd	2834304296	rage02	ServeR_Anh	1090		1	200	1283	2763			0		0	0	0	0	Tèng-Chu T­íc T­íng Kh«	0	103	32263	360	-337267971	2026-06-12 01:41:18	977145169	977275177	977341860	15	-1	-1	-1
20260612-014118	ItemAdd	2834304296	rage02	ServeR_Anh	1090		1	200	1283	2763			0		0	0	0	0	Tèng-Chu T­íc T­íng Y	0	100	32263	360	-1994674558	2026-06-12 01:41:18	977144665	977276277	977406465	15	-1	-1	-1
20260612-014118	ItemAdd	2834304296	rage02	ServeR_Anh	1090		1	200	1283	2763			0		0	0	0	0	Tèng-Chu T­íc T­íng Tra	0	101	32263	360	-1317733077	2026-06-12 01:41:18	977144209	977276848	977471671	15	-1	-1	-1
20260612-014118	ItemAdd	2834304296	rage02	ServeR_Anh	1090		1	200	1283	2763			0		0	0	0	0	Tèng-Chu T­íc T­íng LÖn	0	102	31856	100	-444404536	2026-06-12 01:41:18	977144153	977864859	977604318	0	-1	-1	-1
20260612-014118	ItemAdd	2834304296	rage02	ServeR_Anh	1090		1	200	1283	2763			0		0	0	0	0	Tèng-Chu T­íc T­íng LÖn	0	102	31878	100	919554921	2026-06-12 01:41:18	977145127	977864821	980160165	0	-1	-1	-1
20260612-014118	ItemAdd	2834304296	rage02	ServeR_Anh	1090		1	200	1283	2763			0		0	0	0	0	Tèng-Chu T­íc T­íng LÖn	0	102	31900	100	-590095266	2026-06-12 01:41:18	977144199	977866106	980224207	0	-1	-1	-1
20260612-014118	ItemAdd	2834304296	rage02	ServeR_Anh	1090		1	200	1283	2763			0		0	0	0	0	Tèng-Chu T­íc T­íng KiÕ	0	2	32553	300	-1768443593	2026-06-12 01:41:18	977735166	978128303	949294941	15	-1	-1	-1
20260612-014155	ItemAdd	IBShop	rage02	ServeR_Anh	1090		1	200	1283	2758			0		0	0	0	0	§¹i HiÖp LÖnh	2	1	50254	1	732058770	2026-06-12 01:41:55	0	0	0	0	2	4	3
20260612-014354	ItemAdd	1466563955	rage01	MaJas_ServeR	1090	AllStar	1	200	1279	2759			0		0	0	0	0	Méc Linh Phô ThÓ Lv7	2	150	114	1	389011260	2026-06-12 01:43:54	2048	2048	2048	0	-1	-1	-1
20260612-014354	ItemAdd	1466563955	rage01	MaJas_ServeR	1090	AllStar	1	200	1279	2759			0		0	0	0	0	Háa Linh Phô ThÓ Lv7	2	150	116	1	-2103811603	2026-06-12 01:43:54	2048	2048	2048	0	-1	-1	-1
20260612-014354	ItemAdd	1466563955	rage01	MaJas_ServeR	1090	AllStar	1	200	1279	2759			0		0	0	0	0	Ng­ng ThÇn QuyÕt Lv3	2	150	123	1	188022689	2026-06-12 01:43:54	2048	2048	2048	0	-1	-1	-1
20260612-014354	ItemAdd	1466563955	rage01	MaJas_ServeR	1090	AllStar	1	200	1279	2759			0		0	0	0	0	Thæ Linh Phô ThÓ Lv7	2	150	117	1	-253903085	2026-06-12 01:43:54	2048	2048	2048	0	-1	-1	-1
20260612-014354	ItemAdd	1466563955	rage01	MaJas_ServeR	1090	AllStar	1	200	1279	2759			0		0	0	0	0	Ng­ng ThÇn QuyÕt Lv3	2	150	123	1	219499216	2026-06-12 01:43:54	2048	2048	2048	0	-1	-1	-1
20260612-014354	ItemAdd	1466563955	rage01	MaJas_ServeR	1090	AllStar	1	200	1279	2759			0		0	0	0	0	Ngò Hµnh V« T­íng Lv7	2	150	112	1	1453535249	2026-06-12 01:43:54	2048	2048	2048	0	-1	-1	-1
20260612-014354	ItemAdd	1466563955	rage01	MaJas_ServeR	1090	AllStar	1	200	1279	2759			0		0	0	0	0	Ph¸ Kh«ng Tr¶m A¶nh Lv7	2	150	118	1	1323738883	2026-06-12 01:43:54	2048	2048	2048	0	-1	-1	-1
20260612-014354	ItemAdd	1466563955	rage01	MaJas_ServeR	1090	AllStar	1	200	1279	2759			0		0	0	0	0	Ph¸ Kh«ng Tr¶m A¶nh Lv7	2	150	118	1	-1319438976	2026-06-12 01:43:54	2048	2048	2048	0	-1	-1	-1
20260612-014354	ItemAdd	1466563955	rage01	MaJas_ServeR	1090	AllStar	1	200	1279	2759			0		0	0	0	0	¢m Phong Thùc Cèt Lv7	2	150	110	1	1141098794	2026-06-12 01:43:54	2048	2048	2048	0	-1	-1	-1
20260612-014354	ItemAdd	1466563955	rage01	MaJas_ServeR	1090	AllStar	1	200	1279	2759			0		0	0	0	0	¢m Phong Thùc Cèt Lv7	2	150	110	1	333698096	2026-06-12 01:43:54	2048	2048	2048	0	-1	-1	-1
20260612-014422	ItemAdd	3912887248	rage01	MaJas_ServeR	1090	AllStar	1000	200	1279	2759			0		0	0	0	0	VËt phÈm Xu	2	1	30230	1000	2091070310	2026-06-12 01:44:22	4294905178	0	0	0	-1	-1	-1
20260612-014424	MoneyPay	548769593	rage01	MaJas_ServeR	1090	AllStar	10000000	200	1279	2759			0		0	0	0	0		0	0	0	0	0		0	0	0	0	-1	-1	-1
20260612-014424	ItemAdd	1306792653	rage01	MaJas_ServeR	1090	AllStar	1	200	1279	2759			0		0	0	0	0	Phông tö Ên	2	0	30005	1	-94553961	2026-06-12 01:44:24	593823	4294904156	0	0	-1	-1	-1
20260612-014424	ItemAdd	1306792653	rage01	MaJas_ServeR	1090	AllStar	1	200	1279	2759			0		0	0	0	0	Thanh S­¬ng tr©m	0	108	634	360	-27131856	2026-06-12 01:44:24	4294903920	0	0	0	-1	-1	-1
20260612-014424	ItemAdd	1306792653	rage01	MaJas_ServeR	1090	AllStar	1	200	1279	2759			0		0	0	0	0	Thanh S­¬ng ¸o	0	109	634	360	-1657500326	2026-06-12 01:44:24	4294904258	5181266	0	0	-1	-1	-1
20260612-014424	ItemAdd	1306792653	rage01	MaJas_ServeR	1090	AllStar	1	200	1279	2759			0		0	0	0	0	Thanh S­¬ng trang	0	110	634	360	1790504063	2026-06-12 01:44:24	4294904090	68021	0	0	-1	-1	-1
20260612-014424	ItemAdd	1306792653	rage01	MaJas_ServeR	1090	AllStar	1	200	1279	2759			0		0	0	0	0	Phông 10-H	0	148	138	800	55484342	2026-06-12 01:44:24	926122576	932386016	0	0	-1	-1	-1
20260612-014424	ItemAdd	1306792653	rage01	MaJas_ServeR	1090	AllStar	1	200	1279	2759			0		0	0	0	0	Phông 10-C	0	149	142	800	-495739102	2026-06-12 01:44:24	926164129	932719307	0	0	-1	-1	-1
20260612-014424	ItemAdd	1306792653	rage01	MaJas_ServeR	1090	AllStar	1	200	1279	2759			0		0	0	0	0	Phông 10-T	0	150	138	800	1789281230	2026-06-12 01:44:24	898181909	932845892	0	0	-1	-1	-1
20260612-014438	MoneyPay	ItemCollect	rage01	MaJas_ServeR	1090	AllStar	100000	200	1272	2773			0		0	0	0	0		0	0	0	0	0		0	0	0	0	-1	-1	-1
20260612-014438	ItemAdd	Player.AddItem	rage01	MaJas_ServeR	1090	AllStar	1	200	1272	2773			0		0	0	0	0	Hång nh Trang	0	110	917	360	-321196887	2026-06-12 01:44:38	2048	2048	2048	0	-1	-1	-1
20260612-014438	ItemAdd	PopCollection	rage01	MaJas_ServeR	1090	AllStar	1	200	1272	2773			0		0	0	0	0	Hång nh Trang	0	110	917	360	-321196887	2026-06-12 01:44:38	2048	2048	2048	0	2	1	5
20260612-014438	ItemAdd	PopCollection	rage01	MaJas_ServeR	1090	AllStar	1	200	1272	2773			0		0	0	0	0	Hång nh Trang	0	110	917	360	-321196887	2026-06-12 01:44:38	2048	2048	2048	0	2	1	5
20260612-014450	MoneyPay	CommonEnhanceEmbroidery	rage01	MaJas_ServeR	1090	AllStar	8000000	200	1272	2773			0		0	0	0	0		0	0	0	0	0		0	0	0	0	-1	-1	-1
20260612-014450	ItemConsume	CommonEnhanceEmbroidery	rage01	MaJas_ServeR	1090	AllStar	1	200	1272	2773			0		0	0	0	0	Phông 10-T	0	150	138	800	1789281230	2026-06-12 01:44:24	898181909	932845892	0	0	8	1	0
20260612-014452	large_str	AddItem[/script/online_activites/treasure_box/trigger.lua|OnTimer]			0		2013860751	0	0	0			0		0	0	0	0		0	0	0	0	0		0	0	0	0	-1	-1	-1
20260612-014452	ItemAdd	2013860751	rage01	MaJas_ServeR	1090	AllStar	1	200	1272	2773			0		0	0	0	0	Méc R­¬ng	2	1	30340	1	-1711619075	2026-06-12 01:44:52	2048	2048	2048	0	-1	-1	-1
20260612-014506	ItemAdd	96862040	rage01	MaJas_ServeR	1090	AllStar	1	200	1275	2764			0		0	0	0	0	NhÉn V« Cùc	0	102	31130	100	-1475247737	2026-06-12 01:45:06	925239855	925306650	0	0	-1	-1	-1
20260612-014506	ItemAdd	96862040	rage01	MaJas_ServeR	1090	AllStar	1	200	1275	2764			0		0	0	0	0	Minh Tinh Chi Giíi	0	102	31131	100	2022824163	2026-06-12 01:45:06	925240954	925305373	0	0	-1	-1	-1
20260612-014512	ItemAdd	96862040	rage01	MaJas_ServeR	1090	AllStar	1	200	1275	2764			0		0	0	0	0	Thiªn H¹ V« Song Kh«i	0	103	30207	200	424859205	2026-06-12 01:45:12	0	0	0	15	-1	-1	-1
20260612-014512	ItemAdd	96862040	rage01	MaJas_ServeR	1090	AllStar	1	200	1275	2764			0		0	0	0	0	Thiªn H¹ V« Song Gi¸p	0	100	30207	200	602665322	2026-06-12 01:45:12	0	0	0	15	-1	-1	-1
20260612-014512	ItemAdd	96862040	rage01	MaJas_ServeR	1090	AllStar	1	200	1275	2764			0		0	0	0	0	Thiªn H¹ V« Song Trang	0	101	30207	200	460253156	2026-06-12 01:45:12	0	0	0	15	-1	-1	-1
20260612-014524	ItemAdd	96862040	rage01	MaJas_ServeR	1090	AllStar	1	200	1275	2764			0		0	0	0	0	NhÉn V« Cùc	0	102	31130	100	1776763612	2026-06-12 01:45:24	925241278	925304886	0	0	-1	-1	-1
20260612-014524	ItemAdd	96862040	rage01	MaJas_ServeR	1090	AllStar	1	200	1275	2764			0		0	0	0	0	Minh Tinh Chi Giíi	0	102	31131	100	-619967000	2026-06-12 01:45:24	925239653	925305356	0	0	-1	-1	-1
20260612-014529	ItemAdd	96862040	rage01	MaJas_ServeR	1090	AllStar	1	200	1275	2764			0		0	0	0	0	Thiªn H¹ V« Song Kh«i	0	103	30207	200	-456557724	2026-06-12 01:45:29	0	0	0	15	-1	-1	-1
20260612-014529	ItemAdd	96862040	rage01	MaJas_ServeR	1090	AllStar	1	200	1275	2764			0		0	0	0	0	Thiªn H¹ V« Song Gi¸p	0	100	30207	200	-2116685542	2026-06-12 01:45:29	0	0	0	15	-1	-1	-1
20260612-014529	ItemAdd	96862040	rage01	MaJas_ServeR	1090	AllStar	1	200	1275	2764			0		0	0	0	0	Thiªn H¹ V« Song Trang	0	101	30207	200	192678164	2026-06-12 01:45:29	0	0	0	15	-1	-1	-1
20260612-014533	ItemAdd	96862040	rage01	MaJas_ServeR	1090	AllStar	1	200	1275	2764			0		0	0	0	0	V« Song ChiÕn ThÇn Kh«i	0	103	30651	200	334636275	2026-06-12 01:45:33	0	0	0	15	-1	-1	-1
20260612-014533	ItemAdd	96862040	rage01	MaJas_ServeR	1090	AllStar	1	200	1275	2764			0		0	0	0	0	V« Song ChiÕn ThÇn Gi¸p	0	100	30651	200	320317436	2026-06-12 01:45:33	0	0	0	15	-1	-1	-1
20260612-014533	ItemAdd	96862040	rage01	MaJas_ServeR	1090	AllStar	1	200	1275	2764			0		0	0	0	0	V« Song ChiÕn ThÇn Tran	0	101	30651	200	92398726	2026-06-12 01:45:33	0	0	0	15	-1	-1	-1
20260612-014551	ItemConsume	ClearItemInPos	rage01	MaJas_ServeR	1090	AllStar	1	200	1278	2760			0		0	0	0	0	Vâ L©m 2 Shiina	2	1	50001	1	1377992340	2026-06-12 01:38:49	4294905164	0	0	0	2	0	0
20260612-014551	ItemConsume	ClearItemInPos	rage01	MaJas_ServeR	1090	AllStar	1	200	1278	2760			0		0	0	0	0	Méc Linh Phô ThÓ Lv7	2	150	114	1	389011260	2026-06-12 01:43:54	2048	2048	2048	0	2	2	0
20260612-014551	ItemConsume	ClearItemInPos	rage01	MaJas_ServeR	1090	AllStar	1	200	1278	2760			0		0	0	0	0	[BÝ §iÓn] MËt TÞch TiÒm	0	107	30046	0	955831842	2026-06-12 01:40:11	335610880	336856067	196865	0	2	3	0
20260612-014551	ItemConsume	ClearItemInPos	rage01	MaJas_ServeR	1090	AllStar	1	200	1278	2760			0		0	0	0	0	Háa Linh Phô ThÓ Lv7	2	150	116	1	-2103811603	2026-06-12 01:43:54	2048	2048	2048	0	2	4	0
20260612-014551	ItemConsume	ClearItemInPos	rage01	MaJas_ServeR	1090	AllStar	1	200	1278	2760			0		0	0	0	0	La H¸n QuyÒn quyÕt	2	6	12	1	-659030669	2026-06-12 01:40:26	4294916398	0	0	0	2	0	1
20260612-014551	ItemConsume	ClearItemInPos	rage01	MaJas_ServeR	1090	AllStar	1	200	1278	2760			0		0	0	0	0	Ca DiÖp Thèi quyÕt	2	6	13	1	1585778864	2026-06-12 01:40:26	4294917453	0	0	0	2	1	1
20260612-014551	ItemConsume	ClearItemInPos	rage01	MaJas_ServeR	1090	AllStar	1	200	1278	2760			0		0	0	0	0	HuÖ Nh·n quyÕt	2	6	14	1	558510961	2026-06-12 01:40:26	4294916607	0	0	0	2	2	1
20260612-014551	ItemConsume	ClearItemInPos	rage01	MaJas_ServeR	1090	AllStar	1	200	1278	2760			0		0	0	0	0	Vi §µ quyÕt	2	6	15	1	-978021626	2026-06-12 01:40:26	4263429	4294916360	0	0	2	3	1
20260612-014551	ItemConsume	ClearItemInPos	rage01	MaJas_ServeR	1090	AllStar	1	200	1278	2760			0		0	0	0	0	V¨n V©n quyÕt	2	6	16	1	-1014363429	2026-06-12 01:40:26	3551245	1379877	0	0	2	4	1
20260612-014551	ItemConsume	ClearItemInPos	rage01	MaJas_ServeR	1090	AllStar	1	200	1278	2760			0		0	0	0	0	La H¸n TrËn quyÕt	2	6	17	1	-1266522215	2026-06-12 01:40:26	597329	4294917407	0	0	2	0	2
20260612-014551	ItemConsume	ClearItemInPos	rage01	MaJas_ServeR	1090	AllStar	1	200	1278	2760			0		0	0	0	0	§¹i Tu Di Ch­ëng	2	6	18	1	2141036776	2026-06-12 01:40:26	4294917762	0	0	0	2	1	2
20260612-014551	ItemConsume	ClearItemInPos	rage01	MaJas_ServeR	1090	AllStar	1	200	1278	2760			0		0	0	0	0	V« ¶nh quyÕt	2	6	19	1	1654770185	2026-06-12 01:40:26	4294916483	0	0	0	2	2	2
20260612-014551	ItemConsume	ClearItemInPos	rage01	MaJas_ServeR	1090	AllStar	1	200	1278	2760			0		0	0	0	0	Long Tr¶o Thñ quyÕt	2	6	20	1	-1782687874	2026-06-12 01:40:26	3934726	0	0	0	2	3	2
20260612-014551	ItemConsume	ClearItemInPos	rage01	MaJas_ServeR	1090	AllStar	1	200	1278	2760			0		0	0	0	0	Ng­ng ThÇn QuyÕt Lv3	2	150	123	1	188022689	2026-06-12 01:43:54	2048	2048	2048	0	2	4	2
20260612-014551	ItemConsume	ClearItemInPos	rage01	MaJas_ServeR	1090	AllStar	1	200	1278	2760			0		0	0	0	0	Thæ Linh Phô ThÓ Lv7	2	150	117	1	-253903085	2026-06-12 01:43:54	2048	2048	2048	0	2	0	3
20260612-014551	ItemConsume	ClearItemInPos	rage01	MaJas_ServeR	1090	AllStar	1	200	1278	2760			0		0	0	0	0	Ng­ng ThÇn QuyÕt Lv3	2	150	123	1	219499216	2026-06-12 01:43:54	2048	2048	2048	0	2	1	3
20260612-014551	ItemConsume	ClearItemInPos	rage01	MaJas_ServeR	1090	AllStar	1	200	1278	2760			0		0	0	0	0	Ngò Hµnh V« T­íng Lv7	2	150	112	1	1453535249	2026-06-12 01:43:54	2048	2048	2048	0	2	2	3
20260612-014551	ItemConsume	ClearItemInPos	rage01	MaJas_ServeR	1090	AllStar	1	200	1278	2760			0		0	0	0	0	Ph¸ Kh«ng Tr¶m A¶nh Lv7	2	150	118	1	1323738883	2026-06-12 01:43:54	2048	2048	2048	0	2	3	3
20260612-014551	ItemConsume	ClearItemInPos	rage01	MaJas_ServeR	1090	AllStar	1	200	1278	2760			0		0	0	0	0	Ph¸ Kh«ng Tr¶m A¶nh Lv7	2	150	118	1	-1319438976	2026-06-12 01:43:54	2048	2048	2048	0	2	4	3
20260612-014551	ItemConsume	ClearItemInPos	rage01	MaJas_ServeR	1090	AllStar	1	200	1278	2760			0		0	0	0	0	¢m Phong Thùc Cèt Lv7	2	150	110	1	1141098794	2026-06-12 01:43:54	2048	2048	2048	0	2	0	4
20260612-014551	ItemConsume	ClearItemInPos	rage01	MaJas_ServeR	1090	AllStar	1	200	1278	2760			0		0	0	0	0	¢m Phong Thùc Cèt Lv7	2	150	110	1	333698096	2026-06-12 01:43:54	2048	2048	2048	0	2	1	4
20260612-014551	ItemConsume	ClearItemInPos	rage01	MaJas_ServeR	1090	AllStar	1000	200	1278	2760			0		0	0	0	0	VËt phÈm Xu	2	1	30230	1000	2091070310	2026-06-12 01:44:22	4294905178	0	0	0	2	2	4
20260612-014551	ItemConsume	ClearItemInPos	rage01	MaJas_ServeR	1090	AllStar	1	200	1278	2760			0		0	0	0	0	Phông tö Ên	2	0	30005	1	-94553961	2026-06-12 01:44:24	593823	4294904156	0	0	2	3	4
20260612-014551	ItemConsume	ClearItemInPos	rage01	MaJas_ServeR	1090	AllStar	1	200	1278	2760			0		0	0	0	0	Thanh S­¬ng tr©m	0	108	634	360	-27131856	2026-06-12 01:44:24	4294903920	0	0	0	2	4	4
20260612-014551	ItemConsume	ClearItemInPos	rage01	MaJas_ServeR	1090	AllStar	1	200	1278	2760			0		0	0	0	0	Thanh S­¬ng ¸o	0	109	634	360	-1657500326	2026-06-12 01:44:24	4294904258	5181266	0	0	2	0	5
20260612-014551	ItemConsume	ClearItemInPos	rage01	MaJas_ServeR	1090	AllStar	1	200	1278	2760			0		0	0	0	0	Thanh S­¬ng trang	0	110	634	359	1790504063	2026-06-12 01:44:24	4294904090	68021	0	0	2	1	5
20260612-014551	ItemConsume	ClearItemInPos	rage01	MaJas_ServeR	1090	AllStar	1	200	1278	2760			0		0	0	0	0	Phông 10-H	0	148	138	800	55484342	2026-06-12 01:44:24	926122576	932386016	0	0	2	2	5
20260612-014551	ItemConsume	ClearItemInPos	rage01	MaJas_ServeR	1090	AllStar	1	200	1278	2760			0		0	0	0	0	Phông 10-C	0	149	142	800	-495739102	2026-06-12 01:44:24	926164129	932719307	0	0	2	3	5
20260612-014551	ItemConsume	ClearItemInPos	rage01	MaJas_ServeR	1090	AllStar	1	200	1278	2760			0		0	0	0	0	Méc R­¬ng	2	1	30340	1	-1711619075	2026-06-12 01:44:52	2048	2048	2048	0	2	4	5
20260612-014551	ItemConsume	ClearItemInPos	rage01	MaJas_ServeR	1090	AllStar	1	200	1278	2760			0		0	0	0	0	NhÉn V« Cùc	0	102	31130	100	-1475247737	2026-06-12 01:45:06	925239855	925306650	0	0	2	0	6
20260612-014551	ItemConsume	ClearItemInPos	rage01	MaJas_ServeR	1090	AllStar	1	200	1278	2760			0		0	0	0	0	Minh Tinh Chi Giíi	0	102	31131	100	2022824163	2026-06-12 01:45:06	925240954	925305373	0	0	2	1	6
20260612-014551	ItemConsume	ClearItemInPos	rage01	MaJas_ServeR	1090	AllStar	1	200	1278	2760			0		0	0	0	0	Thiªn H¹ V« Song Kh«i	0	103	30207	200	424859205	2026-06-12 01:45:12	0	0	0	15	2	2	6
20260612-014551	ItemConsume	ClearItemInPos	rage01	MaJas_ServeR	1090	AllStar	1	200	1278	2760			0		0	0	0	0	Thiªn H¹ V« Song Gi¸p	0	100	30207	200	602665322	2026-06-12 01:45:12	0	0	0	15	2	3	6
20260612-014551	ItemConsume	ClearItemInPos	rage01	MaJas_ServeR	1090	AllStar	1	200	1278	2760			0		0	0	0	0	Thiªn H¹ V« Song Trang	0	101	30207	200	460253156	2026-06-12 01:45:12	0	0	0	15	2	4	6
20260612-014551	ItemConsume	ClearItemInPos	rage01	MaJas_ServeR	1090	AllStar	1	200	1278	2760			0		0	0	0	0	NhÉn V« Cùc	0	102	31130	100	1776763612	2026-06-12 01:45:24	925241278	925304886	0	0	2	0	7
20260612-014551	ItemConsume	ClearItemInPos	rage01	MaJas_ServeR	1090	AllStar	1	200	1278	2760			0		0	0	0	0	Minh Tinh Chi Giíi	0	102	31131	100	-619967000	2026-06-12 01:45:24	925239653	925305356	0	0	2	1	7
20260612-014551	ItemConsume	ClearItemInPos	rage01	MaJas_ServeR	1090	AllStar	1	200	1278	2760			0		0	0	0	0	Thiªn H¹ V« Song Kh«i	0	103	30207	200	-456557724	2026-06-12 01:45:29	0	0	0	15	2	2	7
20260612-014551	ItemConsume	ClearItemInPos	rage01	MaJas_ServeR	1090	AllStar	1	200	1278	2760			0		0	0	0	0	Thiªn H¹ V« Song Gi¸p	0	100	30207	200	-2116685542	2026-06-12 01:45:29	0	0	0	15	2	3	7
20260612-014551	ItemConsume	ClearItemInPos	rage01	MaJas_ServeR	1090	AllStar	1	200	1278	2760			0		0	0	0	0	Thiªn H¹ V« Song Trang	0	101	30207	200	192678164	2026-06-12 01:45:29	0	0	0	15	2	0	8
20260612-014551	ItemConsume	ClearItemInPos	rage01	MaJas_ServeR	1090	AllStar	1	200	1278	2760			0		0	0	0	0	V« Song ChiÕn ThÇn Kh«i	0	103	30651	200	334636275	2026-06-12 01:45:33	0	0	0	15	2	1	8
20260612-014551	ItemConsume	ClearItemInPos	rage01	MaJas_ServeR	1090	AllStar	1	200	1278	2760			0		0	0	0	0	V« Song ChiÕn ThÇn Gi¸p	0	100	30651	200	320317436	2026-06-12 01:45:33	0	0	0	15	2	2	8
20260612-014551	ItemConsume	ClearItemInPos	rage01	MaJas_ServeR	1090	AllStar	1	200	1278	2760			0		0	0	0	0	V« Song ChiÕn ThÇn Tran	0	101	30651	200	92398726	2026-06-12 01:45:33	0	0	0	15	2	3	8
20260612-014551	ItemConsume	ClearItemInPos	rage01	MaJas_ServeR	1090	AllStar	1	200	1278	2760			0		0	0	0	0	[BÝ §iÓn] MËt TÞch TiÒm	0	107	30046	0	-1897777148	2026-06-12 01:40:11	1175585536	1331037188	134480897	0	2	4	11
20260612-014551	ItemAdd	3086646439	rage01	MaJas_ServeR	1090	AllStar	1	200	1278	2760			0		0	0	0	0	Vâ L©m 2 Shiina	2	1	50001	1	1926749261	2026-06-12 01:45:51	4460478	4294904055	0	0	-1	-1	-1
20260612-014611	ItemAdd	1324356344	rage01	MaJas_ServeR	1090	AllStar	1	200	1278	2760			0		0	0	0	0	Phi Phong Tinh Huy	0	152	38	100	670668808	2026-06-12 01:46:11	0	0	0	15	-1	-1	-1
20260612-014611	ItemAdd	1324356344	rage01	MaJas_ServeR	1090	AllStar	1	200	1278	2760			0		0	0	0	0	Huy Ch­¬ng Tinh Huy	0	153	38	100	85985193	2026-06-12 01:46:11	0	0	0	15	-1	-1	-1
20260612-014611	ItemAdd	1324356344	rage01	MaJas_ServeR	1090	AllStar	1	200	1278	2760			0		0	0	0	0	Giµy Tinh Huy	0	154	38	100	891905674	2026-06-12 01:46:11	0	0	0	15	-1	-1	-1
20260612-014611	ItemAdd	1324356344	rage01	MaJas_ServeR	1090	AllStar	1	200	1278	2760			0		0	0	0	0	Phi Phong NguyÖt KhuyÕt	0	152	40	100	378323923	2026-06-12 01:46:11	0	0	0	15	-1	-1	-1
20260612-014611	ItemAdd	1324356344	rage01	MaJas_ServeR	1090	AllStar	1	200	1278	2760			0		0	0	0	0	Huy Ch­¬ng NguyÖt KhuyÕ	0	153	40	100	-237039012	2026-06-12 01:46:11	0	0	0	15	-1	-1	-1
20260612-014611	ItemAdd	1324356344	rage01	MaJas_ServeR	1090	AllStar	1	200	1278	2760			0		0	0	0	0	Giµy NguyÖt KhuyÕt	0	154	40	100	-1984793006	2026-06-12 01:46:11	0	0	0	15	-1	-1	-1
20260612-014611	ItemAdd	1324356344	rage01	MaJas_ServeR	1090	AllStar	1	200	1278	2760			0		0	0	0	0	Phi Phong Háa S¸t	0	152	39	100	-1518530036	2026-06-12 01:46:11	0	0	0	15	-1	-1	-1
20260612-014611	ItemAdd	1324356344	rage01	MaJas_ServeR	1090	AllStar	1	200	1278	2760			0		0	0	0	0	Huy Ch­¬ng Háa S¸t	0	153	39	100	-904830723	2026-06-12 01:46:11	0	0	0	15	-1	-1	-1
20260612-014611	ItemAdd	1324356344	rage01	MaJas_ServeR	1090	AllStar	1	200	1278	2760			0		0	0	0	0	Giµy Háa S¸t	0	154	39	100	1415702607	2026-06-12 01:46:11	0	0	0	15	-1	-1	-1
20260612-014648	ItemAdd	1990807953	rage01	MaJas_ServeR	1090	AllStar	1	200	1278	2760			0		0	0	0	0	Ph¸ Hån LÖnh (§Çu)	2	1	31529	1	-449662551	2026-06-12 01:46:48	4294904659	0	0	0	-1	-1	-1
20260612-014648	ItemAdd	1990807953	rage01	MaJas_ServeR	1090	AllStar	1	200	1278	2760			0		0	0	0	0	Ph¸ Hån LÖnh (¸o)	2	1	31530	1	-1118621794	2026-06-12 01:46:48	4294904141	0	0	0	-1	-1	-1
20260612-014648	ItemAdd	1990807953	rage01	MaJas_ServeR	1090	AllStar	1	200	1278	2760			0		0	0	0	0	Ph¸ Hån LÖnh (QuÇn)	2	1	31531	1	-1877072200	2026-06-12 01:46:48	4294905406	0	0	0	-1	-1	-1
20260612-014648	ItemAdd	1990807953	rage01	MaJas_ServeR	1090	AllStar	1	200	1278	2760			0		0	0	0	0	Ph¸ Hån LÖnh (Vò KhÝ)	2	1	31532	1	-1954947550	2026-06-12 01:46:48	199161	0	0	0	-1	-1	-1
20260612-014648	ItemAdd	1990807953	rage01	MaJas_ServeR	1090	AllStar	1	200	1278	2760			0		0	0	0	0	Ph¸ Hån LÖnh (Trang Søc	2	1	31533	1	1923691612	2026-06-12 01:46:48	4294905459	0	0	0	-1	-1	-1
20260612-014648	ItemAdd	1990807953	rage01	MaJas_ServeR	1090	AllStar	1	200	1278	2760			0		0	0	0	0	Ph¸ Hån LÖnh (Trang Søc	2	1	31533	1	-1582531187	2026-06-12 01:46:48	4294904616	0	0	0	-1	-1	-1
20260612-014755	ItemConsume	ExpendIdx	rage01	MaJas_ServeR	1090	AllStar	1	200	1278	2760			0		0	0	0	0	Ph¸ Hån LÖnh (§Çu)	2	1	31529	1	-449662551	2026-06-12 01:46:48	4294904659	0	0	0	2	0	2
20260612-014755	ItemAdd	3632489766	rage01	MaJas_ServeR	1090	AllStar	1	200	1278	2760			0		0	0	0	0	MÆt N¹ Ph¸ Hån	0	103	32347	360	-1812119247	2026-06-12 01:47:55	0	0	0	0	-1	-1	-1
20260612-014805	ItemAdd	2013860751	rage02	ServeR_Anh	1090	AllStar	1	200	1283	2755			0		0	0	0	0	Méc R­¬ng	2	1	30340	1	617796398	2026-06-12 01:48:05	2048	2048	2048	0	-1	-1	-1
20260612-014909	ItemConsume	ExpendIdx	rage01	MaJas_ServeR	1090	AllStar	1	200	1278	2760			0		0	0	0	0	Ph¸ Hån LÖnh (Trang Søc	2	1	31533	1	-1582531187	2026-06-12 01:46:48	4294904616	0	0	0	2	0	3
20260612-014909	ItemAdd	3632489766	rage01	MaJas_ServeR	1090	AllStar	1	200	1278	2760			0		0	0	0	0	NhÉn Ph¸ Hån	0	102	32160	100	991202320	2026-06-12 01:49:09	0	0	0	0	-1	-1	-1
20260612-014944	ItemConsume	ExpendIdx	rage01	MaJas_ServeR	1090	AllStar	1	200	1278	2760			0		0	0	0	0	Ph¸ Hån LÖnh (Trang Søc	2	1	31533	1	1923691612	2026-06-12 01:46:48	4294905459	0	0	0	2	4	2
20260612-014944	ItemAdd	3632489766	rage01	MaJas_ServeR	1090	AllStar	1	200	1278	2760			0		0	0	0	0	D©y §eo NhiÕp T©m	0	102	32161	100	-35510324	2026-06-12 01:49:44	0	0	0	0	-1	-1	-1
20260612-015032	ItemConsume	ExpendIdx	rage01	MaJas_ServeR	1090	AllStar	1	200	1278	2760			0		0	0	0	0	Ph¸ Hån LÖnh (¸o)	2	1	31530	1	-1118621794	2026-06-12 01:46:48	4294904141	0	0	0	2	1	2
20260612-015032	ItemAdd	3632489766	rage01	MaJas_ServeR	1090	AllStar	1	200	1278	2760			0		0	0	0	0	A¸o Ph¸ Hån	0	100	32347	360	-1024806202	2026-06-12 01:50:32	0	0	0	0	-1	-1	-1
20260612-015143	ItemConsume	ExpendIdx	rage01	MaJas_ServeR	1090	AllStar	1	200	1278	2760			0		0	0	0	0	Ph¸ Hån LÖnh (Vò KhÝ)	2	1	31532	1	-1954947550	2026-06-12 01:46:48	199161	0	0	0	2	3	2
20260612-015143	ItemAdd	3632489766	rage01	MaJas_ServeR	1090	AllStar	1	200	1278	2760			0		0	0	0	0	Ph¸ Hån NghÞch Phong Cù	0	0	15302	300	1915294044	2026-06-12 01:51:43	0	0	0	0	-1	-1	-1
20260612-015203	ItemConsume	ExpendIdx	rage01	MaJas_ServeR	1090	AllStar	1	200	1278	2760			0		0	0	0	0	Ph¸ Hån LÖnh (QuÇn)	2	1	31531	1	-1877072200	2026-06-12 01:46:48	4294905406	0	0	0	2	2	2
20260612-015203	ItemAdd	3632489766	rage01	MaJas_ServeR	1090	AllStar	1	200	1278	2760			0		0	0	0	0	QuÇn Ph¸ Hån	0	101	32347	360	91668470	2026-06-12 01:52:03	0	0	0	0	-1	-1	-1
20260612-015239	large_str	AddItem[/script/ksgvn/item/item_test_card.lua|book_ShowCommonMenu]			0		1216929321	0	0	0			0		0	0	0	0		0	0	0	0	0		0	0	0	0	-1	-1	-1
20260612-015239	ItemAdd	1216929321	rage01	MaJas_ServeR	1090	AllStar	1	200	1278	2760			0		0	0	0	0	Chiªm Y Phæ	0	107	66	0	1241185873	2026-06-12 01:52:39	101123076	101122819	131585	0	-1	-1	-1
20260612-015248	ItemAdd	96862040	rage01	MaJas_ServeR	1090	AllStar	1	200	1278	2760			0		0	0	0	0	NhÉn V« Cùc	0	102	31130	100	1886523939	2026-06-12 01:52:48	925240566	925305712	0	0	-1	-1	-1
20260612-015248	ItemAdd	96862040	rage01	MaJas_ServeR	1090	AllStar	1	200	1278	2760			0		0	0	0	0	Minh Tinh Chi Giíi	0	102	31131	100	1609493439	2026-06-12 01:52:48	925240748	925306272	0	0	-1	-1	-1
20260612-015255	ItemAdd	4062716329	rage01	MaJas_ServeR	1090	AllStar	100	200	1278	2760			0		0	0	0	0	L­u Kim	2	1	31096	100	1379577525	2026-06-12 01:52:55	3672283	4294904947	0	0	-1	-1	-1
20260612-015255	ItemAdd	4062716329	rage01	MaJas_ServeR	1090	AllStar	100	200	1278	2760			0		0	0	0	0	Thiªn V¨n Th¹ch	2	201	13	100	-1444832620	2026-06-12 01:52:55	4294905813	0	0	0	-1	-1	-1
20260612-015255	ItemAdd	4062716329	rage01	MaJas_ServeR	1090	AllStar	1	200	1278	2760			0		0	0	0	0	Cæ Kim Th¹ch	2	201	14	1	502304222	2026-06-12 01:52:55	4294905783	0	0	0	-1	-1	-1
20260612-015255	ItemAdd	4062716329	rage01	MaJas_ServeR	1090	AllStar	1	200	1278	2760			0		0	0	0	0	Cæ Kim Th¹ch	2	201	14	1	1744232631	2026-06-12 01:52:55	68961	0	0	0	-1	-1	-1
20260612-015255	ItemAdd	4062716329	rage01	MaJas_ServeR	1090	AllStar	1	200	1278	2760			0		0	0	0	0	Cæ Kim Th¹ch	2	201	14	1	2080122201	2026-06-12 01:52:55	4294905006	0	0	0	-1	-1	-1
20260612-015255	ItemAdd	4062716329	rage01	MaJas_ServeR	1090	AllStar	1	200	1278	2760			0		0	0	0	0	Cæ Kim Th¹ch	2	201	14	1	-1071914738	2026-06-12 01:52:55	4294904429	0	0	0	-1	-1	-1
20260612-015255	ItemAdd	4062716329	rage01	MaJas_ServeR	1090	AllStar	1	200	1278	2760			0		0	0	0	0	Cæ Kim Th¹ch	2	201	14	1	758384551	2026-06-12 01:52:55	4294903840	0	0	0	-1	-1	-1
20260612-015255	ItemAdd	4062716329	rage01	MaJas_ServeR	1090	AllStar	1	200	1278	2760			0		0	0	0	0	§iÓm Tinh Ngäc-Nhá	2	201	16	1	332502985	2026-06-12 01:52:55	4294903822	0	0	0	-1	-1	-1
20260612-015255	ItemAdd	4062716329	rage01	MaJas_ServeR	1090	AllStar	1	200	1278	2760			0		0	0	0	0	§iÓm Tinh Ngäc-Nhá	2	201	16	1	-145258885	2026-06-12 01:52:55	4294905666	0	0	0	-1	-1	-1
20260612-015255	ItemAdd	4062716329	rage01	MaJas_ServeR	1090	AllStar	1	200	1278	2760			0		0	0	0	0	§iÓm Tinh Ngäc-Nhá	2	201	16	1	565492824	2026-06-12 01:52:55	68644	4294904213	0	0	-1	-1	-1
20260612-015255	ItemAdd	4062716329	rage01	MaJas_ServeR	1090	AllStar	1	200	1278	2760			0		0	0	0	0	§iÓm Tinh Ngäc-Nhá	2	201	16	1	1642304629	2026-06-12 01:52:55	4294904789	5377475	0	0	-1	-1	-1
20260612-015255	ItemAdd	4062716329	rage01	MaJas_ServeR	1090	AllStar	1	200	1278	2760			0		0	0	0	0	§iÓm Tinh Ngäc-Nhá	2	201	16	1	-788342650	2026-06-12 01:52:55	4294905853	0	0	0	-1	-1	-1
20260612-015301	ItemAdd	2834304296	rage01	MaJas_ServeR	1090	AllStar	1	200	1278	2760			0		0	0	0	0	Tèng-Chu T­íc T­íng Kh«	0	103	32261	360	-755657635	2026-06-12 01:53:01	977144198	977275434	977342174	15	-1	-1	-1
20260612-015301	ItemAdd	2834304296	rage01	MaJas_ServeR	1090	AllStar	1	200	1278	2760			0		0	0	0	0	Tèng-Chu T­íc T­íng Y	0	100	32261	360	1416303458	2026-06-12 01:53:01	977144885	977275547	977406985	15	-1	-1	-1
20260612-015301	ItemAdd	2834304296	rage01	MaJas_ServeR	1090	AllStar	1	200	1278	2760			0		0	0	0	0	Tèng-Chu T­íc T­íng Tra	0	101	32261	360	-325694581	2026-06-12 01:53:01	977143917	977276705	977471933	15	-1	-1	-1
20260612-015301	ItemAdd	2834304296	rage01	MaJas_ServeR	1090	AllStar	1	200	1278	2760			0		0	0	0	0	Tèng-Chu T­íc T­íng LÖn	0	102	31854	100	-547159384	2026-06-12 01:53:01	977145116	977866146	977603249	0	-1	-1	-1
20260612-015301	ItemAdd	2834304296	rage01	MaJas_ServeR	1090	AllStar	1	200	1278	2760			0		0	0	0	0	Tèng-Chu T­íc T­íng LÖn	0	102	31876	100	796450505	2026-06-12 01:53:01	977144358	977866237	980159882	0	-1	-1	-1
20260612-015301	ItemAdd	2834304296	rage01	MaJas_ServeR	1090	AllStar	1	200	1278	2760			0		0	0	0	0	Tèng-Chu T­íc T­íng LÖn	0	102	31898	100	-69313730	2026-06-12 01:53:01	977145533	977866082	980225290	0	-1	-1	-1
20260612-015301	ItemAdd	2834304296	rage01	MaJas_ServeR	1090	AllStar	1	200	1278	2760			0		0	0	0	0	Tèng-Chu T­íc T­íng Thñ	0	0	32551	300	432513431	2026-06-12 01:53:01	977734494	978128213	949293614	15	-1	-1	-1
20260612-015307	ItemConsume	ClearItemInPos	rage01	MaJas_ServeR	1090	AllStar	1	200	1278	2760			0		0	0	0	0	Vâ L©m 2 Shiina	2	1	50001	1	1926749261	2026-06-12 01:45:51	4460478	4294904055	0	0	2	0	0
20260612-015307	ItemConsume	ClearItemInPos	rage01	MaJas_ServeR	1090	AllStar	1	200	1278	2760			0		0	0	0	0	Phi Phong Tinh Huy	0	152	38	100	670668808	2026-06-12 01:46:11	0	0	0	15	2	1	0
20260612-015307	ItemConsume	ClearItemInPos	rage01	MaJas_ServeR	1090	AllStar	1	200	1278	2760			0		0	0	0	0	Huy Ch­¬ng Tinh Huy	0	153	38	100	85985193	2026-06-12 01:46:11	0	0	0	15	2	2	0
20260612-015307	ItemConsume	ClearItemInPos	rage01	MaJas_ServeR	1090	AllStar	1	200	1278	2760			0		0	0	0	0	Giµy Tinh Huy	0	154	38	100	891905674	2026-06-12 01:46:11	0	0	0	15	2	3	0
20260612-015307	ItemConsume	ClearItemInPos	rage01	MaJas_ServeR	1090	AllStar	1	200	1278	2760			0		0	0	0	0	Phi Phong Tinh Huy	0	152	38	100	1198962440	2026-06-12 00:54:09	0	0	0	15	2	4	0
20260612-015307	ItemConsume	ClearItemInPos	rage01	MaJas_ServeR	1090	AllStar	1	200	1278	2760			0		0	0	0	0	Huy Ch­¬ng Tinh Huy	0	153	38	100	1749516773	2026-06-12 00:54:09	0	0	0	15	2	0	1
20260612-015307	ItemConsume	ClearItemInPos	rage01	MaJas_ServeR	1090	AllStar	1	200	1278	2760			0		0	0	0	0	Giµy Tinh Huy	0	154	38	100	-1407787638	2026-06-12 00:54:09	0	0	0	15	2	1	1
20260612-015307	ItemConsume	ClearItemInPos	rage01	MaJas_ServeR	1090	AllStar	1	200	1278	2760			0		0	0	0	0	Phi Phong Háa S¸t	0	152	39	100	-1518530036	2026-06-12 01:46:11	0	0	0	15	2	2	1
20260612-015307	ItemConsume	ClearItemInPos	rage01	MaJas_ServeR	1090	AllStar	1	200	1278	2760			0		0	0	0	0	Huy Ch­¬ng Háa S¸t	0	153	39	100	-904830723	2026-06-12 01:46:11	0	0	0	15	2	3	1
20260612-015307	ItemConsume	ClearItemInPos	rage01	MaJas_ServeR	1090	AllStar	1	200	1278	2760			0		0	0	0	0	Giµy Háa S¸t	0	154	39	100	1415702607	2026-06-12 01:46:11	0	0	0	15	2	4	1
20260612-015307	ItemConsume	ClearItemInPos	rage01	MaJas_ServeR	1090	AllStar	1	200	1278	2760			0		0	0	0	0	Tèng-Chu T­íc T­íng Kh«	0	103	32261	360	144852081	2026-06-12 01:27:39	977143999	977276894	977340544	15	2	0	2
20260612-015307	ItemConsume	ClearItemInPos	rage01	MaJas_ServeR	1090	AllStar	1	200	1278	2760			0		0	0	0	0	Tèng-Chu T­íc T­íng Y	0	100	32261	359	-134236154	2026-06-12 01:27:39	977144191	977275008	977407300	15	2	1	2
20260612-015307	ItemConsume	ClearItemInPos	rage01	MaJas_ServeR	1090	AllStar	1	200	1278	2760			0		0	0	0	0	Tèng-Chu T­íc T­íng Tra	0	101	32261	360	137575423	2026-06-12 01:27:39	977145505	977276667	977473108	15	2	2	2
20260612-015307	ItemConsume	ClearItemInPos	rage01	MaJas_ServeR	1090	AllStar	1	200	1278	2760			0		0	0	0	0	Tèng-Chu T­íc T­íng Thñ	0	0	32551	300	-954119733	2026-06-12 01:27:39	977734185	978127118	949294553	15	2	3	2
20260612-015307	ItemConsume	ClearItemInPos	rage01	MaJas_ServeR	1090	AllStar	1	200	1278	2760			0		0	0	0	0	Tèng-Chu T­íc T­íng LÖn	0	102	31876	100	1617511581	2026-06-12 01:27:39	977144113	977865763	980159203	0	2	4	2
20260612-015307	ItemConsume	ClearItemInPos	rage01	MaJas_ServeR	1090	AllStar	1	200	1278	2760			0		0	0	0	0	Chiªm Y Phæ	0	107	66	0	1241185873	2026-06-12 01:52:39	101123076	101122819	131585	0	2	0	3
20260612-015307	ItemConsume	ClearItemInPos	rage01	MaJas_ServeR	1090	AllStar	1	200	1278	2760			0		0	0	0	0	NhÉn V« Cùc	0	102	31130	100	1886523939	2026-06-12 01:52:48	925240566	925305712	0	0	2	1	3
20260612-015307	ItemConsume	ClearItemInPos	rage01	MaJas_ServeR	1090	AllStar	1	200	1278	2760			0		0	0	0	0	Minh Tinh Chi Giíi	0	102	31131	100	1609493439	2026-06-12 01:52:48	925240748	925306272	0	0	2	2	3
20260612-015307	ItemConsume	ClearItemInPos	rage01	MaJas_ServeR	1090	AllStar	100	200	1278	2760			0		0	0	0	0	L­u Kim	2	1	31096	100	1379577525	2026-06-12 01:52:55	3672283	4294904947	0	0	2	3	3
20260612-015307	ItemConsume	ClearItemInPos	rage01	MaJas_ServeR	1090	AllStar	1	200	1278	2760			0		0	0	0	0	Tèng-Chu T­íc T­íng LÖn	0	102	31854	100	1881216812	2026-06-12 01:27:39	977145345	977865470	977603115	0	2	4	3
20260612-015307	ItemConsume	ClearItemInPos	rage01	MaJas_ServeR	1090	AllStar	100	200	1278	2760			0		0	0	0	0	Thiªn V¨n Th¹ch	2	201	13	100	-1444832620	2026-06-12 01:52:55	4294905813	0	0	0	2	0	4
20260612-015307	ItemConsume	ClearItemInPos	rage01	MaJas_ServeR	1090	AllStar	1	200	1278	2760			0		0	0	0	0	Cæ Kim Th¹ch	2	201	14	1	502304222	2026-06-12 01:52:55	4294905783	0	0	0	2	1	4
20260612-015307	ItemConsume	ClearItemInPos	rage01	MaJas_ServeR	1090	AllStar	1	200	1278	2760			0		0	0	0	0	Cæ Kim Th¹ch	2	201	14	1	1744232631	2026-06-12 01:52:55	68961	0	0	0	2	2	4
20260612-015307	ItemConsume	ClearItemInPos	rage01	MaJas_ServeR	1090	AllStar	1	200	1278	2760			0		0	0	0	0	Cæ Kim Th¹ch	2	201	14	1	2080122201	2026-06-12 01:52:55	4294905006	0	0	0	2	3	4
20260612-015307	ItemConsume	ClearItemInPos	rage01	MaJas_ServeR	1090	AllStar	1	200	1278	2760			0		0	0	0	0	Cæ Kim Th¹ch	2	201	14	1	-1071914738	2026-06-12 01:52:55	4294904429	0	0	0	2	4	4
20260612-015307	ItemConsume	ClearItemInPos	rage01	MaJas_ServeR	1090	AllStar	1	200	1278	2760			0		0	0	0	0	Cæ Kim Th¹ch	2	201	14	1	758384551	2026-06-12 01:52:55	4294903840	0	0	0	2	0	5
20260612-015307	ItemConsume	ClearItemInPos	rage01	MaJas_ServeR	1090	AllStar	1	200	1278	2760			0		0	0	0	0	§iÓm Tinh Ngäc-Nhá	2	201	16	1	332502985	2026-06-12 01:52:55	4294903822	0	0	0	2	1	5
20260612-015307	ItemConsume	ClearItemInPos	rage01	MaJas_ServeR	1090	AllStar	1	200	1278	2760			0		0	0	0	0	§iÓm Tinh Ngäc-Nhá	2	201	16	1	-145258885	2026-06-12 01:52:55	4294905666	0	0	0	2	2	5
20260612-015307	ItemConsume	ClearItemInPos	rage01	MaJas_ServeR	1090	AllStar	1	200	1278	2760			0		0	0	0	0	§iÓm Tinh Ngäc-Nhá	2	201	16	1	565492824	2026-06-12 01:52:55	68644	4294904213	0	0	2	3	5
20260612-015307	ItemConsume	ClearItemInPos	rage01	MaJas_ServeR	1090	AllStar	1	200	1278	2760			0		0	0	0	0	§iÓm Tinh Ngäc-Nhá	2	201	16	1	1642304629	2026-06-12 01:52:55	4294904789	5377475	0	0	2	4	5
20260612-015307	ItemConsume	ClearItemInPos	rage01	MaJas_ServeR	1090	AllStar	1	200	1278	2760			0		0	0	0	0	§iÓm Tinh Ngäc-Nhá	2	201	16	1	-788342650	2026-06-12 01:52:55	4294905853	0	0	0	2	0	6
20260612-015307	ItemConsume	ClearItemInPos	rage01	MaJas_ServeR	1090	AllStar	1	200	1278	2760			0		0	0	0	0	Tèng-Chu T­íc T­íng Kh«	0	103	32261	360	-755657635	2026-06-12 01:53:01	977144198	977275434	977342174	15	2	1	6
20260612-015307	ItemConsume	ClearItemInPos	rage01	MaJas_ServeR	1090	AllStar	1	200	1278	2760			0		0	0	0	0	Tèng-Chu T­íc T­íng Y	0	100	32261	360	1416303458	2026-06-12 01:53:01	977144885	977275547	977406985	15	2	2	6
20260612-015307	ItemConsume	ClearItemInPos	rage01	MaJas_ServeR	1090	AllStar	1	200	1278	2760			0		0	0	0	0	Tèng-Chu T­íc T­íng Tra	0	101	32261	360	-325694581	2026-06-12 01:53:01	977143917	977276705	977471933	15	2	3	6
20260612-015307	ItemConsume	ClearItemInPos	rage01	MaJas_ServeR	1090	AllStar	1	200	1278	2760			0		0	0	0	0	Tèng-Chu T­íc T­íng LÖn	0	102	31854	100	-547159384	2026-06-12 01:53:01	977145116	977866146	977603249	0	2	4	6
20260612-015307	ItemConsume	ClearItemInPos	rage01	MaJas_ServeR	1090	AllStar	1	200	1278	2760			0		0	0	0	0	Tèng-Chu T­íc T­íng LÖn	0	102	31876	100	796450505	2026-06-12 01:53:01	977144358	977866237	980159882	0	2	0	7
20260612-015307	ItemConsume	ClearItemInPos	rage01	MaJas_ServeR	1090	AllStar	1	200	1278	2760			0		0	0	0	0	Tèng-Chu T­íc T­íng LÖn	0	102	31898	100	-69313730	2026-06-12 01:53:01	977145533	977866082	980225290	0	2	1	7
20260612-015307	ItemConsume	ClearItemInPos	rage01	MaJas_ServeR	1090	AllStar	1	200	1278	2760			0		0	0	0	0	Tèng-Chu T­íc T­íng Thñ	0	0	32551	300	432513431	2026-06-12 01:53:01	977734494	978128213	949293614	15	2	2	7
20260612-015307	ItemAdd	3086646439	rage01	MaJas_ServeR	1090	AllStar	1	200	1278	2760			0		0	0	0	0	Vâ L©m 2 Shiina	2	1	50001	1	-790519354	2026-06-12 01:53:07	4294905765	0	0	0	-1	-1	-1
20260612-015344	ItemAdd	IBShop	rage01	MaJas_ServeR	1090	AllStar	1	200	1278	2760			0		0	0	0	0	§¹i §Þnh Hån 	2	1	1113	1	1447706048	2026-06-12 01:53:44	0	0	0	0	2	1	0
20260612-015345	ItemAdd	IBShop	rage01	MaJas_ServeR	1090	AllStar	1	200	1281	2759			0		0	0	0	0	§¹i §Þnh Hån 	2	1	1113	1	-1859638374	2026-06-12 01:53:45	0	0	0	0	2	2	0
20260612-015346	ItemAdd	IBShop	rage01	MaJas_ServeR	1090	AllStar	1	200	1285	2758			0		0	0	0	0	§¹i §Þnh Hån 	2	1	1113	1	-278308540	2026-06-12 01:53:46	0	0	0	0	2	3	0
20260612-015346	ItemAdd	IBShop	rage01	MaJas_ServeR	1090	AllStar	1	200	1285	2758			0		0	0	0	0	§¹i §Þnh Hån 	2	1	1113	1	76793296	2026-06-12 01:53:46	0	0	0	0	2	4	0
20260612-015347	ItemAdd	IBShop	rage01	MaJas_ServeR	1090	AllStar	1	200	1285	2758			0		0	0	0	0	§Þnh Hån Thiªn Th¹ch Th	2	1	1067	1	2010225706	2026-06-12 01:53:47	0	0	0	0	2	0	1
20260612-015347	ItemAdd	IBShop	rage01	MaJas_ServeR	1090	AllStar	1	200	1285	2758			0		0	0	0	0	§Þnh Hån Thiªn Th¹ch Th	2	1	1067	1	-1417932929	2026-06-12 01:53:47	0	0	0	0	2	1	1
20260612-015348	ItemAdd	IBShop	rage01	MaJas_ServeR	1090	AllStar	1	200	1285	2758			0		0	0	0	0	§Þnh Hån Thiªn Th¹ch Th	2	1	1067	1	1396015290	2026-06-12 01:53:48	0	0	0	0	2	2	1
20260612-015348	ItemAdd	IBShop	rage01	MaJas_ServeR	1090	AllStar	1	200	1285	2758			0		0	0	0	0	§Þnh Hån Thiªn Th¹ch Th	2	1	1067	1	1972184932	2026-06-12 01:53:48	0	0	0	0	2	3	1
20260612-015349	ItemAdd	IBShop	rage01	MaJas_ServeR	1090	AllStar	1	200	1285	2758			0		0	0	0	0	Thiªn Th¹ch linh th¹ch	2	1	1068	1	-232956834	2026-06-12 01:53:49	0	0	0	0	2	4	1
20260612-015349	ItemAdd	IBShop	rage01	MaJas_ServeR	1090	AllStar	1	200	1285	2758			0		0	0	0	0	Thiªn Th¹ch linh th¹ch	2	1	1068	1	404478504	2026-06-12 01:53:49	0	0	0	0	2	0	2
20260612-015350	ItemAdd	IBShop	rage01	MaJas_ServeR	1090	AllStar	1	200	1285	2758			0		0	0	0	0	Thiªn Th¹ch linh th¹ch	2	1	1068	1	-93886961	2026-06-12 01:53:50	0	0	0	0	2	1	2
20260612-015350	ItemAdd	IBShop	rage01	MaJas_ServeR	1090	AllStar	1	200	1285	2758			0		0	0	0	0	Thiªn Th¹ch linh th¹ch	2	1	1068	1	682157025	2026-06-12 01:53:50	0	0	0	0	2	2	2
20260612-015403	ItemAdd	2881190844	rage01	MaJas_ServeR	1090	AllStar	1	200	1286	2761			0		0	0	0	0	TÝn VËt Lv20	0	155	20	300	-814216271	2026-06-12 01:54:03	0	0	0	0	-1	-1	-1
20260612-015434	MoneyPay	PrePay	rage01	MaJas_ServeR	1090	AllStar	300	200	1267	2721			0		0	0	0	0		0	0	0	0	0		0	0	0	0	-1	-1	-1
20260612-015445	MoneyPay	PrePay	rage01	MaJas_ServeR	1090	AllStar	1500	500	1671	3203			0		0	0	0	0		0	0	0	0	0		0	0	0	0	-1	-1	-1
20260612-015519	ItemConsume	ExpendIdx	rage01	MaJas_ServeR	1090	AllStar	1	350	1415	2931			0		0	0	0	0	Thiªn Th¹ch linh th¹ch	2	1	1068	1	-232956834	2026-06-12 01:53:49	0	0	0	0	2	4	1
20260612-015519	MoneyPay	EnhanceItem	rage01	MaJas_ServeR	1090	AllStar	5600000	350	1415	2931			0		0	0	0	0		0	0	0	0	0		0	0	0	0	-1	-1	-1
20260612-015519	item_info	Enhance.Success	rage01	MaJas_ServeR	1090	AllStar	1	350	1415	2931			0		0	0	0	0	A¸o Ph¸ Hån	0	100	32347	360	-1024806202	2026-06-12 01:50:32	0	0	0	0	1	0	1
20260612-015524	ItemConsume	ExpendIdx	rage01	MaJas_ServeR	1090	AllStar	1	350	1415	2931			0		0	0	0	0	Thiªn Th¹ch linh th¹ch	2	1	1068	1	404478504	2026-06-12 01:53:49	0	0	0	0	2	0	2
20260612-015524	MoneyPay	EnhanceItem	rage01	MaJas_ServeR	1090	AllStar	5600000	350	1415	2931			0		0	0	0	0		0	0	0	0	0		0	0	0	0	-1	-1	-1
20260612-015524	item_info	Enhance.Success	rage01	MaJas_ServeR	1090	AllStar	1	350	1415	2931			0		0	0	0	0	Ph¸ Hån NghÞch Phong Cù	0	0	15302	300	1915294044	2026-06-12 01:51:43	0	0	0	0	1	0	2
20260612-015530	ItemConsume	ExpendIdx	rage01	MaJas_ServeR	1090	AllStar	1	350	1415	2931			0		0	0	0	0	Thiªn Th¹ch linh th¹ch	2	1	1068	1	682157025	2026-06-12 01:53:50	0	0	0	0	2	2	2
20260612-015530	MoneyPay	EnhanceItem	rage01	MaJas_ServeR	1090	AllStar	5600000	350	1415	2931			0		0	0	0	0		0	0	0	0	0		0	0	0	0	-1	-1	-1
20260612-015530	item_info	Enhance.Success	rage01	MaJas_ServeR	1090	AllStar	1	350	1415	2931			0		0	0	0	0	QuÇn Ph¸ Hån	0	101	32347	360	91668470	2026-06-12 01:52:03	0	0	0	0	1	0	3
20260612-015536	ItemConsume	ExpendIdx	rage01	MaJas_ServeR	1090	AllStar	1	350	1415	2931			0		0	0	0	0	Thiªn Th¹ch linh th¹ch	2	1	1068	1	-93886961	2026-06-12 01:53:50	0	0	0	0	2	1	2
20260612-015536	MoneyPay	EnhanceItem	rage01	MaJas_ServeR	1090	AllStar	5600000	350	1415	2931			0		0	0	0	0		0	0	0	0	0		0	0	0	0	-1	-1	-1
20260612-015536	item_info	Enhance.Success	rage01	MaJas_ServeR	1090	AllStar	1	350	1415	2931			0		0	0	0	0	MÆt N¹ Ph¸ Hån	0	103	32347	360	-1812119247	2026-06-12 01:47:55	0	0	0	0	1	0	0
20260612-015549	ItemConsume	ExpendIdx	rage01	MaJas_ServeR	1090	AllStar	1	350	1415	2931			0		0	0	0	0	§¹i §Þnh Hån 	2	1	1113	1	1447706048	2026-06-12 01:53:44	0	0	0	0	2	1	0
20260612-015549	item_info	DingEnhance.Success	rage01	MaJas_ServeR	1090	AllStar	1	350	1415	2931			0		0	0	0	0	MÆt N¹ Ph¸ Hån	0	103	32347	360	-1812119247	2026-06-12 01:47:55	0	0	0	7	1	0	0
20260612-015554	ItemConsume	ExpendIdx	rage01	MaJas_ServeR	1090	AllStar	1	350	1415	2931			0		0	0	0	0	§¹i §Þnh Hån 	2	1	1113	1	-1859638374	2026-06-12 01:53:45	0	0	0	0	2	2	0
20260612-015554	item_info	DingEnhance.Success	rage01	MaJas_ServeR	1090	AllStar	1	350	1415	2931			0		0	0	0	0	A¸o Ph¸ Hån	0	100	32347	360	-1024806202	2026-06-12 01:50:32	0	0	0	7	1	0	1
20260612-015559	ItemConsume	ExpendIdx	rage01	MaJas_ServeR	1090	AllStar	1	350	1415	2931			0		0	0	0	0	§¹i §Þnh Hån 	2	1	1113	1	-278308540	2026-06-12 01:53:46	0	0	0	0	2	3	0
20260612-015559	item_info	DingEnhance.Success	rage01	MaJas_ServeR	1090	AllStar	1	350	1415	2931			0		0	0	0	0	Ph¸ Hån NghÞch Phong Cù	0	0	15302	300	1915294044	2026-06-12 01:51:43	0	0	0	7	1	0	2
20260612-015605	ItemConsume	ExpendIdx	rage01	MaJas_ServeR	1090	AllStar	1	350	1415	2931			0		0	0	0	0	§¹i §Þnh Hån 	2	1	1113	1	76793296	2026-06-12 01:53:46	0	0	0	0	2	4	0
20260612-015605	item_info	DingEnhance.Success	rage01	MaJas_ServeR	1090	AllStar	1	350	1415	2931			0		0	0	0	0	QuÇn Ph¸ Hån	0	101	32347	360	91668470	2026-06-12 01:52:03	0	0	0	7	1	0	3
20260612-015618	ItemConsume	ExpendIdx	rage01	MaJas_ServeR	1090	AllStar	1	350	1414	2929			0		0	0	0	0	§Þnh Hån Thiªn Th¹ch Th	2	1	1067	1	1972184932	2026-06-12 01:53:48	0	0	0	0	2	3	1
20260612-015618	item_info	DingEnhance.Success	rage01	MaJas_ServeR	1090	AllStar	1	350	1414	2929			0		0	0	0	0	MÆt N¹ Ph¸ Hån	0	103	32347	360	-1812119247	2026-06-12 01:47:55	0	0	0	7	1	0	0
20260612-015623	ItemConsume	ExpendIdx	rage01	MaJas_ServeR	1090	AllStar	1	350	1414	2929			0		0	0	0	0	§Þnh Hån Thiªn Th¹ch Th	2	1	1067	1	2010225706	2026-06-12 01:53:47	0	0	0	0	2	0	1
20260612-015623	item_info	DingEnhance.Success	rage01	MaJas_ServeR	1090	AllStar	1	350	1414	2929			0		0	0	0	0	A¸o Ph¸ Hån	0	100	32347	360	-1024806202	2026-06-12 01:50:32	0	0	0	7	1	0	1
20260612-015628	ItemConsume	ExpendIdx	rage01	MaJas_ServeR	1090	AllStar	1	350	1414	2929			0		0	0	0	0	§Þnh Hån Thiªn Th¹ch Th	2	1	1067	1	-1417932929	2026-06-12 01:53:47	0	0	0	0	2	1	1
20260612-015628	item_info	DingEnhance.Success	rage01	MaJas_ServeR	1090	AllStar	1	350	1414	2929			0		0	0	0	0	QuÇn Ph¸ Hån	0	101	32347	360	91668470	2026-06-12 01:52:03	0	0	0	7	1	0	3
20260612-015633	ItemConsume	ExpendIdx	rage01	MaJas_ServeR	1090	AllStar	1	350	1414	2929			0		0	0	0	0	§Þnh Hån Thiªn Th¹ch Th	2	1	1067	1	1396015290	2026-06-12 01:53:48	0	0	0	0	2	2	1
20260612-015633	item_info	DingEnhance.Success	rage01	MaJas_ServeR	1090	AllStar	1	350	1414	2929			0		0	0	0	0	Ph¸ Hån NghÞch Phong Cù	0	0	15302	300	1915294044	2026-06-12 01:51:43	0	0	0	7	1	0	2
20260612-015654	ItemAdd	2834304296	rage01	MaJas_ServeR	1090	AllStar	1	350	1360	2872			0		0	0	0	0	Tèng-Chu T­íc T­íng Kh«	0	103	32261	360	215566984	2026-06-12 01:56:54	977144910	977276042	977341198	15	-1	-1	-1
20260612-015654	ItemAdd	2834304296	rage01	MaJas_ServeR	1090	AllStar	1	350	1360	2872			0		0	0	0	0	Tèng-Chu T­íc T­íng Y	0	100	32261	360	1232342057	2026-06-12 01:56:54	977145263	977276539	977406818	15	-1	-1	-1
20260612-015654	ItemAdd	2834304296	rage01	MaJas_ServeR	1090	AllStar	1	350	1360	2872			0		0	0	0	0	Tèng-Chu T­íc T­íng Tra	0	101	32261	360	-642778082	2026-06-12 01:56:54	977145768	977275774	977473384	15	-1	-1	-1
20260612-015654	ItemAdd	2834304296	rage01	MaJas_ServeR	1090	AllStar	1	350	1360	2872			0		0	0	0	0	Tèng-Chu T­íc T­íng LÖn	0	102	31854	100	129031159	2026-06-12 01:56:54	977145748	977866425	977603972	0	-1	-1	-1
20260612-015654	ItemAdd	2834304296	rage01	MaJas_ServeR	1090	AllStar	1	350	1360	2872			0		0	0	0	0	Tèng-Chu T­íc T­íng LÖn	0	102	31876	100	2066843780	2026-06-12 01:56:54	977144459	977865247	980160172	0	-1	-1	-1
20260612-015654	ItemAdd	2834304296	rage01	MaJas_ServeR	1090	AllStar	1	350	1360	2872			0		0	0	0	0	Tèng-Chu T­íc T­íng LÖn	0	102	31898	100	191548117	2026-06-12 01:56:54	977145143	977864839	980225556	0	-1	-1	-1
20260612-015654	ItemAdd	2834304296	rage01	MaJas_ServeR	1090	AllStar	1	350	1360	2872			0		0	0	0	0	Tèng-Chu T­íc T­íng Thñ	0	0	32551	300	-2015085254	2026-06-12 01:56:54	977735019	978127666	949293199	15	-1	-1	-1
20260612-015718	MoneyPay	PrePay	rage01	MaJas_ServeR	1090	AllStar	1500	350	1327	2895			0		0	0	0	0		0	0	0	0	0		0	0	0	0	-1	-1	-1
20260612-015744	ItemAdd	1128904464	rage01	MaJas_ServeR	1090	AllStar	1	200	1282	2760			0		0	0	0	0	Nh­ Lai Kinh	0	112	102	0	-1445320930	2026-06-12 01:57:44	0	0	7680	0	-1	-1	-1
20260612-015746	ItemAdd	3220264017	rage01	MaJas_ServeR	1090	AllStar	1	200	1282	2760			0		0	0	0	0	[BÝ §iÓn] MËt TÞch TiÒm	0	107	30046	0	-870281630	2026-06-12 01:57:46	335610880	336856067	197889	0	-1	-1	-1
20260612-015746	ItemAdd	3220264017	rage01	MaJas_ServeR	1090	AllStar	1	200	1282	2760			0		0	0	0	0	[BÝ §iÓn] MËt TÞch TiÒm	0	107	30046	0	-294762800	2026-06-12 01:57:46	335610880	336855812	196865	0	-1	-1	-1
20260612-015751	ItemAdd	4247153898	rage01	MaJas_ServeR	1090	AllStar	1	200	1282	2760			0		0	0	0	0	R­¬ng YÕu QuyÕt_S¬	2	1	50005	1	-218025961	2026-06-12 01:57:51	4294905571	4001209	0	0	-1	-1	-1
20260612-015752	ItemConsume	ExpendIdx	rage01	MaJas_ServeR	1090	AllStar	1	200	1282	2760			0		0	0	0	0	R­¬ng YÕu QuyÕt_S¬	2	1	50005	1	-218025961	2026-06-12 01:57:51	4294905571	4001209	0	0	2	0	1
20260612-015752	ItemAdd	2916245822	rage01	MaJas_ServeR	1090	AllStar	1	200	1282	2760			0		0	0	0	0	ThÊt B¶o ChiÕu quyÕt	2	6	11	1	29113052	2026-06-12 01:57:52	4294917073	3870187	0	0	-1	-1	-1
20260612-015752	ItemAdd	2916245822	rage01	MaJas_ServeR	1090	AllStar	1	200	1282	2760			0		0	0	0	0	La H¸n QuyÒn quyÕt	2	6	12	1	372265737	2026-06-12 01:57:52	4294916392	0	0	0	-1	-1	-1
20260612-015752	ItemAdd	2916245822	rage01	MaJas_ServeR	1090	AllStar	1	200	1282	2760			0		0	0	0	0	Ca DiÖp Thèi quyÕt	2	6	13	1	-1540139906	2026-06-12 01:57:52	7276738	4294916810	0	0	-1	-1	-1
20260612-015752	ItemAdd	2916245822	rage01	MaJas_ServeR	1090	AllStar	1	200	1282	2760			0		0	0	0	0	HuÖ Nh·n quyÕt	2	6	14	1	1534474617	2026-06-12 01:57:52	3674020	3482939	0	0	-1	-1	-1
20260612-015752	ItemAdd	2916245822	rage01	MaJas_ServeR	1090	AllStar	1	200	1282	2760			0		0	0	0	0	Vi §µ quyÕt	2	6	15	1	-687021240	2026-06-12 01:57:52	600649	4294916959	0	0	-1	-1	-1
20260612-015752	ItemAdd	2916245822	rage01	MaJas_ServeR	1090	AllStar	1	200	1282	2760			0		0	0	0	0	V¨n V©n quyÕt	2	6	16	1	2005974821	2026-06-12 01:57:52	4294916653	0	0	0	-1	-1	-1
20260612-015752	ItemAdd	2916245822	rage01	MaJas_ServeR	1090	AllStar	1	200	1282	2760			0		0	0	0	0	La H¸n TrËn quyÕt	2	6	17	1	-1965747254	2026-06-12 01:57:52	4294918014	0	0	0	-1	-1	-1
20260612-015752	ItemAdd	2916245822	rage01	MaJas_ServeR	1090	AllStar	1	200	1282	2760			0		0	0	0	0	§¹i Tu Di Ch­ëng	2	6	18	1	-27121133	2026-06-12 01:57:52	4294917023	0	0	0	-1	-1	-1
20260612-015752	ItemAdd	2916245822	rage01	MaJas_ServeR	1090	AllStar	1	200	1282	2760			0		0	0	0	0	V« ¶nh quyÕt	2	6	19	1	837374416	2026-06-12 01:57:52	593840	4294917503	0	0	-1	-1	-1
20260612-015752	ItemAdd	2916245822	rage01	MaJas_ServeR	1090	AllStar	1	200	1282	2760			0		0	0	0	0	Long Tr¶o Thñ quyÕt	2	6	20	1	-1310215219	2026-06-12 01:57:52	4294916124	0	0	0	-1	-1	-1
20260612-015800	ItemAdd	4247153898	rage01	MaJas_ServeR	1090	AllStar	1	200	1282	2760			0		0	0	0	0	R­¬ng YÕu QuyÕt_S¬	2	1	50005	1	1064798325	2026-06-12 01:58:00	4294905056	0	0	0	-1	-1	-1
20260612-015801	ItemConsume	ExpendIdx	rage01	MaJas_ServeR	1090	AllStar	1	200	1282	2760			0		0	0	0	0	R­¬ng YÕu QuyÕt_S¬	2	1	50005	1	1064798325	2026-06-12 01:58:00	4294905056	0	0	0	2	0	1
20260612-015801	ItemAdd	2916245822	rage01	MaJas_ServeR	1090	AllStar	1	200	1282	2760			0		0	0	0	0	ThÊt B¶o ChiÕu quyÕt	2	6	11	1	526190008	2026-06-12 01:58:01	4294918099	0	0	0	-1	-1	-1
20260612-015801	ItemAdd	2916245822	rage01	MaJas_ServeR	1090	AllStar	1	200	1282	2760			0		0	0	0	0	La H¸n QuyÒn quyÕt	2	6	12	1	1506261785	2026-06-12 01:58:01	601817	4294917310	0	0	-1	-1	-1
20260612-015801	ItemAdd	2916245822	rage01	MaJas_ServeR	1090	AllStar	1	200	1282	2760			0		0	0	0	0	Ca DiÖp Thèi quyÕt	2	6	13	1	1792122727	2026-06-12 01:58:01	4294916606	4394811	0	0	-1	-1	-1
20260612-015801	ItemAdd	2916245822	rage01	MaJas_ServeR	1090	AllStar	1	200	1282	2760			0		0	0	0	0	HuÖ Nh·n quyÕt	2	6	14	1	1244674624	2026-06-12 01:58:01	4294916898	0	0	0	-1	-1	-1
20260612-015801	ItemAdd	2916245822	rage01	MaJas_ServeR	1090	AllStar	1	200	1282	2760			0		0	0	0	0	Vi §µ quyÕt	2	6	15	1	993433665	2026-06-12 01:58:01	4294917586	0	0	0	-1	-1	-1
20260612-015801	ItemAdd	2916245822	rage01	MaJas_ServeR	1090	AllStar	1	200	1282	2760			0		0	0	0	0	V¨n V©n quyÕt	2	6	16	1	894141462	2026-06-12 01:58:01	4294918064	0	0	0	-1	-1	-1
20260612-015801	ItemAdd	2916245822	rage01	MaJas_ServeR	1090	AllStar	1	200	1282	2760			0		0	0	0	0	La H¸n TrËn quyÕt	2	6	17	1	749425999	2026-06-12 01:58:01	4294917600	0	0	0	-1	-1	-1
20260612-015801	ItemAdd	2916245822	rage01	MaJas_ServeR	1090	AllStar	1	200	1282	2760			0		0	0	0	0	§¹i Tu Di Ch­ëng	2	6	18	1	-1114392900	2026-06-12 01:58:01	2822351	599378	0	0	-1	-1	-1
20260612-015801	ItemAdd	2916245822	rage01	MaJas_ServeR	1090	AllStar	1	200	1282	2760			0		0	0	0	0	V« ¶nh quyÕt	2	6	19	1	342634418	2026-06-12 01:58:01	4294916280	0	0	0	-1	-1	-1
20260612-015801	ItemAdd	2916245822	rage01	MaJas_ServeR	1090	AllStar	1	200	1282	2760			0		0	0	0	0	Long Tr¶o Thñ quyÕt	2	6	20	1	2015848987	2026-06-12 01:58:01	4294917396	0	0	0	-1	-1	-1
20260612-015936	ItemAdd	1095043133	rage01	MaJas_ServeR	1090	AllStar	25	200	1278	2756			0		0	0	0	0	Kinh M¹ch §ång Nh©n	2	1	30730	25	-1268189726	2026-06-12 01:59:36	2048	2048	2048	0	-1	-1	-1
20260612-015939	ItemAdd	1095043133	rage01	MaJas_ServeR	1090	AllStar	25	200	1278	2756			0		0	0	0	0	Kinh M¹ch Ng©n Nh©n	2	1	30731	25	445529858	2026-06-12 01:59:39	2048	2048	2048	0	-1	-1	-1
20260612-015943	ItemAdd	1095043133	rage01	MaJas_ServeR	1090	AllStar	25	200	1278	2756			0		0	0	0	0	Kinh M¹ch §ång Nh©n	2	1	30730	25	812638017	2026-06-12 01:59:43	2048	2048	2048	0	-1	-1	-1
20260612-020038	ItemAdd	IBShop	rage01	MaJas_ServeR	1090	AllStar	1	200	1282	2756			0		0	0	0	0	B¸t B¶o TÈy Tñy Tiªn §¬	2	0	138	1	437063431	2026-06-12 02:00:38	0	0	0	0	2	0	5
20260612-020040	ItemConsume	ExpendIdx	rage01	MaJas_ServeR	1090	AllStar	1	200	1282	2756			0		0	0	0	0	B¸t B¶o TÈy Tñy Tiªn §¬	2	0	138	1	437063431	2026-06-12 02:00:38	0	0	0	0	2	0	5
20260612-020421	ItemAdd	BuySell.Buy	rage02	ServeR_Anh	1090	AllStar	1	200	1366	2821			0		0	0	0	0	H¾c Ngäc §o¹n Tôc Cao	1	0	6	1	1	2026-06-12 02:04:21	4294901760	4294901760	4294901760	0	-1	-1	-1
20260612-020421	MoneyPay	MoneySilver.Pay	rage02	ServeR_Anh	1090	AllStar	30000	200	1366	2821			0		0	0	0	0		0	0	0	0	0		0	0	0	0	-1	-1	-1
20260612-020422	ItemAdd	BuySell.Buy	rage02	ServeR_Anh	1090	AllStar	1	200	1366	2821			0		0	0	0	0	H¾c Ngäc §o¹n Tôc Cao	1	0	6	1	1	2026-06-12 02:04:21	4294901760	4294901760	4294901760	0	-1	-1	-1
20260612-020422	MoneyPay	MoneySilver.Pay	rage02	ServeR_Anh	1090	AllStar	30000	200	1366	2821			0		0	0	0	0		0	0	0	0	0		0	0	0	0	-1	-1	-1
20260612-020422	ItemAdd	BuySell.Buy	rage02	ServeR_Anh	1090	AllStar	1	200	1366	2821			0		0	0	0	0	H¾c Ngäc §o¹n Tôc Cao	1	0	6	1	1	2026-06-12 02:04:21	4294901760	4294901760	4294901760	0	-1	-1	-1
20260612-020422	MoneyPay	MoneySilver.Pay	rage02	ServeR_Anh	1090	AllStar	30000	200	1366	2821			0		0	0	0	0		0	0	0	0	0		0	0	0	0	-1	-1	-1
20260612-020422	ItemAdd	BuySell.Buy	rage02	ServeR_Anh	1090	AllStar	1	200	1366	2821			0		0	0	0	0	H¾c Ngäc §o¹n Tôc Cao	1	0	6	1	1	2026-06-12 02:04:22	4294901760	4294901760	4294901760	0	-1	-1	-1
20260612-020422	MoneyPay	MoneySilver.Pay	rage02	ServeR_Anh	1090	AllStar	30000	200	1366	2821			0		0	0	0	0		0	0	0	0	0		0	0	0	0	-1	-1	-1
20260612-020422	ItemAdd	BuySell.Buy	rage02	ServeR_Anh	1090	AllStar	1	200	1366	2821			0		0	0	0	0	H¾c Ngäc §o¹n Tôc Cao	1	0	6	1	1	2026-06-12 02:04:22	4294901760	4294901760	4294901760	0	-1	-1	-1
20260612-020422	MoneyPay	MoneySilver.Pay	rage02	ServeR_Anh	1090	AllStar	30000	200	1366	2821			0		0	0	0	0		0	0	0	0	0		0	0	0	0	-1	-1	-1
20260612-020422	ItemAdd	BuySell.Buy	rage02	ServeR_Anh	1090	AllStar	1	200	1366	2821			0		0	0	0	0	H¾c Ngäc §o¹n Tôc Cao	1	0	6	1	1	2026-06-12 02:04:22	4294901760	4294901760	4294901760	0	-1	-1	-1
20260612-020422	MoneyPay	MoneySilver.Pay	rage02	ServeR_Anh	1090	AllStar	30000	200	1366	2821			0		0	0	0	0		0	0	0	0	0		0	0	0	0	-1	-1	-1
20260612-020423	ItemAdd	BuySell.Buy	rage02	ServeR_Anh	1090	AllStar	1	200	1366	2821			0		0	0	0	0	H¾c Ngäc §o¹n Tôc Cao	1	0	6	1	1	2026-06-12 02:04:22	4294901760	4294901760	4294901760	0	-1	-1	-1
20260612-020423	MoneyPay	MoneySilver.Pay	rage02	ServeR_Anh	1090	AllStar	30000	200	1366	2821			0		0	0	0	0		0	0	0	0	0		0	0	0	0	-1	-1	-1
20260612-020423	ItemAdd	BuySell.Buy	rage02	ServeR_Anh	1090	AllStar	1	200	1366	2821			0		0	0	0	0	H¾c Ngäc §o¹n Tôc Cao	1	0	6	1	1	2026-06-12 02:04:22	4294901760	4294901760	4294901760	0	-1	-1	-1
20260612-020423	MoneyPay	MoneySilver.Pay	rage02	ServeR_Anh	1090	AllStar	30000	200	1366	2821			0		0	0	0	0		0	0	0	0	0		0	0	0	0	-1	-1	-1
20260612-020423	ItemAdd	BuySell.Buy	rage02	ServeR_Anh	1090	AllStar	1	200	1366	2821			0		0	0	0	0	H¾c Ngäc §o¹n Tôc Cao	1	0	6	1	1	2026-06-12 02:04:22	4294901760	4294901760	4294901760	0	-1	-1	-1
20260612-020423	MoneyPay	MoneySilver.Pay	rage02	ServeR_Anh	1090	AllStar	30000	200	1366	2821			0		0	0	0	0		0	0	0	0	0		0	0	0	0	-1	-1	-1
20260612-020423	ItemAdd	BuySell.Buy	rage02	ServeR_Anh	1090	AllStar	1	200	1366	2821			0		0	0	0	0	V¹n VËt Quy Nguyªn §¬n	1	0	11	1	1	2026-06-12 02:04:23	4294901760	4294901760	4294901760	0	-1	-1	-1
20260612-020423	MoneyPay	MoneySilver.Pay	rage02	ServeR_Anh	1090	AllStar	28000	200	1366	2821			0		0	0	0	0		0	0	0	0	0		0	0	0	0	-1	-1	-1
20260612-020423	ItemAdd	BuySell.Buy	rage02	ServeR_Anh	1090	AllStar	1	200	1366	2821			0		0	0	0	0	V¹n VËt Quy Nguyªn §¬n	1	0	11	1	1	2026-06-12 02:04:23	4294901760	4294901760	4294901760	0	-1	-1	-1
20260612-020423	MoneyPay	MoneySilver.Pay	rage02	ServeR_Anh	1090	AllStar	28000	200	1366	2821			0		0	0	0	0		0	0	0	0	0		0	0	0	0	-1	-1	-1
20260612-020424	ItemAdd	BuySell.Buy	rage02	ServeR_Anh	1090	AllStar	1	200	1366	2821			0		0	0	0	0	V¹n VËt Quy Nguyªn §¬n	1	0	11	1	1	2026-06-12 02:04:23	4294901760	4294901760	4294901760	0	-1	-1	-1
20260612-020424	MoneyPay	MoneySilver.Pay	rage02	ServeR_Anh	1090	AllStar	28000	200	1366	2821			0		0	0	0	0		0	0	0	0	0		0	0	0	0	-1	-1	-1
20260612-020424	ItemAdd	BuySell.Buy	rage02	ServeR_Anh	1090	AllStar	1	200	1366	2821			0		0	0	0	0	V¹n VËt Quy Nguyªn §¬n	1	0	11	1	1	2026-06-12 02:04:23	4294901760	4294901760	4294901760	0	-1	-1	-1
20260612-020424	MoneyPay	MoneySilver.Pay	rage02	ServeR_Anh	1090	AllStar	28000	200	1366	2821			0		0	0	0	0		0	0	0	0	0		0	0	0	0	-1	-1	-1
20260612-020424	ItemAdd	BuySell.Buy	rage02	ServeR_Anh	1090	AllStar	1	200	1366	2821			0		0	0	0	0	V¹n VËt Quy Nguyªn §¬n	1	0	11	1	1	2026-06-12 02:04:24	4294901760	4294901760	4294901760	0	-1	-1	-1
20260612-020424	MoneyPay	MoneySilver.Pay	rage02	ServeR_Anh	1090	AllStar	28000	200	1366	2821			0		0	0	0	0		0	0	0	0	0		0	0	0	0	-1	-1	-1
20260612-020424	ItemAdd	BuySell.Buy	rage02	ServeR_Anh	1090	AllStar	1	200	1366	2821			0		0	0	0	0	V¹n VËt Quy Nguyªn §¬n	1	0	11	1	1	2026-06-12 02:04:24	4294901760	4294901760	4294901760	0	-1	-1	-1
20260612-020424	MoneyPay	MoneySilver.Pay	rage02	ServeR_Anh	1090	AllStar	28000	200	1366	2821			0		0	0	0	0		0	0	0	0	0		0	0	0	0	-1	-1	-1
20260612-020424	ItemAdd	BuySell.Buy	rage02	ServeR_Anh	1090	AllStar	1	200	1366	2821			0		0	0	0	0	V¹n VËt Quy Nguyªn §¬n	1	0	11	1	1	2026-06-12 02:04:24	4294901760	4294901760	4294901760	0	-1	-1	-1
20260612-020424	MoneyPay	MoneySilver.Pay	rage02	ServeR_Anh	1090	AllStar	28000	200	1366	2821			0		0	0	0	0		0	0	0	0	0		0	0	0	0	-1	-1	-1
20260612-020425	ItemAdd	BuySell.Buy	rage02	ServeR_Anh	1090	AllStar	1	200	1366	2821			0		0	0	0	0	V¹n VËt Quy Nguyªn §¬n	1	0	11	1	1	2026-06-12 02:04:24	4294901760	4294901760	4294901760	0	-1	-1	-1
20260612-020425	MoneyPay	MoneySilver.Pay	rage02	ServeR_Anh	1090	AllStar	28000	200	1366	2821			0		0	0	0	0		0	0	0	0	0		0	0	0	0	-1	-1	-1
20260612-020425	ItemAdd	BuySell.Buy	rage02	ServeR_Anh	1090	AllStar	1	200	1366	2821			0		0	0	0	0	V¹n VËt Quy Nguyªn §¬n	1	0	11	1	1	2026-06-12 02:04:24	4294901760	4294901760	4294901760	0	-1	-1	-1
20260612-020425	MoneyPay	MoneySilver.Pay	rage02	ServeR_Anh	1090	AllStar	28000	200	1366	2821			0		0	0	0	0		0	0	0	0	0		0	0	0	0	-1	-1	-1
20260612-020425	ItemAdd	BuySell.Buy	rage02	ServeR_Anh	1090	AllStar	1	200	1366	2821			0		0	0	0	0	V¹n VËt Quy Nguyªn §¬n	1	0	11	1	1	2026-06-12 02:04:24	4294901760	4294901760	4294901760	0	-1	-1	-1
20260612-020425	MoneyPay	MoneySilver.Pay	rage02	ServeR_Anh	1090	AllStar	28000	200	1366	2821			0		0	0	0	0		0	0	0	0	0		0	0	0	0	-1	-1	-1
20260612-020425	ItemAdd	BuySell.Buy	rage02	ServeR_Anh	1090	AllStar	1	200	1366	2821			0		0	0	0	0	V¹n VËt Quy Nguyªn §¬n	1	0	11	1	1	2026-06-12 02:04:25	4294901760	4294901760	4294901760	0	-1	-1	-1
20260612-020425	MoneyPay	MoneySilver.Pay	rage02	ServeR_Anh	1090	AllStar	28000	200	1366	2821			0		0	0	0	0		0	0	0	0	0		0	0	0	0	-1	-1	-1
20260612-020425	ItemAdd	BuySell.Buy	rage02	ServeR_Anh	1090	AllStar	1	200	1366	2821			0		0	0	0	0	Sinh Sinh Hãa T¸n	1	0	16	1	1	2026-06-12 02:04:25	4294901760	4294901760	4294901760	0	-1	-1	-1
20260612-020425	MoneyPay	MoneySilver.Pay	rage02	ServeR_Anh	1090	AllStar	35000	200	1366	2821			0		0	0	0	0		0	0	0	0	0		0	0	0	0	-1	-1	-1
20260612-020426	ItemAdd	BuySell.Buy	rage02	ServeR_Anh	1090	AllStar	1	200	1366	2821			0		0	0	0	0	Sinh Sinh Hãa T¸n	1	0	16	1	1	2026-06-12 02:04:25	4294901760	4294901760	4294901760	0	-1	-1	-1
20260612-020426	MoneyPay	MoneySilver.Pay	rage02	ServeR_Anh	1090	AllStar	35000	200	1366	2821			0		0	0	0	0		0	0	0	0	0		0	0	0	0	-1	-1	-1
20260612-020426	ItemAdd	BuySell.Buy	rage02	ServeR_Anh	1090	AllStar	1	200	1366	2821			0		0	0	0	0	Sinh Sinh Hãa T¸n	1	0	16	1	1	2026-06-12 02:04:26	4294901760	4294901760	4294901760	0	-1	-1	-1
20260612-020426	MoneyPay	MoneySilver.Pay	rage02	ServeR_Anh	1090	AllStar	35000	200	1366	2821			0		0	0	0	0		0	0	0	0	0		0	0	0	0	-1	-1	-1
20260612-020426	ItemAdd	BuySell.Buy	rage02	ServeR_Anh	1090	AllStar	1	200	1366	2821			0		0	0	0	0	Sinh Sinh Hãa T¸n	1	0	16	1	1	2026-06-12 02:04:26	4294901760	4294901760	4294901760	0	-1	-1	-1
20260612-020426	MoneyPay	MoneySilver.Pay	rage02	ServeR_Anh	1090	AllStar	35000	200	1366	2821			0		0	0	0	0		0	0	0	0	0		0	0	0	0	-1	-1	-1
20260612-020426	ItemAdd	BuySell.Buy	rage02	ServeR_Anh	1090	AllStar	1	200	1366	2821			0		0	0	0	0	Sinh Sinh Hãa T¸n	1	0	16	1	1	2026-06-12 02:04:26	4294901760	4294901760	4294901760	0	-1	-1	-1
20260612-020426	MoneyPay	MoneySilver.Pay	rage02	ServeR_Anh	1090	AllStar	35000	200	1366	2821			0		0	0	0	0		0	0	0	0	0		0	0	0	0	-1	-1	-1
20260612-020426	ItemAdd	BuySell.Buy	rage02	ServeR_Anh	1090	AllStar	1	200	1366	2821			0		0	0	0	0	Sinh Sinh Hãa T¸n	1	0	16	1	1	2026-06-12 02:04:26	4294901760	4294901760	4294901760	0	-1	-1	-1
20260612-020426	MoneyPay	MoneySilver.Pay	rage02	ServeR_Anh	1090	AllStar	35000	200	1366	2821			0		0	0	0	0		0	0	0	0	0		0	0	0	0	-1	-1	-1
20260612-020426	ItemAdd	BuySell.Buy	rage02	ServeR_Anh	1090	AllStar	1	200	1366	2821			0		0	0	0	0	Sinh Sinh Hãa T¸n	1	0	16	1	1	2026-06-12 02:04:26	4294901760	4294901760	4294901760	0	-1	-1	-1
20260612-020426	MoneyPay	MoneySilver.Pay	rage02	ServeR_Anh	1090	AllStar	35000	200	1366	2821			0		0	0	0	0		0	0	0	0	0		0	0	0	0	-1	-1	-1
20260612-020427	ItemAdd	BuySell.Buy	rage02	ServeR_Anh	1090	AllStar	1	200	1366	2821			0		0	0	0	0	Sinh Sinh Hãa T¸n	1	0	16	1	1	2026-06-12 02:04:26	4294901760	4294901760	4294901760	0	-1	-1	-1
20260612-020427	MoneyPay	MoneySilver.Pay	rage02	ServeR_Anh	1090	AllStar	35000	200	1366	2821			0		0	0	0	0		0	0	0	0	0		0	0	0	0	-1	-1	-1
20260612-020427	ItemAdd	BuySell.Buy	rage02	ServeR_Anh	1090	AllStar	1	200	1366	2821			0		0	0	0	0	Sinh Sinh Hãa T¸n	1	0	16	1	1	2026-06-12 02:04:27	4294901760	4294901760	4294901760	0	-1	-1	-1
20260612-020427	MoneyPay	MoneySilver.Pay	rage02	ServeR_Anh	1090	AllStar	35000	200	1366	2821			0		0	0	0	0		0	0	0	0	0		0	0	0	0	-1	-1	-1
20260612-020427	ItemAdd	BuySell.Buy	rage02	ServeR_Anh	1090	AllStar	1	200	1366	2821			0		0	0	0	0	Sinh Sinh Hãa T¸n	1	0	16	1	1	2026-06-12 02:04:27	4294901760	4294901760	4294901760	0	-1	-1	-1
20260612-020427	MoneyPay	MoneySilver.Pay	rage02	ServeR_Anh	1090	AllStar	35000	200	1366	2821			0		0	0	0	0		0	0	0	0	0		0	0	0	0	-1	-1	-1
20260612-020427	ItemAdd	BuySell.Buy	rage02	ServeR_Anh	1090	AllStar	1	200	1366	2821			0		0	0	0	0	Sinh Sinh Hãa T¸n	1	0	16	1	1	2026-06-12 02:04:27	4294901760	4294901760	4294901760	0	-1	-1	-1
20260612-020427	MoneyPay	MoneySilver.Pay	rage02	ServeR_Anh	1090	AllStar	35000	200	1366	2821			0		0	0	0	0		0	0	0	0	0		0	0	0	0	-1	-1	-1
20260612-020427	ItemAdd	BuySell.Buy	rage02	ServeR_Anh	1090	AllStar	1	200	1366	2821			0		0	0	0	0	Sinh Sinh Hãa T¸n	1	0	16	1	1	2026-06-12 02:04:27	4294901760	4294901760	4294901760	0	-1	-1	-1
20260612-020427	MoneyPay	MoneySilver.Pay	rage02	ServeR_Anh	1090	AllStar	35000	200	1366	2821			0		0	0	0	0		0	0	0	0	0		0	0	0	0	-1	-1	-1
20260612-020427	ItemAdd	BuySell.Buy	rage02	ServeR_Anh	1090	AllStar	1	200	1366	2821			0		0	0	0	0	Sinh Sinh Hãa T¸n	1	0	16	1	1	2026-06-12 02:04:27	4294901760	4294901760	4294901760	0	-1	-1	-1
20260612-020427	MoneyPay	MoneySilver.Pay	rage02	ServeR_Anh	1090	AllStar	35000	200	1366	2821			0		0	0	0	0		0	0	0	0	0		0	0	0	0	-1	-1	-1
20260612-020428	ItemConsume	ItemList.Use	rage02	ServeR_Anh	1090	AllStar	1	200	1366	2821			0		0	0	0	0	H¾c Ngäc §o¹n Tôc Cao	1	0	6	9	1	2026-06-12 02:04:21	4294901760	4294901760	4294901760	0	2	1	4
20260612-020429	ItemConsume	ItemList.Use	rage02	ServeR_Anh	1090	AllStar	1	200	1366	2821			0		0	0	0	0	V¹n VËt Quy Nguyªn §¬n	1	0	11	11	1	2026-06-12 02:04:23	4294901760	4294901760	4294901760	0	2	2	4
20260612-020429	ItemConsume	ItemList.Use	rage02	ServeR_Anh	1090	AllStar	1	200	1366	2821			0		0	0	0	0	Sinh Sinh Hãa T¸n	1	0	16	13	1	2026-06-12 02:04:25	4294901760	4294901760	4294901760	0	2	3	4
20260612-020708	ItemConsume	ItemList.Use	rage02	ServeR_Anh	1090	AllStar	1	200	1280	2756			0		0	0	0	0	H¾c Ngäc §o¹n Tôc Cao	1	0	6	8	1	2026-06-12 02:04:21	4294901760	4294901760	4294901760	0	2	1	4
20260612-020708	ItemConsume	ItemList.Use	rage02	ServeR_Anh	1090	AllStar	1	200	1279	2756			0		0	0	0	0	V¹n VËt Quy Nguyªn §¬n	1	0	11	10	1	2026-06-12 02:04:23	4294901760	4294901760	4294901760	0	2	2	4
20260612-020708	ItemConsume	ItemList.Use	rage02	ServeR_Anh	1090	AllStar	1	200	1279	2756			0		0	0	0	0	Sinh Sinh Hãa T¸n	1	0	16	12	1	2026-06-12 02:04:25	4294901760	4294901760	4294901760	0	2	3	4
20260612-020751	ItemConsume	ItemList.Use	rage02	ServeR_Anh	1090	AllStar	1	200	1288	2756			0		0	0	0	0	H¾c Ngäc §o¹n Tôc Cao	1	0	6	7	1	2026-06-12 02:04:21	4294901760	4294901760	4294901760	0	2	1	4
20260612-021142	ItemAdd	3398667989	rage01	MaJas_ServeR	1090	AllStar	5000	200	1387	2819			0		0	0	0	0	M¶nh C¬ Quan MÆc Gia	2	1	31244	5000	-952611734	2026-06-12 02:11:42	3870053	4458528	0	0	-1	-1	-1
20260612-021152	ItemAdd	1324356344	rage01	MaJas_ServeR	1090	AllStar	1	200	1387	2819			0		0	0	0	0	Phi Phong Tinh Huy	0	152	38	100	-1184015374	2026-06-12 02:11:52	0	0	0	15	-1	-1	-1
20260612-021152	ItemAdd	1324356344	rage01	MaJas_ServeR	1090	AllStar	1	200	1387	2819			0		0	0	0	0	Huy Ch­¬ng Tinh Huy	0	153	38	100	-2098562213	2026-06-12 02:11:52	0	0	0	15	-1	-1	-1
20260612-021152	ItemAdd	1324356344	rage01	MaJas_ServeR	1090	AllStar	1	200	1387	2819			0		0	0	0	0	Giµy Tinh Huy	0	154	38	100	-2143264301	2026-06-12 02:11:52	0	0	0	15	-1	-1	-1
20260612-021152	ItemAdd	1324356344	rage01	MaJas_ServeR	1090	AllStar	1	200	1387	2819			0		0	0	0	0	Phi Phong NguyÖt KhuyÕt	0	152	40	100	1863198812	2026-06-12 02:11:52	0	0	0	15	-1	-1	-1
20260612-021152	ItemAdd	1324356344	rage01	MaJas_ServeR	1090	AllStar	1	200	1387	2819			0		0	0	0	0	Huy Ch­¬ng NguyÖt KhuyÕ	0	153	40	100	132553055	2026-06-12 02:11:52	0	0	0	15	-1	-1	-1
20260612-021152	ItemAdd	1324356344	rage01	MaJas_ServeR	1090	AllStar	1	200	1387	2819			0		0	0	0	0	Giµy NguyÖt KhuyÕt	0	154	40	100	2128310593	2026-06-12 02:11:52	0	0	0	15	-1	-1	-1
20260612-021152	ItemAdd	1324356344	rage01	MaJas_ServeR	1090	AllStar	1	200	1387	2819			0		0	0	0	0	Phi Phong Háa S¸t	0	152	39	100	-1937230413	2026-06-12 02:11:52	0	0	0	15	-1	-1	-1
20260612-021152	ItemAdd	1324356344	rage01	MaJas_ServeR	1090	AllStar	1	200	1387	2819			0		0	0	0	0	Huy Ch­¬ng Háa S¸t	0	153	39	100	1024644917	2026-06-12 02:11:52	0	0	0	15	-1	-1	-1
20260612-021152	ItemAdd	1324356344	rage01	MaJas_ServeR	1090	AllStar	1	200	1387	2819			0		0	0	0	0	Giµy Háa S¸t	0	154	39	100	-1956952506	2026-06-12 02:11:52	0	0	0	15	-1	-1	-1
20260612-021315	ItemAdd	3398667989	rage01	MaJas_ServeR	1090	AllStar	5000	200	1387	2819			0		0	0	0	0	M¶nh C¬ Quan MÆc Gia	2	1	31244	5000	1522061546	2026-06-12 02:13:15	4294905378	0	0	0	-1	-1	-1
20260612-021320	ItemAdd	3398667989	rage01	MaJas_ServeR	1090	AllStar	5000	200	1387	2819			0		0	0	0	0	M¶nh C¬ Quan MÆc Gia	2	1	31244	5000	-84849456	2026-06-12 02:13:20	4294904581	0	0	0	-1	-1	-1
20260612-021324	ItemAdd	2745890032	rage01	MaJas_ServeR	1090	AllStar	10	200	1387	2819			0		0	0	0	0	Cæ Phæ-Tói Tµn QuyÓn	2	1	50028	10	34445386	2026-06-12 02:13:24	4294903858	0	0	0	-1	-1	-1
20260612-021325	ItemConsume	ExpendIdx	rage01	MaJas_ServeR	1090	AllStar	1	200	1387	2819			0		0	0	0	0	Cæ Phæ-Tói Tµn QuyÓn	2	1	50028	9	34445386	2026-06-12 02:13:24	4294903858	0	0	0	2	1	7
20260612-021325	ItemAdd	2433920595	rage01	MaJas_ServeR	1090	AllStar	1	200	1387	2819			0		0	0	0	0	[Tµn quyÓn] Liªn Hoa T©	2	1	50071	1	1162156976	2026-06-12 02:13:25	4294905654	0	0	0	-1	-1	-1
20260612-021326	ItemConsume	ExpendIdx	rage01	MaJas_ServeR	1090	AllStar	1	200	1387	2819			0		0	0	0	0	Cæ Phæ-Tói Tµn QuyÓn	2	1	50028	8	34445386	2026-06-12 02:13:24	4294903858	0	0	0	2	1	7
20260612-021326	ItemAdd	2433920595	rage01	MaJas_ServeR	1090	AllStar	1	200	1387	2819			0		0	0	0	0	[Tµn quyÓn] Ngò Linh T¸	2	1	50190	1	1583842317	2026-06-12 02:13:26	4294905827	0	0	0	-1	-1	-1
20260612-021326	ItemConsume	ExpendIdx	rage01	MaJas_ServeR	1090	AllStar	1	200	1387	2819			0		0	0	0	0	Cæ Phæ-Tói Tµn QuyÓn	2	1	50028	7	34445386	2026-06-12 02:13:24	4294903858	0	0	0	2	1	7
20260612-021326	ItemAdd	2433920595	rage01	MaJas_ServeR	1090	AllStar	1	200	1387	2819			0		0	0	0	0	[Tµn quyÓn] Tóy §iÖp	2	1	50090	1	-1089539886	2026-06-12 02:13:26	4294903812	0	0	0	-1	-1	-1
20260612-021326	ItemConsume	ExpendIdx	rage01	MaJas_ServeR	1090	AllStar	1	200	1387	2819			0		0	0	0	0	Cæ Phæ-Tói Tµn QuyÓn	2	1	50028	6	34445386	2026-06-12 02:13:24	4294903858	0	0	0	2	1	7
20260612-021326	ItemAdd	2433920595	rage01	MaJas_ServeR	1090	AllStar	1	200	1387	2819			0		0	0	0	0	[Tµn quyÓn] Th¸i Êt T©m	2	1	50170	1	-1067599429	2026-06-12 02:13:26	4393256	4294903882	0	0	-1	-1	-1
20260612-021326	ItemConsume	ExpendIdx	rage01	MaJas_ServeR	1090	AllStar	1	200	1387	2819			0		0	0	0	0	Cæ Phæ-Tói Tµn QuyÓn	2	1	50028	5	34445386	2026-06-12 02:13:24	4294903858	0	0	0	2	1	7
20260612-021326	ItemAdd	2433920595	rage01	MaJas_ServeR	1090	AllStar	1	200	1387	2819			0		0	0	0	0	[Tµn quyÓn] Th¸i Êt T©m	2	1	50170	1	-976503836	2026-06-12 02:13:26	200273	4294905438	0	0	-1	-1	-1
20260612-021326	ItemConsume	ExpendIdx	rage01	MaJas_ServeR	1090	AllStar	1	200	1387	2819			0		0	0	0	0	Cæ Phæ-Tói Tµn QuyÓn	2	1	50028	4	34445386	2026-06-12 02:13:24	4294903858	0	0	0	2	1	7
20260612-021326	ItemAdd	2433920595	rage01	MaJas_ServeR	1090	AllStar	1	200	1387	2819			0		0	0	0	0	[Tµn quyÓn] BÊt DiÖt Tæ	2	1	50070	1	-1535118409	2026-06-12 02:13:26	4294903819	0	0	0	-1	-1	-1
20260612-021326	ItemConsume	ExpendIdx	rage01	MaJas_ServeR	1090	AllStar	1	200	1387	2819			0		0	0	0	0	Cæ Phæ-Tói Tµn QuyÓn	2	1	50028	3	34445386	2026-06-12 02:13:24	4294903858	0	0	0	2	1	7
20260612-021326	ItemAdd	2433920595	rage01	MaJas_ServeR	1090	AllStar	1	200	1387	2819			0		0	0	0	0	[Tµn quyÓn] Cuång Phong	2	1	50160	1	1694634073	2026-06-12 02:13:26	4294904823	0	0	0	-1	-1	-1
20260612-021327	ItemConsume	ExpendIdx	rage01	MaJas_ServeR	1090	AllStar	1	200	1387	2819			0		0	0	0	0	Cæ Phæ-Tói Tµn QuyÓn	2	1	50028	2	34445386	2026-06-12 02:13:24	4294903858	0	0	0	2	1	7
20260612-021327	ItemAdd	2433920595	rage01	MaJas_ServeR	1090	AllStar	1	200	1387	2819			0		0	0	0	0	[Tµn quyÓn] L­u Quang K	2	1	50110	1	552816523	2026-06-12 02:13:27	4066091	0	0	0	-1	-1	-1
20260612-021327	ItemConsume	ExpendIdx	rage01	MaJas_ServeR	1090	AllStar	1	200	1387	2819			0		0	0	0	0	Cæ Phæ-Tói Tµn QuyÓn	2	1	50028	1	34445386	2026-06-12 02:13:24	4294903858	0	0	0	2	1	7
20260612-021327	ItemAdd	2433920595	rage01	MaJas_ServeR	1090	AllStar	1	200	1387	2819			0		0	0	0	0	[Tµn quyÓn] §¹i Lùc Kim	2	1	50040	1	-665072653	2026-06-12 02:13:27	592533	4294905050	0	0	-1	-1	-1
20260612-021327	ItemConsume	ExpendIdx	rage01	MaJas_ServeR	1090	AllStar	1	200	1387	2819			0		0	0	0	0	Cæ Phæ-Tói Tµn QuyÓn	2	1	50028	1	34445386	2026-06-12 02:13:24	4294903858	0	0	0	2	1	7
20260612-021327	ItemAdd	2433920595	rage01	MaJas_ServeR	1090	AllStar	1	200	1387	2819			0		0	0	0	0	[Tµn quyÓn] ThÊt Tinh Q	2	1	50120	1	98479601	2026-06-12 02:13:27	4294905104	0	0	0	-1	-1	-1
20260612-021340	ItemAdd	3912887248	rage01	MaJas_ServeR	1090	AllStar	1000	200	1387	2819			0		0	0	0	0	VËt phÈm Xu	2	1	30230	1000	742471611	2026-06-12 02:13:40	4393591	4294905627	0	0	-1	-1	-1
20260612-021349	ItemAdd	1095043133	rage01	MaJas_ServeR	1090	AllStar	25	200	1387	2819			0		0	0	0	0	Kinh M¹ch Ng©n Nh©n	2	1	30731	25	1387711627	2026-06-12 02:13:49	2048	2048	2048	0	-1	-1	-1
20260612-021358	ItemConsume	ClearItemInPos	rage01	MaJas_ServeR	1090	AllStar	1	200	1423	2821			0		0	0	0	0	Vâ L©m 2 Shiina	2	1	50001	1	-790519354	2026-06-12 01:53:07	4294905765	0	0	0	2	0	0
20260612-021358	ItemConsume	ClearItemInPos	rage01	MaJas_ServeR	1090	AllStar	1	200	1423	2821			0		0	0	0	0	Tèng-Chu T­íc T­íng LÖn	0	102	31854	100	129031159	2026-06-12 01:56:54	977145748	977866425	977603972	0	2	1	0
20260612-021358	ItemConsume	ClearItemInPos	rage01	MaJas_ServeR	1090	AllStar	1	200	1423	2821			0		0	0	0	0	Nh­ Lai Kinh	0	112	102	0	-1445320930	2026-06-12 01:57:44	0	0	7680	0	2	2	0
20260612-021358	ItemConsume	ClearItemInPos	rage01	MaJas_ServeR	1090	AllStar	1	200	1423	2821			0		0	0	0	0	[BÝ §iÓn] MËt TÞch TiÒm	0	107	30046	0	-870281630	2026-06-12 01:57:46	1460405248	1447560195	167970049	0	2	3	0
20260612-021358	ItemConsume	ClearItemInPos	rage01	MaJas_ServeR	1090	AllStar	1	200	1423	2821			0		0	0	0	0	[BÝ §iÓn] MËt TÞch TiÒm	0	107	30046	0	-294762800	2026-06-12 01:57:46	1225982976	1314259716	134414593	0	2	4	0
20260612-021358	ItemConsume	ClearItemInPos	rage01	MaJas_ServeR	1090	AllStar	50	200	1423	2821			0		0	0	0	0	Kinh M¹ch §ång Nh©n	2	1	30730	50	-1268189726	2026-06-12 01:59:36	2048	2048	2048	0	2	0	1
20260612-021358	ItemConsume	ClearItemInPos	rage01	MaJas_ServeR	1090	AllStar	1	200	1423	2821			0		0	0	0	0	La H¸n QuyÒn quyÕt	2	6	12	1	372265737	2026-06-12 01:57:52	4294916392	0	0	0	2	1	1
20260612-021358	ItemConsume	ClearItemInPos	rage01	MaJas_ServeR	1090	AllStar	1	200	1423	2821			0		0	0	0	0	Ca DiÖp Thèi quyÕt	2	6	13	1	-1540139906	2026-06-12 01:57:52	7276738	4294916810	0	0	2	2	1
20260612-021358	ItemConsume	ClearItemInPos	rage01	MaJas_ServeR	1090	AllStar	1	200	1423	2821			0		0	0	0	0	HuÖ Nh·n quyÕt	2	6	14	1	1534474617	2026-06-12 01:57:52	3674020	3482939	0	0	2	3	1
20260612-021358	ItemConsume	ClearItemInPos	rage01	MaJas_ServeR	1090	AllStar	1	200	1423	2821			0		0	0	0	0	Vi §µ quyÕt	2	6	15	1	-687021240	2026-06-12 01:57:52	600649	4294916959	0	0	2	4	1
20260612-021358	ItemConsume	ClearItemInPos	rage01	MaJas_ServeR	1090	AllStar	1	200	1423	2821			0		0	0	0	0	V¨n V©n quyÕt	2	6	16	1	2005974821	2026-06-12 01:57:52	4294916653	0	0	0	2	0	2
20260612-021358	ItemConsume	ClearItemInPos	rage01	MaJas_ServeR	1090	AllStar	1	200	1423	2821			0		0	0	0	0	La H¸n TrËn quyÕt	2	6	17	1	-1965747254	2026-06-12 01:57:52	4294918014	0	0	0	2	1	2
20260612-021358	ItemConsume	ClearItemInPos	rage01	MaJas_ServeR	1090	AllStar	1	200	1423	2821			0		0	0	0	0	§¹i Tu Di Ch­ëng	2	6	18	1	-27121133	2026-06-12 01:57:52	4294917023	0	0	0	2	2	2
20260612-021358	ItemConsume	ClearItemInPos	rage01	MaJas_ServeR	1090	AllStar	1	200	1423	2821			0		0	0	0	0	V« ¶nh quyÕt	2	6	19	1	837374416	2026-06-12 01:57:52	593840	4294917503	0	0	2	3	2
20260612-021358	ItemConsume	ClearItemInPos	rage01	MaJas_ServeR	1090	AllStar	1	200	1423	2821			0		0	0	0	0	Long Tr¶o Thñ quyÕt	2	6	20	1	-1310215219	2026-06-12 01:57:52	4294916124	0	0	0	2	4	2
20260612-021358	ItemConsume	ClearItemInPos	rage01	MaJas_ServeR	1090	AllStar	1	200	1423	2821			0		0	0	0	0	La H¸n QuyÒn quyÕt	2	6	12	1	1506261785	2026-06-12 01:58:01	601817	4294917310	0	0	2	0	3
20260612-021358	ItemConsume	ClearItemInPos	rage01	MaJas_ServeR	1090	AllStar	1	200	1423	2821			0		0	0	0	0	Ca DiÖp Thèi quyÕt	2	6	13	1	1792122727	2026-06-12 01:58:01	4294916606	4394811	0	0	2	1	3
20260612-021358	ItemConsume	ClearItemInPos	rage01	MaJas_ServeR	1090	AllStar	1	200	1423	2821			0		0	0	0	0	HuÖ Nh·n quyÕt	2	6	14	1	1244674624	2026-06-12 01:58:01	4294916898	0	0	0	2	2	3
20260612-021358	ItemConsume	ClearItemInPos	rage01	MaJas_ServeR	1090	AllStar	1	200	1423	2821			0		0	0	0	0	Vi §µ quyÕt	2	6	15	1	993433665	2026-06-12 01:58:01	4294917586	0	0	0	2	3	3
20260612-021358	ItemConsume	ClearItemInPos	rage01	MaJas_ServeR	1090	AllStar	1	200	1423	2821			0		0	0	0	0	V¨n V©n quyÕt	2	6	16	1	894141462	2026-06-12 01:58:01	4294918064	0	0	0	2	4	3
20260612-021358	ItemConsume	ClearItemInPos	rage01	MaJas_ServeR	1090	AllStar	1	200	1423	2821			0		0	0	0	0	La H¸n TrËn quyÕt	2	6	17	1	749425999	2026-06-12 01:58:01	4294917600	0	0	0	2	0	4
20260612-021358	ItemConsume	ClearItemInPos	rage01	MaJas_ServeR	1090	AllStar	1	200	1423	2821			0		0	0	0	0	§¹i Tu Di Ch­ëng	2	6	18	1	-1114392900	2026-06-12 01:58:01	2822351	599378	0	0	2	1	4
20260612-021358	ItemConsume	ClearItemInPos	rage01	MaJas_ServeR	1090	AllStar	1	200	1423	2821			0		0	0	0	0	V« ¶nh quyÕt	2	6	19	1	342634418	2026-06-12 01:58:01	4294916280	0	0	0	2	2	4
20260612-021358	ItemConsume	ClearItemInPos	rage01	MaJas_ServeR	1090	AllStar	1	200	1423	2821			0		0	0	0	0	Long Tr¶o Thñ quyÕt	2	6	20	1	2015848987	2026-06-12 01:58:01	4294917396	0	0	0	2	3	4
20260612-021358	ItemConsume	ClearItemInPos	rage01	MaJas_ServeR	1090	AllStar	50	200	1423	2821			0		0	0	0	0	Kinh M¹ch Ng©n Nh©n	2	1	30731	50	445529858	2026-06-12 01:59:39	2048	2048	2048	0	2	4	4
20260612-021358	ItemConsume	ClearItemInPos	rage01	MaJas_ServeR	1090	AllStar	1	200	1423	2821			0		0	0	0	0	Phi Phong Tinh Huy	0	152	38	100	-1184015374	2026-06-12 02:11:52	0	0	0	15	2	0	5
20260612-021358	ItemConsume	ClearItemInPos	rage01	MaJas_ServeR	1090	AllStar	9999	200	1423	2821			0		0	0	0	0	M¶nh C¬ Quan MÆc Gia	2	1	31244	9999	-952611734	2026-06-12 02:11:42	3870053	4458528	0	0	2	1	5
20260612-021358	ItemConsume	ClearItemInPos	rage01	MaJas_ServeR	1090	AllStar	1	200	1423	2821			0		0	0	0	0	Huy Ch­¬ng Tinh Huy	0	153	38	100	-2098562213	2026-06-12 02:11:52	0	0	0	15	2	2	5
20260612-021358	ItemConsume	ClearItemInPos	rage01	MaJas_ServeR	1090	AllStar	1	200	1423	2821			0		0	0	0	0	Giµy Tinh Huy	0	154	38	100	-2143264301	2026-06-12 02:11:52	0	0	0	15	2	3	5
20260612-021358	ItemConsume	ClearItemInPos	rage01	MaJas_ServeR	1090	AllStar	1	200	1423	2821			0		0	0	0	0	Phi Phong NguyÖt KhuyÕt	0	152	40	100	1863198812	2026-06-12 02:11:52	0	0	0	15	2	4	5
20260612-021358	ItemConsume	ClearItemInPos	rage01	MaJas_ServeR	1090	AllStar	1	200	1423	2821			0		0	0	0	0	Huy Ch­¬ng NguyÖt KhuyÕ	0	153	40	100	132553055	2026-06-12 02:11:52	0	0	0	15	2	0	6
20260612-021358	ItemConsume	ClearItemInPos	rage01	MaJas_ServeR	1090	AllStar	1	200	1423	2821			0		0	0	0	0	Giµy NguyÖt KhuyÕt	0	154	40	100	2128310593	2026-06-12 02:11:52	0	0	0	15	2	1	6
20260612-021358	ItemConsume	ClearItemInPos	rage01	MaJas_ServeR	1090	AllStar	1	200	1423	2821			0		0	0	0	0	Phi Phong Háa S¸t	0	152	39	100	-1937230413	2026-06-12 02:11:52	0	0	0	15	2	2	6
20260612-021358	ItemConsume	ClearItemInPos	rage01	MaJas_ServeR	1090	AllStar	1	200	1423	2821			0		0	0	0	0	Huy Ch­¬ng Háa S¸t	0	153	39	100	1024644917	2026-06-12 02:11:52	0	0	0	15	2	3	6
20260612-021358	ItemConsume	ClearItemInPos	rage01	MaJas_ServeR	1090	AllStar	1	200	1423	2821			0		0	0	0	0	Giµy Háa S¸t	0	154	39	100	-1956952506	2026-06-12 02:11:52	0	0	0	15	2	4	6
20260612-021358	ItemConsume	ClearItemInPos	rage01	MaJas_ServeR	1090	AllStar	5001	200	1423	2821			0		0	0	0	0	M¶nh C¬ Quan MÆc Gia	2	1	31244	5001	1522061546	2026-06-12 02:13:15	4294905378	0	0	0	2	0	7
20260612-021358	ItemConsume	ClearItemInPos	rage01	MaJas_ServeR	1090	AllStar	1	200	1423	2821			0		0	0	0	0	[Tµn quyÓn] ThÊt Tinh Q	2	1	50120	1	98479601	2026-06-12 02:13:27	4294905104	0	0	0	2	1	7
20260612-021358	ItemConsume	ClearItemInPos	rage01	MaJas_ServeR	1090	AllStar	1	200	1423	2821			0		0	0	0	0	[Tµn quyÓn] Liªn Hoa T©	2	1	50071	1	1162156976	2026-06-12 02:13:25	4294905654	0	0	0	2	2	7
20260612-021358	ItemConsume	ClearItemInPos	rage01	MaJas_ServeR	1090	AllStar	1	200	1423	2821			0		0	0	0	0	[Tµn quyÓn] Ngò Linh T¸	2	1	50190	1	1583842317	2026-06-12 02:13:26	4294905827	0	0	0	2	3	7
20260612-021358	ItemConsume	ClearItemInPos	rage01	MaJas_ServeR	1090	AllStar	1	200	1423	2821			0		0	0	0	0	[Tµn quyÓn] Tóy §iÖp	2	1	50090	1	-1089539886	2026-06-12 02:13:26	4294903812	0	0	0	2	4	7
20260612-021358	ItemConsume	ClearItemInPos	rage01	MaJas_ServeR	1090	AllStar	2	200	1423	2821			0		0	0	0	0	[Tµn quyÓn] Th¸i Êt T©m	2	1	50170	2	-1067599429	2026-06-12 02:13:26	4393256	4294903882	0	0	2	0	8
20260612-021358	ItemConsume	ClearItemInPos	rage01	MaJas_ServeR	1090	AllStar	1	200	1423	2821			0		0	0	0	0	[Tµn quyÓn] BÊt DiÖt Tæ	2	1	50070	1	-1535118409	2026-06-12 02:13:26	4294903819	0	0	0	2	1	8
20260612-021358	ItemConsume	ClearItemInPos	rage01	MaJas_ServeR	1090	AllStar	1	200	1423	2821			0		0	0	0	0	[Tµn quyÓn] Cuång Phong	2	1	50160	1	1694634073	2026-06-12 02:13:26	4294904823	0	0	0	2	2	8
20260612-021358	ItemConsume	ClearItemInPos	rage01	MaJas_ServeR	1090	AllStar	1	200	1423	2821			0		0	0	0	0	[Tµn quyÓn] L­u Quang K	2	1	50110	1	552816523	2026-06-12 02:13:27	4066091	0	0	0	2	3	8
20260612-021358	ItemConsume	ClearItemInPos	rage01	MaJas_ServeR	1090	AllStar	1	200	1423	2821			0		0	0	0	0	[Tµn quyÓn] §¹i Lùc Kim	2	1	50040	1	-665072653	2026-06-12 02:13:27	592533	4294905050	0	0	2	4	8
20260612-021358	ItemConsume	ClearItemInPos	rage01	MaJas_ServeR	1090	AllStar	1000	200	1423	2821			0		0	0	0	0	VËt phÈm Xu	2	1	30230	1000	742471611	2026-06-12 02:13:40	4393591	4294905627	0	0	2	0	9
20260612-021358	ItemAdd	3086646439	rage01	MaJas_ServeR	1090	AllStar	1	200	1423	2821			0		0	0	0	0	Vâ L©m 2 Shiina	2	1	50001	1	-930887474	2026-06-12 02:13:58	4294905072	0	0	0	-1	-1	-1
20260612-021402	ItemAdd	1095043133	rage01	MaJas_ServeR	1090	AllStar	25	200	1435	2810			0		0	0	0	0	Kinh M¹ch Ng©n Nh©n	2	1	30731	25	529442767	2026-06-12 02:14:02	2048	2048	2048	0	-1	-1	-1
20260612-021406	ItemAdd	1095043133	rage01	MaJas_ServeR	1090	AllStar	25	200	1435	2810			0		0	0	0	0	Kinh M¹ch Ng©n Nh©n	2	1	30731	25	1940959809	2026-06-12 02:14:06	2048	2048	2048	0	-1	-1	-1
20260612-021412	ItemAdd	1095043133	rage01	MaJas_ServeR	1090	AllStar	25	200	1435	2810			0		0	0	0	0	Kinh M¹ch §ång Nh©n	2	1	30730	25	1625964439	2026-06-12 02:14:12	2048	2048	2048	0	-1	-1	-1
20260612-021521	ItemAdd	394055601	rage01	MaJas_ServeR	1090	AllStar	500	200	1472	2797			0		0	0	0	0	Tinh Hån	2	95	3855	500	787487913	2026-06-12 02:15:21	4294904181	0	0	0	-1	-1	-1
20260612-021521	ItemAdd	394055601	rage01	MaJas_ServeR	1090	AllStar	500	200	1472	2797			0		0	0	0	0	NguyÖt Ph¸ch	2	102	232	500	1251227294	2026-06-12 02:15:21	4294905163	0	0	0	-1	-1	-1
20260612-021524	ItemAdd	3912887248	rage01	MaJas_ServeR	1090	AllStar	1000	200	1472	2797			0		0	0	0	0	VËt phÈm Xu	2	1	30230	1000	1459968507	2026-06-12 02:15:24	4294904672	593043	0	0	-1	-1	-1
20260612-021531	ItemAdd	1954178750	rage01	MaJas_ServeR	1090	AllStar	500	200	1472	2797			0		0	0	0	0	Håi Tiªn §¬n	2	1	30847	500	-1670434030	2026-06-12 02:15:31	4294904450	0	0	0	-1	-1	-1
20260612-021531	ItemAdd	1954178750	rage01	MaJas_ServeR	1090	AllStar	500	200	1472	2797			0		0	0	0	0	Linh Ph¸ch §¬n	2	1	31239	500	-120841989	2026-06-12 02:15:31	592810	4294904301	0	0	-1	-1	-1
20260612-021555	ItemAdd	2595979104	rage01	MaJas_ServeR	1090	AllStar	100	200	1472	2797			0		0	0	0	0	Linh Th¹ch khãa (1)	2	1	30904	100	1499510235	2026-06-12 02:15:55	4294904733	0	0	0	-1	-1	-1
20260612-021555	ItemAdd	2595979104	rage01	MaJas_ServeR	1090	AllStar	100	200	1472	2797			0		0	0	0	0	Linh Th¹ch khãa (2)	2	1	30905	100	2123892536	2026-06-12 02:15:55	4294903943	0	0	0	-1	-1	-1
20260612-021555	ItemAdd	2595979104	rage01	MaJas_ServeR	1090	AllStar	100	200	1472	2797			0		0	0	0	0	Linh Th¹ch khãa (3)	2	1	30906	100	1223654041	2026-06-12 02:15:55	593006	4294903849	0	0	-1	-1	-1
20260612-021555	ItemAdd	2595979104	rage01	MaJas_ServeR	1090	AllStar	100	200	1472	2797			0		0	0	0	0	Linh Th¹ch khãa (4)	2	1	30907	100	1788677434	2026-06-12 02:15:55	4294904717	0	0	0	-1	-1	-1
20260612-021555	ItemAdd	2595979104	rage01	MaJas_ServeR	1090	AllStar	100	200	1472	2797			0		0	0	0	0	Linh Th¹ch khãa (5)	2	1	30908	100	-922688445	2026-06-12 02:15:55	1509587	4294904347	0	0	-1	-1	-1
20260612-021555	ItemAdd	2595979104	rage01	MaJas_ServeR	1090	AllStar	100	200	1472	2797			0		0	0	0	0	Linh Th¹ch khãa (6)	2	1	30909	100	256903105	2026-06-12 02:15:55	593762	0	0	0	-1	-1	-1
20260612-021555	ItemAdd	2595979104	rage01	MaJas_ServeR	1090	AllStar	100	200	1472	2797			0		0	0	0	0	§æi Linh Th¹ch-Cao 1	2	1	31249	100	-241213389	2026-06-12 02:15:55	4294903898	4394579	0	0	-1	-1	-1
20260612-021555	ItemAdd	2595979104	rage01	MaJas_ServeR	1090	AllStar	100	200	1472	2797			0		0	0	0	0	§æi Linh Th¹ch-Cao 2	2	1	31250	100	-1291145156	2026-06-12 02:15:55	1314439	0	0	0	-1	-1	-1
20260612-021555	ItemAdd	2595979104	rage01	MaJas_ServeR	1090	AllStar	100	200	1472	2797			0		0	0	0	0	§æi Linh Th¹ch-Cao 3	2	1	31251	100	-2041323834	2026-06-12 02:15:55	4294904434	0	0	0	-1	-1	-1
20260612-021555	ItemAdd	2595979104	rage01	MaJas_ServeR	1090	AllStar	100	200	1472	2797			0		0	0	0	0	§æi Linh Th¹ch-Cao 4	2	1	31252	100	1805384992	2026-06-12 02:15:55	591978	200567	0	0	-1	-1	-1
20260612-021555	ItemAdd	2595979104	rage01	MaJas_ServeR	1090	AllStar	100	200	1472	2797			0		0	0	0	0	§æi Linh Th¹ch-Cao 5	2	1	31253	100	281913156	2026-06-12 02:15:55	4000352	0	0	0	-1	-1	-1
20260612-021555	ItemAdd	2595979104	rage01	MaJas_ServeR	1090	AllStar	100	200	1472	2797			0		0	0	0	0	§æi Linh Th¹ch-Cao 6	2	1	31254	100	-1921784818	2026-06-12 02:15:55	593796	4294905607	0	0	-1	-1	-1
20260612-021555	ItemAdd	2595979104	rage01	MaJas_ServeR	1090	AllStar	50	200	1472	2797			0		0	0	0	0	X· Qu©n Táa Linh Th¹ch 	2	1	31391	50	-346796343	2026-06-12 02:15:55	4294905659	0	0	0	-1	-1	-1
20260612-021555	ItemAdd	2595979104	rage01	MaJas_ServeR	1090	AllStar	50	200	1472	2797			0		0	0	0	0	X· Qu©n Táa Linh Th¹ch 	2	1	31392	50	1336052542	2026-06-12 02:15:55	4294905129	0	0	0	-1	-1	-1
20260612-021555	ItemAdd	2595979104	rage01	MaJas_ServeR	1090	AllStar	50	200	1472	2797			0		0	0	0	0	X· Qu©n Táa Linh Th¹ch 	2	1	31393	50	-306423976	2026-06-12 02:15:55	4294904817	0	0	0	-1	-1	-1
20260612-021555	ItemAdd	2595979104	rage01	MaJas_ServeR	1090	AllStar	50	200	1472	2797			0		0	0	0	0	X· Qu©n Táa Linh Th¹ch 	2	1	31394	50	1046956994	2026-06-12 02:15:55	199023	3804128	0	0	-1	-1	-1
20260612-021555	ItemAdd	2595979104	rage01	MaJas_ServeR	1090	AllStar	50	200	1472	2797			0		0	0	0	0	X· Qu©n Táa Linh Th¹ch 	2	1	31395	50	-1471631352	2026-06-12 02:15:55	4460286	4294905101	0	0	-1	-1	-1
20260612-021555	ItemAdd	2595979104	rage01	MaJas_ServeR	1090	AllStar	50	200	1472	2797			0		0	0	0	0	X· Qu©n Táa Linh Th¹ch 	2	1	31396	50	-222896411	2026-06-12 02:15:55	4294903880	0	0	0	-1	-1	-1
20260612-021555	ItemAdd	2595979104	rage01	MaJas_ServeR	1090	AllStar	50	200	1472	2797			0		0	0	0	0	Tinh VÉn Táa Linh Th¹ch	2	1	31604	50	1635794570	2026-06-12 02:15:55	4294904224	0	0	0	-1	-1	-1
20260612-021555	ItemAdd	2595979104	rage01	MaJas_ServeR	1090	AllStar	50	200	1472	2797			0		0	0	0	0	Tinh VÉn Táa Linh Th¹ch	2	1	31605	50	-374229500	2026-06-12 02:15:55	4294904290	0	0	0	-1	-1	-1
20260612-021555	ItemAdd	2595979104	rage01	MaJas_ServeR	1090	AllStar	50	200	1472	2797			0		0	0	0	0	Tinh VÉn Táa Linh Th¹ch	2	1	31606	50	-1355012523	2026-06-12 02:15:55	4294904532	0	0	0	-1	-1	-1
20260612-021555	ItemAdd	2595979104	rage01	MaJas_ServeR	1090	AllStar	50	200	1472	2797			0		0	0	0	0	Tinh VÉn Táa Linh Th¹ch	2	1	31607	50	818645607	2026-06-12 02:15:55	3870036	4294904997	0	0	-1	-1	-1
20260612-021555	ItemAdd	2595979104	rage01	MaJas_ServeR	1090	AllStar	50	200	1472	2797			0		0	0	0	0	Tinh VÉn Táa Linh Th¹ch	2	1	31608	50	-518893248	2026-06-12 02:15:55	5115357	4294905123	0	0	-1	-1	-1
20260612-021555	ItemAdd	2595979104	rage01	MaJas_ServeR	1090	AllStar	50	200	1472	2797			0		0	0	0	0	Tinh VÉn Táa Linh Th¹ch	2	1	31609	50	-911650893	2026-06-12 02:15:55	4294905398	0	0	0	-1	-1	-1
20260612-021600	ItemConsume	ClearItemInPos	rage01	MaJas_ServeR	1090	AllStar	1	200	1472	2797			0		0	0	0	0	Vâ L©m 2 Shiina	2	1	50001	1	-930887474	2026-06-12 02:13:58	4294905072	0	0	0	2	0	0
20260612-021600	ItemConsume	ClearItemInPos	rage01	MaJas_ServeR	1090	AllStar	50	200	1472	2797			0		0	0	0	0	Kinh M¹ch Ng©n Nh©n	2	1	30731	50	529442767	2026-06-12 02:14:02	2048	2048	2048	0	2	1	0
20260612-021600	ItemConsume	ClearItemInPos	rage01	MaJas_ServeR	1090	AllStar	25	200	1472	2797			0		0	0	0	0	Kinh M¹ch §ång Nh©n	2	1	30730	25	1625964439	2026-06-12 02:14:12	2048	2048	2048	0	2	2	0
20260612-021600	ItemConsume	ClearItemInPos	rage01	MaJas_ServeR	1090	AllStar	500	200	1472	2797			0		0	0	0	0	Tinh Hån	2	95	3855	500	787487913	2026-06-12 02:15:21	4294904181	0	0	0	2	3	0
20260612-021600	ItemConsume	ClearItemInPos	rage01	MaJas_ServeR	1090	AllStar	500	200	1472	2797			0		0	0	0	0	NguyÖt Ph¸ch	2	102	232	500	1251227294	2026-06-12 02:15:21	4294905163	0	0	0	2	4	0
20260612-021600	ItemConsume	ClearItemInPos	rage01	MaJas_ServeR	1090	AllStar	1000	200	1472	2797			0		0	0	0	0	VËt phÈm Xu	2	1	30230	1000	1459968507	2026-06-12 02:15:24	4294904672	593043	0	0	2	0	1
20260612-021600	ItemConsume	ClearItemInPos	rage01	MaJas_ServeR	1090	AllStar	500	200	1472	2797			0		0	0	0	0	Håi Tiªn §¬n	2	1	30847	500	-1670434030	2026-06-12 02:15:31	4294904450	0	0	0	2	1	1
20260612-021600	ItemConsume	ClearItemInPos	rage01	MaJas_ServeR	1090	AllStar	500	200	1472	2797			0		0	0	0	0	Linh Ph¸ch §¬n	2	1	31239	500	-120841989	2026-06-12 02:15:31	592810	4294904301	0	0	2	2	1
20260612-021600	ItemConsume	ClearItemInPos	rage01	MaJas_ServeR	1090	AllStar	100	200	1472	2797			0		0	0	0	0	Linh Th¹ch khãa (1)	2	1	30904	100	1499510235	2026-06-12 02:15:55	4294904733	0	0	0	2	3	1
20260612-021600	ItemConsume	ClearItemInPos	rage01	MaJas_ServeR	1090	AllStar	100	200	1472	2797			0		0	0	0	0	Linh Th¹ch khãa (2)	2	1	30905	100	2123892536	2026-06-12 02:15:55	4294903943	0	0	0	2	4	1
20260612-021600	ItemConsume	ClearItemInPos	rage01	MaJas_ServeR	1090	AllStar	100	200	1472	2797			0		0	0	0	0	Linh Th¹ch khãa (3)	2	1	30906	100	1223654041	2026-06-12 02:15:55	593006	4294903849	0	0	2	0	2
20260612-021600	ItemConsume	ClearItemInPos	rage01	MaJas_ServeR	1090	AllStar	100	200	1472	2797			0		0	0	0	0	Linh Th¹ch khãa (4)	2	1	30907	100	1788677434	2026-06-12 02:15:55	4294904717	0	0	0	2	1	2
20260612-021600	ItemConsume	ClearItemInPos	rage01	MaJas_ServeR	1090	AllStar	100	200	1472	2797			0		0	0	0	0	Linh Th¹ch khãa (5)	2	1	30908	100	-922688445	2026-06-12 02:15:55	1509587	4294904347	0	0	2	2	2
20260612-021600	ItemConsume	ClearItemInPos	rage01	MaJas_ServeR	1090	AllStar	100	200	1472	2797			0		0	0	0	0	Linh Th¹ch khãa (6)	2	1	30909	100	256903105	2026-06-12 02:15:55	593762	0	0	0	2	3	2
20260612-021600	ItemConsume	ClearItemInPos	rage01	MaJas_ServeR	1090	AllStar	100	200	1472	2797			0		0	0	0	0	§æi Linh Th¹ch-Cao 1	2	1	31249	100	-241213389	2026-06-12 02:15:55	4294903898	4394579	0	0	2	4	2
20260612-021600	ItemConsume	ClearItemInPos	rage01	MaJas_ServeR	1090	AllStar	100	200	1472	2797			0		0	0	0	0	§æi Linh Th¹ch-Cao 2	2	1	31250	100	-1291145156	2026-06-12 02:15:55	1314439	0	0	0	2	0	3
20260612-021600	ItemConsume	ClearItemInPos	rage01	MaJas_ServeR	1090	AllStar	100	200	1472	2797			0		0	0	0	0	§æi Linh Th¹ch-Cao 3	2	1	31251	100	-2041323834	2026-06-12 02:15:55	4294904434	0	0	0	2	1	3
20260612-021600	ItemConsume	ClearItemInPos	rage01	MaJas_ServeR	1090	AllStar	100	200	1472	2797			0		0	0	0	0	§æi Linh Th¹ch-Cao 4	2	1	31252	100	1805384992	2026-06-12 02:15:55	591978	200567	0	0	2	2	3
20260612-021600	ItemConsume	ClearItemInPos	rage01	MaJas_ServeR	1090	AllStar	100	200	1472	2797			0		0	0	0	0	§æi Linh Th¹ch-Cao 5	2	1	31253	100	281913156	2026-06-12 02:15:55	4000352	0	0	0	2	3	3
20260612-021600	ItemConsume	ClearItemInPos	rage01	MaJas_ServeR	1090	AllStar	100	200	1472	2797			0		0	0	0	0	§æi Linh Th¹ch-Cao 6	2	1	31254	100	-1921784818	2026-06-12 02:15:55	593796	4294905607	0	0	2	4	3
20260612-021600	ItemConsume	ClearItemInPos	rage01	MaJas_ServeR	1090	AllStar	50	200	1472	2797			0		0	0	0	0	X· Qu©n Táa Linh Th¹ch 	2	1	31391	50	-346796343	2026-06-12 02:15:55	4294905659	0	0	0	2	0	4
20260612-021600	ItemConsume	ClearItemInPos	rage01	MaJas_ServeR	1090	AllStar	50	200	1472	2797			0		0	0	0	0	X· Qu©n Táa Linh Th¹ch 	2	1	31392	50	1336052542	2026-06-12 02:15:55	4294905129	0	0	0	2	1	4
20260612-021600	ItemConsume	ClearItemInPos	rage01	MaJas_ServeR	1090	AllStar	50	200	1472	2797			0		0	0	0	0	X· Qu©n Táa Linh Th¹ch 	2	1	31393	50	-306423976	2026-06-12 02:15:55	4294904817	0	0	0	2	2	4
20260612-021600	ItemConsume	ClearItemInPos	rage01	MaJas_ServeR	1090	AllStar	50	200	1472	2797			0		0	0	0	0	X· Qu©n Táa Linh Th¹ch 	2	1	31394	50	1046956994	2026-06-12 02:15:55	199023	3804128	0	0	2	3	4
20260612-021600	ItemConsume	ClearItemInPos	rage01	MaJas_ServeR	1090	AllStar	50	200	1472	2797			0		0	0	0	0	X· Qu©n Táa Linh Th¹ch 	2	1	31395	50	-1471631352	2026-06-12 02:15:55	4460286	4294905101	0	0	2	4	4
20260612-021600	ItemConsume	ClearItemInPos	rage01	MaJas_ServeR	1090	AllStar	50	200	1472	2797			0		0	0	0	0	X· Qu©n Táa Linh Th¹ch 	2	1	31396	50	-222896411	2026-06-12 02:15:55	4294903880	0	0	0	2	0	5
20260612-021600	ItemConsume	ClearItemInPos	rage01	MaJas_ServeR	1090	AllStar	50	200	1472	2797			0		0	0	0	0	Tinh VÉn Táa Linh Th¹ch	2	1	31604	50	1635794570	2026-06-12 02:15:55	4294904224	0	0	0	2	1	5
20260612-021600	ItemConsume	ClearItemInPos	rage01	MaJas_ServeR	1090	AllStar	50	200	1472	2797			0		0	0	0	0	Tinh VÉn Táa Linh Th¹ch	2	1	31605	50	-374229500	2026-06-12 02:15:55	4294904290	0	0	0	2	2	5
20260612-021600	ItemConsume	ClearItemInPos	rage01	MaJas_ServeR	1090	AllStar	50	200	1472	2797			0		0	0	0	0	Tinh VÉn Táa Linh Th¹ch	2	1	31606	50	-1355012523	2026-06-12 02:15:55	4294904532	0	0	0	2	3	5
20260612-021600	ItemConsume	ClearItemInPos	rage01	MaJas_ServeR	1090	AllStar	50	200	1472	2797			0		0	0	0	0	Tinh VÉn Táa Linh Th¹ch	2	1	31607	50	818645607	2026-06-12 02:15:55	3870036	4294904997	0	0	2	4	5
20260612-021600	ItemConsume	ClearItemInPos	rage01	MaJas_ServeR	1090	AllStar	50	200	1472	2797			0		0	0	0	0	Tinh VÉn Táa Linh Th¹ch	2	1	31608	50	-518893248	2026-06-12 02:15:55	5115357	4294905123	0	0	2	0	6
20260612-021600	ItemConsume	ClearItemInPos	rage01	MaJas_ServeR	1090	AllStar	50	200	1472	2797			0		0	0	0	0	Tinh VÉn Táa Linh Th¹ch	2	1	31609	50	-911650893	2026-06-12 02:15:55	4294905398	0	0	0	2	1	6
20260612-021600	ItemAdd	3086646439	rage01	MaJas_ServeR	1090	AllStar	1	200	1472	2797			0		0	0	0	0	Vâ L©m 2 Shiina	2	1	50001	1	-1314932085	2026-06-12 02:16:00	4294905419	0	0	0	-1	-1	-1
20260612-021606	ItemAdd	1129359959	rage01	MaJas_ServeR	1090	AllStar	100	200	1472	2797			0		0	0	0	0	TÈy T©m Th¹ch cÊp 1	2	1	30521	100	-884501728	2026-06-12 02:16:06	4294905451	0	0	0	-1	-1	-1
20260612-021606	ItemAdd	1129359959	rage01	MaJas_ServeR	1090	AllStar	100	200	1472	2797			0		0	0	0	0	TÈy T©m Th¹ch cÊp 2	2	1	30522	100	1027205793	2026-06-12 02:16:06	4458786	0	0	0	-1	-1	-1
20260612-021606	ItemAdd	1129359959	rage01	MaJas_ServeR	1090	AllStar	100	200	1472	2797			0		0	0	0	0	TÈy T©m Th¹ch cÊp 3	2	1	30523	100	969949715	2026-06-12 02:16:06	4294904441	200007	0	0	-1	-1	-1
20260612-021606	ItemAdd	1129359959	rage01	MaJas_ServeR	1090	AllStar	100	200	1472	2797			0		0	0	0	0	TÈy T©m Th¹ch cÊp 4	2	1	30524	100	-1548051462	2026-06-12 02:16:06	1510757	0	0	0	-1	-1	-1
20260612-021606	ItemAdd	1129359959	rage01	MaJas_ServeR	1090	AllStar	100	200	1472	2797			0		0	0	0	0	TÈy T©m Th¹ch cÊp 5	2	1	30525	100	119796468	2026-06-12 02:16:06	199622	4294905428	0	0	-1	-1	-1
20260612-021606	ItemAdd	1129359959	rage01	MaJas_ServeR	1090	AllStar	100	200	1472	2797			0		0	0	0	0	TÈy T©m Th¹ch cÊp 6	2	1	30526	100	681840513	2026-06-12 02:16:06	4294904284	1511136	0	0	-1	-1	-1
20260612-021606	ItemAdd	1129359959	rage01	MaJas_ServeR	1090	AllStar	100	200	1472	2797			0		0	0	0	0	LuyÖn L« ThiÕt CÊp 1	2	1	30527	100	-1626713662	2026-06-12 02:16:06	200233	0	0	0	-1	-1	-1
20260612-021606	ItemAdd	1129359959	rage01	MaJas_ServeR	1090	AllStar	100	200	1472	2797			0		0	0	0	0	LuyÖn L« ThiÕt CÊp 2	2	1	30528	100	680738044	2026-06-12 02:16:06	4328940	0	0	0	-1	-1	-1
20260612-021606	ItemAdd	1129359959	rage01	MaJas_ServeR	1090	AllStar	100	200	1472	2797			0		0	0	0	0	LuyÖn L« ThiÕt CÊp 3	2	1	30529	100	-1049370234	2026-06-12 02:16:06	199848	4294903909	0	0	-1	-1	-1
20260612-021606	ItemAdd	1129359959	rage01	MaJas_ServeR	1090	AllStar	100	200	1472	2797			0		0	0	0	0	LuyÖn L« ThiÕt cÊp 4	2	1	30530	100	-39038117	2026-06-12 02:16:06	4294905200	0	0	0	-1	-1	-1
20260612-021606	ItemAdd	1129359959	rage01	MaJas_ServeR	1090	AllStar	100	200	1472	2797			0		0	0	0	0	LuyÖn L« ThiÕt cÊp 5	2	1	30531	100	1570730013	2026-06-12 02:16:06	592460	0	0	0	-1	-1	-1
20260612-021606	ItemAdd	1129359959	rage01	MaJas_ServeR	1090	AllStar	100	200	1472	2797			0		0	0	0	0	LuyÖn L« ThiÕt cÊp 6	2	1	30532	100	1589774447	2026-06-12 02:16:06	4262568	1379832	0	0	-1	-1	-1
20260612-021606	ItemAdd	1129359959	rage01	MaJas_ServeR	1090	AllStar	50	200	1472	2797			0		0	0	0	0	LuyÖn L« ThiÕt CÊp 7	2	1	31401	50	1431267302	2026-06-12 02:16:06	4294904023	0	0	0	-1	-1	-1
20260612-021606	ItemAdd	1129359959	rage01	MaJas_ServeR	1090	AllStar	50	200	1472	2797			0		0	0	0	0	TÈy T©m Th¹ch CÊp 7	2	1	31402	50	-124128929	2026-06-12 02:16:06	4294904949	0	0	0	-1	-1	-1
20260612-021606	ItemAdd	1129359959	rage01	MaJas_ServeR	1090	AllStar	50	200	1472	2797			0		0	0	0	0	LuyÖn L« ThiÕt Lv8	2	1	31614	50	1284694028	2026-06-12 02:16:06	4294904518	0	0	0	-1	-1	-1
20260612-021606	ItemAdd	1129359959	rage01	MaJas_ServeR	1090	AllStar	50	200	1472	2797			0		0	0	0	0	TÈy T©m Th¹ch Lv8	2	1	31615	50	903595773	2026-06-12 02:16:06	5114756	0	0	0	-1	-1	-1
20260612-021617	ItemAdd	2405051819	rage01	MaJas_ServeR	1090	AllStar	100	200	1472	2797			0		0	0	0	0	ThiÕt tinh cÊp 4	2	1	30612	100	-233027501	2026-06-12 02:16:17	0	0	0	0	-1	-1	-1
20260612-021617	ItemAdd	2405051819	rage01	MaJas_ServeR	1090	AllStar	100	200	1472	2797			0		0	0	0	0	ThiÕt tinh cÊp 4	2	1	30612	100	1640202065	2026-06-12 02:16:17	0	0	0	0	-1	-1	-1
20260612-021617	ItemAdd	2405051819	rage01	MaJas_ServeR	1090	AllStar	100	200	1472	2797			0		0	0	0	0	ThiÕt tinh cÊp 4	2	1	30612	100	453383270	2026-06-12 02:16:17	0	0	0	0	-1	-1	-1
20260612-021617	ItemAdd	2405051819	rage01	MaJas_ServeR	1090	AllStar	100	200	1472	2797			0		0	0	0	0	ThiÕt tinh cÊp 4	2	1	30612	100	841458107	2026-06-12 02:16:17	0	0	0	0	-1	-1	-1
20260612-021617	ItemAdd	2405051819	rage01	MaJas_ServeR	1090	AllStar	100	200	1472	2797			0		0	0	0	0	ThiÕt tinh cÊp 4	2	1	30612	100	-1745569411	2026-06-12 02:16:17	0	0	0	0	-1	-1	-1
20260612-021626	ItemAdd	2833709819	rage01	MaJas_ServeR	1090	AllStar	100	200	1472	2797			0		0	0	0	0	HuyÕtTrÝchTh¹ch Lv1	2	22	101	100	-1005677837	2026-06-12 02:16:26	0	0	0	0	-1	-1	-1
20260612-021626	ItemAdd	2833709819	rage01	MaJas_ServeR	1090	AllStar	100	200	1472	2797			0		0	0	0	0	NguyÖtB¹chTh¹ch Lv1	2	22	201	100	1932881807	2026-06-12 02:16:26	4294902143	0	0	0	-1	-1	-1
20260612-021626	ItemAdd	2833709819	rage01	MaJas_ServeR	1090	AllStar	100	200	1472	2797			0		0	0	0	0	Hæ Ph¸ch Th¹ch CÊp 1	2	22	301	100	998952444	2026-06-12 02:16:26	4294902317	0	0	0	-1	-1	-1
20260612-021626	ItemAdd	2833709819	rage01	MaJas_ServeR	1090	AllStar	100	200	1472	2797			0		0	0	0	0	H¾c DiÖu Th¹ch CÊp 1	2	22	401	100	213301894	2026-06-12 02:16:26	4294903139	0	0	0	-1	-1	-1
20260612-021626	ItemAdd	2833709819	rage01	MaJas_ServeR	1090	AllStar	100	200	1472	2797			0		0	0	0	0	HuyÕtTrÝchTh¹ch Lv2	2	22	102	100	-1045261851	2026-06-12 02:16:26	4294903235	0	0	0	-1	-1	-1
20260612-021626	ItemAdd	2833709819	rage01	MaJas_ServeR	1090	AllStar	100	200	1472	2797			0		0	0	0	0	NguyÖtB¹chTh¹ch Lv2	2	22	202	100	1031347831	2026-06-12 02:16:26	0	0	0	0	-1	-1	-1
20260612-021626	ItemAdd	2833709819	rage01	MaJas_ServeR	1090	AllStar	100	200	1472	2797			0		0	0	0	0	Hæ Ph¸ch Th¹ch CÊp 2	2	22	302	100	-2058725677	2026-06-12 02:16:26	4294902834	0	0	0	-1	-1	-1
20260612-021626	ItemAdd	2833709819	rage01	MaJas_ServeR	1090	AllStar	100	200	1472	2797			0		0	0	0	0	H¾c DiÖu Th¹ch CÊp 2	2	22	402	100	880613326	2026-06-12 02:16:26	4294902638	0	0	0	-1	-1	-1
20260612-021626	ItemAdd	2833709819	rage01	MaJas_ServeR	1090	AllStar	100	200	1472	2797			0		0	0	0	0	HuyÕtTrÝchTh¹ch Lv3	2	22	103	100	-2025040537	2026-06-12 02:16:26	4294902964	0	0	0	-1	-1	-1
20260612-021626	ItemAdd	2833709819	rage01	MaJas_ServeR	1090	AllStar	100	200	1472	2797			0		0	0	0	0	NguyÖtB¹chTh¹ch Lv3	2	22	203	100	-1112236718	2026-06-12 02:16:26	0	0	0	0	-1	-1	-1
20260612-021626	ItemAdd	2833709819	rage01	MaJas_ServeR	1090	AllStar	100	200	1472	2797			0		0	0	0	0	Hæ Ph¸ch Th¹ch CÊp 3	2	22	303	100	696274686	2026-06-12 02:16:26	4294902633	0	0	0	-1	-1	-1
20260612-021626	ItemAdd	2833709819	rage01	MaJas_ServeR	1090	AllStar	100	200	1472	2797			0		0	0	0	0	H¾c DiÖu Th¹ch CÊp 3	2	22	403	100	-797800168	2026-06-12 02:16:26	0	0	0	0	-1	-1	-1
20260612-021626	ItemAdd	2833709819	rage01	MaJas_ServeR	1090	AllStar	100	200	1472	2797			0		0	0	0	0	HuyÕtTrÝchTh¹ch Lv4	2	22	104	100	1959828580	2026-06-12 02:16:26	4294902591	0	0	0	-1	-1	-1
20260612-021626	ItemAdd	2833709819	rage01	MaJas_ServeR	1090	AllStar	100	200	1472	2797			0		0	0	0	0	NguyÖtB¹chTh¹ch Lv4	2	22	204	100	865317941	2026-06-12 02:16:26	0	0	0	0	-1	-1	-1
20260612-021626	ItemAdd	2833709819	rage01	MaJas_ServeR	1090	AllStar	100	200	1472	2797			0		0	0	0	0	Hæ Ph¸ch Th¹ch CÊp 4	2	22	304	100	313231025	2026-06-12 02:16:26	4294901988	0	0	0	-1	-1	-1
20260612-021626	ItemAdd	2833709819	rage01	MaJas_ServeR	1090	AllStar	100	200	1472	2797			0		0	0	0	0	H¾c DiÖu Th¹ch CÊp 4	2	22	404	100	-1778914653	2026-06-12 02:16:26	4294902992	0	0	0	-1	-1	-1
20260612-021626	ItemAdd	2833709819	rage01	MaJas_ServeR	1090	AllStar	100	200	1472	2797			0		0	0	0	0	HuyÕtTrÝchTh¹ch Lv5	2	22	105	100	-1865918048	2026-06-12 02:16:26	4294902655	0	0	0	-1	-1	-1
20260612-021626	ItemAdd	2833709819	rage01	MaJas_ServeR	1090	AllStar	100	200	1472	2797			0		0	0	0	0	NguyÖtB¹chTh¹ch Lv5	2	22	205	100	-1296592095	2026-06-12 02:16:26	4294902155	0	0	0	-1	-1	-1
20260612-021626	ItemAdd	2833709819	rage01	MaJas_ServeR	1090	AllStar	100	200	1472	2797			0		0	0	0	0	Hæ Ph¸ch Th¹ch CÊp 5	2	22	305	100	-792944522	2026-06-12 02:16:26	0	0	0	0	-1	-1	-1
20260612-021626	ItemAdd	2833709819	rage01	MaJas_ServeR	1090	AllStar	100	200	1472	2797			0		0	0	0	0	H¾c DiÖu Th¹ch CÊp 5	2	22	405	100	-1664265246	2026-06-12 02:16:26	0	0	0	0	-1	-1	-1
20260612-021626	ItemAdd	2833709819	rage01	MaJas_ServeR	1090	AllStar	100	200	1472	2797			0		0	0	0	0	HuyÕtTrÝchTh¹ch Lv6	2	22	106	100	-382440306	2026-06-12 02:16:26	0	0	0	0	-1	-1	-1
20260612-021626	ItemAdd	2833709819	rage01	MaJas_ServeR	1090	AllStar	100	200	1472	2797			0		0	0	0	0	NguyÖtB¹chTh¹ch Lv6	2	22	206	100	352179834	2026-06-12 02:16:26	4294903657	0	0	0	-1	-1	-1
20260612-021626	ItemAdd	2833709819	rage01	MaJas_ServeR	1090	AllStar	100	200	1472	2797			0		0	0	0	0	Hæ Ph¸ch Th¹ch CÊp 6	2	22	306	100	810718851	2026-06-12 02:16:26	4294901773	0	0	0	-1	-1	-1
20260612-021626	ItemAdd	2833709819	rage01	MaJas_ServeR	1090	AllStar	100	200	1472	2797			0		0	0	0	0	H¾c DiÖu Th¹ch CÊp 6	2	22	406	100	-1252133954	2026-06-12 02:16:26	4294903071	0	0	0	-1	-1	-1
20260612-021626	ItemAdd	2833709819	rage01	MaJas_ServeR	1090	AllStar	100	200	1472	2797			0		0	0	0	0	HuyÕt TrÝch Th¹ch cÊp 7	2	22	107	100	12846103	2026-06-12 02:16:26	0	0	0	0	-1	-1	-1
20260612-021626	ItemAdd	2833709819	rage01	MaJas_ServeR	1090	AllStar	100	200	1472	2797			0		0	0	0	0	NguyÖt B¹ch Th¹ch cÊp 7	2	22	207	100	499057267	2026-06-12 02:16:26	0	0	0	0	-1	-1	-1
20260612-021626	ItemAdd	2833709819	rage01	MaJas_ServeR	1090	AllStar	100	200	1472	2797			0		0	0	0	0	Hæ Ph¸ch Th¹ch cÊp 7	2	22	307	100	-992188657	2026-06-12 02:16:26	0	0	0	0	-1	-1	-1
20260612-021626	ItemAdd	2833709819	rage01	MaJas_ServeR	1090	AllStar	100	200	1472	2797			0		0	0	0	0	H¾c DiÖu Th¹ch cÊp 7	2	22	407	100	114101739	2026-06-12 02:16:26	0	0	0	0	-1	-1	-1
20260612-021626	ItemAdd	2833709819	rage01	MaJas_ServeR	1090	AllStar	100	200	1472	2797			0		0	0	0	0	HuyÕt TrÝch Th¹ch CÊp 8	2	22	108	100	671093511	2026-06-12 02:16:26	4294902650	0	0	0	-1	-1	-1
20260612-021626	ItemAdd	2833709819	rage01	MaJas_ServeR	1090	AllStar	100	200	1472	2797			0		0	0	0	0	NguyÖt B¹ch Th¹ch CÊp 8	2	22	208	100	841525460	2026-06-12 02:16:26	4294903348	0	0	0	-1	-1	-1
20260612-021626	ItemAdd	2833709819	rage01	MaJas_ServeR	1090	AllStar	100	200	1472	2797			0		0	0	0	0	Hæ Ph¸ch Th¹ch CÊp 8	2	22	308	100	1249983845	2026-06-12 02:16:26	4294902025	0	0	0	-1	-1	-1
20260612-021626	ItemAdd	2833709819	rage01	MaJas_ServeR	1090	AllStar	100	200	1472	2797			0		0	0	0	0	H¾c DiÖu Th¹ch CÊp 8	2	22	408	100	1186029322	2026-06-12 02:16:26	4294902582	0	0	0	-1	-1	-1
20260612-021630	ItemConsume	ClearItemInPos	rage01	MaJas_ServeR	1090	AllStar	1	200	1472	2797			0		0	0	0	0	Vâ L©m 2 Shiina	2	1	50001	1	-1314932085	2026-06-12 02:16:00	4294905419	0	0	0	2	0	0
20260612-021630	ItemConsume	ClearItemInPos	rage01	MaJas_ServeR	1090	AllStar	100	200	1472	2797			0		0	0	0	0	TÈy T©m Th¹ch cÊp 1	2	1	30521	100	-884501728	2026-06-12 02:16:06	4294905451	0	0	0	2	1	0
20260612-021630	ItemConsume	ClearItemInPos	rage01	MaJas_ServeR	1090	AllStar	100	200	1472	2797			0		0	0	0	0	TÈy T©m Th¹ch cÊp 2	2	1	30522	100	1027205793	2026-06-12 02:16:06	4458786	0	0	0	2	2	0
20260612-021630	ItemConsume	ClearItemInPos	rage01	MaJas_ServeR	1090	AllStar	100	200	1472	2797			0		0	0	0	0	TÈy T©m Th¹ch cÊp 3	2	1	30523	100	969949715	2026-06-12 02:16:06	4294904441	200007	0	0	2	3	0
20260612-021630	ItemConsume	ClearItemInPos	rage01	MaJas_ServeR	1090	AllStar	100	200	1472	2797			0		0	0	0	0	TÈy T©m Th¹ch cÊp 4	2	1	30524	100	-1548051462	2026-06-12 02:16:06	1510757	0	0	0	2	4	0
20260612-021630	ItemConsume	ClearItemInPos	rage01	MaJas_ServeR	1090	AllStar	100	200	1472	2797			0		0	0	0	0	TÈy T©m Th¹ch cÊp 5	2	1	30525	100	119796468	2026-06-12 02:16:06	199622	4294905428	0	0	2	0	1
20260612-021630	ItemConsume	ClearItemInPos	rage01	MaJas_ServeR	1090	AllStar	100	200	1472	2797			0		0	0	0	0	TÈy T©m Th¹ch cÊp 6	2	1	30526	100	681840513	2026-06-12 02:16:06	4294904284	1511136	0	0	2	1	1
20260612-021630	ItemConsume	ClearItemInPos	rage01	MaJas_ServeR	1090	AllStar	100	200	1472	2797			0		0	0	0	0	LuyÖn L« ThiÕt CÊp 1	2	1	30527	100	-1626713662	2026-06-12 02:16:06	200233	0	0	0	2	2	1
20260612-021630	ItemConsume	ClearItemInPos	rage01	MaJas_ServeR	1090	AllStar	100	200	1472	2797			0		0	0	0	0	LuyÖn L« ThiÕt CÊp 2	2	1	30528	100	680738044	2026-06-12 02:16:06	4328940	0	0	0	2	3	1
20260612-021630	ItemConsume	ClearItemInPos	rage01	MaJas_ServeR	1090	AllStar	100	200	1472	2797			0		0	0	0	0	LuyÖn L« ThiÕt CÊp 3	2	1	30529	100	-1049370234	2026-06-12 02:16:06	199848	4294903909	0	0	2	4	1
20260612-021630	ItemConsume	ClearItemInPos	rage01	MaJas_ServeR	1090	AllStar	100	200	1472	2797			0		0	0	0	0	LuyÖn L« ThiÕt cÊp 4	2	1	30530	100	-39038117	2026-06-12 02:16:06	4294905200	0	0	0	2	0	2
20260612-021630	ItemConsume	ClearItemInPos	rage01	MaJas_ServeR	1090	AllStar	100	200	1472	2797			0		0	0	0	0	LuyÖn L« ThiÕt cÊp 5	2	1	30531	100	1570730013	2026-06-12 02:16:06	592460	0	0	0	2	1	2
20260612-021630	ItemConsume	ClearItemInPos	rage01	MaJas_ServeR	1090	AllStar	100	200	1472	2797			0		0	0	0	0	LuyÖn L« ThiÕt cÊp 6	2	1	30532	100	1589774447	2026-06-12 02:16:06	4262568	1379832	0	0	2	2	2
20260612-021630	ItemConsume	ClearItemInPos	rage01	MaJas_ServeR	1090	AllStar	50	200	1472	2797			0		0	0	0	0	LuyÖn L« ThiÕt CÊp 7	2	1	31401	50	1431267302	2026-06-12 02:16:06	4294904023	0	0	0	2	3	2
20260612-021630	ItemConsume	ClearItemInPos	rage01	MaJas_ServeR	1090	AllStar	50	200	1472	2797			0		0	0	0	0	TÈy T©m Th¹ch CÊp 7	2	1	31402	50	-124128929	2026-06-12 02:16:06	4294904949	0	0	0	2	4	2
20260612-021630	ItemConsume	ClearItemInPos	rage01	MaJas_ServeR	1090	AllStar	50	200	1472	2797			0		0	0	0	0	LuyÖn L« ThiÕt Lv8	2	1	31614	50	1284694028	2026-06-12 02:16:06	4294904518	0	0	0	2	0	3
20260612-021630	ItemConsume	ClearItemInPos	rage01	MaJas_ServeR	1090	AllStar	50	200	1472	2797			0		0	0	0	0	TÈy T©m Th¹ch Lv8	2	1	31615	50	903595773	2026-06-12 02:16:06	5114756	0	0	0	2	1	3
20260612-021630	ItemConsume	ClearItemInPos	rage01	MaJas_ServeR	1090	AllStar	100	200	1472	2797			0		0	0	0	0	ThiÕt tinh cÊp 4	2	1	30612	100	-233027501	2026-06-12 02:16:17	0	0	0	0	2	2	3
20260612-021630	ItemConsume	ClearItemInPos	rage01	MaJas_ServeR	1090	AllStar	100	200	1472	2797			0		0	0	0	0	ThiÕt tinh cÊp 4	2	1	30612	100	1640202065	2026-06-12 02:16:17	0	0	0	0	2	3	3
20260612-021630	ItemConsume	ClearItemInPos	rage01	MaJas_ServeR	1090	AllStar	100	200	1472	2797			0		0	0	0	0	ThiÕt tinh cÊp 4	2	1	30612	100	453383270	2026-06-12 02:16:17	0	0	0	0	2	4	3
20260612-021630	ItemConsume	ClearItemInPos	rage01	MaJas_ServeR	1090	AllStar	100	200	1472	2797			0		0	0	0	0	ThiÕt tinh cÊp 4	2	1	30612	100	841458107	2026-06-12 02:16:17	0	0	0	0	2	0	4
20260612-021630	ItemConsume	ClearItemInPos	rage01	MaJas_ServeR	1090	AllStar	100	200	1472	2797			0		0	0	0	0	ThiÕt tinh cÊp 4	2	1	30612	100	-1745569411	2026-06-12 02:16:17	0	0	0	0	2	1	4
20260612-021630	ItemConsume	ClearItemInPos	rage01	MaJas_ServeR	1090	AllStar	100	200	1472	2797			0		0	0	0	0	HuyÕtTrÝchTh¹ch Lv1	2	22	101	100	-1005677837	2026-06-12 02:16:26	0	0	0	0	2	2	4
20260612-021630	ItemConsume	ClearItemInPos	rage01	MaJas_ServeR	1090	AllStar	100	200	1472	2797			0		0	0	0	0	NguyÖtB¹chTh¹ch Lv1	2	22	201	100	1932881807	2026-06-12 02:16:26	4294902143	0	0	0	2	3	4
20260612-021630	ItemConsume	ClearItemInPos	rage01	MaJas_ServeR	1090	AllStar	100	200	1472	2797			0		0	0	0	0	Hæ Ph¸ch Th¹ch CÊp 1	2	22	301	100	998952444	2026-06-12 02:16:26	4294902317	0	0	0	2	4	4
20260612-021630	ItemConsume	ClearItemInPos	rage01	MaJas_ServeR	1090	AllStar	100	200	1472	2797			0		0	0	0	0	H¾c DiÖu Th¹ch CÊp 1	2	22	401	100	213301894	2026-06-12 02:16:26	4294903139	0	0	0	2	0	5
20260612-021630	ItemConsume	ClearItemInPos	rage01	MaJas_ServeR	1090	AllStar	100	200	1472	2797			0		0	0	0	0	HuyÕtTrÝchTh¹ch Lv2	2	22	102	100	-1045261851	2026-06-12 02:16:26	4294903235	0	0	0	2	1	5
20260612-021630	ItemConsume	ClearItemInPos	rage01	MaJas_ServeR	1090	AllStar	100	200	1472	2797			0		0	0	0	0	NguyÖtB¹chTh¹ch Lv2	2	22	202	100	1031347831	2026-06-12 02:16:26	0	0	0	0	2	2	5
20260612-021630	ItemConsume	ClearItemInPos	rage01	MaJas_ServeR	1090	AllStar	100	200	1472	2797			0		0	0	0	0	Hæ Ph¸ch Th¹ch CÊp 2	2	22	302	100	-2058725677	2026-06-12 02:16:26	4294902834	0	0	0	2	3	5
20260612-021630	ItemConsume	ClearItemInPos	rage01	MaJas_ServeR	1090	AllStar	100	200	1472	2797			0		0	0	0	0	H¾c DiÖu Th¹ch CÊp 2	2	22	402	100	880613326	2026-06-12 02:16:26	4294902638	0	0	0	2	4	5
20260612-021630	ItemConsume	ClearItemInPos	rage01	MaJas_ServeR	1090	AllStar	100	200	1472	2797			0		0	0	0	0	HuyÕtTrÝchTh¹ch Lv3	2	22	103	100	-2025040537	2026-06-12 02:16:26	4294902964	0	0	0	2	0	6
20260612-021630	ItemConsume	ClearItemInPos	rage01	MaJas_ServeR	1090	AllStar	100	200	1472	2797			0		0	0	0	0	NguyÖtB¹chTh¹ch Lv3	2	22	203	100	-1112236718	2026-06-12 02:16:26	0	0	0	0	2	1	6
20260612-021630	ItemConsume	ClearItemInPos	rage01	MaJas_ServeR	1090	AllStar	100	200	1472	2797			0		0	0	0	0	Hæ Ph¸ch Th¹ch CÊp 3	2	22	303	100	696274686	2026-06-12 02:16:26	4294902633	0	0	0	2	2	6
20260612-021630	ItemConsume	ClearItemInPos	rage01	MaJas_ServeR	1090	AllStar	100	200	1472	2797			0		0	0	0	0	H¾c DiÖu Th¹ch CÊp 3	2	22	403	100	-797800168	2026-06-12 02:16:26	0	0	0	0	2	3	6
20260612-021630	ItemConsume	ClearItemInPos	rage01	MaJas_ServeR	1090	AllStar	100	200	1472	2797			0		0	0	0	0	HuyÕtTrÝchTh¹ch Lv4	2	22	104	100	1959828580	2026-06-12 02:16:26	4294902591	0	0	0	2	4	6
20260612-021630	ItemConsume	ClearItemInPos	rage01	MaJas_ServeR	1090	AllStar	100	200	1472	2797			0		0	0	0	0	NguyÖtB¹chTh¹ch Lv4	2	22	204	100	865317941	2026-06-12 02:16:26	0	0	0	0	2	0	7
20260612-021630	ItemConsume	ClearItemInPos	rage01	MaJas_ServeR	1090	AllStar	100	200	1472	2797			0		0	0	0	0	Hæ Ph¸ch Th¹ch CÊp 4	2	22	304	100	313231025	2026-06-12 02:16:26	4294901988	0	0	0	2	1	7
20260612-021630	ItemConsume	ClearItemInPos	rage01	MaJas_ServeR	1090	AllStar	100	200	1472	2797			0		0	0	0	0	H¾c DiÖu Th¹ch CÊp 4	2	22	404	100	-1778914653	2026-06-12 02:16:26	4294902992	0	0	0	2	2	7
20260612-021630	ItemConsume	ClearItemInPos	rage01	MaJas_ServeR	1090	AllStar	100	200	1472	2797			0		0	0	0	0	HuyÕtTrÝchTh¹ch Lv5	2	22	105	100	-1865918048	2026-06-12 02:16:26	4294902655	0	0	0	2	3	7
20260612-021630	ItemConsume	ClearItemInPos	rage01	MaJas_ServeR	1090	AllStar	100	200	1472	2797			0		0	0	0	0	NguyÖtB¹chTh¹ch Lv5	2	22	205	100	-1296592095	2026-06-12 02:16:26	4294902155	0	0	0	2	4	7
20260612-021630	ItemConsume	ClearItemInPos	rage01	MaJas_ServeR	1090	AllStar	100	200	1472	2797			0		0	0	0	0	Hæ Ph¸ch Th¹ch CÊp 5	2	22	305	100	-792944522	2026-06-12 02:16:26	0	0	0	0	2	0	8
20260612-021630	ItemConsume	ClearItemInPos	rage01	MaJas_ServeR	1090	AllStar	100	200	1472	2797			0		0	0	0	0	H¾c DiÖu Th¹ch CÊp 5	2	22	405	100	-1664265246	2026-06-12 02:16:26	0	0	0	0	2	1	8
20260612-021630	ItemConsume	ClearItemInPos	rage01	MaJas_ServeR	1090	AllStar	100	200	1472	2797			0		0	0	0	0	HuyÕtTrÝchTh¹ch Lv6	2	22	106	100	-382440306	2026-06-12 02:16:26	0	0	0	0	2	2	8
20260612-021630	ItemConsume	ClearItemInPos	rage01	MaJas_ServeR	1090	AllStar	100	200	1472	2797			0		0	0	0	0	NguyÖtB¹chTh¹ch Lv6	2	22	206	100	352179834	2026-06-12 02:16:26	4294903657	0	0	0	2	3	8
20260612-021630	ItemConsume	ClearItemInPos	rage01	MaJas_ServeR	1090	AllStar	100	200	1472	2797			0		0	0	0	0	Hæ Ph¸ch Th¹ch CÊp 6	2	22	306	100	810718851	2026-06-12 02:16:26	4294901773	0	0	0	2	4	8
20260612-021630	ItemConsume	ClearItemInPos	rage01	MaJas_ServeR	1090	AllStar	100	200	1472	2797			0		0	0	0	0	H¾c DiÖu Th¹ch CÊp 6	2	22	406	100	-1252133954	2026-06-12 02:16:26	4294903071	0	0	0	2	0	9
20260612-021630	ItemConsume	ClearItemInPos	rage01	MaJas_ServeR	1090	AllStar	100	200	1472	2797			0		0	0	0	0	HuyÕt TrÝch Th¹ch cÊp 7	2	22	107	100	12846103	2026-06-12 02:16:26	0	0	0	0	2	1	9
20260612-021630	ItemConsume	ClearItemInPos	rage01	MaJas_ServeR	1090	AllStar	100	200	1472	2797			0		0	0	0	0	NguyÖt B¹ch Th¹ch cÊp 7	2	22	207	100	499057267	2026-06-12 02:16:26	0	0	0	0	2	2	9
20260612-021630	ItemConsume	ClearItemInPos	rage01	MaJas_ServeR	1090	AllStar	100	200	1472	2797			0		0	0	0	0	Hæ Ph¸ch Th¹ch cÊp 7	2	22	307	100	-992188657	2026-06-12 02:16:26	0	0	0	0	2	3	9
20260612-021630	ItemConsume	ClearItemInPos	rage01	MaJas_ServeR	1090	AllStar	100	200	1472	2797			0		0	0	0	0	H¾c DiÖu Th¹ch cÊp 7	2	22	407	100	114101739	2026-06-12 02:16:26	0	0	0	0	2	4	9
20260612-021630	ItemConsume	ClearItemInPos	rage01	MaJas_ServeR	1090	AllStar	100	200	1472	2797			0		0	0	0	0	HuyÕt TrÝch Th¹ch CÊp 8	2	22	108	100	671093511	2026-06-12 02:16:26	4294902650	0	0	0	2	0	10
20260612-021630	ItemConsume	ClearItemInPos	rage01	MaJas_ServeR	1090	AllStar	100	200	1472	2797			0		0	0	0	0	NguyÖt B¹ch Th¹ch CÊp 8	2	22	208	100	841525460	2026-06-12 02:16:26	4294903348	0	0	0	2	1	10
20260612-021630	ItemConsume	ClearItemInPos	rage01	MaJas_ServeR	1090	AllStar	100	200	1472	2797			0		0	0	0	0	Hæ Ph¸ch Th¹ch CÊp 8	2	22	308	100	1249983845	2026-06-12 02:16:26	4294902025	0	0	0	2	2	10
20260612-021630	ItemConsume	ClearItemInPos	rage01	MaJas_ServeR	1090	AllStar	100	200	1472	2797			0		0	0	0	0	H¾c DiÖu Th¹ch CÊp 8	2	22	408	100	1186029322	2026-06-12 02:16:26	4294902582	0	0	0	2	3	10
20260612-021630	ItemAdd	3086646439	rage01	MaJas_ServeR	1090	AllStar	1	200	1472	2797			0		0	0	0	0	Vâ L©m 2 Shiina	2	1	50001	1	1918354543	2026-06-12 02:16:30	4294904337	0	0	0	-1	-1	-1
20260612-021635	ItemAdd	2388713172	rage01	MaJas_ServeR	1090	AllStar	1	200	1472	2797			0		0	0	0	0	§Þnh Hån Thiªn Th¹ch Th	2	1	1067	1	2128392776	2026-06-12 02:16:35	1314407	4294905240	0	0	-1	-1	-1
20260612-021635	ItemAdd	2388713172	rage01	MaJas_ServeR	1090	AllStar	1	200	1472	2797			0		0	0	0	0	§¹i §Þnh Hån 	2	1	1113	1	636897829	2026-06-12 02:16:35	4294904890	0	0	0	-1	-1	-1
20260612-021635	ItemAdd	2388713172	rage01	MaJas_ServeR	1090	AllStar	1	200	1472	2797			0		0	0	0	0	Thiªn Th¹ch linh th¹ch	2	1	1068	1	-157762870	2026-06-12 02:16:35	4294903898	0	0	0	-1	-1	-1
20260612-021635	ItemAdd	2388713172	rage01	MaJas_ServeR	1090	AllStar	100	200	1472	2797			0		0	0	0	0	Thiªn Th¹ch Tinh Th¹ch	2	1	1009	100	2067733779	2026-06-12 02:16:35	4294904343	0	0	0	-1	-1	-1
20260612-021635	ItemAdd	2388713172	rage01	MaJas_ServeR	1090	AllStar	50	200	1472	2797			0		0	0	0	0	C­êng hãa quyÓn 12	2	1	30424	50	596541648	2026-06-12 02:16:35	4294904184	0	0	0	-1	-1	-1
20260612-021635	ItemAdd	2388713172	rage01	MaJas_ServeR	1090	AllStar	50	200	1472	2797			0		0	0	0	0	C­êng hãa quyÓn 13	2	1	30425	50	1199491834	2026-06-12 02:16:35	4294903851	4001346	0	0	-1	-1	-1
20260612-021635	ItemAdd	2388713172	rage01	MaJas_ServeR	1090	AllStar	50	200	1472	2797			0		0	0	0	0	C­êng hãa quyÓn 14	2	1	30426	50	-1385918305	2026-06-12 02:16:35	4294905006	0	0	0	-1	-1	-1
20260612-021635	ItemAdd	2388713172	rage01	MaJas_ServeR	1090	AllStar	50	200	1472	2797			0		0	0	0	0	C­êng hãa quyÓn 15	2	1	30427	50	-1102995380	2026-06-12 02:16:35	1314026	0	0	0	-1	-1	-1
20260612-021635	ItemAdd	2388713172	rage01	MaJas_ServeR	1090	AllStar	20	200	1472	2797			0		0	0	0	0	Ma §ao Th¹ch cÊp 1	2	1	30428	20	-2146272426	2026-06-12 02:16:35	4294905468	0	0	0	-1	-1	-1
20260612-021635	ItemAdd	2388713172	rage01	MaJas_ServeR	1090	AllStar	20	200	1472	2797			0		0	0	0	0	Ma §¹o Th¹ch cÊp 2	2	1	30429	20	59198863	2026-06-12 02:16:35	4294904566	0	0	0	-1	-1	-1
20260612-021635	ItemAdd	2388713172	rage01	MaJas_ServeR	1090	AllStar	20	200	1472	2797			0		0	0	0	0	Ma §ao Th¹ch cÊp 3	2	1	30430	20	1302234108	2026-06-12 02:16:35	4294904344	0	0	0	-1	-1	-1
20260612-021700	ItemConsume	ExpendIdx	rage01	MaJas_ServeR	1090	AllStar	5	200	1472	2797			0		0	0	0	0	Ma §ao Th¹ch cÊp 3	2	1	30430	15	1302234108	2026-06-12 02:16:35	4294904344	0	0	0	2	1	2
20260612-021700	MoneyPay	KnifeStoneItem	rage01	MaJas_ServeR	1090	AllStar	160000	200	1472	2797			0		0	0	0	0		0	0	0	0	0		0	0	0	0	-1	-1	-1
20260612-021700	ItemConsume	KnifeStoneItem	rage01	MaJas_ServeR	1090	AllStar	1	200	1472	2797			0		0	0	0	0	Tèng-Chu T­íc T­íng Thñ	0	0	32551	296	-2015085254	2026-06-12 01:56:54	977735019	978127666	949293199	15	-1	-1	-1
20260612-021700	ItemAdd	KnifeStoneItem	rage01	MaJas_ServeR	1090	AllStar	1	200	1472	2797			0		0	0	0	0	Tèng-Chu T­íc T­íng Thñ	0	0	32551	296	1937112111	2026-06-12 02:16:59	977735019	978127666	949293199	15	2	2	2
20260612-021706	ItemConsume	ExpendIdx	rage01	MaJas_ServeR	1090	AllStar	5	200	1472	2797			0		0	0	0	0	Ma §ao Th¹ch cÊp 3	2	1	30430	10	1302234108	2026-06-12 02:16:35	4294904344	0	0	0	2	1	2
20260612-021706	MoneyPay	KnifeStoneItem	rage01	MaJas_ServeR	1090	AllStar	160000	200	1472	2797			0		0	0	0	0		0	0	0	0	0		0	0	0	0	-1	-1	-1
20260612-021706	ItemConsume	KnifeStoneItem	rage01	MaJas_ServeR	1090	AllStar	1	200	1472	2797			0		0	0	0	0	Tèng-Chu T­íc T­íng Thñ	0	0	32551	296	1937112111	2026-06-12 02:16:59	977735019	978127666	949293199	15	-1	-1	-1
20260612-021706	ItemAdd	KnifeStoneItem	rage01	MaJas_ServeR	1090	AllStar	1	200	1472	2797			0		0	0	0	0	Tèng-Chu T­íc T­íng Thñ	0	0	32551	296	1853108051	2026-06-12 02:17:06	977735019	978127666	949293199	15	2	2	2
20260612-021711	ItemConsume	ExpendIdx	rage01	MaJas_ServeR	1090	AllStar	5	200	1472	2797			0		0	0	0	0	Ma §ao Th¹ch cÊp 3	2	1	30430	5	1302234108	2026-06-12 02:16:35	4294904344	0	0	0	2	1	2
20260612-021711	MoneyPay	KnifeStoneItem	rage01	MaJas_ServeR	1090	AllStar	160000	200	1472	2797			0		0	0	0	0		0	0	0	0	0		0	0	0	0	-1	-1	-1
20260612-021711	ItemConsume	KnifeStoneItem	rage01	MaJas_ServeR	1090	AllStar	1	200	1472	2797			0		0	0	0	0	Tèng-Chu T­íc T­íng Thñ	0	0	32551	296	1853108051	2026-06-12 02:17:06	977735019	978127666	949293199	15	-1	-1	-1
20260612-021711	ItemAdd	KnifeStoneItem	rage01	MaJas_ServeR	1090	AllStar	1	200	1472	2797			0		0	0	0	0	Tèng-Chu T­íc T­íng Thñ	0	0	32551	296	1086239182	2026-06-12 02:17:11	977735019	978127666	949293199	15	2	2	2
20260612-021722	ItemAdd	2388713172	rage01	MaJas_ServeR	1090	AllStar	1	200	1472	2797			0		0	0	0	0	§Þnh Hån Thiªn Th¹ch Th	2	1	1067	1	284947114	2026-06-12 02:17:22	4294905422	0	0	0	-1	-1	-1
20260612-021722	ItemAdd	2388713172	rage01	MaJas_ServeR	1090	AllStar	1	200	1472	2797			0		0	0	0	0	§¹i §Þnh Hån 	2	1	1113	1	470678131	2026-06-12 02:17:22	3737946	4294904609	0	0	-1	-1	-1
20260612-021722	ItemAdd	2388713172	rage01	MaJas_ServeR	1090	AllStar	1	200	1472	2797			0		0	0	0	0	Thiªn Th¹ch linh th¹ch	2	1	1068	1	-1901016358	2026-06-12 02:17:22	4294905220	0	0	0	-1	-1	-1
20260612-021722	ItemAdd	2388713172	rage01	MaJas_ServeR	1090	AllStar	100	200	1472	2797			0		0	0	0	0	Thiªn Th¹ch Tinh Th¹ch	2	1	1009	100	328499412	2026-06-12 02:17:22	4294905512	0	0	0	-1	-1	-1
20260612-021722	ItemAdd	2388713172	rage01	MaJas_ServeR	1090	AllStar	50	200	1472	2797			0		0	0	0	0	C­êng hãa quyÓn 12	2	1	30424	50	-693905890	2026-06-12 02:17:22	3935146	4294903917	0	0	-1	-1	-1
20260612-021722	ItemAdd	2388713172	rage01	MaJas_ServeR	1090	AllStar	50	200	1472	2797			0		0	0	0	0	C­êng hãa quyÓn 13	2	1	30425	50	-116130221	2026-06-12 02:17:22	593835	0	0	0	-1	-1	-1
20260612-021722	ItemAdd	2388713172	rage01	MaJas_ServeR	1090	AllStar	50	200	1472	2797			0		0	0	0	0	C­êng hãa quyÓn 14	2	1	30426	50	1404120523	2026-06-12 02:17:22	4294905654	0	0	0	-1	-1	-1
20260612-021722	ItemAdd	2388713172	rage01	MaJas_ServeR	1090	AllStar	50	200	1472	2797			0		0	0	0	0	C­êng hãa quyÓn 15	2	1	30427	50	-482835992	2026-06-12 02:17:22	4294904249	0	0	0	-1	-1	-1
20260612-021722	ItemAdd	2388713172	rage01	MaJas_ServeR	1090	AllStar	20	200	1472	2797			0		0	0	0	0	Ma §ao Th¹ch cÊp 1	2	1	30428	20	-1974085934	2026-06-12 02:17:22	4294905208	0	0	0	-1	-1	-1
20260612-021722	ItemAdd	2388713172	rage01	MaJas_ServeR	1090	AllStar	20	200	1472	2797			0		0	0	0	0	Ma §¹o Th¹ch cÊp 2	2	1	30429	20	-1359407173	2026-06-12 02:17:22	4000241	0	0	0	-1	-1	-1
20260612-021722	ItemAdd	2388713172	rage01	MaJas_ServeR	1090	AllStar	20	200	1472	2797			0		0	0	0	0	Ma §ao Th¹ch cÊp 3	2	1	30430	20	-975806595	2026-06-12 02:17:22	4294905817	0	0	0	-1	-1	-1
20260612-021842	ItemAdd	IBShop	rage01	MaJas_ServeR	1090	AllStar	1	200	1477	2808			0		0	0	0	0	ThÇn hµnh b¶o ®iÓn	0	200	40	1000	-263460020	2026-06-12 02:18:42	0	0	0	0	2	0	3
20260612-021945	large_str	Pay[/script/global/ChannelPermission.lua|OnCheck]			0		2190352865	0	0	0			0		0	0	0	0		0	0	0	0	0		0	0	0	0	-1	-1	-1
20260612-021945	MoneyPay	2190352865	rage01	MaJas_ServeR	1090	AllStar	100000	209	1528	3245			0		0	0	0	0		0	0	0	0	0		0	0	0	0	-1	-1	-1
20260612-022052	large_str	AddItem[/script/ÖÐÔ­Ò»Çø/ãê¾©/npc/Ò°ÛÅ.lua|NoFunc]			0		984793693	0	0	0			0		0	0	0	0		0	0	0	0	0		0	0	0	0	-1	-1	-1
20260612-022052	ItemAdd	984793693	rage01	MaJas_ServeR	1090	AllStar	1	200	1180	2831			0		0	0	0	0	Giang hå chØ nam	2	0	505	1	-597078307	2026-06-12 02:20:52	2048	2048	2048	0	-1	-1	-1
20260612-022106	ItemAdd	3912887248	rage01	MaJas_ServeR	1090	AllStar	1000	200	1218	2843			0		0	0	0	0	VËt phÈm Xu	2	1	30230	1000	2041408280	2026-06-12 02:21:06	4294904931	4000383	0	0	-1	-1	-1
20260612-022109	ItemAdd	3912887248	rage01	MaJas_ServeR	1090	AllStar	1000	200	1218	2843			0		0	0	0	0	VËt phÈm Xu	2	1	30230	1000	212432144	2026-06-12 02:21:09	4294904415	0	0	0	-1	-1	-1
20260612-022130	ItemAdd	1112201696	rage01	MaJas_ServeR	1090	AllStar	1	200	1218	2843			0		0	0	0	0	B¹ch Kim Viªm §Õ Kh«i	0	103	30013	200	100318720	2026-06-12 02:21:30	31270843	18157832	18224688	15	-1	-1	-1
20260612-022130	ItemAdd	1112201696	rage01	MaJas_ServeR	1090	AllStar	1	200	1218	2843			0		0	0	0	0	B¹ch Kim Viªm §Õ Gi¸p	0	100	30013	250	492631809	2026-06-12 02:21:30	38149524	26814283	18158197	15	-1	-1	-1
20260612-022130	ItemAdd	1112201696	rage01	MaJas_ServeR	1090	AllStar	1	200	1218	2843			0		0	0	0	0	B¹ch Kim Viªm §Õ Trang	0	101	30013	200	431364566	2026-06-12 02:21:30	38147509	26812831	18157954	15	-1	-1	-1
20260612-022134	ItemAdd	1112201696	rage01	MaJas_ServeR	1090	AllStar	1	200	1218	2843			0		0	0	0	0	Thiªn Chi Viªm §Õ kh«i	0	103	8055	200	663208496	2026-06-12 02:21:34	31270699	18159182	18223418	15	-1	-1	-1
20260612-022134	ItemAdd	1112201696	rage01	MaJas_ServeR	1090	AllStar	1	200	1218	2843			0		0	0	0	0	Thiªn Chi Viªm §Õ gi¸p	0	100	8055	250	-1559797007	2026-06-12 02:21:34	38149905	26812896	18158122	15	-1	-1	-1
20260612-022134	ItemAdd	1112201696	rage01	MaJas_ServeR	1090	AllStar	1	200	1218	2843			0		0	0	0	0	Thiªn Chi Viªm §Õ trang	0	101	8055	200	833788038	2026-06-12 02:21:34	38144901	26813071	18159199	15	-1	-1	-1
20260612-022139	ItemAdd	3833981613	rage01	MaJas_ServeR	1090	AllStar	1	200	1218	2843			0		0	0	0	0	S¸t Tinh LÖnh Bµi (§Çu)	2	1	31313	1	130274708	2026-06-12 02:21:39	4294905372	0	0	0	-1	-1	-1
20260612-022139	ItemAdd	3833981613	rage01	MaJas_ServeR	1090	AllStar	1	200	1218	2843			0		0	0	0	0	S¸t Tinh LÖnh Bµi (¸o)	2	1	31314	1	1354840357	2026-06-12 02:21:39	3934949	4294904207	0	0	-1	-1	-1
20260612-022139	ItemAdd	3833981613	rage01	MaJas_ServeR	1090	AllStar	1	200	1218	2843			0		0	0	0	0	S¸t Tinh LÖnh Bµi (QuÇn	2	1	31315	1	-1171253258	2026-06-12 02:21:39	4294904959	0	0	0	-1	-1	-1
20260612-022139	ItemAdd	3833981613	rage01	MaJas_ServeR	1090	AllStar	1	200	1218	2843			0		0	0	0	0	S¸t Tinh LÖnh Bµi (Vò K	2	1	31316	1	921387984	2026-06-12 02:21:39	4328049	0	0	0	-1	-1	-1
20260612-022139	ItemAdd	3833981613	rage01	MaJas_ServeR	1090	AllStar	1	200	1218	2843			0		0	0	0	0	S¸t Tinh LÖnh Bµi (Tran	2	1	31317	1	-669391366	2026-06-12 02:21:39	4294904341	0	0	0	-1	-1	-1
20260612-022139	ItemAdd	3833981613	rage01	MaJas_ServeR	1090	AllStar	1	200	1218	2843			0		0	0	0	0	S¸t Tinh LÖnh Bµi (Tran	2	1	31317	1	-727647229	2026-06-12 02:21:39	4294904681	0	0	0	-1	-1	-1
20260612-022144	ItemAdd	3574353432	rage01	MaJas_ServeR	1090	AllStar	1	200	1218	2843			0		0	0	0	0	DiÖu D­¬ng-§é KiÕp T«n 	0	103	3130	200	1394871031	2026-06-12 02:21:44	18097675	852496035	42483334	15	-1	-1	-1
20260612-022144	ItemAdd	3574353432	rage01	MaJas_ServeR	1090	AllStar	1	200	1218	2843			0		0	0	0	0	DiÖu D­¬ng-§é KiÕp T«n 	0	100	3130	250	-1069374588	2026-06-12 02:21:44	852110136	55910277	42613962	15	-1	-1	-1
20260612-022144	ItemAdd	3574353432	rage01	MaJas_ServeR	1090	AllStar	1	200	1218	2843			0		0	0	0	0	DiÖu D­¬ng-§é KiÕp T«n 	0	101	3130	200	1086144981	2026-06-12 02:21:44	852175589	852631494	42417825	15	-1	-1	-1
20260612-022144	ItemAdd	3574353432	rage01	MaJas_ServeR	1090	AllStar	1	200	1218	2843			0		0	0	0	0	DiÖu D­¬ng-§é KiÕp T«n 	0	0	8993	300	1369718842	2026-06-12 02:21:44	55321533	42612931	55449682	15	-1	-1	-1
20260612-022144	ItemAdd	3574353432	rage01	MaJas_ServeR	1090	AllStar	1	200	1218	2843			0		0	0	0	0	DiÖu D­¬ng Thiªn Cung-¤	0	102	3190	100	1863144259	2026-06-12 02:21:44	42286676	55250791	55190024	0	-1	-1	-1
20260612-022144	ItemAdd	3574353432	rage01	MaJas_ServeR	1090	AllStar	1	200	1218	2843			0		0	0	0	0	DiÖu D­¬ng Thiªn Cung-T	0	102	3191	100	-1244559680	2026-06-12 02:21:44	42483011	55250180	55190712	0	-1	-1	-1
20260612-022144	ItemAdd	3574353432	rage01	MaJas_ServeR	1090	AllStar	1	200	1218	2843			0		0	0	0	0	DiÖu D­¬ng Thiªn Cung-V	0	102	3192	100	-729694527	2026-06-12 02:21:44	42613624	55249944	55189961	0	-1	-1	-1
20260612-022144	ItemAdd	3574353432	rage01	MaJas_ServeR	1090	AllStar	1	200	1218	2843			0		0	0	0	0	DiÖu D­¬ng Thiªn Cung-X	0	102	3193	100	-1207235434	2026-06-12 02:21:44	42547954	55250497	55190611	0	-1	-1	-1
20260612-022144	ItemAdd	3574353432	rage01	MaJas_ServeR	1090	AllStar	1	200	1218	2843			0		0	0	0	0	DiÖu D­¬ng Thiªn Cung-B	0	102	3194	100	-1702205489	2026-06-12 02:21:44	42416651	55249065	55191064	0	-1	-1	-1
20260612-022148	ItemAdd	3574353432	rage01	MaJas_ServeR	1090	AllStar	1	200	1218	2843			0		0	0	0	0	ChiÕn Cuång Thiªn T«n M	0	103	30145	200	230638123	2026-06-12 02:21:48	871895603	852498598	47263579	15	-1	-1	-1
20260612-022148	ItemAdd	3574353432	rage01	MaJas_ServeR	1090	AllStar	1	200	1218	2843			0		0	0	0	0	ChiÕn Cuång Thiªn T«n B	0	100	30145	250	1276597704	2026-06-12 02:21:48	872486836	872417387	47131897	15	-1	-1	-1
20260612-022148	ItemAdd	3574353432	rage01	MaJas_ServeR	1090	AllStar	1	200	1218	2843			0		0	0	0	0	ChiÕn Cuång Thiªn T«n T	0	101	30145	200	545761385	2026-06-12 02:21:48	872485770	872811084	47262553	15	-1	-1	-1
20260612-022148	ItemAdd	3574353432	rage01	MaJas_ServeR	1090	AllStar	1	200	1218	2843			0		0	0	0	0	ChiÕn Cuång Th¸nh ChiÕn	0	0	30145	300	1996111198	2026-06-12 02:21:48	872486917	873072853	873728292	15	-1	-1	-1
20260612-022155	ItemAdd	1216929321	rage01	MaJas_ServeR	1090	AllStar	1	200	1218	2843			0		0	0	0	0	Tö Hµ MËt tÞch	0	107	65	0	1110739220	2026-06-12 02:21:55	50528513	101188356	131329	0	-1	-1	-1
20260612-022159	ItemAdd	1112201696	rage01	MaJas_ServeR	1090	AllStar	1	200	1218	2843			0		0	0	0	0	Viªm §Õ kh«i	0	103	8001	200	27936207	2026-06-12 02:21:59	1581764	5182846	5247695	15	-1	-1	-1
20260612-022159	ItemAdd	1112201696	rage01	MaJas_ServeR	1090	AllStar	1	200	1218	2843			0		0	0	0	0	Viªm §Õ gi¸p	0	100	8001	250	-1094954692	2026-06-12 02:21:59	25509615	27531698	5182555	15	-1	-1	-1
20260612-022159	ItemAdd	1112201696	rage01	MaJas_ServeR	1090	AllStar	1	200	1218	2843			0		0	0	0	0	Viªm §Õ trang	0	101	8001	200	1354621933	2026-06-12 02:21:59	25496734	27532064	19009908	15	-1	-1	-1
20260612-022203	ItemConsume	ClearItemInPos	rage01	MaJas_ServeR	1090	AllStar	1	200	1218	2843			0		0	0	0	0	Vâ L©m 2 Shiina	2	1	50001	1	1918354543	2026-06-12 02:16:30	4294904337	0	0	0	2	0	0
20260612-022203	ItemConsume	ClearItemInPos	rage01	MaJas_ServeR	1090	AllStar	1	200	1218	2843			0		0	0	0	0	§Þnh Hån Thiªn Th¹ch Th	2	1	1067	1	2128392776	2026-06-12 02:16:35	1314407	4294905240	0	0	2	1	0
20260612-022203	ItemConsume	ClearItemInPos	rage01	MaJas_ServeR	1090	AllStar	1	200	1218	2843			0		0	0	0	0	§¹i §Þnh Hån 	2	1	1113	1	636897829	2026-06-12 02:16:35	4294904890	0	0	0	2	2	0
20260612-022203	ItemConsume	ClearItemInPos	rage01	MaJas_ServeR	1090	AllStar	1	200	1218	2843			0		0	0	0	0	Thiªn Th¹ch linh th¹ch	2	1	1068	1	-157762870	2026-06-12 02:16:35	4294903898	0	0	0	2	3	0
20260612-022203	ItemConsume	ClearItemInPos	rage01	MaJas_ServeR	1090	AllStar	200	200	1218	2843			0		0	0	0	0	Thiªn Th¹ch Tinh Th¹ch	2	1	1009	200	2067733779	2026-06-12 02:16:35	4294904343	0	0	0	2	4	0
20260612-022203	ItemConsume	ClearItemInPos	rage01	MaJas_ServeR	1090	AllStar	100	200	1218	2843			0		0	0	0	0	C­êng hãa quyÓn 12	2	1	30424	100	596541648	2026-06-12 02:16:35	4294904184	0	0	0	2	0	1
20260612-022203	ItemConsume	ClearItemInPos	rage01	MaJas_ServeR	1090	AllStar	100	200	1218	2843			0		0	0	0	0	C­êng hãa quyÓn 13	2	1	30425	100	1199491834	2026-06-12 02:16:35	4294903851	4001346	0	0	2	1	1
20260612-022203	ItemConsume	ClearItemInPos	rage01	MaJas_ServeR	1090	AllStar	100	200	1218	2843			0		0	0	0	0	C­êng hãa quyÓn 14	2	1	30426	100	-1385918305	2026-06-12 02:16:35	4294905006	0	0	0	2	2	1
20260612-022203	ItemConsume	ClearItemInPos	rage01	MaJas_ServeR	1090	AllStar	100	200	1218	2843			0		0	0	0	0	C­êng hãa quyÓn 15	2	1	30427	100	-1102995380	2026-06-12 02:16:35	1314026	0	0	0	2	3	1
20260612-022203	ItemConsume	ClearItemInPos	rage01	MaJas_ServeR	1090	AllStar	40	200	1218	2843			0		0	0	0	0	Ma §ao Th¹ch cÊp 1	2	1	30428	40	-2146272426	2026-06-12 02:16:35	4294905468	0	0	0	2	4	1
20260612-022203	ItemConsume	ClearItemInPos	rage01	MaJas_ServeR	1090	AllStar	40	200	1218	2843			0		0	0	0	0	Ma §¹o Th¹ch cÊp 2	2	1	30429	40	59198863	2026-06-12 02:16:35	4294904566	0	0	0	2	0	2
20260612-022203	ItemConsume	ClearItemInPos	rage01	MaJas_ServeR	1090	AllStar	25	200	1218	2843			0		0	0	0	0	Ma §ao Th¹ch cÊp 3	2	1	30430	25	1302234108	2026-06-12 02:16:35	4294904344	0	0	0	2	1	2
20260612-022203	ItemConsume	ClearItemInPos	rage01	MaJas_ServeR	1090	AllStar	1	200	1218	2843			0		0	0	0	0	§Þnh Hån Thiªn Th¹ch Th	2	1	1067	1	284947114	2026-06-12 02:17:22	4294905422	0	0	0	2	2	2
20260612-022203	ItemConsume	ClearItemInPos	rage01	MaJas_ServeR	1090	AllStar	1	200	1218	2843			0		0	0	0	0	§¹i §Þnh Hån 	2	1	1113	1	470678131	2026-06-12 02:17:22	3737946	4294904609	0	0	2	3	2
20260612-022203	ItemConsume	ClearItemInPos	rage01	MaJas_ServeR	1090	AllStar	1	200	1218	2843			0		0	0	0	0	Thiªn Th¹ch linh th¹ch	2	1	1068	1	-1901016358	2026-06-12 02:17:22	4294905220	0	0	0	2	4	2
20260612-022203	ItemConsume	ClearItemInPos	rage01	MaJas_ServeR	1090	AllStar	1	200	1218	2843			0		0	0	0	0	ThÇn hµnh b¶o ®iÓn	0	200	40	975	-263460020	2026-06-12 02:18:42	0	0	0	0	2	0	3
20260612-022203	ItemConsume	ClearItemInPos	rage01	MaJas_ServeR	1090	AllStar	1	200	1218	2843			0		0	0	0	0	Giang hå chØ nam	2	0	505	1	-597078307	2026-06-12 02:20:52	2048	2048	2048	0	2	1	3
20260612-022203	ItemConsume	ClearItemInPos	rage01	MaJas_ServeR	1090	AllStar	2000	200	1218	2843			0		0	0	0	0	VËt phÈm Xu	2	1	30230	2000	2041408280	2026-06-12 02:21:06	4294904931	4000383	0	0	2	2	3
20260612-022203	ItemConsume	ClearItemInPos	rage01	MaJas_ServeR	1090	AllStar	1	200	1218	2843			0		0	0	0	0	B¹ch Kim Viªm §Õ Kh«i	0	103	30013	200	100318720	2026-06-12 02:21:30	31270843	18157832	18224688	15	2	3	3
20260612-022203	ItemConsume	ClearItemInPos	rage01	MaJas_ServeR	1090	AllStar	1	200	1218	2843			0		0	0	0	0	B¹ch Kim Viªm §Õ Gi¸p	0	100	30013	250	492631809	2026-06-12 02:21:30	38149524	26814283	18158197	15	2	4	3
20260612-022203	ItemConsume	ClearItemInPos	rage01	MaJas_ServeR	1090	AllStar	1	200	1218	2843			0		0	0	0	0	B¹ch Kim Viªm §Õ Trang	0	101	30013	200	431364566	2026-06-12 02:21:30	38147509	26812831	18157954	15	2	0	4
20260612-022203	ItemConsume	ClearItemInPos	rage01	MaJas_ServeR	1090	AllStar	1	200	1218	2843			0		0	0	0	0	Thiªn Chi Viªm §Õ kh«i	0	103	8055	200	663208496	2026-06-12 02:21:34	31270699	18159182	18223418	15	2	1	4
20260612-022203	ItemConsume	ClearItemInPos	rage01	MaJas_ServeR	1090	AllStar	1	200	1218	2843			0		0	0	0	0	Thiªn Chi Viªm §Õ gi¸p	0	100	8055	250	-1559797007	2026-06-12 02:21:34	38149905	26812896	18158122	15	2	2	4
20260612-022203	ItemConsume	ClearItemInPos	rage01	MaJas_ServeR	1090	AllStar	1	200	1218	2843			0		0	0	0	0	Thiªn Chi Viªm §Õ trang	0	101	8055	200	833788038	2026-06-12 02:21:34	38144901	26813071	18159199	15	2	3	4
20260612-022203	ItemConsume	ClearItemInPos	rage01	MaJas_ServeR	1090	AllStar	1	200	1218	2843			0		0	0	0	0	S¸t Tinh LÖnh Bµi (§Çu)	2	1	31313	1	130274708	2026-06-12 02:21:39	4294905372	0	0	0	2	4	4
20260612-022203	ItemConsume	ClearItemInPos	rage01	MaJas_ServeR	1090	AllStar	1	200	1218	2843			0		0	0	0	0	S¸t Tinh LÖnh Bµi (¸o)	2	1	31314	1	1354840357	2026-06-12 02:21:39	3934949	4294904207	0	0	2	0	5
20260612-022203	ItemConsume	ClearItemInPos	rage01	MaJas_ServeR	1090	AllStar	1	200	1218	2843			0		0	0	0	0	S¸t Tinh LÖnh Bµi (QuÇn	2	1	31315	1	-1171253258	2026-06-12 02:21:39	4294904959	0	0	0	2	1	5
20260612-022203	ItemConsume	ClearItemInPos	rage01	MaJas_ServeR	1090	AllStar	1	200	1218	2843			0		0	0	0	0	S¸t Tinh LÖnh Bµi (Vò K	2	1	31316	1	921387984	2026-06-12 02:21:39	4328049	0	0	0	2	2	5
20260612-022203	ItemConsume	ClearItemInPos	rage01	MaJas_ServeR	1090	AllStar	1	200	1218	2843			0		0	0	0	0	S¸t Tinh LÖnh Bµi (Tran	2	1	31317	1	-669391366	2026-06-12 02:21:39	4294904341	0	0	0	2	3	5
20260612-022203	ItemConsume	ClearItemInPos	rage01	MaJas_ServeR	1090	AllStar	1	200	1218	2843			0		0	0	0	0	S¸t Tinh LÖnh Bµi (Tran	2	1	31317	1	-727647229	2026-06-12 02:21:39	4294904681	0	0	0	2	4	5
20260612-022203	ItemConsume	ClearItemInPos	rage01	MaJas_ServeR	1090	AllStar	1	200	1218	2843			0		0	0	0	0	DiÖu D­¬ng-§é KiÕp T«n 	0	103	3130	200	1394871031	2026-06-12 02:21:44	18097675	852496035	42483334	15	2	0	6
20260612-022203	ItemConsume	ClearItemInPos	rage01	MaJas_ServeR	1090	AllStar	1	200	1218	2843			0		0	0	0	0	DiÖu D­¬ng-§é KiÕp T«n 	0	100	3130	250	-1069374588	2026-06-12 02:21:44	852110136	55910277	42613962	15	2	1	6
20260612-022203	ItemConsume	ClearItemInPos	rage01	MaJas_ServeR	1090	AllStar	1	200	1218	2843			0		0	0	0	0	DiÖu D­¬ng-§é KiÕp T«n 	0	101	3130	200	1086144981	2026-06-12 02:21:44	852175589	852631494	42417825	15	2	2	6
20260612-022203	ItemConsume	ClearItemInPos	rage01	MaJas_ServeR	1090	AllStar	1	200	1218	2843			0		0	0	0	0	DiÖu D­¬ng-§é KiÕp T«n 	0	0	8993	300	1369718842	2026-06-12 02:21:44	55321533	42612931	55449682	15	2	3	6
20260612-022203	ItemConsume	ClearItemInPos	rage01	MaJas_ServeR	1090	AllStar	1	200	1218	2843			0		0	0	0	0	DiÖu D­¬ng Thiªn Cung-¤	0	102	3190	100	1863144259	2026-06-12 02:21:44	42286676	55250791	55190024	0	2	4	6
20260612-022203	ItemConsume	ClearItemInPos	rage01	MaJas_ServeR	1090	AllStar	1	200	1218	2843			0		0	0	0	0	DiÖu D­¬ng Thiªn Cung-T	0	102	3191	100	-1244559680	2026-06-12 02:21:44	42483011	55250180	55190712	0	2	0	7
20260612-022203	ItemConsume	ClearItemInPos	rage01	MaJas_ServeR	1090	AllStar	1	200	1218	2843			0		0	0	0	0	DiÖu D­¬ng Thiªn Cung-V	0	102	3192	100	-729694527	2026-06-12 02:21:44	42613624	55249944	55189961	0	2	1	7
20260612-022203	ItemConsume	ClearItemInPos	rage01	MaJas_ServeR	1090	AllStar	1	200	1218	2843			0		0	0	0	0	DiÖu D­¬ng Thiªn Cung-X	0	102	3193	100	-1207235434	2026-06-12 02:21:44	42547954	55250497	55190611	0	2	2	7
20260612-022203	ItemConsume	ClearItemInPos	rage01	MaJas_ServeR	1090	AllStar	1	200	1218	2843			0		0	0	0	0	DiÖu D­¬ng Thiªn Cung-B	0	102	3194	100	-1702205489	2026-06-12 02:21:44	42416651	55249065	55191064	0	2	3	7
20260612-022203	ItemConsume	ClearItemInPos	rage01	MaJas_ServeR	1090	AllStar	1	200	1218	2843			0		0	0	0	0	ChiÕn Cuång Thiªn T«n M	0	103	30145	200	230638123	2026-06-12 02:21:48	871895603	852498598	47263579	15	2	4	7
20260612-022203	ItemConsume	ClearItemInPos	rage01	MaJas_ServeR	1090	AllStar	1	200	1218	2843			0		0	0	0	0	ChiÕn Cuång Thiªn T«n B	0	100	30145	250	1276597704	2026-06-12 02:21:48	872486836	872417387	47131897	15	2	0	8
20260612-022203	ItemConsume	ClearItemInPos	rage01	MaJas_ServeR	1090	AllStar	1	200	1218	2843			0		0	0	0	0	ChiÕn Cuång Thiªn T«n T	0	101	30145	200	545761385	2026-06-12 02:21:48	872485770	872811084	47262553	15	2	1	8
20260612-022203	ItemConsume	ClearItemInPos	rage01	MaJas_ServeR	1090	AllStar	1	200	1218	2843			0		0	0	0	0	ChiÕn Cuång Th¸nh ChiÕn	0	0	30145	300	1996111198	2026-06-12 02:21:48	872486917	873072853	873728292	15	2	2	8
20260612-022203	ItemConsume	ClearItemInPos	rage01	MaJas_ServeR	1090	AllStar	1	200	1218	2843			0		0	0	0	0	Tö Hµ MËt tÞch	0	107	65	0	1110739220	2026-06-12 02:21:55	50528513	101188356	131329	0	2	3	8
20260612-022203	ItemConsume	ClearItemInPos	rage01	MaJas_ServeR	1090	AllStar	1	200	1218	2843			0		0	0	0	0	Viªm §Õ kh«i	0	103	8001	200	27936207	2026-06-12 02:21:59	1581764	5182846	5247695	15	2	4	8
20260612-022203	ItemConsume	ClearItemInPos	rage01	MaJas_ServeR	1090	AllStar	1	200	1218	2843			0		0	0	0	0	Viªm §Õ gi¸p	0	100	8001	250	-1094954692	2026-06-12 02:21:59	25509615	27531698	5182555	15	2	0	9
20260612-022203	ItemConsume	ClearItemInPos	rage01	MaJas_ServeR	1090	AllStar	1	200	1218	2843			0		0	0	0	0	Viªm §Õ trang	0	101	8001	200	1354621933	2026-06-12 02:21:59	25496734	27532064	19009908	15	2	1	9
20260612-022203	ItemAdd	3086646439	rage01	MaJas_ServeR	1090	AllStar	1	200	1218	2843			0		0	0	0	0	Vâ L©m 2 Shiina	2	1	50001	1	-448567386	2026-06-12 02:22:03	4294903926	4393459	0	0	-1	-1	-1
20260612-022207	ItemAdd	3459182290	rage01	MaJas_ServeR	1090	AllStar	1	200	1218	2843			0		0	0	0	0	Hµo HiÖp §Çu	0	103	30568	200	932554225	2026-06-12 02:22:07	0	0	0	0	-1	-1	-1
20260612-022207	ItemAdd	3459182290	rage01	MaJas_ServeR	1090	AllStar	1	200	1218	2843			0		0	0	0	0	Hµo HiÖp y	0	100	30568	250	-1246893582	2026-06-12 02:22:07	0	0	0	0	-1	-1	-1
20260612-022207	ItemAdd	3459182290	rage01	MaJas_ServeR	1090	AllStar	1	200	1218	2843			0		0	0	0	0	Hµo HiÖp Trang	0	101	30568	200	464232311	2026-06-12 02:22:07	0	0	0	0	-1	-1	-1
20260612-022207	ItemAdd	3459182290	rage01	MaJas_ServeR	1090	AllStar	1	200	1218	2843			0		0	0	0	0	Hµo HiÖp Giíi	0	102	31126	100	-2045791740	2026-06-12 02:22:07	0	0	0	0	-1	-1	-1
20260612-022207	ItemAdd	3459182290	rage01	MaJas_ServeR	1090	AllStar	1	200	1218	2843			0		0	0	0	0	Hµo HiÖp Béi	0	102	31127	100	-191180203	2026-06-12 02:22:07	0	0	0	0	-1	-1	-1
20260612-022207	ItemAdd	3459182290	rage01	MaJas_ServeR	1090	AllStar	1	200	1218	2843			0		0	0	0	0	Hµo HiÖp Thñ	0	0	30726	300	-250401655	2026-06-12 02:22:07	0	0	0	7	-1	-1	-1
20260612-022212	large_str	AddItem[/script/ksgvn/item/item_test_card.lua|kgm_SetAmHuyet]			0		1364063724	0	0	0			0		0	0	0	0		0	0	0	0	0		0	0	0	0	-1	-1	-1
20260612-022212	ItemAdd	1364063724	rage01	MaJas_ServeR	1090	AllStar	1	200	1218	2843			0		0	0	0	0	Èm HuyÕt §Çu	0	103	30610	250	-336652541	2026-06-12 02:22:12	0	0	0	0	-1	-1	-1
20260612-022212	ItemAdd	1364063724	rage01	MaJas_ServeR	1090	AllStar	1	200	1218	2843			0		0	0	0	0	Èm HuyÕt y	0	100	30610	250	-723938175	2026-06-12 02:22:12	0	0	0	0	-1	-1	-1
20260612-022212	ItemAdd	1364063724	rage01	MaJas_ServeR	1090	AllStar	1	200	1218	2843			0		0	0	0	0	Èm HuyÕt Trang	0	101	30610	200	-759126698	2026-06-12 02:22:12	0	0	0	0	-1	-1	-1
20260612-022212	ItemAdd	1364063724	rage01	MaJas_ServeR	1090	AllStar	1	200	1218	2843			0		0	0	0	0	Èm HuyÕt T¶ Giíi	0	102	31272	100	991944299	2026-06-12 02:22:12	0	0	0	0	-1	-1	-1
20260612-022212	ItemAdd	1364063724	rage01	MaJas_ServeR	1090	AllStar	1	200	1218	2843			0		0	0	0	0	Èm HuyÕt H÷u Giíi	0	102	31273	100	-248546476	2026-06-12 02:22:12	0	0	0	0	-1	-1	-1
20260612-022212	ItemAdd	1364063724	rage01	MaJas_ServeR	1090	AllStar	1	200	1218	2843			0		0	0	0	0	Èm HuyÕt Béi	0	102	31414	100	1923581086	2026-06-12 02:22:12	0	0	0	0	-1	-1	-1
20260612-022212	ItemAdd	1364063724	rage01	MaJas_ServeR	1090	AllStar	1	200	1218	2843			0		0	0	0	0	Èm HuyÕt Trôy	0	102	31415	100	-1977094537	2026-06-12 02:22:12	0	0	0	0	-1	-1	-1
20260612-022212	ItemAdd	1364063724	rage01	MaJas_ServeR	1090	AllStar	1	200	1218	2843			0		0	0	0	0	Èm HuyÕt Thñ	0	0	30886	300	-1520931580	2026-06-12 02:22:12	0	0	0	7	-1	-1	-1
20260612-022224	ItemAdd	3174822709	rage01	MaJas_ServeR	1090	AllStar	1	200	1218	2843			0		0	0	0	0	V« H¹ Hµo HiÖp LÖnh (Nã	2	1	30944	1	612271307	2026-06-12 02:22:24	4263143	0	0	0	-1	-1	-1
20260612-022224	ItemAdd	3174822709	rage01	MaJas_ServeR	1090	AllStar	1	200	1218	2843			0		0	0	0	0	V« H¹ Hµo HiÖp LÖnh (¸o	2	1	30945	1	1626284301	2026-06-12 02:22:24	591980	4294905168	0	0	-1	-1	-1
20260612-022224	ItemAdd	3174822709	rage01	MaJas_ServeR	1090	AllStar	1	200	1218	2843			0		0	0	0	0	V« H¹ Hµo HiÖp LÖnh (Qu	2	1	30946	1	46575291	2026-06-12 02:22:24	4263168	0	0	0	-1	-1	-1
20260612-022224	ItemAdd	3174822709	rage01	MaJas_ServeR	1090	AllStar	1	200	1218	2843			0		0	0	0	0	V« H¹ Hµo HiÖp LÖnh (Vò	2	1	30973	1	-877662595	2026-06-12 02:22:24	4131561	4294904006	0	0	-1	-1	-1
20260612-022224	ItemAdd	3174822709	rage01	MaJas_ServeR	1090	AllStar	1	200	1218	2843			0		0	0	0	0	V« H¹ Hµo HiÖp LÖnh (Tr	2	1	30974	1	-987775684	2026-06-12 02:22:24	4294904051	0	0	0	-1	-1	-1
20260612-022224	ItemAdd	3174822709	rage01	MaJas_ServeR	1090	AllStar	1	200	1218	2843			0		0	0	0	0	V« H¹ Hµo HiÖp LÖnh (Tr	2	1	30974	1	-2066563091	2026-06-12 02:22:24	4328214	0	0	0	-1	-1	-1
20260612-022230	ItemAdd	1112201696	rage01	MaJas_ServeR	1090	AllStar	1	200	1218	2843			0		0	0	0	0	B¹ch Kim Viªm §Õ Kh«i	0	103	30013	200	-1037631225	2026-06-12 02:22:30	31269451	18158370	18223382	15	-1	-1	-1
20260612-022230	ItemAdd	1112201696	rage01	MaJas_ServeR	1090	AllStar	1	200	1218	2843			0		0	0	0	0	B¹ch Kim Viªm §Õ Gi¸p	0	100	30013	250	919776980	2026-06-12 02:22:30	38148992	26812844	18158035	15	-1	-1	-1
20260612-022230	ItemAdd	1112201696	rage01	MaJas_ServeR	1090	AllStar	1	200	1218	2843			0		0	0	0	0	B¹ch Kim Viªm §Õ Trang	0	101	30013	200	1312176997	2026-06-12 02:22:30	38146122	26813739	18157783	15	-1	-1	-1
20260612-022234	ItemAdd	1112201696	rage01	MaJas_ServeR	1090	AllStar	1	200	1218	2843			0		0	0	0	0	Thiªn Chi Viªm §Õ kh«i	0	103	8055	200	663139213	2026-06-12 02:22:34	31269895	18157729	18223369	15	-1	-1	-1
20260612-022234	ItemAdd	1112201696	rage01	MaJas_ServeR	1090	AllStar	1	200	1218	2843			0		0	0	0	0	Thiªn Chi Viªm §Õ gi¸p	0	100	8055	250	-644417966	2026-06-12 02:22:34	38149287	26813260	18159277	15	-1	-1	-1
20260612-022234	ItemAdd	1112201696	rage01	MaJas_ServeR	1090	AllStar	1	200	1218	2843			0		0	0	0	0	Thiªn Chi Viªm §Õ trang	0	101	8055	200	1114492219	2026-06-12 02:22:34	38145761	26813916	18159074	15	-1	-1	-1
20260612-022240	ItemAdd	4174011357	rage01	MaJas_ServeR	1090	AllStar	1	200	1218	2843			0		0	0	0	0	Thiªn Chi Tµng KiÕm Tö 	0	103	30001	200	1386645650	2026-06-12 02:22:40	18095047	19011113	24062266	7	-1	-1	-1
20260612-022240	ItemAdd	4174011357	rage01	MaJas_ServeR	1090	AllStar	1	200	1218	2843			0		0	0	0	0	Thiªn Chi Tµng KiÕm Kim	0	100	30001	250	-1756775301	2026-06-12 02:22:40	26682759	18156069	24063663	7	-1	-1	-1
20260612-022240	ItemAdd	4174011357	rage01	MaJas_ServeR	1090	AllStar	1	200	1218	2843			0		0	0	0	0	Thiªn Chi Tµng KiÕm ¤ K	0	101	30001	200	-1033262504	2026-06-12 02:22:40	25502605	24389243	24062062	7	-1	-1	-1
20260612-022240	ItemAdd	4174011357	rage01	MaJas_ServeR	1090	AllStar	1	200	1218	2843			0		0	0	0	0	Thiªn Chi Tµng KiÕm B¶o	0	102	30001	100	-1896754119	2026-06-12 02:22:40	6696578	5187688	5255014	0	-1	-1	-1
20260612-022240	ItemAdd	4174011357	rage01	MaJas_ServeR	1090	AllStar	1	200	1218	2843			0		0	0	0	0	Thiªn Chi Tµng KiÕm Kú 	0	102	30002	100	-555040402	2026-06-12 02:22:40	6696651	25564519	0	0	-1	-1	-1
20260612-022240	ItemAdd	4174011357	rage01	MaJas_ServeR	1090	AllStar	1	200	1218	2843			0		0	0	0	0	Thiªn Chi Tµng KiÕm Kim	0	102	30003	100	-1635041958	2026-06-12 02:22:40	6696676	23936774	0	0	-1	-1	-1
20260612-022245	ItemConsume	ClearItemInPos	rage01	MaJas_ServeR	1090	AllStar	1	200	1218	2843			0		0	0	0	0	Vâ L©m 2 Shiina	2	1	50001	1	-448567386	2026-06-12 02:22:03	4294903926	4393459	0	0	2	0	0
20260612-022245	ItemConsume	ClearItemInPos	rage01	MaJas_ServeR	1090	AllStar	1	200	1218	2843			0		0	0	0	0	Hµo HiÖp §Çu	0	103	30568	200	932554225	2026-06-12 02:22:07	0	0	0	0	2	1	0
20260612-022245	ItemConsume	ClearItemInPos	rage01	MaJas_ServeR	1090	AllStar	1	200	1218	2843			0		0	0	0	0	Hµo HiÖp y	0	100	30568	250	-1246893582	2026-06-12 02:22:07	0	0	0	0	2	2	0
20260612-022245	ItemConsume	ClearItemInPos	rage01	MaJas_ServeR	1090	AllStar	1	200	1218	2843			0		0	0	0	0	Hµo HiÖp Trang	0	101	30568	200	464232311	2026-06-12 02:22:07	0	0	0	0	2	3	0
20260612-022245	ItemConsume	ClearItemInPos	rage01	MaJas_ServeR	1090	AllStar	1	200	1218	2843			0		0	0	0	0	Hµo HiÖp Giíi	0	102	31126	100	-2045791740	2026-06-12 02:22:07	0	0	0	0	2	4	0
20260612-022245	ItemConsume	ClearItemInPos	rage01	MaJas_ServeR	1090	AllStar	1	200	1218	2843			0		0	0	0	0	Hµo HiÖp Béi	0	102	31127	100	-191180203	2026-06-12 02:22:07	0	0	0	0	2	0	1
20260612-022245	ItemConsume	ClearItemInPos	rage01	MaJas_ServeR	1090	AllStar	1	200	1218	2843			0		0	0	0	0	Hµo HiÖp Thñ	0	0	30726	300	-250401655	2026-06-12 02:22:07	0	0	0	7	2	1	1
20260612-022245	ItemConsume	ClearItemInPos	rage01	MaJas_ServeR	1090	AllStar	1	200	1218	2843			0		0	0	0	0	Èm HuyÕt §Çu	0	103	30610	250	-336652541	2026-06-12 02:22:12	0	0	0	0	2	2	1
20260612-022245	ItemConsume	ClearItemInPos	rage01	MaJas_ServeR	1090	AllStar	1	200	1218	2843			0		0	0	0	0	Èm HuyÕt y	0	100	30610	250	-723938175	2026-06-12 02:22:12	0	0	0	0	2	3	1
20260612-022245	ItemConsume	ClearItemInPos	rage01	MaJas_ServeR	1090	AllStar	1	200	1218	2843			0		0	0	0	0	Èm HuyÕt Trang	0	101	30610	200	-759126698	2026-06-12 02:22:12	0	0	0	0	2	4	1
20260612-022245	ItemConsume	ClearItemInPos	rage01	MaJas_ServeR	1090	AllStar	1	200	1218	2843			0		0	0	0	0	Èm HuyÕt T¶ Giíi	0	102	31272	100	991944299	2026-06-12 02:22:12	0	0	0	0	2	0	2
20260612-022245	ItemConsume	ClearItemInPos	rage01	MaJas_ServeR	1090	AllStar	1	200	1218	2843			0		0	0	0	0	Èm HuyÕt H÷u Giíi	0	102	31273	100	-248546476	2026-06-12 02:22:12	0	0	0	0	2	1	2
20260612-022245	ItemConsume	ClearItemInPos	rage01	MaJas_ServeR	1090	AllStar	1	200	1218	2843			0		0	0	0	0	Èm HuyÕt Béi	0	102	31414	100	1923581086	2026-06-12 02:22:12	0	0	0	0	2	2	2
20260612-022245	ItemConsume	ClearItemInPos	rage01	MaJas_ServeR	1090	AllStar	1	200	1218	2843			0		0	0	0	0	Èm HuyÕt Trôy	0	102	31415	100	-1977094537	2026-06-12 02:22:12	0	0	0	0	2	3	2
20260612-022245	ItemConsume	ClearItemInPos	rage01	MaJas_ServeR	1090	AllStar	1	200	1218	2843			0		0	0	0	0	Èm HuyÕt Thñ	0	0	30886	300	-1520931580	2026-06-12 02:22:12	0	0	0	7	2	4	2
20260612-022245	ItemConsume	ClearItemInPos	rage01	MaJas_ServeR	1090	AllStar	1	200	1218	2843			0		0	0	0	0	V« H¹ Hµo HiÖp LÖnh (Nã	2	1	30944	1	612271307	2026-06-12 02:22:24	4263143	0	0	0	2	0	3
20260612-022245	ItemConsume	ClearItemInPos	rage01	MaJas_ServeR	1090	AllStar	1	200	1218	2843			0		0	0	0	0	V« H¹ Hµo HiÖp LÖnh (¸o	2	1	30945	1	1626284301	2026-06-12 02:22:24	591980	4294905168	0	0	2	1	3
20260612-022245	ItemConsume	ClearItemInPos	rage01	MaJas_ServeR	1090	AllStar	1	200	1218	2843			0		0	0	0	0	V« H¹ Hµo HiÖp LÖnh (Qu	2	1	30946	1	46575291	2026-06-12 02:22:24	4263168	0	0	0	2	2	3
20260612-022245	ItemConsume	ClearItemInPos	rage01	MaJas_ServeR	1090	AllStar	1	200	1218	2843			0		0	0	0	0	V« H¹ Hµo HiÖp LÖnh (Vò	2	1	30973	1	-877662595	2026-06-12 02:22:24	4131561	4294904006	0	0	2	3	3
20260612-022245	ItemConsume	ClearItemInPos	rage01	MaJas_ServeR	1090	AllStar	1	200	1218	2843			0		0	0	0	0	V« H¹ Hµo HiÖp LÖnh (Tr	2	1	30974	1	-987775684	2026-06-12 02:22:24	4294904051	0	0	0	2	4	3
20260612-022245	ItemConsume	ClearItemInPos	rage01	MaJas_ServeR	1090	AllStar	1	200	1218	2843			0		0	0	0	0	V« H¹ Hµo HiÖp LÖnh (Tr	2	1	30974	1	-2066563091	2026-06-12 02:22:24	4328214	0	0	0	2	0	4
20260612-022245	ItemConsume	ClearItemInPos	rage01	MaJas_ServeR	1090	AllStar	1	200	1218	2843			0		0	0	0	0	B¹ch Kim Viªm §Õ Kh«i	0	103	30013	200	-1037631225	2026-06-12 02:22:30	31269451	18158370	18223382	15	2	1	4
20260612-022245	ItemConsume	ClearItemInPos	rage01	MaJas_ServeR	1090	AllStar	1	200	1218	2843			0		0	0	0	0	B¹ch Kim Viªm §Õ Gi¸p	0	100	30013	250	919776980	2026-06-12 02:22:30	38148992	26812844	18158035	15	2	2	4
20260612-022245	ItemConsume	ClearItemInPos	rage01	MaJas_ServeR	1090	AllStar	1	200	1218	2843			0		0	0	0	0	B¹ch Kim Viªm §Õ Trang	0	101	30013	200	1312176997	2026-06-12 02:22:30	38146122	26813739	18157783	15	2	3	4
20260612-022245	ItemConsume	ClearItemInPos	rage01	MaJas_ServeR	1090	AllStar	1	200	1218	2843			0		0	0	0	0	Thiªn Chi Viªm §Õ kh«i	0	103	8055	200	663139213	2026-06-12 02:22:34	31269895	18157729	18223369	15	2	4	4
20260612-022245	ItemConsume	ClearItemInPos	rage01	MaJas_ServeR	1090	AllStar	1	200	1218	2843			0		0	0	0	0	Thiªn Chi Viªm §Õ gi¸p	0	100	8055	250	-644417966	2026-06-12 02:22:34	38149287	26813260	18159277	15	2	0	5
20260612-022245	ItemConsume	ClearItemInPos	rage01	MaJas_ServeR	1090	AllStar	1	200	1218	2843			0		0	0	0	0	Thiªn Chi Viªm §Õ trang	0	101	8055	200	1114492219	2026-06-12 02:22:34	38145761	26813916	18159074	15	2	1	5
20260612-022245	ItemConsume	ClearItemInPos	rage01	MaJas_ServeR	1090	AllStar	1	200	1218	2843			0		0	0	0	0	Thiªn Chi Tµng KiÕm Tö 	0	103	30001	200	1386645650	2026-06-12 02:22:40	18095047	19011113	24062266	7	2	2	5
20260612-022245	ItemConsume	ClearItemInPos	rage01	MaJas_ServeR	1090	AllStar	1	200	1218	2843			0		0	0	0	0	Thiªn Chi Tµng KiÕm Kim	0	100	30001	250	-1756775301	2026-06-12 02:22:40	26682759	18156069	24063663	7	2	3	5
20260612-022245	ItemConsume	ClearItemInPos	rage01	MaJas_ServeR	1090	AllStar	1	200	1218	2843			0		0	0	0	0	Thiªn Chi Tµng KiÕm ¤ K	0	101	30001	200	-1033262504	2026-06-12 02:22:40	25502605	24389243	24062062	7	2	4	5
20260612-022245	ItemConsume	ClearItemInPos	rage01	MaJas_ServeR	1090	AllStar	1	200	1218	2843			0		0	0	0	0	Thiªn Chi Tµng KiÕm B¶o	0	102	30001	100	-1896754119	2026-06-12 02:22:40	6696578	5187688	5255014	0	2	0	6
20260612-022245	ItemConsume	ClearItemInPos	rage01	MaJas_ServeR	1090	AllStar	1	200	1218	2843			0		0	0	0	0	Thiªn Chi Tµng KiÕm Kú 	0	102	30002	100	-555040402	2026-06-12 02:22:40	6696651	25564519	0	0	2	1	6
20260612-022245	ItemConsume	ClearItemInPos	rage01	MaJas_ServeR	1090	AllStar	1	200	1218	2843			0		0	0	0	0	Thiªn Chi Tµng KiÕm Kim	0	102	30003	100	-1635041958	2026-06-12 02:22:40	6696676	23936774	0	0	2	2	6
